alpha_true,gamma_true,phi_true,r_true,rep,seed,success,error,T,mu_true,mu_est,phi_est,alpha_est,gamma_est,r_est,gamma0_mu_est,gamma0_phi_est,gamma0_alpha_est,gamma0_r_est,joint_nll,gamma0_nll,bic_joint,bic_gamma0,delta_nll_gamma0,delta_bic_gamma0,joint_wins_nll,joint_wins_bic,q_center_true,q_dist_1_true,q_multiplier_1_true,q_center_est,q_dist_1_est,q_multiplier_1_est,log_r_est,log_q_center_est,log_q_dist_1_est,gamma_error,alpha_error,phi_error,r_error,abs_gamma_error,abs_alpha_error,abs_phi_error,abs_r_error,true_positive_coupling,true_ictal_scale_coupling,gamma_regime,alpha_regime,phi_regime,r_regime,mean_x,sd_x,mean_q,median_q,max_q,N_particles_fit,N_particles_eval,N_eval_repeats,runtime_sec
-7.7,-2.5,0.22,0.004,0,745194675,True,,60,-0.11,-0.11047066695391415,-0.021000627833361422,-5.848095525837614,-0.528475083172768,0.0004272105200478254,-0.11106125944489446,0.29236198536791963,-9.744955481263156,0.0033175623757145598,-85.74724476265784,-85.732736804035,-151.02276671420518,-155.0880953591816,0.014507958622843375,-4.065328644976432,True,False,0.00045282718288679695,3.7170318684126734e-05,0.0820849986238988,0.002885389077670759,0.0017009461753568116,0.5895032280117687,-7.758233645041378,-5.848095525837614,-6.376570609010383,1.971524916827232,1.851904474162386,-0.24100062783336143,-0.0035727894799521746,1.971524916827232,1.851904474162386,0.24100062783336143,0.0035727894799521746,False,False,ictal_scale,low,low,low,-0.11487125347001388,0.024147410782051165,0.0004323735390112224,0.00043653497065836936,0.00045282718288679695,1200,500,10,96.88586187362671
-7.7,-2.5,0.22,0.004,1,900022882,True,,60,-0.11,-0.1042992338078061,0.25732575020975,-5.161910085842793,-4.999999890740393,0.0004194787625178433,-0.10221236523774802,0.4679944396269533,-5.589705939828619,0.0010553805789010893,-73.39140021736708,-72.8841127678829,-126.31107762362365,-129.3908472868774,0.5072874494841813,-3.0797696632537566,True,False,0.00045282718288679695,3.7170318684126734e-05,0.0820849986238988,0.005730743013794186,3.861344691121437e-05,0.006737947735270947,-7.776497659040937,-5.161910085842793,-10.161909976583186,-2.4999998907403933,2.538089914157207,0.037325750209750014,-0.003580521237482157,2.4999998907403933,2.538089914157207,0.037325750209750014,0.003580521237482157,False,False,ictal_scale,low,low,low,-0.10454532863480528,0.02425907107660085,0.0004316343756291357,0.0004338559691154736,0.00045282718288679695,1200,500,10,96.99151492118835
-7.7,-2.5,0.22,0.004,2,636483747,True,,60,-0.11,-0.10703694508634885,0.1952038665991381,-5.620492936459187,-1.0311761318110533,0.00045486201553780335,-0.10621971342384517,0.43951346343298114,-6.718642299464088,0.002578428772788808,-80.69341553581961,-80.47917727074676,-140.9151082605287,-144.58097629260513,0.2142382650728507,-3.6658680320764176,True,False,0.00045282718288679695,3.7170318684126734e-05,0.0820849986238988,0.003622854831508491,0.0012918640956624508,0.3565873201506508,-7.69551644756099,-5.620492936459187,-6.65166906827024,1.4688238681889467,2.079507063540813,-0.024796133400861897,-0.003545137984462197,1.4688238681889467,2.079507063540813,0.024796133400861897,0.003545137984462197,False,False,ictal_scale,low,low,low,-0.10925897070521802,0.02053829762672068,0.00043565093647325126,0.00043913096789884194,0.00045282718288679695,1200,500,10,118.90698480606079
-7.7,-2.5,0.22,0.004,3,909394924,True,,60,-0.11,-0.1175023227486797,-0.062320936102563354,-5.748486315648117,-2.198377392547682,0.0003692822771160027,-0.11787809344085534,-0.04621589567820461,-12.515147200586572,0.0032430493114563403,-86.57370572060393,-86.71066634849379,-152.67568863009734,-157.04395444809919,-0.13696062788986296,-4.368265818001845,False,False,0.00045282718288679695,3.7170318684126734e-05,0.0820849986238988,0.0031876021700951154,0.00035376995234956,0.11098309433608015,-7.903949227736614,-5.748486315648117,-7.946863708195799,0.30162260745231784,1.951513684351883,-0.28232093610256337,-0.0036307177228839973,0.30162260745231784,1.951513684351883,0.28232093610256337,0.0036307177228839973,False,False,ictal_scale,low,low,low,-0.11103141143200759,0.021686413342537757,0.00043401256767114745,0.00043543760879268954,0.00045282718288679695,1200,500,10,102.532790184021
-7.7,-2.5,0.22,0.004,4,407128830,True,,60,-0.11,-0.10544816757332053,-0.02649012562748014,-5.680366713346017,1.16140420766859,0.000465817757171566,-0.10552526145636396,0.10326286688702799,-9.593808485948358,0.004058470846625401,-79.2147977803157,-79.50195943849907,-137.9578727495209,-142.62654062810975,-0.2871616581833649,-4.668667878588849,False,False,0.00045282718288679695,3.7170318684126734e-05,0.0820849986238988,0.0034123068754541865,0.01090032683125861,3.194415751311274,-7.67171607936095,-5.680366713346017,-4.518962505677427,3.66140420766859,2.019633286653983,-0.24649012562748013,-0.003534182242828434,3.66140420766859,2.019633286653983,0.24649012562748013,0.003534182242828434,False,False,ictal_scale,low,low,low,-0.10821449138293697,0.01994724520370219,0.00043460113504815317,0.0004335592613201396,0.00045282718288679695,1200,500,10,76.14784049987793
-7.7,-2.5,0.22,0.004,5,1018105852,True,,60,-0.11,-0.10216967892626455,0.19220401842198123,-5.637355173565778,-0.044242657828202914,0.0004998410823799024,-0.1091270921442467,0.4479573794153819,-6.368622978837994,0.001909723850758034,-81.07366450505808,-80.55854162886067,-141.67560619900564,-144.73970500883294,0.5151228761974096,-3.0640988098273,True,False,0.00045282718288679695,3.7170318684126734e-05,0.0820849986238988,0.0035622775638089643,0.0034081085077480224,0.9567217732758319,-7.601220345302603,-5.637355173565778,-5.681597831393981,2.455757342171797,2.062644826434222,-0.02779598157801877,-0.0035001589176200977,2.455757342171797,2.062644826434222,0.02779598157801877,0.0035001589176200977,False,False,ictal_scale,low,low,low,-0.1157555175643122,0.02199243717537018,0.00043356950985427915,0.0004372228815062654,0.00045282718288679695,1200,500,10,94.5103874206543
-7.7,-2.5,0.22,0.004,6,515839758,True,,60,-0.11,-0.10115527144457236,-0.004747759256494255,-5.296622291710102,-1.0458447078546032,0.0005291992214313333,-0.09911544085248258,0.17871189116316186,-9.798218046803353,0.005100448741346651,-72.75733666900766,-72.90116710093838,-125.0429505269048,-129.42495595298837,-0.14383043193072353,-4.382005426083566,False,False,0.00045282718288679695,3.7170318684126734e-05,0.0820849986238988,0.005008482561446847,0.0017599550684201204,0.3513948679720881,-7.544145596942747,-5.296622291710102,-6.342466999564705,1.4541552921453968,2.4033777082898986,-0.22474775925649426,-0.0034708007785686666,1.4541552921453968,2.4033777082898986,0.22474775925649426,0.0034708007785686666,False,False,ictal_scale,low,low,low,-0.1073671033435349,0.019589445288915857,0.00043594163874070575,0.00043747638845607537,0.00045282718288679695,1200,500,10,88.02783107757568
-7.7,-2.5,0.22,0.004,7,1120005757,True,,60,-0.11,-0.10289775474054869,-0.0812886280465115,-5.762304272840771,3.9861065026675004,0.0006359904509835188,-0.1031425593133547,0.2685934004353062,-11.354459317569859,0.004851167846147189,-74.94101550463337,-74.63209089899644,-129.41030819815623,-132.88680354910449,0.3089246056369319,-3.4764953509482552,True,False,0.00045282718288679695,3.7170318684126734e-05,0.0820849986238988,0.003143858936834598,0.16928056880527406,53.84483598227681,-7.360327008913723,-5.762304272840771,-1.7761977701732703,6.4861065026675,1.9376957271592294,-0.3012886280465115,-0.0033640095490164814,6.4861065026675,1.9376957271592294,0.3012886280465115,0.0033640095490164814,False,False,ictal_scale,low,low,low,-0.11204429644130581,0.018355909296349383,0.0004359977430891657,0.0004375159803546077,0.00045282718288679695,1200,500,10,112.44278621673584
-7.7,-2.5,0.22,0.004,8,525211800,True,,60,-0.11,-0.1095335382860392,-0.2155818499812706,-5.630327071131103,4.65344030395252,0.0004646856540426285,-0.10830625406750277,-0.8365513306929951,-21.583235012364838,0.00529934087638634,-72.89662706761375,-72.0997622429289,-125.32153132411699,-127.8221462369694,0.796864824684846,-2.500614912852413,True,False,0.00045282718288679695,3.7170318684126734e-05,0.0820849986238988,0.0035874017998645275,0.3764813503701101,104.94540934453656,-7.67414939378816,-5.630327071131103,-0.9768867671785832,7.15344030395252,2.069672928868897,-0.4355818499812706,-0.0035353143459573716,7.15344030395252,2.069672928868897,0.4355818499812706,0.0035353143459573716,False,False,ictal_scale,low,low,low,-0.1127748670516002,0.020870529449131033,0.00043474003437986986,0.00043807524699360386,0.00045282718288679695,1200,500,10,97.60501623153687
-7.7,-2.5,0.22,0.004,9,1136188822,True,,60,-0.11,-0.11514925031447666,-0.015450973097308768,-5.674835042569442,2.2002622462616235,0.0003682675393199911,-0.1138359850415104,0.30089993892488326,-8.45442589707571,0.003936665760479638,-79.10138923670073,-79.58101406456014,-137.73105566229094,-142.78464988023188,-0.47962482785941063,-5.05359421794094,False,False,0.00045282718288679695,3.7170318684126734e-05,0.0820849986238988,0.003431234937315613,0.03097506365861892,9.027380585851665,-7.906700874916672,-5.674835042569442,-3.4745727963078186,4.700262246261623,2.025164957430558,-0.23545097309730878,-0.003631732460680009,4.700262246261623,2.025164957430558,0.23545097309730878,0.003631732460680009,False,False,ictal_scale,low,low,low,-0.10436222584383795,0.021015888137100865,0.0004342447250404661,0.00043454265276659935,0.00045282718288679695,1200,500,10,78.05163598060608
-7.7,-2.5,0.22,0.004,10,633922728,True,,60,-0.11,-0.09602873214803101,0.1910255007095462,-5.756424127039661,4.999999980748799,0.0005223828467717866,-0.09542142476332588,0.38350666722022647,-6.132921808182685,0.002587546265098817,-75.66359804764535,-74.63289154912181,-130.8554732841802,-132.88840484935523,1.0307064985235428,-2.0329315651750335,True,False,0.00045282718288679695,3.7170318684126734e-05,0.0820849986238988,0.0031623997436626243,0.46934172726675666,148.41315624544512,-7.557109815970346,-5.756424127039661,-0.7564241462908621,7.499999980748799,1.9435758729603387,-0.028974499290453815,-0.0034776171532282137,7.499999980748799,1.9435758729603387,0.028974499290453815,0.0034776171532282137,False,False,ictal_scale,low,low,low,-0.10458336668605603,0.02496647299842266,0.00043025633301216614,0.0004329533099858594,0.00045282718288679695,1200,500,10,110.90446424484253
-7.7,-2.5,0.22,0.004,11,2115165899,True,,60,-0.11,-0.10118835786147723,-0.292525018665733,-5.46577219011425,-4.9999999782912,0.0003666363488350706,-0.10313885077419765,-0.12240486977462482,-12.258110095337582,0.004168207681449941,-81.4648247553991,-79.24348736086021,-142.4579266996877,-142.10959647283204,2.2213373945388923,0.3483302268556656,True,True,0.00045282718288679695,3.7170318684126734e-05,0.0820849986238988,0.004229074136616417,2.8495278006322814e-05,0.0067379471453582135,-7.911140076259777,-5.46577219011425,-10.46577216840545,-2.4999999782912,2.23422780988575,-0.512525018665733,-0.0036333636511649294,2.4999999782912,2.23422780988575,0.512525018665733,0.0036333636511649294,False,False,ictal_scale,low,low,low,-0.10803151995227234,0.021963728998386056,0.00043544851903760175,0.00043753340344321177,0.00045282718288679695,1200,500,10,113.12351775169373
-7.7,-2.5,0.22,0.004,12,643294770,True,,60,-0.11,-0.1001093264173479,0.2987402306365756,-5.839524712953606,4.0690640880109665,0.00038140871726014057,-0.09958508469625298,0.528100582513575,-6.358110112052095,0.002041492172848922,-80.11705747726003,-80.43924027060862,-139.76239214340956,-144.50110229232885,-0.32218279334858835,-4.738710148919296,False,False,0.00045282718288679695,3.7170318684126734e-05,0.0820849986238988,0.002910225489635229,0.17025454726965758,58.502184066499076,-7.871639009107024,-5.839524712953606,-1.7704606249426398,6.5690640880109665,1.8604752870463939,0.07874023063657562,-0.0036185912827398593,6.5690640880109665,1.8604752870463939,0.07874023063657562,0.0036185912827398593,False,False,ictal_scale,low,low,low,-0.10129191351133783,0.020731897748167073,0.0004327264447878674,0.0004339264298466837,0.00045282718288679695,1200,500,10,121.35123991966248
-7.7,-2.5,0.22,0.004,13,2006454971,True,,60,-0.11,-0.11068171248745656,0.08455008657803069,-6.084678350969105,4.864686995366868,0.00029266150060770795,-0.11361481230795493,0.31976856892886113,-7.73237699159605,0.002661014516637709,-88.55618793210463,-88.19033016018372,-156.64065305309876,-160.00328207147905,0.36585777192091484,-3.3626290183802894,True,False,0.00045282718288679695,3.7170318684126734e-05,0.0820849986238988,0.002277496761080858,0.29523271902203946,129.63035735863238,-8.13649390483515,-6.084678350969105,-1.2199913556022368,7.364686995366868,1.6153216490308955,-0.13544991342196933,-0.003707338499392292,7.364686995366868,1.6153216490308955,0.13544991342196933,0.003707338499392292,False,False,ictal_scale,low,low,low,-0.1112811865106402,0.020729274018444075,0.0004345801282022891,0.00043762332312240844,0.00045282718288679695,1200,500,10,101.84759736061096
-7.7,-2.5,0.22,0.004,14,752005698,True,,60,-0.11,-0.08561027191579287,-0.1340622537184224,-5.853048477687319,-4.34083204800214,0.0002392282231867327,-0.08608526995163238,-0.039704206903347035,-10.109495667271538,0.002610980431594174,-92.94660480652036,-92.72664542543073,-165.4214868019302,-169.07591260197307,0.2199593810896232,-3.6544258000428727,True,False,0.00045282718288679695,3.7170318684126734e-05,0.0820849986238988,0.0028711332179382053,3.7398478892685486e-05,0.013025685697559427,-8.338092552936969,-5.853048477687319,-10.193880525689458,-1.8408320480021398,1.846951522312681,-0.35406225371842237,-0.0037607717768132673,1.8408320480021398,1.846951522312681,0.35406225371842237,0.0037607717768132673,False,False,ictal_scale,low,low,low,-0.10486037557137624,0.01917416823817886,0.0004358691487418965,0.00043763304315762785,0.00045282718288679695,1200,500,10,119.88497471809387
-7.7,-2.5,0.22,0.004,15,150400718,True,,60,-0.11,-0.10137421964782647,0.12677634195940815,-4.986638228690302,-4.999999659737468,0.0005685178069989091,-0.0960161168418871,0.3827213279426099,-6.394012452126044,0.004043834516115672,-69.30103288284809,-68.72990403563708,-118.13034295458567,-121.08242982238575,0.5711288472110141,-2.9520868678000767,True,False,0.00045282718288679695,3.7170318684126734e-05,0.0820849986238988,0.006828582080125088,4.601063979048176e-05,0.006737949291756763,-7.472477922486907,-4.986638228690302,-9.98663788842777,-2.499999659737468,2.713361771309698,-0.09322365804059185,-0.003431482193001091,2.499999659737468,2.713361771309698,0.09322365804059185,0.003431482193001091,False,False,ictal_scale,low,low,low,-0.1128736174351742,0.02222390565620345,0.0004334315435326402,0.0004373084879537334,0.00045282718288679695,1200,500,10,121.66568422317505
-7.7,-2.5,0.22,0.004,16,761377740,True,,60,-0.11,-0.09979900932700951,-0.19725346363115887,-5.768698168733341,1.723765600408612,0.00042749518119179514,-0.09881049507960146,0.1649054762447616,-17.143945243612933,0.004130447932860448,-80.53164818258604,-79.63259330950433,-140.59157355406157,-142.88780837012027,0.8990548730817096,-2.2962348160587,True,False,0.00045282718288679695,3.7170318684126734e-05,0.0820849986238988,0.0031238215568162586,0.017510885404322194,5.605597210286546,-7.757567541716965,-5.768698168733341,-4.044932568324729,4.223765600408612,1.9313018312666594,-0.4172534636311589,-0.003572504818808205,4.223765600408612,1.9313018312666594,0.4172534636311589,0.003572504818808205,False,False,ictal_scale,low,low,low,-0.10863174873813046,0.021205370767518952,0.0004347138098489106,0.00044039005778647345,0.00045282718288679695,1200,500,10,93.81199789047241
-7.7,-2.5,0.22,0.004,17,1888372001,True,,60,-0.11,-0.10320952029009271,0.15442180972056577,-5.953085878189752,-2.0946770034259012,0.0004587660697646631,-0.10614118434436026,0.4594799956814386,-6.129205282620571,0.0005010518998541979,-89.78826467733971,-88.04929774253586,-159.1048065435689,-159.72121723618332,1.7389669348038552,-0.6164106926144086,True,False,0.00045282718288679695,3.7170318684126734e-05,0.0820849986238988,0.0025978116064802456,0.00031981659035873206,0.12311000134149425,-7.686970129749255,-5.953085878189752,-8.047762881615654,0.40532299657409876,1.7469141218102484,-0.06557819027943423,-0.003541233930235337,0.40532299657409876,1.7469141218102484,0.06557819027943423,0.003541233930235337,False,False,ictal_scale,low,low,low,-0.10983412238097694,0.01915810212953578,0.00043574659561799426,0.00043795777292767775,0.00045282718288679695,1200,500,10,91.09482288360596
-7.7,-2.5,0.22,0.004,18,243154448,True,,60,-0.11,-0.127259929770937,-0.021196558711937825,-5.866394701081758,3.425570766795955,0.0003592763154456589,-0.12884244077587184,0.3179805167901218,-10.938988644842636,0.003679425738070409,-82.86239723324961,-83.07955258017583,-145.2530716553887,-149.78172691146327,-0.2171553469262193,-4.528655256074558,False,False,0.00045282718288679695,3.7170318684126734e-05,0.0820849986238988,0.002833069004368684,0.08708906622530195,30.74018532235106,-7.931418784621316,-5.866394701081758,-2.4408239342858025,5.925570766795955,1.8336052989182425,-0.24119655871193782,-0.0036407236845543414,5.925570766795955,1.8336052989182425,0.24119655871193782,0.0036407236845543414,False,False,ictal_scale,low,low,low,-0.10927128571727077,0.02337243583604369,0.00043157401372263034,0.00043293293269475424,0.00045282718288679695,1200,500,10,83.35919761657715
-7.7,-2.5,0.22,0.004,19,268483688,True,,60,-0.11,-0.12532906914588487,0.04157174505635894,-5.323976766756787,-3.2643533270030494,0.0004144501206009669,-0.12456122765082406,0.2650514257718685,-7.897371189805237,0.004167045316069815,-76.36655220458947,-76.55309792794226,-132.26138159806843,-136.72881760699613,-0.1865457233527934,-4.467436008927706,False,False,0.00045282718288679695,3.7170318684126734e-05,0.0820849986238988,0.004873335022293665,0.00018626687630800702,0.03822164399859778,-7.788557926936392,-5.323976766756787,-8.588330093759836,-0.7643533270030494,2.376023233243213,-0.17842825494364106,-0.003585549879399033,0.7643533270030494,2.376023233243213,0.17842825494364106,0.003585549879399033,False,False,ictal_scale,low,low,low,-0.1078983792511876,0.019789893834424845,0.0004347041607234196,0.00043513829366631165,0.00045282718288679695,1200,500,10,97.66640114784241
-7.7,-2.5,0.22,0.004,20,233782406,True,,60,-0.11,-0.12145368782538313,-0.1252302770852757,-5.506094987780391,-0.4219185666525474,0.00042437376333250053,-0.12090873186692222,0.1431798784996091,-11.523972825127313,0.0044876400151225605,-77.12516307531519,-77.15013367639915,-133.77860333951986,-137.9228891039099,-0.02497060108396454,-4.144285764390048,False,False,0.00045282718288679695,3.7170318684126734e-05,0.0820849986238988,0.004061938371980423,0.002663768167152628,0.6557874401855812,-7.764895973746869,-5.506094987780391,-5.928013554432939,2.0780814333474527,2.1939050122196093,-0.3452302770852757,-0.0035756262366674996,2.0780814333474527,2.1939050122196093,0.3452302770852757,0.0035756262366674996,False,False,ictal_scale,low,low,low,-0.11253726941603596,0.019672028585970766,0.0004366692461600151,0.00043892910186820263,0.00045282718288679695,1200,500,10,111.60628128051758
-7.7,-2.5,0.22,0.004,21,1770289031,True,,60,-0.11,-0.10672953887421316,0.05449775122410601,-5.558920785422341,2.6466071762032928,0.0004929611721168306,-0.10751478386206101,0.20451795016601226,-6.451435384266124,0.00337782611043049,-73.53634915288423,-73.91402693413661,-126.60097549465794,-131.45067561938484,-0.3776777812523875,-4.849700124726894,False,False,0.00045282718288679695,3.7170318684126734e-05,0.0820849986238988,0.0038529322953543407,0.05434984000448105,14.106097859547955,-7.615080145406899,-5.558920785422341,-2.9123136092190482,5.146607176203293,2.141079214577659,-0.16550224877589398,-0.0035070388278831697,5.146607176203293,2.141079214577659,0.16550224877589398,0.0035070388278831697,False,False,ictal_scale,low,low,low,-0.11369150216481308,0.02084042273680398,0.00043423487468382795,0.0004333657579376881,0.00045282718288679695,1200,500,10,105.53560495376587
-7.7,-2.5,0.22,0.004,22,125071478,True,,60,-0.11,-0.10991248122030092,0.1590534069225911,-5.616307434570639,2.058362494804285,0.0005025813617205871,-0.1122463729965034,0.4179592502030685,-6.536996600137815,0.003170786912865788,-76.51928402179499,-76.5534575372318,-132.56684523247947,-136.7295368255752,-0.034173515436805246,-4.16269159309573,False,False,0.00045282718288679695,3.7170318684126734e-05,0.0820849986238988,0.0036380500749246575,0.02849732830555862,7.833132507432236,-7.5957530172658645,-5.616307434570639,-3.557944939766354,4.558362494804285,2.083692565429361,-0.060946593077408906,-0.0034974186382794132,4.558362494804285,2.083692565429361,0.060946593077408906,0.0034974186382794132,False,False,ictal_scale,low,low,low,-0.10888038111340001,0.019549363320769557,0.00043574468218612644,0.0004372260965670377,0.00045282718288679695,1200,500,10,101.40619611740112
-7.7,-2.5,0.22,0.004,23,1661578103,True,,60,-0.11,-0.10733449334688278,0.3542119792652354,-5.517038256254573,2.4156698503190523,0.0004184245920285229,-0.11044976346273927,0.46171368961499465,-5.549507172491401,0.0006747448549208341,-72.80995730412322,-72.93344208871939,-125.14819179713592,-129.4895059285504,-0.1234847845961724,-4.341314131414464,False,False,0.00045282718288679695,3.7170318684126734e-05,0.0820849986238988,0.004017729824037227,0.044987598956479365,11.197268339779367,-7.779013870582021,-5.517038256254573,-3.10136840593552,4.915669850319052,2.1829617437454276,0.1342119792652354,-0.003581575407971477,4.915669850319052,2.1829617437454276,0.1342119792652354,0.003581575407971477,False,False,ictal_scale,low,low,low,-0.10423176742626684,0.02205402472079622,0.00043291066667886077,0.0004372475956974859,0.00045282718288679695,1200,500,10,96.89472937583923
-7.7,-2.5,0.22,0.004,24,115699436,True,,60,-0.11,-0.13817800950536424,0.2423172636282339,-5.924156145055978,4.162521656664127,0.0004085209453838308,-0.1327832356891156,0.49631865595794405,-6.236777509032879,0.001829739496262838,-81.74470839825662,-82.34149811510402,-143.01769398540273,-148.30561798131964,-0.5967897168473968,-5.287923995916913,False,False,0.00045282718288679695,3.7170318684126734e-05,0.0820849986238988,0.002674063254877046,0.17176388817852237,64.23329286068818,-7.802967371089251,-5.924156145055978,-1.7616344883918504,6.662521656664127,1.7758438549440223,0.022317263628233885,-0.003591479054616169,6.662521656664127,1.7758438549440223,0.022317263628233885,0.003591479054616169,False,False,ictal_scale,low,low,low,-0.11922161730161682,0.022799979292366723,0.0004333139562881339,0.00043937408971665465,0.00045282718288679695,1200,500,10,97.61784958839417
-7.7,-2.5,0.22,0.004,25,1529518121,True,,60,-0.11,-0.11136243711301323,0.025063889108254914,-5.780703070849189,1.436539252082705,0.0002752920031337896,-0.10988426652047953,0.2398454645134729,-8.264603020646252,0.0032501820399794172,-84.05338602482433,-84.47025764560617,-147.63504923853816,-152.56313704232394,-0.4168716207818335,-4.928087803785786,False,False,0.00045282718288679695,3.7170318684126734e-05,0.0820849986238988,0.0030865445856822485,0.012982359315632488,4.206114298771056,-8.197678194062565,-5.780703070849189,-4.344163818766484,3.9365392520827047,1.9192969291508115,-0.1949361108917451,-0.0037247079968662105,3.9365392520827047,1.9192969291508115,0.1949361108917451,0.0037247079968662105,False,False,ictal_scale,low,low,low,-0.107530788634262,0.01832252784930814,0.0004368143386842205,0.00044010499134379067,0.00045282718288679695,1200,500,10,106.41584038734436
-7.7,-2.5,0.22,0.004,26,6988508,True,,60,-0.11,-0.09549582584606947,-0.1012789105812273,-5.719973542143415,4.640081682777813,0.00042658506797037704,-0.09774583691486669,0.21064469411289508,-9.721383190951661,0.004429798773901311,-76.8496253622967,-76.86405586975835,-133.2275279134829,-137.3507334906283,-0.014430507461639763,-4.123205577145399,False,False,0.00045282718288679695,3.7170318684126734e-05,0.0820849986238988,0.003279797677612205,0.3396322517062752,103.5528057186558,-7.759698754953178,-5.719973542143415,-1.0798918593656017,7.140081682777813,1.9800264578565852,-0.3212789105812273,-0.003573414932029623,7.140081682777813,1.9800264578565852,0.3212789105812273,0.003573414932029623,False,False,ictal_scale,low,low,low,-0.10243312572728,0.02006112832756786,0.00043437598881157106,0.0004378637873611609,0.00045282718288679695,1200,500,10,104.86686158180237
-7.7,-2.5,0.22,0.004,27,1638229049,True,,60,-0.11,-0.10097732516719131,0.019692406096953843,-5.745463254683292,0.11970015895219774,0.0004555194178063619,-0.09988121067429288,0.3721636632932895,-7.546149673345189,0.003138732430276001,-83.15665901385837,-83.28396644216024,-145.84159521660624,-150.19055463543208,-0.1273074283018616,-4.348959418825842,False,False,0.00045282718288679695,3.7170318684126734e-05,0.0820849986238988,0.003197253066060477,0.00360381203289374,1.1271588324205462,-7.694072212521151,-5.745463254683292,-5.625763095731094,2.6197001589521975,1.954536745316708,-0.20030759390304614,-0.003544480582193638,2.6197001589521975,1.954536745316708,0.20030759390304614,0.003544480582193638,False,False,ictal_scale,low,low,low,-0.10934846268889313,0.02219956131458848,0.0004334377078705879,0.000434514766397768,0.00045282718288679695,1200,500,10,93.67882227897644
-7.7,-2.5,0.22,0.004,28,2145100113,True,,60,-0.11,-0.09930623434702751,0.25684864391645695,-5.630524696185804,-4.999974200108668,0.00025938323200705866,-0.10014759140101906,0.45921987834071015,-6.02228714388347,0.0006862065588602894,-86.12660873560738,-85.278959471882,-151.78149466010424,-154.18054069487562,0.8476492637253727,-2.3990460347713736,True,False,0.00045282718288679695,3.7170318684126734e-05,0.0820849986238988,0.0035866929094371556,2.41675702384258e-05,0.006738120839628367,-8.257203929624406,-5.630524696185804,-10.630498896294473,-2.499974200108668,2.0694753038141958,0.03684864391645695,-0.0037406167679929414,2.499974200108668,2.0694753038141958,0.03684864391645695,0.0037406167679929414,False,False,ictal_scale,low,low,low,-0.10636095551568185,0.022414648344652906,0.00043360569582846304,0.00043933433240873833,0.00045282718288679695,1200,500,10,94.31912636756897
-7.7,-2.5,0.22,0.004,29,499882560,True,,60,-0.11,-0.10477113127967465,0.14574822868165477,-5.30751116857426,0.44127958287968644,0.0004982393900621199,-0.10879963946620419,0.24210843504779628,-6.018495502685915,0.0029121267502609438,-69.679324699631,-69.66699972618461,-118.88692658815148,-122.95662120348082,0.012324973446382614,-4.06969461532934,True,False,0.00045282718288679695,3.7170318684126734e-05,0.0820849986238988,0.004954241658747802,0.007702336260446263,1.5546953077765386,-7.604429893504281,-5.30751116857426,-4.866231585694574,2.9412795828796865,2.39248883142574,-0.07425177131834523,-0.00350176060993788,2.9412795828796865,2.39248883142574,0.07425177131834523,0.00350176060993788,False,False,ictal_scale,low,low,low,-0.10854107471540751,0.022380247117435935,0.00043313055137910887,0.0004357639638042114,0.00045282718288679695,1200,500,10,76.29423785209656
-7.7,-2.5,0.22,0.004,30,1145334997,True,,60,-0.11,-0.12318330265741465,-0.004320747897740876,-6.058324597315216,4.999999980748799,0.00023372439075306086,-0.12437690149958953,0.37371893011893853,-7.480700078403483,0.002798503029570827,-87.91860230341321,-86.34877349036641,-155.3654817957159,-156.32016873184443,1.5698288130467972,-0.9546869361285246,True,False,0.00045282718288679695,3.7170318684126734e-05,0.0820849986238988,0.0023383152271754188,0.3470367431618889,148.41315624544512,-8.3613679540731,-6.058324597315216,-1.0583246165664164,7.499999980748799,1.6416754026847844,-0.22432074789774087,-0.0037662756092469393,7.499999980748799,1.6416754026847844,0.22432074789774087,0.0037662756092469393,False,False,ictal_scale,low,low,low,-0.10834040589994776,0.021503788166548115,0.0004335349559568963,0.0004355150866682002,0.00045282718288679695,1200,500,10,131.44214630126953
-7.7,-2.5,0.22,0.004,31,1756312019,True,,60,-0.11,-0.11870933212228317,-0.01815219392044775,-5.489656692408832,1.514761190413051,0.0005108127311212756,-0.11795691027010645,0.3000366203838566,-7.138000855009992,0.004299947807197175,-74.01202832845021,-73.4183773470672,-127.55233384578992,-130.45937644524602,0.5936509813830071,-2.907042599456105,True,False,0.00045282718288679695,3.7170318684126734e-05,0.0820849986238988,0.004129261537777526,0.01878126399674821,4.548334811181946,-7.579507510229884,-5.489656692408832,-3.974895501995781,4.014761190413051,2.2103433075911685,-0.23815219392044776,-0.0034891872688787243,4.014761190413051,2.2103433075911685,0.23815219392044776,0.0034891872688787243,False,False,ictal_scale,low,low,low,-0.11110458069512177,0.019805725443978905,0.0004353899341902527,0.0004371926562764677,0.00045282718288679695,1200,500,10,96.51833653450012
-7.7,-2.5,0.22,0.004,32,1154707039,True,,60,-0.11,-0.10074946876951954,-0.17987523100935474,-5.284701951633317,-2.5571493842335133,0.00048303948217422676,-0.09932576812068916,-0.3513659948576503,-7.077769818839351,0.0037469889976427325,-74.55638843320165,-74.29625842670731,-128.64105405529278,-132.21513860452623,0.26013000649433593,-3.574084549233447,True,False,0.00045282718288679695,3.7170318684126734e-05,0.0820849986238988,0.005068542633910153,0.0003929409012637098,0.07752542094345047,-7.6354121640205905,-5.284701951633317,-7.8418513358668305,-0.057149384233513345,2.415298048366683,-0.39987523100935474,-0.003516960517825773,0.057149384233513345,2.415298048366683,0.39987523100935474,0.003516960517825773,False,False,ictal_scale,low,low,low,-0.10470952403933785,0.02310480380575346,0.00043107481549978336,0.000433639134569794,0.00045282718288679695,1200,500,10,109.20176029205322
-7.7,-2.5,0.22,0.004,33,381799590,True,,60,-0.11,-0.10615433184625785,0.08162619422782962,-5.572981901919316,-4.782271806131119,0.00026953689612480757,-0.10431327718557531,0.3178167909035822,-7.6381256210669815,0.002955936900874369,-85.09733269352333,-84.81762207204372,-149.72294257593614,-153.25786589519905,0.2797106214796088,-3.5349233192629015,True,False,0.00045282718288679695,3.7170318684126734e-05,0.0820849986238988,0.003799134877749266,3.182514975194686e-05,0.008376946535470492,-8.21880527114253,-5.572981901919316,-10.355253708050434,-2.282271806131119,2.1270180980806845,-0.1383738057721704,-0.0037304631038751926,2.282271806131119,2.1270180980806845,0.1383738057721704,0.0037304631038751926,False,False,ictal_scale,low,low,low,-0.10995408732314607,0.021731289821820193,0.0004350420077696801,0.00043713081651118824,0.00045282718288679695,1200,500,10,112.68962454795837
-7.7,-2.5,0.22,0.004,34,1263417967,True,,60,-0.11,-0.11005895532682018,0.2621631260699471,-5.655620727186541,4.999999980748799,0.000311498963938768,-0.10927872378854318,0.5044916916771714,-5.107110385630285,0.0010449081943496301,-73.83804346768764,-63.419319050706804,-127.20436412426477,-110.4612598525252,10.418724416980837,16.74310427173957,True,True,0.00045282718288679695,3.7170318684126734e-05,0.0820849986238988,0.003497801232494267,0.5191197208336822,148.41315624544512,-8.074114545781566,-5.655620727186541,-0.6556207464377417,7.499999980748799,2.044379272813459,0.04216312606994713,-0.003688501036061232,7.499999980748799,2.044379272813459,0.04216312606994713,0.003688501036061232,False,False,ictal_scale,low,low,low,-0.10688435772745297,0.024496264419877803,0.0004327311605984463,0.0004373879099180332,0.00045282718288679695,1200,500,10,103.62716865539551
-7.7,-2.5,0.22,0.004,35,1874394989,True,,60,-0.11,-0.11295899913152749,0.21276137746572815,-5.669683687790286,1.100576598219662,0.0003928868827977744,-0.11797100104588719,0.3725689129670918,-6.004869182271795,0.0014679260606785675,-80.83389256554848,-80.54563333365893,-141.19606231998645,-144.71388841842946,0.2882592318895547,-3.5178260984430096,True,False,0.00045282718288679695,3.7170318684126734e-05,0.0820849986238988,0.00344895605049094,0.01036721257824573,3.005898720214196,-7.841988817557135,-5.669683687790286,-4.569107089570624,3.600576598219662,2.030316312209714,-0.007238622534271849,-0.0036071131172022257,3.600576598219662,2.030316312209714,0.007238622534271849,0.0036071131172022257,False,False,ictal_scale,low,low,low,-0.10951790042469695,0.021337115560652885,0.0004346030967027681,0.00043611989801038475,0.00045282718288679695,1200,500,10,90.14438533782959
-7.7,-2.5,0.22,0.004,36,1272790009,True,,60,-0.11,-0.12068600001750572,-0.04141341603069419,-5.826818951318253,4.818319026902021,0.00044285390850459517,-0.11680791815074035,0.34376772861411126,-7.510131133947352,0.0035490441389380454,-79.90188553527568,-79.75678565897068,-139.33204825944085,-143.13619306905298,0.14509987630499666,-3.8041448096121258,True,False,0.00045282718288679695,3.7170318684126734e-05,0.0820849986238988,0.00294743802720769,0.3647657455625511,123.75688384129275,-7.72227061994974,-5.826818951318253,-1.008499924416232,7.318319026902021,1.8731810486817473,-0.2614134160306942,-0.0035571460914954047,7.318319026902021,1.8731810486817473,0.2614134160306942,0.0035571460914954047,False,False,ictal_scale,low,low,low,-0.11289281218301822,0.022157987118067088,0.0004329720524503899,0.0004339724240128194,0.00045282718288679695,1200,500,10,110.99218583106995
-7.7,-2.5,0.22,0.004,37,770523915,True,,60,-0.11,-0.11001982666608401,0.02469478388125871,-4.992554894802235,-1.946528968409535,0.0006257218143495237,-0.11134726927650346,0.40333118963280173,-6.383943730151927,0.0047753241517556584,-64.22186726459225,-65.31262012287694,-107.97201171807399,-114.24786199686547,-1.090752858284688,-6.275850278791481,False,False,0.00045282718288679695,3.7170318684126734e-05,0.0820849986238988,0.0067882989284340535,0.0009691570710219399,0.14276876743928374,-7.376604671656032,-4.992554894802235,-6.939083863211771,0.553471031590465,2.707445105197765,-0.1953052161187413,-0.0033742781856504764,0.553471031590465,2.707445105197765,0.1953052161187413,0.0033742781856504764,False,False,ictal_scale,low,low,low,-0.11008989574054483,0.02279957354224132,0.0004336680924111351,0.0004369720193256983,0.00045282718288679695,1200,500,10,94.52405333518982
-7.7,-2.5,0.22,0.004,38,1381500937,True,,60,-0.11,-0.11210347813255425,0.04969418114322053,-5.188273912702392,-4.999489835299969,0.0006284378218912159,-0.11362589661409138,0.4838313082730396,-8.761127526279438,0.004640850904839756,-74.66510956509474,-74.03040156895555,-128.85849631907897,-131.68342488902272,0.6347079961391842,-2.8249285699437507,True,False,0.00045282718288679695,3.7170318684126734e-05,0.0820849986238988,0.00558163289043878,3.762793813405775e-05,0.006741385338780274,-7.372273465788637,-5.188273912702392,-10.18776374800236,-2.4994898352999693,2.5117260872976086,-0.17030581885677948,-0.003371562178108784,2.4994898352999693,2.5117260872976086,0.17030581885677948,0.003371562178108784,False,False,ictal_scale,low,low,low,-0.10996938610895333,0.025244945403862948,0.0004309922233305046,0.00043495419988096723,0.00045282718288679695,1200,500,10,93.54543137550354
-7.7,-2.5,0.22,0.004,39,1268248804,True,,60,-0.11,-0.10480540485059457,0.07984678259772729,-5.291952202962895,-4.9999999782912,0.0004312306930239668,-0.10607671564684226,0.40615117684190427,-7.497991179462982,0.0037855537071068784,-78.03543202684412,-77.32049798137211,-135.59914124257773,-138.26361771385584,0.7149340454720061,-2.664476471278107,True,False,0.00045282718288679695,3.7170318684126734e-05,0.0820849986238988,0.005031927321442253,3.390486033116183e-05,0.0067379471453582135,-7.748867360420399,-5.291952202962895,-10.291952181254095,-2.4999999782912,2.4080477970371055,-0.1401532174022727,-0.0035687693069760334,2.4999999782912,2.4080477970371055,0.1401532174022727,0.0035687693069760334,False,False,ictal_scale,low,low,low,-0.11100446835312901,0.023647330889384963,0.0004324825317282867,0.0004346738313125635,0.00045282718288679695,1200,500,10,96.7055275440216
-7.7,-2.5,0.22,0.004,40,1390872979,True,,60,-0.11,-0.1328945957212335,-0.2927922444226522,-5.606691321671794,0.19835171510351596,0.00033160568293438955,-0.1330163770556713,0.29198438751164457,-12.303931622669214,0.004226808063940862,-80.64646547990101,-78.81828413281865,-140.8212081486915,-141.2591900167489,1.8281813470823636,-0.4379818680573919,True,False,0.00045282718288679695,3.7170318684126734e-05,0.0820849986238988,0.003673202720200703,0.004479071060743864,1.2193911967099735,-8.011563996929633,-5.606691321671794,-5.408339606568278,2.698351715103516,2.0933086783282064,-0.5127922444226523,-0.0036683943170656105,2.698351715103516,2.0933086783282064,0.5127922444226523,0.0036683943170656105,False,False,ictal_scale,low,low,low,-0.11276874311694175,0.021322225604646753,0.0004348434542731832,0.00043575040222485167,0.00045282718288679695,1200,500,10,83.07853436470032
-7.7,-2.5,0.22,0.004,41,888606885,True,,60,-0.11,-0.10966475947883385,-0.02959786354508923,-4.984006771644212,-4.9999999782912,0.0006037891544921228,-0.10883295480203774,-0.045276344097450884,-10.651689104020983,0.00593068320838963,-69.26789536749153,-68.57543983766053,-118.06406792387256,-120.77350142643265,0.6924555298310082,-2.7094335025600884,True,False,0.00045282718288679695,3.7170318684126734e-05,0.0820849986238988,0.006846574863790636,4.613185955895945e-05,0.0067379471453582135,-7.4122855029394366,-4.984006771644212,-9.98400674993541,-2.4999999782912,2.7159932283557886,-0.24959786354508923,-0.0033962108455078775,2.4999999782912,2.7159932283557886,0.24959786354508923,0.0033962108455078775,False,False,ictal_scale,low,low,low,-0.10968510602873709,0.0265418309484672,0.0004319007053529752,0.00043697203017035926,0.00045282718288679695,1200,500,10,151.64112091064453
-7.7,-2.5,0.22,0.004,42,1499583907,True,,60,-0.11,-0.10122663846751626,-0.153996855434331,-5.822146591409045,-1.4554321484051775,0.0004192820019196253,-0.10291750667329108,-0.33833541074168755,-14.388449266871177,0.0032876763044601474,-86.76959096648685,-86.63042864706581,-153.06745912186318,-156.88347904524323,0.13916231942103252,-3.816019923380054,True,False,0.00045282718288679695,3.7170318684126734e-05,0.0820849986238988,0.0029612417413287804,0.0006908562830657088,0.23329952209700539,-7.776966828821331,-5.822146591409045,-7.277578739814222,1.0445678515948225,1.8778534085909548,-0.37399685543433103,-0.0035807179980803746,1.0445678515948225,1.8778534085909548,0.37399685543433103,0.0035807179980803746,False,False,ictal_scale,low,low,low,-0.1047541262470712,0.01629635629586628,0.0004378857277979312,0.00043959908414278057,0.00045282718288679695,1200,500,10,86.74211573600769
-7.7,-2.5,0.22,0.004,43,1150165834,True,,60,-0.11,-0.1280946605161451,0.339261779880282,-5.765395554290247,1.4353393915250143,0.001077603241084961,-0.1210890817996435,0.4534368428531228,-6.101879193538718,0.0023577653947808937,-77.0601499821949,-76.93203262092695,-133.6485771532793,-137.4866869929655,0.1281173612679538,-3.8381098396862114,True,False,0.00045282718288679695,3.7170318684126734e-05,0.0820849986238988,0.003134155389947906,0.013166807984967891,4.201070574610771,-6.833015925184298,-5.765395554290247,-4.330056162765233,3.935339391525014,1.9346044457097529,0.119261779880282,-0.002922396758915039,3.935339391525014,1.9346044457097529,0.119261779880282,0.002922396758915039,False,False,ictal_scale,low,low,low,-0.10956946060564242,0.020833055717324543,0.00043482660112806836,0.0004385987494979831,0.00045282718288679695,1200,500,10,92.86310291290283
-7.7,-2.5,0.22,0.004,44,1652431928,True,,60,-0.11,-0.1149327987445345,-0.052347596202280924,-5.585936014115266,-3.4843121765432694,0.00041670931491187384,-0.1159321338629319,0.0803852318534766,-14.201699573405588,0.0036299555687402023,-83.71024773893112,-83.31045629019728,-146.94877266675172,-150.24353433150617,0.3997914487338363,-3.2947616647544464,True,False,0.00045282718288679695,3.7170318684126734e-05,0.0820849986238988,0.003750237850859822,0.00011503798374989768,0.030674850056116528,-7.783121665785536,-5.585936014115266,-9.070248190658535,-0.9843121765432694,2.1140639858847345,-0.27234759620228094,-0.0035832906850881262,0.9843121765432694,2.1140639858847345,0.27234759620228094,0.0035832906850881262,False,False,ictal_scale,low,low,low,-0.10786386741193939,0.022323794463687145,0.00043361924541616655,0.0004370547130378384,0.00045282718288679695,1200,500,10,115.35847401618958
-7.7,-2.5,0.22,0.004,45,1006689855,True,,60,-0.11,-0.10433687574109432,-0.03175258832828263,-5.9293297576999455,4.999927595964856,0.0006455663192816957,-0.10249611919215845,0.4204672175394763,-7.470487496665184,0.00379703706583016,-77.01524195103528,-76.99952785872298,-133.55876109096005,-137.62167746855758,0.015714092312293815,-4.062916377597531,True,False,0.00045282718288679695,3.7170318684126734e-05,0.0820849986238988,0.0026602644131205476,0.394789660200114,148.40241377999612,-7.345382612007436,-5.9293297576999455,-0.9294021617350898,7.499927595964856,1.7706702423000547,-0.2517525883282826,-0.003354433680718304,7.499927595964856,1.7706702423000547,0.2517525883282826,0.003354433680718304,False,False,ictal_scale,low,low,low,-0.11032470879283765,0.020105663241267512,0.0004353517303438196,0.0004363684129807963,0.00045282718288679695,1200,500,10,110.21836686134338
-7.7,-2.5,0.22,0.004,46,1643059886,True,,60,-0.11,-0.12662628235414997,-0.1561201100607777,-5.111935399745588,-4.9999999782912,0.0002390081284098339,-0.12561739089943635,0.2866638563366238,-10.524900178450846,0.005087783517780606,-74.5055277528339,-73.15741363566562,-128.5393326945573,-129.93744902244285,1.3481141171682793,-1.3981163278855604,True,False,0.00045282718288679695,3.7170318684126734e-05,0.0820849986238988,0.006024411987850981,4.059216955600235e-05,0.0067379471453582135,-8.339012996528107,-5.111935399745588,-10.111935378036787,-2.4999999782912,2.5880646002544125,-0.3761201100607777,-0.0037609918715901663,2.4999999782912,2.5880646002544125,0.3761201100607777,0.0037609918715901663,False,False,ictal_scale,low,low,low,-0.11428379097852845,0.023993073643634327,0.0004317897895828806,0.00043318105723153097,0.00045282718288679695,1200,500,10,101.56821036338806
-7.7,-2.5,0.22,0.004,47,1115400783,True,,60,-0.11,-0.11021512014618157,-0.28820847984442877,-5.580747892190862,-4.9999999782912,0.0003533004000000714,-0.11143177367466212,-0.00013645801350241384,-10.955089720586702,0.003739065516477977,-85.25221686072646,-82.33115749194044,-150.03271091034242,-148.2849367349925,2.9210593687860182,1.7477741753499174,True,True,0.00045282718288679695,3.7170318684126734e-05,0.0820849986238988,0.003769745101316752,2.540034324414532e-05,0.0067379471453582135,-7.948191871417332,-5.580747892190862,-10.580747870482062,-2.4999999782912,2.119252107809138,-0.5082084798444287,-0.003646699599999929,2.4999999782912,2.119252107809138,0.5082084798444287,0.003646699599999929,False,False,ictal_scale,low,low,low,-0.10736611891430191,0.018018278194242055,0.0004365277136406628,0.0004388651157100967,0.00045282718288679695,1200,500,10,116.38412022590637
-7.7,-2.5,0.22,0.004,48,1534348958,True,,60,-0.11,-0.09687273675145391,0.0921257564130863,-5.223383837862517,-4.7528048494456225,0.0004534895027693846,-0.09852163492806137,0.33194891849605884,-6.803336780521828,0.00359843590005458,-75.45828615712239,-75.1348411859096,-130.44484950313426,-133.8923041229308,0.32344497121279403,-3.447454619796531,True,False,0.00045282718288679695,3.7170318684126734e-05,0.0820849986238988,0.005389062524447463,4.649393484550515e-05,0.008627462501053862,-7.698538435822771,-5.223383837862517,-9.97618868730814,-2.2528048494456225,2.476616162137483,-0.12787424358691368,-0.0035465104972306153,2.2528048494456225,2.476616162137483,0.12787424358691368,0.0035465104972306153,False,False,ictal_scale,low,low,low,-0.1101678160882278,0.022701737037184106,0.000433965269697656,0.0004353556036435836,0.00045282718288679695,1200,500,10,96.97925662994385
-7.7,-2.5,0.22,0.004,49,2135953938,True,,60,-0.11,-0.09406811109123414,-0.19870427522274842,-5.631468693450305,2.4813402356470893,0.0004623256775289537,-0.0956870413617742,-0.13697008987753603,-9.751076624705638,0.004547741328777654,-77.08145633765028,-76.31938808046682,-133.69118986419005,-136.26139791204525,0.7620682571834578,-2.5702080478552034,True,False,0.00045282718288679695,3.7170318684126734e-05,0.0820849986238988,0.003583308678745617,0.04284662253050477,11.957279255524194,-7.6792409855124335,-5.631468693450305,-3.150128457803216,4.981340235647089,2.068531306549695,-0.41870427522274845,-0.0035376743224710466,4.981340235647089,2.068531306549695,0.41870427522274845,0.0035376743224710466,False,False,ictal_scale,low,low,low,-0.10557730951942655,0.024602022305290985,0.00043097737774480443,0.00043266716561539425,0.00045282718288679695,1200,500,10,91.60608053207397
-7.7,-2.5,0.22,0.004,50,1524976916,True,,60,-0.11,-0.09896267698179183,0.03879775722840751,-5.669633541581646,-1.8071805456636671,0.00040143910618610956,-0.09704642627029306,0.3269738191973623,-7.456853128971979,0.0029764081500696636,-84.02721598440061,-84.16398882835406,-147.58270915769072,-151.95059940781974,-0.13677284395345168,-4.367890250129022,False,False,0.00045282718288679695,3.7170318684126734e-05,0.0820849986238988,0.003449129006897155,0.0005660579571310679,0.16411620324990248,-7.820454701867898,-5.669633541581646,-7.476814087245313,0.6928194543363329,2.030366458418354,-0.1812022427715925,-0.0035985608938138907,0.6928194543363329,2.030366458418354,0.1812022427715925,0.0035985608938138907,False,False,ictal_scale,low,low,low,-0.10790765030844014,0.025966056479269434,0.0004303820361726828,0.00043481822977320503,0.00045282718288679695,1200,500,10,107.27314281463623
-7.7,-2.5,0.22,0.004,51,120240641,True,,60,-0.11,-0.09183095852493732,-0.047250178658282446,-5.604790870413618,1.597718902789313,0.000461835105065893,-0.09178351536095992,0.12590340287469767,-8.60530858786694,0.0042335426182849075,-77.5399915997816,-77.67251051621783,-134.6082603884527,-138.96764278354726,-0.1325189164362257,-4.3593823950945705,False,False,0.00045282718288679695,3.7170318684126734e-05,0.0820849986238988,0.0036801901004165686,0.018186568213244658,4.941746952470222,-7.680302646033801,-5.604790870413618,-4.007071967624305,4.097718902789313,2.095209129586382,-0.26725017865828243,-0.003538164894934107,4.097718902789313,2.095209129586382,0.26725017865828243,0.003538164894934107,False,False,ictal_scale,low,low,low,-0.1060047403458247,0.021883833318560152,0.0004329244258110847,0.0004350460855352135,0.00045282718288679695,1200,500,10,122.42776370048523
-7.7,-2.5,0.22,0.004,52,1416265988,True,,60,-0.11,-0.1178568521887178,-0.0032674052652040745,-5.500373851570193,-4.9999999782912,0.0003340675517297838,-0.12075903339953947,0.6443434636380693,-15.855632973463393,0.00395037389896273,-81.9159898190922,-80.98788250605065,-143.3602568270739,-145.59838676321291,0.9281073130415507,-2.2381299361390177,True,False,0.00045282718288679695,3.7170318684126734e-05,0.0820849986238988,0.004085243878102989,2.752615732655618e-05,0.0067379471453582135,-8.00416733474951,-5.500373851570193,-10.500373829861392,-2.4999999782912,2.1996261484298074,-0.22326740526520408,-0.0036659324482702163,2.4999999782912,2.1996261484298074,0.22326740526520408,0.0036659324482702163,False,False,ictal_scale,low,low,low,-0.1134143536048394,0.020708798426655545,0.0004347404678340946,0.00043770575803121536,0.00045282718288679695,1200,500,10,110.18289470672607
-7.7,-2.5,0.22,0.004,53,2017870968,True,,60,-0.11,-0.1065788024334489,-0.01293844646467156,-5.5129449811911595,-4.990761141829507,0.00038743396620974434,-0.10703101435248898,0.37979129014015867,-6.822120409876233,0.002655264099807523,-83.1679120643008,-82.9173412179961,-145.86410131749108,-149.4573041871038,0.25057084630469717,-3.5932028696127247,True,False,0.00045282718288679695,3.7170318684126734e-05,0.0820849986238988,0.004034209201641004,2.7434584758852727e-05,0.006800486387194075,-7.855965133473574,-5.5129449811911595,-10.503706123020667,-2.4907611418295073,2.1870550188088407,-0.23293844646467157,-0.0036125660337902555,2.4907611418295073,2.1870550188088407,0.23293844646467157,0.0036125660337902555,False,False,ictal_scale,low,low,low,-0.10547514402357042,0.020961713894830616,0.00043508313959482735,0.00043760540947533963,0.00045282718288679695,1200,500,10,118.85781717300415
-7.7,-2.5,0.22,0.004,54,1406893946,True,,60,-0.11,-0.08672482915421853,-0.1727086182685561,-5.586318432636189,0.04768927716242734,0.00043957762827722996,-0.08707238249313548,-0.5157850900837357,-16.634008423492762,0.004356839853494708,-78.61129258422432,-77.98656852819711,-136.75086235733812,-139.59575880750583,0.6247240560272047,-2.8448964501677096,True,False,0.00045282718288679695,3.7170318684126734e-05,0.0820849986238988,0.0037488039646375823,0.003931913187208988,1.0488447046841265,-7.729696227818907,-5.586318432636189,-5.538629155473762,2.5476892771624273,2.1136815673638107,-0.3927086182685561,-0.0035604223717227703,2.5476892771624273,2.1136815673638107,0.3927086182685561,0.0035604223717227703,False,False,ictal_scale,low,low,low,-0.10502418881686038,0.022390143362461697,0.00043420559121407776,0.0004357403990503855,0.00045282718288679695,1200,500,10,83.36055636405945
-7.7,-2.5,0.22,0.004,55,1909160040,True,,60,-0.11,-0.11905156286847955,-0.15714039164290436,-5.478537112170672,-4.9999999782912,0.0004531093235219338,-0.11806405096570168,-0.2553489624419598,-7.084806951383834,0.002967888166665265,-82.17575276292601,-81.16987626426707,-143.8797827147415,-145.96237427964576,1.0058764986589352,-2.0825915649042486,True,False,0.00045282718288679695,3.7170318684126734e-05,0.0820849986238988,0.004175433423019707,2.8133849713268907e-05,0.0067379471453582135,-7.69937712931919,-5.478537112170672,-10.478537090461872,-2.4999999782912,2.221462887829328,-0.37714039164290436,-0.0035468906764780663,2.4999999782912,2.221462887829328,0.37714039164290436,0.0035468906764780663,False,False,ictal_scale,low,low,low,-0.11158217734578249,0.019670995359843065,0.00043627834975393237,0.00043733148293159836,0.00045282718288679695,1200,500,10,136.54507851600647
-7.7,-2.5,0.22,0.004,56,1883541164,True,,60,-0.11,-0.11351380546538738,-0.03891666109190077,-5.692382806876229,4.999999980748799,0.0005538423935474623,-0.10895138946508723,0.3314447626213892,-14.639896926039238,0.005030939499788806,-74.87451562923785,-73.754002865687,-129.2773084473652,-131.1306274824856,1.120512763550849,-1.8533190351204212,True,False,0.00045282718288679695,3.7170318684126734e-05,0.0820849986238988,0.003371549638667968,0.5003823233129032,148.41315624544512,-7.498630399872906,-5.692382806876229,-0.6923828261274299,7.499999980748799,2.007617193123771,-0.25891666109190076,-0.0034461576064525375,7.499999980748799,2.007617193123771,0.25891666109190076,0.0034461576064525375,False,False,ictal_scale,low,low,low,-0.11247519329121379,0.01809509571839686,0.0004364454765576672,0.00043844861403037735,0.00045282718288679695,1200,500,10,103.49924945831299
-7.7,-2.5,0.22,0.004,57,1899787998,True,,60,-0.11,-0.11224070666604731,0.03791517812029729,-5.473891967355056,-3.9686695496675894,0.0003313183090132818,-0.11157230025183504,0.39895107068870955,-7.235592597335898,0.0029953355959757215,-81.46770366966723,-82.2038315077394,-142.46368452822395,-148.0302847665904,-0.7361278380721643,-5.566600238366448,False,False,0.00045282718288679695,3.7170318684126734e-05,0.0820849986238988,0.0041948740332059834,7.927707865875412e-05,0.0188985600118642,-8.012430986034264,-5.473891967355056,-9.442561517022645,-1.4686695496675894,2.2261080326449445,-0.1820848218797027,-0.0036686816909867184,1.4686695496675894,2.2261080326449445,0.1820848218797027,0.0036686816909867184,False,False,ictal_scale,low,low,low,-0.11040582093066015,0.02091668674831326,0.00043468708277023555,0.0004367654756613366,0.00045282718288679695,1200,500,10,109.45301651954651
-7.7,-2.5,0.22,0.004,58,1892913206,True,,60,-0.11,-0.11085747963351801,0.16761235060486515,-5.6066846591555,-2.62906586413792,0.00042794329414895874,-0.10919567529809054,0.33442189240175213,-6.477619501620071,0.0020666817165025954,-82.47490743931718,-82.09735073762316,-144.47809206752385,-147.81732322635793,0.37755670169401867,-3.3392311588340817,True,False,0.00045282718288679695,3.7170318684126734e-05,0.0820849986238988,0.0036732271930552,0.00026500800542234335,0.07214582477320805,-7.7565198614662645,-5.6066846591555,-8.23575052329342,-0.1290658641379201,2.0933153408444998,-0.05238764939513485,-0.0035720567058510413,0.1290658641379201,2.0933153408444998,0.05238764939513485,0.0035720567058510413,False,False,ictal_scale,low,low,low,-0.1080443759991889,0.02245033067195127,0.0004343521526193132,0.0004388274242989568,0.00045282718288679695,1200,500,10,99.17284774780273
-7.7,-2.5,0.22,0.004,59,1791077070,True,,60,-0.11,-0.13644159844013706,-0.029150328301229277,-5.975881572445618,4.603473389890212,0.00041885027208168473,-0.13675364216294147,0.5040418950810996,-9.398815228544207,0.003691257246553503,-82.30029799037952,-82.38192392640516,-144.12887316964853,-148.38646960392194,-0.08162593602564527,-4.25759643427341,False,False,0.00045282718288679695,3.7170318684126734e-05,0.0820849986238988,0.002539262555858093,0.25349575984121925,99.83046426467521,-7.7779970477724865,-5.975881572445618,-1.3724081825554064,7.103473389890212,1.724118427554382,-0.24915032830122927,-0.0035811497279183155,7.103473389890212,1.724118427554382,0.24915032830122927,0.0035811497279183155,False,False,ictal_scale,low,low,low,-0.11679545669717856,0.021820526581973466,0.0004345728859450098,0.00043882248212004653,0.00045282718288679695,1200,500,10,102.18978905677795
-7.7,-2.5,0.22,0.004,60,2001624134,True,,60,-0.11,-0.10874324222550226,-0.06604422804426327,-5.9260421774809435,2.795642051684672,0.00037785526000160626,-0.11095915712408305,-0.3129591543836994,-14.98731063098181,0.003530399447230057,-83.47405065044701,-84.24390582832089,-146.4763784897835,-152.1104334077534,-0.7698551778738789,-5.634054917969877,False,False,0.00045282718288679695,3.7170318684126734e-05,0.0820849986238988,0.0026690246378630513,0.04370030813347117,16.373137779821967,-7.8809993457221195,-5.9260421774809435,-3.1304001257962715,5.295642051684672,1.7739578225190566,-0.28604422804426327,-0.003622144739998394,5.295642051684672,1.7739578225190566,0.28604422804426327,0.003622144739998394,False,False,ictal_scale,low,low,low,-0.10850647377997359,0.021559912143030914,0.00043385244455488984,0.0004368587494881275,0.00045282718288679695,1200,500,10,99.56896638870239
-7.7,-2.5,0.22,0.004,61,1781705028,True,,60,-0.11,-0.10474886325673971,0.017485797754054476,-5.506836465584437,-2.284267775554807,0.0003292592818893183,-0.10429767243428048,0.36567485538841527,-7.151049606863852,0.0032371108323786535,-80.05308922273711,-80.32451816139772,-139.63445563436372,-144.27165807390705,-0.27142893866060547,-4.63720243954333,False,False,0.00045282718288679695,3.7170318684126734e-05,0.0820849986238988,0.004058927651165466,0.00041339614282127635,0.10184861085232087,-8.018665026730442,-5.506836465584437,-7.7911042411392435,0.21573222444519313,2.1931635344155636,-0.20251420224594552,-0.0036707407181106816,0.21573222444519313,2.1931635344155636,0.20251420224594552,0.0036707407181106816,False,False,ictal_scale,low,low,low,-0.10645615590199276,0.02133376717836275,0.00043420529112415116,0.00043462052045095125,0.00045282718288679695,1200,500,10,111.26186323165894
-7.7,-2.5,0.22,0.004,62,2010996176,True,,60,-0.11,-0.09991485498654225,-0.08278552453017735,-5.386553033549747,3.5084130858505027,0.0007040038448926599,-0.09858747523996869,0.2907814394470709,-7.720208103788012,0.005996162466240927,-66.12898498825301,-66.5787949587054,-111.78624716539551,-116.7802116685224,-0.44980997045239235,-4.9939645031268896,False,False,0.00045282718288679695,3.7170318684126734e-05,0.0820849986238988,0.004577725437657096,0.15287419546311767,33.395230348581045,-7.25872674032589,-5.386553033549747,-1.8781399476992444,6.008413085850503,2.313446966450253,-0.3027855245301774,-0.00329599615510734,6.008413085850503,2.313446966450253,0.3027855245301774,0.00329599615510734,False,False,ictal_scale,low,low,low,-0.10900496200237596,0.022718006259590928,0.0004321095118286609,0.0004350305309628866,0.00045282718288679695,1200,500,10,117.98767304420471
-7.7,-2.5,0.22,0.004,63,1508730082,True,,60,-0.11,-0.10356626591102998,-0.025574704270236153,-5.328383546096855,-1.6041209571605843,0.0005261026985156834,-0.10251164301816873,0.3799685283065941,-7.4378850566788515,0.004093541883901975,-74.51250751436021,-74.82414202839915,-128.5532922176099,-133.2709058079099,-0.3116345140389427,-4.7176135903000045,False,False,0.00045282718288679695,3.7170318684126734e-05,0.0820849986238988,0.0048519065601302196,0.0009755545267487608,0.20106622307305486,-7.550014119957863,-5.328383546096855,-6.93250450325744,0.8958790428394157,2.371616453903145,-0.24557470427023614,-0.0034738973014843168,0.8958790428394157,2.371616453903145,0.24557470427023614,0.0034738973014843168,False,False,ictal_scale,low,low,low,-0.10841331361804844,0.017818050152896937,0.00043718635437038124,0.0004389989456343317,0.00045282718288679695,1200,500,10,91.14307713508606
-7.7,-2.5,0.22,0.004,64,2119707104,True,,60,-0.11,-0.11590846924610063,0.19053227781908644,-5.422105120673275,-1.5018508584008412,0.00044844444083883613,-0.1171951746454002,0.3881871675578006,-6.30906884568795,0.002469047871729516,-76.49951689246798,-76.10311861052625,-132.52731097382545,-135.8288589721641,0.3963982819417282,-3.3015479983386626,True,False,0.00045282718288679695,3.7170318684126734e-05,0.0820849986238988,0.004417836772543093,0.0009839298254308883,0.22271755976726518,-7.709725761867251,-5.422105120673275,-6.923955979074116,0.9981491415991588,2.277894879326725,-0.029467722180913564,-0.003551555559161164,0.9981491415991588,2.277894879326725,0.029467722180913564,0.003551555559161164,False,False,ictal_scale,low,low,low,-0.10682832605708836,0.02120047522255365,0.0004351931362789338,0.00043999080228351834,0.00045282718288679695,1200,500,10,93.19572067260742
-7.7,-2.5,0.22,0.004,65,1518102124,True,,60,-0.11,-0.11280578667477606,0.0913011909240155,-5.920364859613477,4.771047914736011,0.00041696513301519553,-0.11154884564133807,0.30618719172016157,-7.6379027386329135,0.0034391689157639797,-81.03829003767594,-81.01069983942685,-141.60485726424136,-145.6440214299653,0.027590198249086484,-4.039164165723946,True,False,0.00045282718288679695,3.7170318684126734e-05,0.0820849986238988,0.002684220634563745,0.3168531236288876,118.04287603965328,-7.78250795353374,-5.920364859613477,-1.1493169448774658,7.271047914736011,1.7796351403865236,-0.12869880907598452,-0.0035830348669848044,7.271047914736011,1.7796351403865236,0.12869880907598452,0.0035830348669848044,False,False,ictal_scale,low,low,low,-0.11059258653283019,0.02314701121663279,0.00043252077212494237,0.0004352980301248466,0.00045282718288679695,1200,500,10,126.51864051818848
-7.7,-2.5,0.22,0.004,66,2129079146,True,,60,-0.11,-0.10977248693034074,-0.12647827394909844,-5.744573636243464,-4.304648364673393,0.0003307689073028568,-0.10741896454020566,0.28337990523944,-8.137798333893638,0.002889591404381685,-88.11783240213266,-87.87074031457226,-155.76394199315482,-159.36410238025613,0.24709208756040368,-3.6001603871013117,True,False,0.00045282718288679695,3.7170318684126734e-05,0.0820849986238988,0.003200098666906662,4.321936060669587e-05,0.013505633764871796,-8.01409059166623,-5.744573636243464,-10.049222000916856,-1.804648364673393,1.9554263637565361,-0.34647827394909847,-0.003669231092697143,1.804648364673393,1.9554263637565361,0.34647827394909847,0.003669231092697143,False,False,ictal_scale,low,low,low,-0.10984846060092632,0.019984916088430164,0.0004346920628624345,0.00043563467466311136,0.00045282718288679695,1200,500,10,110.3478753566742
-7.7,-2.5,0.22,0.004,67,1626813052,True,,60,-0.11,-0.12319262114595551,-0.3143470434724892,-5.857064371302155,3.739394725295834,0.0004277818930972008,-0.12321660614051605,-0.04669622164540276,-9.928628804042841,0.00416983101993205,-80.864723561224,-78.76154968191857,-141.25772431133748,-141.14572111494874,2.10317387930543,0.11200319638874134,True,True,0.00045282718288679695,3.7170318684126734e-05,0.0820849986238988,0.0028596261733792204,0.12031167086850683,42.07251702635472,-7.756897087837715,-5.857064371302155,-2.1176696460063207,6.239394725295834,1.8429356286978456,-0.5343470434724892,-0.0035722181069027994,6.239394725295834,1.8429356286978456,0.5343470434724892,0.0035722181069027994,False,False,ictal_scale,low,low,low,-0.10922870333243075,0.01950886751837477,0.0004353777803625487,0.00043716803094578374,0.00045282718288679695,1200,500,10,110.09703159332275
-7.7,-2.5,0.22,0.004,68,90306427,True,,60,-0.11,-0.11502298930110966,0.14724780813245744,-4.92333051626756,-3.714890123427058,0.0007151686792972058,-0.11426709910385895,0.3981113755028489,-6.70127762587256,0.0052262781236697385,-65.4027344610121,-65.50861802026306,-110.3337461109137,-114.63985779163771,-0.10588355925095527,-4.306111680724015,False,False,0.00045282718288679695,3.7170318684126734e-05,0.0820849986238988,0.007274861410074922,0.00017720192796397355,0.024358117354451227,-7.242992127992871,-4.92333051626756,-8.638220639694618,-1.214890123427058,2.77666948373244,-0.07275219186754256,-0.0032848313207027944,1.214890123427058,2.77666948373244,0.07275219186754256,0.0032848313207027944,False,False,ictal_scale,low,low,low,-0.11216097421219749,0.024103865705320308,0.00043203880096914386,0.0004331242172061463,0.00045282718288679695,1200,500,10,94.45506167411804
-7.7,-2.5,0.22,0.004,69,1735523980,True,,60,-0.11,-0.10700547896944185,0.03099908763956232,-5.586642611876051,-4.9999999782912,0.0002793678721734211,-0.10363508999014856,0.39352515660820164,-7.489703873776655,0.002760356301367596,-86.80669207055604,-85.94639688102161,-153.14166133000157,-155.51541551315484,0.8602951895344262,-2.3737541831532667,True,False,0.00045282718288679695,3.7170318684126734e-05,0.0820849986238988,0.003747588877181643,2.525105577698222e-05,0.0067379471453582135,-8.182981106395129,-5.586642611876051,-10.586642590167251,-2.4999999782912,2.1133573881239496,-0.18900091236043767,-0.003720632127826579,2.4999999782912,2.1133573881239496,0.18900091236043767,0.003720632127826579,False,False,ictal_scale,low,low,low,-0.1153542768318116,0.021742340118180905,0.00043308749654670037,0.0004340578570272689,0.00045282718288679695,1200,500,10,114.28089118003845
-7.7,-2.5,0.22,0.004,70,1013564647,True,,60,-0.11,-0.10697487324746897,-0.08306779830488777,-5.9913953026668345,4.989354598007622,0.0003927383340324534,-0.10800097965659697,0.217251164744372,-10.077248553288854,0.0035380925050527397,-84.81780123599523,-84.47981883005394,-149.16387966087996,-152.5822594112195,0.3379824059412897,-3.4183797503395397,True,False,0.00045282718288679695,3.7170318684126734e-05,0.0820849986238988,0.002500173117096498,0.36712947337347346,146.8416210313582,-7.842366984560711,-5.9913953026668345,-1.0020407046592128,7.489354598007622,1.7086046973331657,-0.3030677983048878,-0.003607261665967547,7.489354598007622,1.7086046973331657,0.3030677983048878,0.003607261665967547,False,False,ictal_scale,low,low,low,-0.11438312051025737,0.01958699642609511,0.00043552724859743756,0.0004380506060060127,0.00045282718288679695,1200,500,10,118.44516706466675
-7.7,-2.5,0.22,0.004,71,1744896022,True,,60,-0.11,-0.10403449023300584,0.26191684202506044,-5.734012800623579,1.7236263924878505,0.0003820553557164974,-0.10396920791432948,0.3843396763765397,-6.177495705479745,0.0018877877934688992,-79.7620298347511,-79.91348670512411,-139.0523368583917,-143.44959516135984,-0.1514568703730106,-4.39725830296814,False,False,0.00045282718288679695,3.7170318684126734e-05,0.0820849986238988,0.003234073468271075,0.018126389698938775,5.604816921066757,-7.869945049603564,-5.734012800623579,-4.010386408135728,4.2236263924878505,1.9659871993764213,0.041916842025060436,-0.0036179446442835025,4.2236263924878505,1.9659871993764213,0.041916842025060436,0.0036179446442835025,False,False,ictal_scale,low,low,low,-0.10763655824681861,0.02133078470845121,0.0004342436028641898,0.0004346341218831805,0.00045282718288679695,1200,500,10,97.27753472328186
-7.7,-2.5,0.22,0.004,72,904853719,True,,60,-0.11,-0.10000386654904869,-0.16709134143874665,-5.134073566316274,-4.999999967485731,0.00046981277432625097,-0.09926464076404867,-0.05073081842337806,-10.988188431315585,0.00513275185630084,-73.79210417018632,-73.01613764659666,-127.11248552926213,-129.65489704430493,0.7759665235896591,-2.542411515042801,True,False,0.00045282718288679695,3.7170318684126734e-05,0.0820849986238988,0.005892507995171655,3.9703407854081186e-05,0.006737947218164889,-7.663176295120941,-5.134073566316274,-10.134073533802006,-2.4999999674857314,2.5659264336837264,-0.3870913414387467,-0.003530187225673749,2.4999999674857314,2.5659264336837264,0.3870913414387467,0.003530187225673749,False,False,ictal_scale,low,low,low,-0.10682962036278632,0.020422680998424893,0.000434996361244425,0.00043880395488563224,0.00045282718288679695,1200,500,10,105.73293232917786
-7.7,-2.5,0.22,0.004,73,1853606950,True,,60,-0.11,-0.11375064094245692,0.09782590940045355,-5.216537824418182,-4.9999999782912,0.0005175665675131165,-0.10848582555053332,0.3696029340868868,-6.41551016489971,0.003077851175453554,-75.78329880071422,-74.28427237038036,-131.09487479031793,-132.19116649187234,1.4990264303338563,-1.0962917015544065,True,False,0.00045282718288679695,3.7170318684126734e-05,0.0820849986238988,0.005426082694645612,3.6560658402865e-05,0.0067379471453582135,-7.566372408221661,-5.216537824418182,-10.216537802709382,-2.4999999782912,2.483462175581818,-0.12217409059954645,-0.0034824334324868836,2.4999999782912,2.483462175581818,0.12217409059954645,0.0034824334324868836,False,False,ictal_scale,low,low,low,-0.11271569020423308,0.01958529109084736,0.00043517067155434894,0.000437418341787879,0.00045282718288679695,1200,500,10,105.53617835044861
-7.7,-2.5,0.22,0.004,74,895481677,True,,60,-0.11,-0.11508059931816031,0.05646765225445919,-5.396994191985606,-4.99879990271641,0.00038576352623878986,-0.11109582058186905,0.38064495596495523,-6.899381100274496,0.0030038324134146572,-79.47892035967381,-79.50055106187109,-138.4861179082371,-142.6237238748538,-0.021630702197285245,-4.13760596661669,False,False,0.00045282718288679695,3.7170318684126734e-05,0.0820849986238988,0.004530177341653413,3.056074869750909e-05,0.006746038045026087,-7.8602860025560055,-5.396994191985606,-10.395794094702016,-2.49879990271641,2.303005808014394,-0.16353234774554082,-0.0036142364737612102,2.49879990271641,2.303005808014394,0.16353234774554082,0.0036142364737612102,False,False,ictal_scale,low,low,low,-0.11010090344680888,0.021812717255306546,0.00043361914919031434,0.00043494460229616524,0.00045282718288679695,1200,500,10,125.06706428527832
-7.7,-2.5,0.22,0.004,75,1397747771,True,,60,-0.11,-0.11246385373360909,-0.10255180737020093,-5.834982898511084,2.641891316479883,0.00041731786062692785,-0.11218949216404164,0.4819118693930174,-7.256311580591242,0.0030704221831809064,-82.91257880034232,-82.48996850397268,-145.35343478957412,-148.60255875905696,0.42261029636964054,-3.249123969482838,True,False,0.00045282718288679695,3.7170318684126734e-05,0.0820849986238988,0.0029234732554691595,0.0410447812779635,14.039732089622497,-7.781662370834734,-5.834982898511084,-3.1930915820312014,5.141891316479883,1.8650171014889159,-0.32255180737020095,-0.0035826821393730723,5.141891316479883,1.8650171014889159,0.32255180737020095,0.0035826821393730723,False,False,ictal_scale,low,low,low,-0.11597185150104168,0.019428781064265755,0.00043528980079283943,0.0004376728218987041,0.00045282718288679695,1200,500,10,117.63633179664612
-7.7,-2.5,0.22,0.004,76,786770749,True,,60,-0.11,-0.10591720386939574,-0.1988391053500388,-5.703915798317437,-3.269235807694813,0.00033381967700876747,-0.10672110603644572,-0.01717274317196954,-13.297441059449898,0.0033768413771277403,-86.55355930174626,-85.52980701972672,-152.635395792382,-154.68223579056504,1.0237522820195437,-2.0468399981830316,True,False,0.00045282718288679695,3.7170318684126734e-05,0.0820849986238988,0.003332888950753227,0.00012676803901021338,0.03803548239480466,-8.004909599975528,-5.703915798317437,-8.97315160601225,-0.7692358076948129,1.9960842016825628,-0.41883910535003877,-0.0036661803229912325,0.7692358076948129,1.9960842016825628,0.41883910535003877,0.0036661803229912325,False,False,ictal_scale,low,low,low,-0.10536912419242085,0.023058013053938328,0.0004332953471541648,0.0004368064519417377,0.00045282718288679695,1200,500,10,127.23407316207886
-7.7,-2.5,0.22,0.004,77,1289036843,True,,60,-0.11,-0.117974954365208,-0.08052770391368408,-5.743463043552842,4.9995699346885925,0.0005297652586348716,-0.11534102103183082,0.38850629394829256,-7.02244376830722,0.0042068038189966035,-73.65673569513999,-73.08414846511229,-126.84174857916946,-129.7909186813362,0.5725872300276933,-2.9491701021667325,True,False,0.00045282718288679695,3.7170318684126734e-05,0.0820849986238988,0.003203654647352842,0.4752600700598135,148.34934547408773,-7.543076557767022,-5.743463043552842,-0.74389310886425,7.4995699346885925,1.9565369564471577,-0.3005277039136841,-0.0034702347413651286,7.4995699346885925,1.9565369564471577,0.3005277039136841,0.0034702347413651286,False,False,ictal_scale,low,low,low,-0.11316820028659681,0.02124687486606079,0.00043451858012195894,0.0004385302934375542,0.00045282718288679695,1200,500,10,107.01387977600098
-7.7,-2.5,0.22,0.004,78,1370084940,True,,60,-0.11,-0.10940147743076178,-0.013171823107963634,-5.751637912571838,3.285541094471882,0.0005183405324032425,-0.11080079765565228,0.26459288387664,-8.352565972734121,0.004024502898612906,-78.40882661149661,-78.16159664807019,-136.3459304118827,-139.94581504725198,0.24722996342642034,-3.5998846353692784,True,False,0.00045282718288679695,3.7170318684126734e-05,0.0820849986238988,0.0031775719468143658,0.08491565424928182,26.723440309325785,-7.564878133234645,-5.751637912571838,-2.466096818099956,5.785541094471882,1.948362087428162,-0.23317182310796364,-0.0034816594675967576,5.785541094471882,1.948362087428162,0.23317182310796364,0.0034816594675967576,False,False,ictal_scale,low,low,low,-0.11813577631731804,0.02059600023406383,0.0004338461821987017,0.0004341744834209519,0.00045282718288679695,1200,500,10,102.88638973236084
-7.7,-2.5,0.22,0.004,79,1279664801,True,,60,-0.11,-0.09583479966510924,-0.052005777070238776,-5.852079164780037,4.752580322320261,0.0005087719757823644,-0.09364377232086138,0.32372198791884077,-8.667247999599926,0.004520083103794493,-74.658481180842,-75.44617479197224,-128.8452395505735,-134.5149713350561,-0.7876936111302371,-5.669731784482593,False,False,0.00045282718288679695,3.7170318684126734e-05,0.0820849986238988,0.0028739175936725384,0.33303794636034556,115.88291435133361,-7.583510626499363,-5.852079164780037,-1.0994988424597762,7.252580322320261,1.8479208352199628,-0.27200577707023876,-0.0034912280242176356,7.252580322320261,1.8479208352199628,0.27200577707023876,0.0034912280242176356,False,False,ictal_scale,low,low,low,-0.10637082585777693,0.02319450249456231,0.0004312659181026107,0.0004311818330458325,0.00045282718288679695,1200,500,10,101.52546882629395
-7.7,-2.5,0.22,0.004,80,668687779,True,,60,-0.11,-0.09085925619661746,0.2489752328709417,-5.063341498490106,-4.90748339390353,0.0007110586469965476,-0.10271479135433287,0.4485481749896945,-5.214099410397391,0.0008339444054525481,-70.0099785335442,-69.2341710805439,-119.54823425597789,-122.0909639121994,0.7758074530002972,-2.5427296562215105,True,False,0.00045282718288679695,3.7170318684126734e-05,0.0820849986238988,0.0063243912219803425,4.674398879632938e-05,0.007391065346158731,-7.248755646335541,-5.063341498490106,-9.970824892393637,-2.4074833939035303,2.636658501509894,0.028975232870941697,-0.0032889413530034525,2.4074833939035303,2.636658501509894,0.028975232870941697,0.0032889413530034525,False,False,ictal_scale,low,low,low,-0.10757874980904915,0.02389585240451727,0.0004321867397868592,0.0004325062374994724,0.00045282718288679695,1200,500,10,128.453471660614
-7.7,-2.5,0.22,0.004,81,1170953873,True,,60,-0.11,-0.11123288656206476,0.1514452689481288,-5.976663768530498,4.999999980748799,0.00027954520237160105,-0.11149692492741381,0.43430275296288773,-6.79893636082355,0.002278477723861779,-84.75924942775913,-84.25995935171072,-149.04677604440775,-152.14254045453305,0.49929007604841047,-3.095764410125298,True,False,0.00045282718288679695,3.7170318684126734e-05,0.0820849986238988,0.002537277131225335,0.3765653073145404,148.41315624544512,-8.182346552607763,-5.976663768530498,-0.9766637877816988,7.499999980748799,1.723336231469502,-0.06855473105187121,-0.003720454797628399,7.499999980748799,1.723336231469502,0.06855473105187121,0.003720454797628399,False,False,ictal_scale,low,low,low,-0.11037014093740553,0.02417697385107812,0.00043282797025589006,0.00043777911977702923,0.00045282718288679695,1200,500,10,102.02992177009583
-7.7,-2.5,0.22,0.004,82,1772558853,True,,60,-0.11,-0.12707839038701832,0.04363788805572411,-5.859365487105832,4.999999967972389,0.00043239341191984794,-0.12628925726033755,0.3537285949209518,-7.528818383882298,0.003842492556527383,-78.413326857764,-78.15456908529788,-136.3549309044175,-139.93175992170737,0.25875777246612586,-3.5768290172898674,True,False,0.00045282718288679695,3.7170318684126734e-05,0.0820849986238988,0.0028530534076469053,0.4234306557557761,148.41315434925778,-7.746174708393348,-5.859365487105832,-0.8593655191334424,7.499999967972389,1.8406345128941686,-0.1763621119442759,-0.0035676065880801524,7.499999967972389,1.8406345128941686,0.1763621119442759,0.0035676065880801524,False,False,ictal_scale,low,low,low,-0.1121778934307582,0.021406173569242935,0.0004352240357964698,0.00043922907119728875,0.00045282718288679695,1200,500,10,129.10068106651306
-7.7,-2.5,0.22,0.004,83,1161581831,True,,60,-0.11,-0.10983877243641162,0.016214833819868723,-5.85454224121569,-0.13949928284693028,0.0003329396328728765,-0.11236686168495386,0.3847477043444984,-7.097472385918779,0.0025217126970406155,-84.24134727513818,-84.70816113911584,-148.01097173916585,-153.0389440293433,-0.4668138639776629,-5.027972290177445,False,False,0.00045282718288679695,3.7170318684126734e-05,0.0820849986238988,0.002866847625479893,0.0024935658515002706,0.8697936469793588,-8.007549367081554,-5.85454224121569,-5.99404152406262,2.36050071715307,1.8454577587843106,-0.2037851661801313,-0.0036670603671271236,2.36050071715307,1.8454577587843106,0.2037851661801313,0.0036670603671271236,False,False,ictal_scale,low,low,low,-0.10726797528314885,0.024700010711160236,0.0004311973859534195,0.0004322047319859221,0.00045282718288679695,1200,500,10,90.33299541473389
-7.7,-2.5,0.22,0.004,84,483635726,True,,60,-0.11,-0.12308883941499829,-0.034321184212632555,-5.3820070475156205,-4.244261346840514,0.00037597219133664913,-0.12313732076465578,0.365054380267653,-7.3189702296951165,0.0033057308758884835,-79.67538374430714,-79.72789025565865,-138.87904467750377,-143.0784022624289,-0.052506511351509744,-4.1993575849251386,False,False,0.00045282718288679695,3.7170318684126734e-05,0.0820849986238988,0.004598583086935597,6.597277544091204e-05,0.014346326725799137,-7.885995376520537,-5.3820070475156205,-9.626268394356135,-1.7442613468405144,2.3179929524843796,-0.25432118421263256,-0.003624027808663351,1.7442613468405144,2.3179929524843796,0.25432118421263256,0.003624027808663351,False,False,ictal_scale,low,low,low,-0.11134142401450701,0.02281389664292963,0.0004338789048753306,0.00043816904888962306,0.00045282718288679695,1200,500,10,104.18626523017883
-7.7,-2.5,0.22,0.004,85,1052870903,True,,60,-0.11,-0.09624463820340924,0.03722740960559326,-5.039336597305132,-4.757751916361967,0.00038149956521225714,-0.09713618256702873,0.3792920318602101,-6.734773218333334,0.003899426901236718,-71.78981363142937,-72.17572843842753,-123.10790445174823,-127.97407862796665,-0.3859148069981586,-4.866174176218422,False,False,0.00045282718288679695,3.7170318684126734e-05,0.0820849986238988,0.006478044445243193,5.5613281259064525e-05,0.008584887264844436,-7.871400846919948,-5.039336597305132,-9.797088513667099,-2.2577519163619666,2.660663402694868,-0.18277259039440674,-0.003618500434787743,2.2577519163619666,2.660663402694868,0.18277259039440674,0.003618500434787743,False,False,ictal_scale,low,low,low,-0.10696078987268529,0.02125555499096688,0.00043351631485341754,0.00043723255652495044,0.00045282718288679695,1200,500,10,102.5280532836914
-7.7,-2.5,0.22,0.004,86,1654475883,True,,60,-0.11,-0.11336081953751019,0.02738288967690381,-5.222500737210233,-1.9160228355275208,0.00042627317571416784,-0.11225412177142871,-0.4578543367436543,-13.292996777906541,0.0051976455515074,-71.75953612454086,-72.62157489917516,-123.0473494379712,-128.86577154946193,-0.8620387746342999,-5.818422111490719,False,False,0.00045282718288679695,3.7170318684126734e-05,0.0820849986238988,0.005393823711072088,0.000793923401734639,0.1471912031727928,-7.760430159667673,-5.222500737210233,-7.138523572737753,0.5839771644724792,2.4774992627897676,-0.1926171103230962,-0.0035737268242858325,0.5839771644724792,2.4774992627897676,0.1926171103230962,0.0035737268242858325,False,False,ictal_scale,low,low,low,-0.10932979530058319,0.022852897334335757,0.0004339333627855314,0.00043695595271535723,0.00045282718288679695,1200,500,10,97.55517959594727
-7.7,-2.5,0.22,0.004,87,1043498861,True,,60,-0.11,-0.12221930120417528,-0.0027607571567993625,-5.308911536401512,-4.46153220783736,0.0006278212151387624,-0.121549729026069,0.3534750062693761,-8.120931658449582,0.0042307540904909045,-76.68265246256792,-77.0712911670235,-132.89358211402532,-137.76520408515862,-0.38863870445558746,-4.871621971133294,False,False,0.00045282718288679695,3.7170318684126734e-05,0.0820849986238988,0.004947308753562117,5.711500197272312e-05,0.011544660909145743,-7.373255121297245,-5.308911536401512,-9.770443744238872,-1.9615322078373598,2.3910884635984884,-0.22276075715679935,-0.0033721787848612376,1.9615322078373598,2.3910884635984884,0.22276075715679935,0.0033721787848612376,False,False,ictal_scale,low,low,low,-0.10877033252925242,0.0201728140038034,0.000435346620234759,0.0004376357441495349,0.00045282718288679695,1200,500,10,103.4315574169159
-7.7,-2.5,0.22,0.004,88,601718696,True,,60,-0.11,-0.1129599920971063,-0.07799236737729831,-5.164909897155177,-1.478570868215849,0.0006081362200642124,-0.11361316537984983,-0.10171505324388347,-16.68416247366739,0.0058774007023603,-69.22033510492926,-69.01136174419229,-117.96894739874801,-121.64534523949617,0.2089733607369766,-3.6763978407481517,True,False,0.00045282718288679695,3.7170318684126734e-05,0.0820849986238988,0.005713577625408594,0.0013024856972813884,0.22796324521595066,-7.405111654934456,-5.164909897155177,-6.6434807653710255,1.021429131784151,2.5350901028448236,-0.2979923673772983,-0.0033918637799357876,1.021429131784151,2.5350901028448236,0.2979923673772983,0.0033918637799357876,False,False,ictal_scale,low,low,low,-0.11495561255738311,0.021348007941001886,0.0004328568534577279,0.00043384368939389603,0.00045282718288679695,1200,500,10,99.35997343063354
-7.7,-2.5,0.22,0.004,89,99452602,True,,60,-0.11,-0.11941954157087666,0.23049661082807035,-5.866282323097226,-0.1560057023976207,0.0003256060022310432,-0.11808900778684189,0.3641117596759703,-6.599018264298948,0.0016277924788794145,-87.82796665078436,-87.84315380121771,-155.1842104904582,-159.30892935354703,-0.015187150433348506,-4.124718863088816,False,False,0.00045282718288679695,3.7170318684126734e-05,0.0820849986238988,0.0028333873968432502,0.0024241168039333513,0.8555543116462372,-8.029822489635274,-5.866282323097226,-6.022288025494847,2.343994297602379,1.8337176769027739,0.010496610828070352,-0.003674393997768957,2.343994297602379,1.8337176769027739,0.010496610828070352,0.003674393997768957,False,False,ictal_scale,low,low,low,-0.10794324021546137,0.01960013092287729,0.0004367013365692459,0.000438539033558595,0.00045282718288679695,1200,500,10,82.98845076560974
-7.7,-2.5,0.22,0.004,90,1536392913,True,,60,-0.11,-0.10251680551409102,-0.18617057515242788,-5.390606040633874,-4.9999999782912,0.00043933733823284547,-0.10684812399309898,-0.012253244650640175,-10.598477865304663,0.004190286103958804,-80.9329362700061,-78.90099323299961,-141.39414972890168,-141.42460821711083,2.031943037006485,-0.03045848820914898,True,False,0.00045282718288679695,3.7170318684126734e-05,0.0820849986238988,0.0045592094321265314,3.071971217828723e-05,0.0067379471453582135,-7.7302430157552315,-5.390606040633874,-10.390606018925073,-2.4999999782912,2.309393959366126,-0.4061705751524279,-0.0035606626617671546,2.4999999782912,2.309393959366126,0.4061705751524279,0.0035606626617671546,False,False,ictal_scale,low,low,low,-0.10626285847048324,0.02120608842219162,0.0004347954068976079,0.0004388155907185658,0.00045282718288679695,1200,500,10,127.88504457473755
-7.7,-2.5,0.22,0.004,91,108824644,True,,60,-0.11,-0.09496045834988585,-0.07999967080905164,-5.7615677509471785,3.5050310370578517,0.00029808274703947246,-0.0948929330286965,0.1784624965006015,-10.406502124799001,0.003941135259567163,-81.05346672206078,-80.67082094239578,-141.63521063301104,-144.96426363590317,0.3826457796649976,-3.329053002892124,True,False,0.00045282718288679695,3.7170318684126734e-05,0.0820849986238988,0.003146175310697261,0.10471250687048916,33.28247682653215,-8.118139435374232,-5.7615677509471785,-2.256536713889327,6.005031037057852,1.9384322490528216,-0.29999967080905166,-0.0037019172529605274,6.005031037057852,1.9384322490528216,0.29999967080905166,0.0037019172529605274,False,False,ictal_scale,low,low,low,-0.10134635538378986,0.020930675181749722,0.0004325907476655519,0.0004347464324789686,0.00045282718288679695,1200,500,10,104.80529427528381
-7.7,-2.5,0.22,0.004,92,1427681985,True,,60,-0.11,-0.09771563552907431,-0.07314803164311175,-5.311474681843654,-4.9999999782912,0.0004680682009891038,-0.09628344554171077,0.18372862388731886,-8.983155483486694,0.004526487752699686,-76.44189652749655,-75.94702675004677,-132.4120702438826,-135.51667525120516,0.4948697774497788,-3.1046050073225615,True,False,0.00045282718288679695,3.7170318684126734e-05,0.0820849986238988,0.004934644319006884,3.3249372602610556e-05,0.0067379471453582135,-7.666896544054813,-5.311474681843654,-10.311474660134854,-2.4999999782912,2.388525318156346,-0.29314803164311176,-0.0035319317990108964,2.4999999782912,2.388525318156346,0.29314803164311176,0.0035319317990108964,False,False,ictal_scale,low,low,low,-0.10426652093571748,0.020405374708842502,0.0004345652177284569,0.0004361196436870506,0.00045282718288679695,1200,500,10,103.76921892166138
-7.7,-2.5,0.22,0.004,93,217535572,True,,60,-0.11,-0.11521959276214674,-0.10875247170135591,-5.340773699321013,1.7608290274164315,0.0006731448691571441,-0.11562263382186036,-0.8129542383759277,-19.565576124544872,0.005828512595087077,-69.24257771743082,-69.21606266597753,-118.01343262375113,-122.05474708306666,0.026515051453287697,-4.0413144593155295,True,False,0.00045282718288679695,3.7170318684126734e-05,0.0820849986238988,0.004792161583443688,0.027877240607207244,5.817258062315675,-7.303549992707061,-5.340773699321013,-3.5799446719045815,4.260829027416431,2.359226300678987,-0.3287524717013559,-0.0033268551308428557,4.260829027416431,2.359226300678987,0.3287524717013559,0.0033268551308428557,False,False,ictal_scale,low,low,low,-0.11326036587185002,0.019937129848080156,0.00043499273047933917,0.00043689742036863,0.00045282718288679695,1200,500,10,101.18803763389587
-7.7,-2.5,0.22,0.004,94,284730522,True,,60,-0.11,-0.11990834330023584,-0.15297430856978164,-5.337184622653842,-4.999952599432841,0.0003289247090882831,-0.11998358501546769,-0.3515900700542253,-8.290063449739922,0.0038715760076435263,-80.04212271124979,-78.98604050126991,-139.61252261138907,-141.59470275365143,1.056082209979877,-1.982180142262365,True,False,0.00045282718288679695,3.7170318684126734e-05,0.0820849986238988,0.004809391920772974,3.240696393206284e-05,0.006738266389164289,-8.019681681144524,-5.337184622653842,-10.337137222086682,-2.4999525994328406,2.362815377346158,-0.37297430856978164,-0.003671075290911717,2.4999525994328406,2.362815377346158,0.37297430856978164,0.003671075290911717,False,False,ictal_scale,low,low,low,-0.10922712068886908,0.019762583089375993,0.00043637033236034205,0.0004392960679644354,0.00045282718288679695,1200,500,10,112.14999866485596
-7.7,-2.5,0.22,0.004,95,226907614,True,,60,-0.11,-0.10847957257908532,-0.16389080374578646,-6.019470720961618,4.948347474952949,0.0002771275982670578,-0.10267197989086199,0.39405228314717067,-7.424974720746018,0.0030132448626830496,-84.63684326736052,-83.81246211791178,-148.80196372361053,-151.24754598693517,0.8243811494487403,-2.4455822633246385,True,False,0.00045282718288679695,3.7170318684126734e-05,0.0820849986238988,0.002430955908590813,0.342623450773349,140.94186141449288,-8.191032514277225,-6.019470720961618,-1.0711232460086686,7.448347474952949,1.6805292790383826,-0.38389080374578644,-0.0037228724017329424,7.448347474952949,1.6805292790383826,0.38389080374578644,0.0037228724017329424,False,False,ictal_scale,low,low,low,-0.10641793173009807,0.02159295979562358,0.00043408214061193206,0.00043885452794336787,0.00045282718288679695,1200,500,10,142.97283911705017
-7.7,-2.5,0.22,0.004,96,275358480,True,,60,-0.11,-0.09785506446208828,0.030842188397408148,-5.462273847011368,-4.9999999782912,0.00029911074173825155,-0.09661647448907607,0.3845793907203934,-7.365422326445765,0.002993056829262582,-83.67347076124715,-82.89135861064159,-146.87521871138378,-149.4053389723948,0.7821121506055562,-2.5301202610110067,True,False,0.00045282718288679695,3.7170318684126734e-05,0.0820849986238988,0.004243894797717495,2.8595138837481195e-05,0.0067379471453582135,-8.11469667943847,-5.462273847011368,-10.462273825302567,-2.4999999782912,2.237726152988632,-0.18915781160259185,-0.0037008892582617485,2.4999999782912,2.237726152988632,0.18915781160259185,0.0037008892582617485,False,False,ictal_scale,low,low,low,-0.104191060685037,0.021104613556155956,0.00043270381608727235,0.0004337257522332884,0.00045282718288679695,1200,500,10,103.81987500190735
-7.7,-2.5,0.22,0.004,97,335618542,True,,60,-0.11,-0.11984899812264205,0.2683659348084812,-5.709341720967807,-3.3790171190024947,0.0002930313944443484,-0.11667192887220501,0.4524735481683685,-6.676337451264981,0.0018077889674466042,-87.71069810541958,-87.41204013781963,-154.94967339972865,-158.44670202675087,0.2986579675999508,-3.4970286270222175,True,False,0.00045282718288679695,3.7170318684126734e-05,0.0820849986238988,0.0033148539256765645,0.00011297332376808717,0.03408093578211872,-8.135230806412947,-5.709341720967807,-9.0883588399703,-0.8790171190024947,1.9906582790321936,0.0483659348084812,-0.003706968605555652,0.8790171190024947,1.9906582790321936,0.0483659348084812,0.003706968605555652,False,False,ictal_scale,low,low,low,-0.10905532934453101,0.020750863734451442,0.0004352196014486573,0.0004384073381118996,0.00045282718288679695,1200,500,10,108.4209532737732
-7.7,-2.5,0.22,0.004,98,166647552,True,,60,-0.11,-0.11325724843185478,-0.26112843094132965,-5.292524872656513,-2.9901836747914525,0.0005271536494625753,-0.1122126040620271,-0.1152577663238546,-11.099685634861938,0.004813929589332646,-75.90908042206033,-74.79515207284119,-131.34643803301014,-133.212925896794,1.1139283492191367,-1.8664878637838456,True,False,0.00045282718288679695,3.7170318684126734e-05,0.0820849986238988,0.005029046514119029,0.00025285141166304215,0.05027820103734632,-7.548018496959351,-5.292524872656513,-8.282708547447966,-0.49018367479145253,2.4074751273434876,-0.4811284309413296,-0.0034728463505374245,0.49018367479145253,2.4074751273434876,0.4811284309413296,0.0034728463505374245,False,False,ictal_scale,low,low,low,-0.1099239329376124,0.023877452596235905,0.0004319406054323807,0.0004324989054447162,0.00045282718288679695,1200,500,10,96.34847235679626
-7.7,-2.5,0.22,0.004,99,344990584,True,,60,-0.11,-0.09673389378969896,0.26403433327545267,-6.258370965201719,4.550394783939124,0.00044330965656060647,-0.09121521165654664,0.473503835683397,-6.058464442115113,0.0004880061108053869,-90.55204979164769,-89.6825584920973,-160.63237677218487,-162.9877387353062,0.8694912995503898,-2.3553619631213394,True,False,0.00045282718288679695,3.7170318684126734e-05,0.0820849986238988,0.001914361819909499,0.18123220284605654,94.66977504525462,-7.72124203309702,-6.258370965201719,-1.7079761812625947,7.050394783939124,1.4416290347982814,0.04403433327545267,-0.0035566903434393936,7.050394783939124,1.4416290347982814,0.04403433327545267,0.0035566903434393936,False,False,ictal_scale,low,low,low,-0.11240451378006723,0.017657617883745244,0.00043668677185274105,0.00043951878764854504,0.00045282718288679695,1200,500,10,95.03056693077087
-7.7,-0.06,0.22,0.004,0,603425239,True,,60,-0.11,-0.09444668263948011,0.07411362025883361,-5.75086506847688,4.998074344118123,0.0003543496363627652,-0.09443410279015643,0.34323326779781177,-7.277442873594888,0.003975896071165091,-75.93220224317315,-75.71036656056472,-131.3926816752358,-135.04335487224105,0.2218356826084289,-3.6506731970052613,True,False,0.00045282718288679695,0.00042645658068565383,0.9417645335842487,0.003180028663737068,0.47105014561509817,148.12764142243142,-7.945226458917749,-5.75086506847688,-0.752790724358757,5.058074344118123,1.94913493152312,-0.1458863797411664,-0.0036456503636372348,5.058074344118123,1.94913493152312,0.1458863797411664,0.0036456503636372348,False,False,ictal_scale,low,low,low,-0.10481906863752846,0.02116446585229166,0.0004523720730507186,0.00045246170506839346,0.00045282718288679695,1200,500,10,101.08033061027527
-7.7,-0.06,0.22,0.004,1,2055696544,True,,60,-0.11,-0.09767619157025809,-0.09049967420216672,-5.513111939641844,4.721209993716764,0.00043236844943308545,-0.10030596481908828,0.17690433017301047,-8.834883957613389,0.005516333987804192,-70.29613506038868,-70.05366395999349,-120.12054730966685,-123.72994967109857,0.2424711003951927,-3.6094023614317194,True,False,0.00045282718288679695,0.00042645658068565383,0.9417645335842487,0.004033535712546874,0.45298242737187716,112.30405769380255,-7.746232441019832,-5.513111939641844,-0.7919019459250798,4.781209993716764,2.1868880603581564,-0.31049967420216673,-0.0035676315505669145,4.781209993716764,2.1868880603581564,0.31049967420216673,0.0035676315505669145,False,False,ictal_scale,low,low,low,-0.1076458083468907,0.01824627810349212,0.0004524612082746181,0.0004525592183136669,0.00045282718288679695,1200,500,10,104.77652978897095
-7.7,-0.06,0.22,0.004,2,594053197,True,,60,-0.11,-0.12694731205229268,0.18202766348106253,-5.0437145850169145,-4.999996483768477,0.0008627651575245762,-0.12727915067203344,0.4365211376601691,-5.24131669516197,0.0007085440324193654,-69.16525567456354,-67.18357011291894,-117.85878853801657,-117.98976197694948,1.9816855616445963,-0.13097343893291225,True,False,0.00045282718288679695,0.00042645658068565383,0.9417645335842487,0.006449745637381804,4.3458197071075126e-05,0.006737970691308758,-7.055368027291374,-5.0437145850169145,-10.043711068785392,-4.9399964837684776,2.6562854149830857,-0.03797233651893747,-0.0031372348424754237,4.9399964837684776,2.6562854149830857,0.03797233651893747,0.0031372348424754237,False,False,ictal_scale,low,low,low,-0.11258830276767759,0.0182649808999786,0.0004524513202496637,0.00045252941226649613,0.00045282718288679695,1200,500,10,105.83943915367126
-7.7,-0.06,0.22,0.004,3,1096319291,True,,60,-0.11,-0.09128616797469752,0.021515545867612423,-5.236302237361482,-4.805758980823481,0.0004923266320877532,-0.08990679024378796,-0.08007727846554348,-9.015456278246988,0.004529670852732584,-76.02194959253758,-75.83239467875075,-131.57217637396465,-135.2874111086131,0.18955491378683575,-3.7152347346484476,True,False,0.00045282718288679695,0.00042645658068565383,0.9417645335842487,0.005319892208673007,4.3529955782906016e-05,0.008182488305296713,-7.616368175389805,-5.236302237361482,-10.042061218184962,-4.7457589808234815,2.4636977626385184,-0.19848445413238758,-0.003507673367912247,4.7457589808234815,2.4636977626385184,0.19848445413238758,0.003507673367912247,False,False,ictal_scale,low,low,low,-0.10230110510617191,0.021549839496324132,0.0004523358357535946,0.00045243270412930847,0.00045282718288679695,1200,500,10,137.09221649169922
-7.7,-0.06,0.22,0.004,4,485342269,True,,60,-0.11,-0.11023291175727924,-0.01904145386477226,-5.426013968384753,-4.9999999782912,0.0004933077208978129,-0.10703725054082402,0.37926644396375303,-7.190868643810969,0.0033878470440078766,-80.69551405192725,-80.26917309139505,-140.91930529274399,-144.1609679339017,0.42634096053220105,-3.241662641157717,True,False,0.00045282718288679695,0.00042645658068565383,0.9417645335842487,0.004400601827716894,2.9651022522923178e-05,0.0067379471453582135,-7.614377398320991,-5.426013968384753,-10.426013946675953,-4.9399999782912,2.273986031615247,-0.23904145386477227,-0.003506692279102187,4.9399999782912,2.273986031615247,0.23904145386477227,0.003506692279102187,False,False,ictal_scale,low,low,low,-0.11174253543998648,0.02173478779760743,0.0004523488639732243,0.00045240489499146175,0.00045282718288679695,1200,500,10,114.12893724441528
-7.7,-0.06,0.22,0.004,5,1086947249,True,,60,-0.11,-0.11701086273469673,-0.014494104592277433,-5.8049614230879865,-4.9999999782912,0.00034576706768649717,-0.11685072829384927,0.3848403934149823,-8.466515104275459,0.002706940113575371,-90.0474370757006,-89.86461442138976,-159.6231513402907,-163.35185059389113,0.18282265431084,-3.728699253600439,True,False,0.00045282718288679695,0.00042645658068565383,0.9417645335842487,0.0030125709665314777,2.02985439441298e-05,0.0067379471453582135,-7.969745224396285,-5.8049614230879865,-10.804961401379186,-4.9399999782912,1.8950385769120137,-0.23449410459227743,-0.0036542329323135028,4.9399999782912,1.8950385769120137,0.23449410459227743,0.0036542329323135028,False,False,ictal_scale,low,low,low,-0.10553637559597642,0.023870964731632714,0.0004523187495562839,0.0004524110208515157,0.00045282718288679695,1200,500,10,141.8572335243225
-7.7,-0.06,0.22,0.004,6,1671513420,True,,60,-0.11,-0.10698986960273453,0.022751405578133058,-5.259155749612301,-4.9999999782912,0.00039042581566077044,-0.10882117382472634,0.22822819223429697,-6.524422956222088,0.002902708979030971,-78.12163757018871,-77.8386378668094,-135.7715523292669,-139.29989748473042,0.28299970337930347,-3.528345155463512,True,False,0.00045282718288679695,0.00042645658068565383,0.9417645335842487,0.005199692708748728,3.5035254643653405e-05,0.0067379471453582135,-7.848272579431324,-5.259155749612301,-10.2591557279035,-4.9399999782912,2.4408442503876993,-0.19724859442186693,-0.0036095741843392296,4.9399999782912,2.4408442503876993,0.19724859442186693,0.0036095741843392296,False,False,ictal_scale,low,low,low,-0.10876854682506669,0.019743413003156244,0.0004524145129008407,0.00045247673265864095,0.00045282718288679695,1200,500,10,102.97403025627136
-7.7,-0.06,0.22,0.004,7,978236321,True,,60,-0.11,-0.09897471277872769,0.20629786192288946,-5.6388321935988746,-2.473088381011808,0.0002837614444793276,-0.09834570266196904,0.45821495923635763,-6.763494453655513,0.002151541562660175,-84.09012744053496,-84.18330941610975,-147.7085320699594,-151.9892405833311,-0.0931819755747938,-4.280708513371707,False,False,0.00045282718288679695,0.00042645658068565383,0.9417645335842487,0.003557019892282694,0.0002999422581667959,0.0843240317034915,-8.16737665701522,-5.6388321935988746,-8.111920574610682,-2.413088381011808,2.0611678064011256,-0.013702138077110543,-0.0037162385555206726,2.413088381011808,2.0611678064011256,0.013702138077110543,0.0037162385555206726,False,False,ictal_scale,low,low,low,-0.10388583878971439,0.020835662078079166,0.00045236009441692384,0.00045241603166708353,0.00045282718288679695,1200,500,10,90.15755724906921
-7.7,-0.06,0.22,0.004,8,666981236,True,,60,-0.11,-0.1087540719981628,-0.3170384869020916,-5.902298776068329,-0.3677715094486386,0.00032662656682110687,-0.10773521521798242,-0.040989135438328564,-11.204019917324057,0.003385800678640887,-87.90703504487394,-85.41253619340704,-155.34234727863736,-154.44769413792568,2.4944988514669006,0.8946531407116822,True,True,0.00045282718288679695,0.00042645658068565383,0.9417645335842487,0.0027331546811573326,0.0018920955916194944,0.6922753419935607,-8.026693037131997,-5.902298776068329,-6.270070285516967,-0.3077715094486386,1.7977012239316714,-0.5370384869020915,-0.003673373433178893,0.3077715094486386,1.7977012239316714,0.5370384869020915,0.003673373433178893,False,False,ictal_scale,low,low,low,-0.10982173378744511,0.023852789777296136,0.00045231832544086594,0.00045242422370900487,0.00045282718288679695,1200,500,10,91.7447612285614
-7.7,-0.06,0.22,0.004,9,968864279,True,,60,-0.11,-0.11146000668384823,-0.015585516328939578,-5.498387927917301,-4.9999999782912,0.0002947037904466643,-0.1109602033402247,0.3618972972725337,-9.05179361309575,0.0035045935579349806,-84.6486076007154,-83.57276956433331,-148.82549239032028,-150.76816087977824,1.0758380363820805,-1.942668489457958,True,False,0.00045282718288679695,0.00042645658068565383,0.9417645335842487,0.0040933649217656486,2.7580876489520296e-05,0.0067379471453582135,-8.129539806251545,-5.498387927917301,-10.498387906208501,-4.9399999782912,2.201612072082699,-0.2355855163289396,-0.003705296209553336,4.9399999782912,2.201612072082699,0.2355855163289396,0.003705296209553336,False,False,ictal_scale,low,low,low,-0.11095083516228703,0.021841250511586117,0.0004523519435975838,0.00045238878534724396,0.00045282718288679695,1200,500,10,96.3822648525238
-7.7,-0.06,0.22,0.004,10,676353278,True,,60,-0.11,-0.09147857330189162,0.30241966355923855,-5.913943075326747,3.853920734875472,0.00033482756939315063,-0.08994789288083452,0.4592836965151257,-6.385439586595109,0.0014909436755761291,-84.50351901878477,-84.67550018424271,-148.53531522645903,-152.97362211959702,-0.17198116545793596,-4.438306893137991,False,False,0.00045282718288679695,0.00042645658068565383,0.9417645335842487,0.002701513586832394,0.1274511225474221,47.1776722384959,-8.00189487688151,-5.913943075326747,-2.060022340451275,3.913920734875472,1.786056924673253,0.08241966355923855,-0.0036651724306068496,3.913920734875472,1.786056924673253,0.08241966355923855,0.0036651724306068496,False,False,ictal_scale,low,low,low,-0.1079140830369432,0.016160259674144327,0.00045248447725520477,0.0004525472146026953,0.00045282718288679695,1200,500,10,112.09244775772095
-7.7,-0.06,0.22,0.004,11,860153351,True,,60,-0.11,-0.11965531835593782,-0.0014383416193091167,-5.236036233219492,-4.9999459305092735,0.0003006746697775751,-0.1196542271942706,-0.10872044191651926,-19.386466498859903,0.004524147230302365,-76.44921374784153,-76.62809115731247,-132.42670468457254,-136.87880406573655,-0.17887740947094244,-4.452099381164004,False,False,0.00045282718288679695,0.00042645658068565383,0.9417645335842487,0.00532130751026515,3.5856626667132435e-05,0.006738311326297654,-8.109481709038505,-5.236036233219492,-10.235982163728766,-4.939945930509274,2.463963766780508,-0.22143834161930911,-0.0036993253302224248,4.939945930509274,2.463963766780508,0.22143834161930911,0.0036993253302224248,False,False,ictal_scale,low,low,low,-0.10408153430226355,0.01924707560132804,0.00045240881886026243,0.0004525217156406089,0.00045282718288679695,1200,500,10,113.96226072311401
-7.7,-0.06,0.22,0.004,12,785064206,True,,60,-0.11,-0.11728197850499825,-0.1446618948957908,-5.412853932880711,-4.9999999782912,0.0003158545134683176,-0.12104220557313491,0.04650826988184715,-14.228020510249436,0.004063142118397527,-81.219381946691,-79.85224231233579,-141.9670410822715,-143.3271063757832,1.3671396343552118,-1.3600652935116955,True,False,0.00045282718288679695,0.00042645658068565383,0.9417645335842487,0.004458896643611573,3.004380991126989e-05,0.0067379471453582135,-8.060228850810892,-5.412853932880711,-10.412853911171911,-4.9399999782912,2.2871460671192896,-0.3646618948957908,-0.0036841454865316823,4.9399999782912,2.2871460671192896,0.3646618948957908,0.0036841454865316823,False,False,ictal_scale,low,low,low,-0.10561453398959551,0.017159771103831333,0.0004524749056121882,0.00045252155531860637,0.00045282718288679695,1200,500,10,106.36017417907715
-7.7,-0.06,0.22,0.004,13,850781309,True,,60,-0.11,-0.1063591170819127,0.06592392336171454,-5.678978887234637,-4.9999999782912,0.00026463535204911424,-0.10568612076803305,0.35013760702186386,-8.131293510663987,0.0027652444051838036,-88.03241465041478,-87.64380209243771,-155.59310648971905,-158.91022593598703,0.3886125579770692,-3.3171194462679807,True,False,0.00045282718288679695,0.00042645658068565383,0.9417645335842487,0.0034170458517128514,2.302387434210673e-05,0.0067379471453582135,-8.237157709580062,-5.678978887234637,-10.678978865525837,-4.9399999782912,2.0210211127653634,-0.15407607663828546,-0.003735364647950886,4.9399999782912,2.0210211127653634,0.15407607663828546,0.003735364647950886,False,False,ictal_scale,low,low,low,-0.10700674182672995,0.020019354546166122,0.0004523796198381712,0.0004524076378932216,0.00045282718288679695,1200,500,10,114.43485260009766
-7.7,-0.06,0.22,0.004,14,1353047403,True,,60,-0.11,-0.08897211598043288,0.3004299564775857,-5.43167342154908,-4.9999999782912,0.0004397403299912927,-0.10116630199679297,0.4426768071990368,-6.130327065604504,0.0015514868661012117,-80.30316961590597,-79.96724932352001,-140.13461642070143,-143.55712039815162,0.3359202923859641,-3.422503977450191,True,False,0.00045282718288679695,0.00042645658068565383,0.9417645335842487,0.004375767169357582,2.948368790752511e-05,0.0067379471453582135,-7.729326164375099,-5.43167342154908,-10.43167339984028,-4.9399999782912,2.26832657845092,0.08042995647758569,-0.0035602596700087074,4.9399999782912,2.26832657845092,0.08042995647758569,0.0035602596700087074,False,False,ictal_scale,low,low,low,-0.10795616191469343,0.023107930295516818,0.0004523425902181776,0.0004524053787826126,0.00045282718288679695,1200,500,10,118.9346194267273
-7.7,-0.06,0.22,0.004,15,292170154,True,,60,-0.11,-0.12028760441449635,0.14618101189570265,-5.452040174608131,-4.999999973718611,0.00036652144556438603,-0.1207155743838636,0.4014653340130747,-6.588985380122017,0.0021760493739028685,-82.81369048566403,-82.0164189909088,-145.15565816021754,-147.65545973292922,0.797271494755222,-2.499801572711675,True,False,0.00045282718288679695,0.00042645658068565383,0.9417645335842487,0.004287548414217195,2.8889274730258675e-05,0.006737947176168073,-7.9114535238491035,-5.452040174608131,-10.452040148326741,-4.939999973718612,2.2479598253918693,-0.07381898810429735,-0.003633478554435614,4.939999973718612,2.2479598253918693,0.07381898810429735,0.003633478554435614,False,False,ictal_scale,low,low,low,-0.10930590067743698,0.02188925214628863,0.0004523474674447969,0.00045239519696935583,0.00045282718288679695,1200,500,10,133.45529794692993
-7.7,-0.06,0.22,0.004,16,903147176,True,,60,-0.11,-0.09926148031418108,0.18994496557245621,-5.7665186791254985,4.2903679311645755,0.0004950983330041506,-0.10073858788359724,0.4341137444819559,-6.4102797699428455,0.0025497153335807036,-78.33575512031305,-77.73458655631495,-136.1997874295156,-139.0917948637415,0.601168563998101,-2.892007434225917,True,False,0.00045282718288679695,0.00042645658068565383,0.9417645335842487,0.003130637318178618,0.22851561181026786,72.99332007682595,-7.610754162590748,-5.7665186791254985,-1.476150747960923,4.350367931164575,1.9334813208745016,-0.030055034427543786,-0.0035049016669958495,4.350367931164575,1.9334813208745016,0.030055034427543786,0.0035049016669958495,False,False,ictal_scale,low,low,low,-0.10931390833402417,0.02060667853860834,0.00045238409546741247,0.00045245421724149587,0.00045282718288679695,1200,500,10,96.27965831756592
-7.7,-0.06,0.22,0.004,17,400881082,True,,60,-0.11,-0.12759402799210726,0.2035280528773642,-5.437919059138116,-4.858336474557927,0.0003545692713246226,-0.13114293928068393,0.46571904240491446,-6.124072177513353,0.0014570253340880316,-80.52813132080557,-79.78813471620904,-140.58453983050063,-143.1988911835297,0.7399966045965272,-2.6143513530290647,True,False,0.00045282718288679695,0.00042645658068565383,0.9417645335842487,0.0043485228809815755,3.3759269257195106e-05,0.007763387748249528,-7.944606825370095,-5.437919059138116,-10.296255533696042,-4.798336474557927,2.2620809408618845,-0.016471947122635805,-0.0036454307286753777,4.798336474557927,2.2620809408618845,0.016471947122635805,0.0036454307286753777,False,False,ictal_scale,low,low,low,-0.10942072629238081,0.023942368402420876,0.0004523345808243553,0.0004524336354290664,0.00045282718288679695,1200,500,10,105.99050998687744
-7.7,-0.06,0.22,0.004,18,1234964433,True,,60,-0.11,-0.10338665575431745,-0.06711693902477159,-5.4807699988754655,0.2149813777976009,0.0004576807915785817,-0.100787946057256,0.21700597798914836,-10.353388292685871,0.004776356592342683,-74.77301480685678,-74.91792986108173,-129.07430680260305,-133.45848147327507,-0.14491505422495266,-4.384174670672024,False,False,0.00045282718288679695,0.00042645658068565383,0.9417645335842487,0.004166120554402284,0.005165317943078691,1.2398388082218519,-7.689338578459566,-5.4807699988754655,-5.265788621077864,0.2749813777976009,2.2192300011245347,-0.2871169390247716,-0.0035423192084214185,0.2749813777976009,2.2192300011245347,0.2871169390247716,0.0035423192084214185,False,False,ictal_scale,low,low,low,-0.11234672766941861,0.020087559807917193,0.00045239576197370003,0.0004525021000144232,0.00045282718288679695,1200,500,10,83.38986492156982
-7.7,-0.06,0.22,0.004,19,410253124,True,,60,-0.11,-0.10731131710012379,0.03218479812946426,-5.7811877515194805,4.999999980748799,0.0004347066354625402,-0.11012888013154092,0.3555728404042083,-8.191229274936804,0.004509428461488407,-75.90079516507419,-75.41398928563761,-131.32986751903786,-134.45060032238683,0.4868058794365737,-3.1207328033489716,True,False,0.00045282718288679695,0.00042645658068565383,0.9417645335842487,0.0030850489596633635,0.4578618532753667,148.41315624544512,-7.740839155621938,-5.7811877515194805,-0.7811877707706811,5.059999980748799,1.9188122484805197,-0.18781520187053574,-0.00356529336453746,5.059999980748799,1.9188122484805197,0.18781520187053574,0.00356529336453746,False,False,ictal_scale,low,low,low,-0.11115175523271449,0.018860407709832508,0.0004524069481907907,0.0004524430075786796,0.00045282718288679695,1200,500,10,95.79390001296997
-7.7,-0.06,0.22,0.004,20,1021230146,True,,60,-0.11,-0.11139384415162489,-0.18880318493566162,-5.477311499733946,-4.9999999782912,0.00038193464247495036,-0.1121943297333093,0.2312431285570178,-10.370708493275306,0.003808802636177638,-83.75280374067648,-82.17673301781568,-147.03388467024246,-147.97608778674297,1.5760707228608055,-0.942203116500508,True,False,0.00045282718288679695,0.00042645658068565383,0.9417645335842487,0.004180554023446483,2.8168352048296997e-05,0.0067379471453582135,-7.870261056993288,-5.477311499733946,-10.477311478025147,-4.9399999782912,2.222688500266054,-0.4088031849356616,-0.0036180653575250497,4.9399999782912,2.222688500266054,0.4088031849356616,0.0036180653575250497,False,False,ictal_scale,low,low,low,-0.11033674671099453,0.018684004314958716,0.0004524188280174117,0.00045245818583099185,0.00045282718288679695,1200,500,10,111.99824452400208
-7.7,-0.06,0.22,0.004,21,518964052,True,,60,-0.11,-0.11250691367452564,0.1330580315816863,-5.903402151273569,4.999980529224982,0.0002886595828784604,-0.11166895664212456,0.39088079739193804,-7.3510825323719375,0.0030065671828144193,-82.95961691664496,-82.90591424742323,-145.4475110221794,-149.43445024595806,0.05370266922173528,-3.9869392237786485,True,False,0.00045282718288679695,0.00042645658068565383,0.9417645335842487,0.002730140649159928,0.4051809092730533,148.41026941147834,-8.15026247805306,-5.903402151273569,-0.9034216220485867,5.0599805292249815,1.7965978487264316,-0.0869419684183137,-0.0037113404171215396,5.0599805292249815,1.7965978487264316,0.0869419684183137,0.0037113404171215396,False,False,ictal_scale,low,low,low,-0.11449772200603774,0.02340309630230267,0.0004522946679851326,0.00045234497890955084,0.00045282718288679695,1200,500,10,125.28535032272339
-7.7,-0.06,0.22,0.004,22,2064842719,True,,60,-0.11,-0.10123362390324964,0.311705259350055,-5.907001971223309,-4.746147892169455,0.00026365059574053767,-0.1041097918796162,0.4709728129723014,-6.082128703050397,0.0005436530871149628,-91.15072766673211,-90.75672392834738,-161.8297325223537,-165.13606960780638,0.39400373838472547,-3.306337085452668,True,False,0.00045282718288679695,0.00042645658068565383,0.9417645335842487,0.002720330302720011,2.3626304636675454e-05,0.008685086738566977,-8.240885832401736,-5.907001971223309,-10.653149863392764,-4.686147892169456,1.7929980287766911,0.091705259350055,-0.0037363494042594626,4.686147892169456,1.7929980287766911,0.091705259350055,0.0037363494042594626,False,False,ictal_scale,low,low,low,-0.10602900999421608,0.022034507455780703,0.0004523538401592935,0.00045240669906111567,0.00045282718288679695,1200,500,10,112.8793089389801
-7.7,-0.06,0.22,0.004,23,528336094,True,,60,-0.11,-0.11998301694004843,-0.19702992483440723,-5.1116804473781094,-3.0354112572726537,0.0005429980685434287,-0.11745145423486945,-0.18344873647529775,-9.720282398331596,0.005823291652203322,-70.0145304058391,-68.91738796051757,-119.55733800056768,-121.45739767214674,1.0971424453215235,-1.9000596715790579,True,False,0.00045282718288679695,0.00042645658068565383,0.9417645335842487,0.006025948121762116,0.0002895763096044805,0.04805489588579498,-7.5184047950469255,-5.1116804473781094,-8.147091704650762,-2.9754112572726537,2.5883195526218907,-0.41702992483440726,-0.0034570019314565715,2.9754112572726537,2.5883195526218907,0.41702992483440726,0.0034570019314565715,False,False,ictal_scale,low,low,low,-0.10890914072589977,0.020013087634024023,0.00045240838200615453,0.0004525204706641907,0.00045282718288679695,1200,500,10,110.50103187561035
-7.7,-0.06,0.22,0.004,24,2121413647,True,,60,-0.11,-0.09524704239811144,-0.2948266136484852,-5.8474108110663625,1.2602897045439756,0.0002980160970127591,-0.09551422789467631,-0.0914351398363186,-10.759199511558048,0.003605586081149804,-85.32017979183881,-83.34655011056932,-150.1686367725671,-150.31572197225026,1.973629681269486,-0.14708519968314704,True,False,0.00045282718288679695,0.00042645658068565383,0.9417645335842487,0.0028873654227321616,0.010182129485109673,3.52644296594605,-8.118363056096387,-5.8474108110663625,-4.587121106522387,1.3202897045439757,1.8525891889336377,-0.5148266136484853,-0.003701983902987241,1.3202897045439757,1.8525891889336377,0.5148266136484853,0.003701983902987241,False,False,ictal_scale,low,low,low,-0.10165539434499477,0.02140643610254564,0.0004523386756176797,0.0004524067528490332,0.00045282718288679695,1200,500,10,86.01995515823364
-7.7,-0.06,0.22,0.004,25,637047022,True,,60,-0.11,-0.13378782849978127,-0.1733463974367221,-5.7514610032340014,-4.9999999782912,0.00030881879622090164,-0.13262304998181856,0.014390667180572048,-9.814877152637145,0.0030111824800907495,-89.43910827073256,-88.62648578521947,-158.4064937303546,-160.87559332155055,0.8126224855130886,-2.469099591195942,True,False,0.00045282718288679695,0.00042645658068565383,0.9417645335842487,0.0031781341386904354,2.1414099847354684e-05,0.0067379471453582135,-8.082755873075067,-5.7514610032340014,-10.751460981525202,-4.9399999782912,1.9485389967659987,-0.39334639743672206,-0.0036911812037790986,4.9399999782912,1.9485389967659987,0.39334639743672206,0.0036911812037790986,False,False,ictal_scale,low,low,low,-0.11152796383923022,0.021534049771518793,0.0004523772115140915,0.0004524900855888137,0.00045282718288679695,1200,500,10,140.6164653301239
-7.7,-0.06,0.22,0.004,26,35442042,True,,60,-0.11,-0.1031433342916207,-0.03658164536987455,-5.691499909299826,2.736859341794309,0.0005491065743851597,-0.10474963540230285,0.29903824870351037,-9.881236657607074,0.004584407327602156,-75.79554027490714,-76.04316462396359,-131.11935773870377,-135.7089509990388,-0.24762434905645136,-4.589593260335022,False,False,0.00045282718288679695,0.00042645658068565383,0.9417645335842487,0.0033745276861346656,0.052097382703314744,15.438422069367999,-7.5072180107313455,-5.691499909299826,-2.954640567505517,2.796859341794309,2.008500090700174,-0.25658164536987454,-0.0034508934256148403,2.796859341794309,2.008500090700174,0.25658164536987454,0.0034508934256148403,False,False,ictal_scale,low,low,low,-0.11341424861007025,0.020146119503355993,0.0004523915842151696,0.00045244323323342646,0.00045282718288679695,1200,500,10,92.86065626144409
-7.7,-0.06,0.22,0.004,27,646419064,True,,60,-0.11,-0.11254525920806971,-0.09623769939593638,-5.307362773817545,-4.162702645752962,0.0004233026244333482,-0.11425597540605151,0.127144455891068,-9.357582100141194,0.004371179153408408,-76.90190318600023,-77.13299610411204,-133.33208356088994,-137.8886139593357,-0.23109291811181265,-4.556530398445744,False,False,0.00045282718288679695,0.00042645658068565383,0.9417645335842487,0.004954976896784848,7.712636174399521e-05,0.015565433169636059,-7.767423210519578,-5.307362773817545,-9.470065419570506,-4.102702645752962,2.3926372261824556,-0.3162376993959364,-0.0035766973755666518,4.102702645752962,2.3926372261824556,0.3162376993959364,0.0035766973755666518,False,False,ictal_scale,low,low,low,-0.10648243763283868,0.022481549735164957,0.0004523506688672832,0.00045245802087065165,0.00045282718288679695,1200,500,10,107.62751340866089
-7.7,-0.06,0.22,0.004,28,144152970,True,,60,-0.11,-0.11624055070746397,-0.1675619007107532,-5.461782706546674,-4.4125402778018605,0.0004394121102543917,-0.1127980990591047,0.08471083511588885,-12.342120899098916,0.004455817483379581,-77.55607886589328,-77.16490159301746,-134.64043492067606,-137.95242493714653,0.39117727287582227,-3.3119900164704745,True,False,0.00045282718288679695,0.00042645658068565383,0.9417645335842487,0.004245979658118304,5.147970094777326e-05,0.01212433998578966,-7.7300728375050936,-5.461782706546674,-9.874322984348535,-4.352540277801861,2.238217293453326,-0.3875619007107532,-0.0035605878897456084,4.352540277801861,2.238217293453326,0.3875619007107532,0.0035605878897456084,False,False,ictal_scale,low,low,low,-0.10784877263453439,0.019875670609247737,0.00045239495892416344,0.0004524503702759688,0.00045282718288679695,1200,500,10,109.39868760108948
-7.7,-0.06,0.22,0.004,29,358113124,True,,60,-0.11,-0.1188083612609371,0.2798206447062824,-5.7444466936105485,-4.9999999782912,0.00027095176021245957,-0.11365950479030734,0.4631017269672957,-6.103050621770624,0.0006161763692804915,-88.65667850819268,-87.2140923576081,-156.84163420527486,-158.0508064663278,1.4425861505845887,-1.2091722610529416,True,False,0.00045282718288679695,0.00042645658068565383,0.9417645335842487,0.003200504921642006,2.1564833000482667e-05,0.0067379471453582135,-8.213569759525718,-5.7444466936105485,-10.744446671901748,-4.9399999782912,1.9555533063894517,0.05982064470628237,-0.0037290482397875405,4.9399999782912,1.9555533063894517,0.05982064470628237,0.0037290482397875405,False,False,ictal_scale,low,low,low,-0.11495828017105737,0.019111052472852618,0.00045238741575921786,0.0004523970735866066,0.00045282718288679695,1200,500,10,97.85295724868774
-7.7,-0.06,0.22,0.004,30,153525012,True,,60,-0.11,-0.0906488743798813,-0.1329365151168027,-5.1951910660853455,-4.9999999782912,0.000474283867037289,-0.09046477639523995,0.15199729262006803,-8.758987950941059,0.004703778691997742,-75.81644624513368,-74.55435934276228,-131.16116967915684,-132.73134043663617,1.2620869023713936,-1.5701707574793318,True,False,0.00045282718288679695,0.00042645658068565383,0.9417645335842487,0.005543157104477277,3.734949958838473e-05,0.0067379471453582135,-7.653704539917535,-5.1951910660853455,-10.195191044376546,-4.9399999782912,2.5048089339146546,-0.3529365151168027,-0.003525716132962711,4.9399999782912,2.5048089339146546,0.3529365151168027,0.003525716132962711,False,False,ictal_scale,low,low,low,-0.11077369216076667,0.018483511398585832,0.0004524131685436384,0.0004524283786476477,0.00045282718288679695,1200,500,10,105.62717986106873
-7.7,-0.06,0.22,0.004,31,348741082,True,,60,-0.11,-0.11238984545678872,-0.10797745555340524,-5.345120298050746,1.1040910747971933,0.0006036118765562009,-0.11342250569833848,0.05157819739620979,-9.384368548540726,0.005709943591483419,-69.44443148162935,-69.30792876749646,-118.41714015214819,-122.23847928610452,0.13650271413288806,-3.8213391339563287,True,False,0.00045282718288679695,0.00042645658068565383,0.9417645335842487,0.004771377183438902,0.014392770842927054,3.0164814663748034,-7.412579155061038,-5.345120298050746,-4.241029223253554,1.1640910747971933,2.354879701949254,-0.32797745555340524,-0.003396388123443799,1.1640910747971933,2.354879701949254,0.32797745555340524,0.003396388123443799,False,False,ictal_scale,low,low,low,-0.10606264127388308,0.021966168445219328,0.00045237891809941466,0.00045246639384509814,0.00045282718288679695,1200,500,10,110.88478374481201
-7.7,-0.06,0.22,0.004,32,262235940,True,,60,-0.11,-0.11685677449918339,0.03750685918105504,-5.573598536652732,4.999999980748799,0.00033034255212887714,-0.11604316164951373,-0.0787959156628302,-9.297741646032833,0.005737035197424844,-70.46362510024206,-69.28683769147003,-120.4555273893736,-122.19629713405165,1.1767874087720287,-1.7407697446780475,True,False,0.00045282718288679695,0.00042645658068565383,0.9417645335842487,0.003796792921366747,0.5634940210704031,148.41315624544512,-8.015380405137181,-5.573598536652732,-0.5735985559039323,5.059999980748799,2.1264014633472685,-0.18249314081894497,-0.0036696574478711228,5.059999980748799,2.1264014633472685,0.18249314081894497,0.0036696574478711228,False,False,ictal_scale,low,low,low,-0.11166394761339192,0.02169977311244321,0.0004523698901128697,0.0004524586035262628,0.00045282718288679695,1200,500,10,103.25311136245728
-7.7,-0.06,0.22,0.004,33,240030154,True,,60,-0.11,-0.127769208620004,0.10763487447404418,-5.279995742884234,-4.99281203035217,0.0004642770487461223,-0.1293172095280417,0.4668828393427834,-6.81799518180544,0.003179023428963822,-76.36265996772985,-76.63918737821245,-132.2535971243492,-136.90099650753652,-0.27652741048260054,-4.64739938318732,False,False,0.00045282718288679695,0.00042645658068565383,0.9417645335842487,0.005092452471812754,3.456020185836152e-05,0.006786553639853451,-7.675029096109104,-5.279995742884234,-10.272807773236405,-4.932812030352171,2.4200042571157665,-0.11236512552595582,-0.0035357229512538776,4.932812030352171,2.4200042571157665,0.11236512552595582,0.0035357229512538776,False,False,ictal_scale,low,low,low,-0.1094447098710396,0.018315520040087824,0.00045243703117012424,0.00045248065663173066,0.00045282718288679695,1200,500,10,111.68041205406189
-7.7,-0.06,0.22,0.004,34,841635134,True,,60,-0.11,-0.10660573973357818,-0.00489668737791209,-5.639915690851757,0.5606742150066385,0.0002999308387554358,-0.10773082795124664,-0.338290918952463,-14.941196192990155,0.003908854560690054,-80.8617494540982,-81.07885360109427,-141.2517760970859,-145.78032895330014,-0.21710414699606417,-4.528552856214247,False,False,0.00045282718288679695,0.00042645658068565383,0.9417645335842487,0.0035531679581578142,0.00622462875696482,1.7518532279549366,-8.111958647367803,-5.639915690851757,-5.0792414758451185,0.6206742150066384,2.060084309148243,-0.2248966873779121,-0.0037000691612445644,0.6206742150066384,2.060084309148243,0.2248966873779121,0.0037000691612445644,False,False,ictal_scale,low,low,low,-0.11397780924910254,0.01842696394043469,0.0004524402296273123,0.00045255826241028896,0.00045282718288679695,1200,500,10,79.70433902740479
-7.7,-0.06,0.22,0.004,35,230658112,True,,60,-0.11,-0.10755559990062895,-0.01626733281078703,-5.822595327523704,-3.9023266172331943,0.00030706829555781175,-0.10600095724548159,0.38593000968046315,-7.76815766083358,0.0023301055652920097,-90.65288434448455,-90.84101458826206,-160.83404587785859,-165.30465092763572,-0.18813024377750764,-4.470605049777134,False,False,0.00045282718288679695,0.00042645658068565383,0.9417645335842487,0.0029599132233145108,5.97750657443462e-05,0.020194871009566327,-8.088440374017514,-5.822595327523704,-9.724921944756899,-3.8423266172331942,1.8774046724762963,-0.23626733281078705,-0.003692931704442188,3.8423266172331942,1.8774046724762963,0.23626733281078705,0.003692931704442188,False,False,ictal_scale,low,low,low,-0.11062873908402139,0.021812387894879368,0.0004523529452723419,0.00045243711037670206,0.00045282718288679695,1200,500,10,118.11885643005371
-7.7,-0.06,0.22,0.004,36,732924206,True,,60,-0.11,-0.1207691444747019,0.1949859512873784,-5.634958360614348,4.945513650996725,0.00036542894759548277,-0.12061565252733454,0.35046759998669985,-6.099870311520219,0.0031448771534239002,-72.90495308691865,-72.20561940362164,-125.3381833627268,-128.0338605583549,0.699333683297013,-2.695677195628093,True,False,0.00045282718288679695,0.00042645658068565383,0.9417645335842487,0.0035708259171201356,0.5018546667773943,140.54302237789827,-7.914438695495724,-5.634958360614348,-0.6894447096176233,5.005513650996725,2.065041639385652,-0.02501404871262161,-0.0036345710524045174,5.005513650996725,2.065041639385652,0.02501404871262161,0.0036345710524045174,False,False,ictal_scale,low,low,low,-0.10788094384560572,0.02040703056384928,0.00045238772577147173,0.0004524616499902821,0.00045282718288679695,1200,500,10,99.69830083847046
-7.7,-0.06,0.22,0.004,37,121947184,True,,60,-0.11,-0.10495661277271953,0.17218735883040603,-5.473025031286223,-4.987496255324681,0.0003023958276234626,-0.09947112307131892,0.4616334438265637,-6.456244849165445,0.0022087797184017926,-82.4744317952615,-81.55671417089484,-144.47714077941248,-146.73605009290128,0.9177176243666594,-2.2589093134888003,True,False,0.00045282718288679695,0.00042645658068565383,0.9417645335842487,0.004198512297653047,2.864529686379036e-05,0.006822725487740735,-8.103773711295542,-5.473025031286223,-10.460521286610904,-4.927496255324681,2.226974968713777,-0.04781264116959397,-0.0036976041723765377,4.927496255324681,2.226974968713777,0.04781264116959397,0.0036976041723765377,False,False,ictal_scale,low,low,low,-0.10269873527301258,0.021223410346386303,0.00045233930857089367,0.000452399601202031,0.00045282718288679695,1200,500,10,106.92398023605347
-7.7,-0.06,0.22,0.004,38,1523270373,True,,60,-0.11,-0.11008791549549908,0.0527887555890927,-5.8276169302317875,4.9999999747146,0.00032227515780981444,-0.10905285720763971,-0.19615066659557676,-9.216441532518974,0.00413604239016301,-79.58201252156047,-78.78665003602931,-138.69230223201043,-141.19592182317024,0.7953624855311574,-2.5036195911598043,True,False,0.00045282718288679695,0.00042645658068565383,0.9417645335842487,0.0029450869719840314,0.43708965029200464,148.4131553498905,-8.040104849960834,-5.8276169302317875,-0.827616955517188,5.059999974714599,1.8723830697682127,-0.1672112444109073,-0.0036777248421901855,5.059999974714599,1.8723830697682127,0.1672112444109073,0.0036777248421901855,False,False,ictal_scale,low,low,low,-0.10673208878866457,0.024781718667079466,0.00045227600519489735,0.0004522742264096764,0.00045282718288679695,1200,500,10,93.7361364364624
-7.7,-0.06,0.22,0.004,39,112575142,True,,60,-0.11,-0.09710940447323797,-0.05886549402617055,-6.030324861945618,4.999999980748799,0.0003144256396024845,-0.09794356298350321,0.15331770737652867,-12.683972008065496,0.0036121758515006595,-83.647654125072,-83.7285562126174,-146.82358543903348,-151.07973417634642,-0.08090208754541095,-4.256148737312941,False,False,0.00045282718288679695,0.00042645658068565383,0.9417645335842487,0.0024047126520839435,0.35689099455913303,148.41315624544512,-8.06476294983583,-6.030324861945618,-1.0303248811968189,5.059999980748799,1.669675138054382,-0.27886549402617056,-0.0036855743603975157,5.059999980748799,1.669675138054382,0.27886549402617056,0.0036855743603975157,False,False,ictal_scale,low,low,low,-0.10759456352670252,0.020914688876750333,0.000452389371430448,0.0004524469518946626,0.00045282718288679695,1200,500,10,99.13810896873474
-7.7,-0.06,0.22,0.004,40,614841236,True,,60,-0.11,-0.1042196723716158,-0.016873915622239475,-5.708046579832456,0.4949201207906892,0.0004803936146778456,-0.10370686255519705,0.3378934712159398,-9.301809171322823,0.003829067107062973,-81.2013937021618,-81.1697181955334,-141.93106459321308,-145.96205814217842,0.031675506628388916,-4.030993548965341,True,False,0.00045282718288679695,0.00042645658068565383,0.9417645335842487,0.0033191499107063467,0.005444624653997062,1.6403672025884468,-7.6409047595248705,-5.708046579832456,-5.213126459041767,0.5549201207906892,1.991953420167544,-0.23687391562223947,-0.0035196063853221546,0.5549201207906892,1.991953420167544,0.23687391562223947,0.0035196063853221546,False,False,ictal_scale,low,low,low,-0.11298684386367891,0.020848133694103422,0.00045236715581558506,0.0004524425745744033,0.00045282718288679695,1200,500,10,118.16655588150024
-7.7,-0.06,0.22,0.004,41,1030376321,True,,60,-0.11,-0.10923490936827536,0.15693998994840608,-5.411431129880532,-4.9899770918308075,0.0004227964928339161,-0.1111840984036215,0.4038507788583786,-6.608612645058808,0.002369652345795605,-80.97114364110266,-80.69636049108824,-141.4705644710948,-145.0153427332881,0.27478315001441445,-3.54477826219329,True,False,0.00045282718288679695,0.00042645658068565383,0.9417645335842487,0.004465245290499508,3.0389657486093635e-05,0.006805820399329966,-7.768619599097402,-5.411431129880532,-10.401408221711339,-4.929977091830808,2.2885688701194677,-0.06306001005159392,-0.003577203507166084,4.929977091830808,2.2885688701194677,0.06306001005159392,0.003577203507166084,False,False,ictal_scale,low,low,low,-0.11215254620765004,0.019291590846960777,0.0004524173984901036,0.0004525057958531056,0.00045282718288679695,1200,500,10,109.9914402961731
-7.7,-0.06,0.22,0.004,42,1641353343,True,,60,-0.11,-0.09976253231077499,0.2507878181191491,-5.408721089027635,-1.507702857374286,0.0005428160285367951,-0.09814586251185865,0.424750557157441,-6.190519987218633,0.002603866308918433,-74.92262896420596,-75.24998038541774,-129.3735351173014,-134.1225825219471,-0.3273514212117874,-4.749047404645694,False,False,0.00045282718288679695,0.00042645658068565383,0.9417645335842487,0.004477362699575605,0.000991368797143529,0.22141802298873353,-7.5187401010791985,-5.408721089027635,-6.916423946401921,-1.447702857374286,2.2912789109723652,0.030787818119149074,-0.003457183971463205,1.447702857374286,2.2912789109723652,0.030787818119149074,0.003457183971463205,False,False,ictal_scale,low,low,low,-0.10788234388144945,0.02241636039094497,0.0004523441806599004,0.0004524038231270768,0.00045282718288679695,1200,500,10,101.58371543884277
-7.7,-0.06,0.22,0.004,43,1039748363,True,,60,-0.11,-0.11320508861068365,-0.006423935191428999,-5.4809957584803675,-1.0175571409549087,0.0005030634413150508,-0.11503648119011323,0.45671398287699294,-11.80366915271323,0.004570800290563535,-75.59752798018455,-76.55170843602909,-130.7233331492586,-136.72603862316979,-0.9541804558445364,-6.002705473911192,False,False,0.00045282718288679695,0.00042645658068565383,0.9417645335842487,0.004165180118832124,0.001505616395618403,0.3614768995969768,-7.594794269942882,-5.4809957584803675,-6.498552899435277,-0.9575571409549086,2.2190042415196327,-0.226423935191429,-0.0034969365586849494,0.9575571409549086,2.2190042415196327,0.226423935191429,0.0034969365586849494,False,False,ictal_scale,low,low,low,-0.11031115806966994,0.02330591764629173,0.00045234591575524664,0.0004524445638956709,0.00045282718288679695,1200,500,10,97.28623533248901
-7.7,-0.06,0.22,0.004,44,496758266,True,,60,-0.11,-0.12529912343630903,0.3057803285707722,-5.699014748665347,3.5563425910248037,0.0004700235495295319,-0.13079041052931148,0.4328125287579668,-5.909888500635733,0.001695216487336345,-76.79206382196664,-76.2063223185082,-133.11240483282276,-136.035266388128,0.5857415034584363,-2.9228615553052464,True,False,0.00045282718288679695,0.00042645658068565383,0.9417645335842487,0.003349263698935547,0.1173408704130292,35.03482584853564,-7.6627277591334195,-5.699014748665347,-2.142672157640543,3.6163425910248037,2.0009852513346535,0.0857803285707722,-0.003529976450470468,3.6163425910248037,2.0009852513346535,0.0857803285707722,0.003529976450470468,False,False,ictal_scale,low,low,low,-0.11516543150256742,0.02452150669147305,0.00045232708638986757,0.0004524448964235568,0.00045282718288679695,1200,500,10,97.1609718799591
-7.7,-0.06,0.22,0.004,45,1148459291,True,,60,-0.11,-0.1282311896680086,0.16655426267763598,-5.866663249922613,4.229807725049586,0.0005110710809978235,-0.1280749847753458,0.3678569219402434,-7.172421132376906,0.0031511780114314315,-80.71928773665192,-80.02471055315426,-140.96685266219333,-143.67204285742014,0.6945771834976568,-2.7051901952268054,True,False,0.00045282718288679695,0.00042645658068565383,0.9417645335842487,0.0028323082891206675,0.1945909677255331,68.70402084158246,-7.579001875677329,-5.866663249922613,-1.6368555248730274,4.289807725049585,1.833336750077387,-0.05344573732236402,-0.0034889289190021765,4.289807725049585,1.833336750077387,0.05344573732236402,0.0034889289190021765,False,False,ictal_scale,low,low,low,-0.1115090926530804,0.022843879996276167,0.00045235768868511986,0.00045245937946127224,0.00045282718288679695,1200,500,10,135.91703581809998
-7.7,-0.06,0.22,0.004,46,388047338,True,,60,-0.11,-0.11234629308242308,0.10105594382727423,-5.533259756055769,-1.8771882644762803,0.00031960267726589305,-0.11851382616765185,0.3899190279025834,-6.330969497042084,0.002413235805741772,-79.30248034592765,-79.09754997696723,-138.1332378807448,-141.81772170504607,0.20493036896041872,-3.6844838243012816,True,False,0.00045282718288679695,0.00042645658068565383,0.9417645335842487,0.003953081980582601,0.0006048996263650938,0.15301975252128328,-8.048431967180166,-5.533259756055769,-7.4104480205320495,-1.8171882644762802,2.166740243944231,-0.11894405617272577,-0.003680397322734107,1.8171882644762802,2.166740243944231,0.11894405617272577,0.003680397322734107,False,False,ictal_scale,low,low,low,-0.11222126826770479,0.02298013144254902,0.00045235890876455675,0.00045243713632133495,0.00045282718288679695,1200,500,10,108.78373527526855
-7.7,-0.06,0.22,0.004,47,1157831333,True,,60,-0.11,-0.1002630964810311,-0.1500382228449971,-5.443635519850312,-4.9999999782912,0.000442438181551693,-0.10038171543897595,-0.6778825735742872,-18.820668097173588,0.003986625600532561,-81.44925183235293,-80.42047027992629,-142.42678085359535,-144.4635623109642,1.0287815524266364,-2.0367814573688463,True,False,0.00045282718288679695,0.00042645658068565383,0.9417645335842487,0.004323735635932207,2.9133102185413018e-05,0.0067379471453582135,-7.723209805983661,-5.443635519850312,-10.44363549814151,-4.9399999782912,2.2563644801496885,-0.3700382228449971,-0.0035575618184483073,4.9399999782912,2.2563644801496885,0.3700382228449971,0.0035575618184483073,False,False,ictal_scale,low,low,low,-0.11291270586916284,0.019630331813161102,0.000452389041265871,0.0004524689704996194,0.00045282718288679695,1200,500,10,109.99136400222778
-7.7,-0.06,0.22,0.004,48,655565239,True,,60,-0.11,-0.11435759365947462,0.07155755382747653,-5.209931648564799,-4.175136368509136,0.00038969031496404556,-0.12068167167291236,0.4197296534631833,-6.571292968615239,0.0033855780230653536,-74.94197067312075,-74.64585055333573,-129.412218535131,-132.91432285778308,0.29612011978501585,-3.5021043226520874,True,False,0.00045282718288679695,0.00042645658068565383,0.9417645335842487,0.0054620470136344645,8.39685682141149e-05,0.01537309510601263,-7.850158198471305,-5.209931648564799,-9.385068017073936,-4.115136368509137,2.490068351435201,-0.14844244617252347,-0.0036103096850359545,4.115136368509137,2.490068351435201,0.14844244617252347,0.0036103096850359545,False,False,ictal_scale,low,low,low,-0.11117963212963776,0.0251185624645304,0.0004522836286070481,0.0004523344672156029,0.00045282718288679695,1200,500,10,97.20121932029724
-7.7,-0.06,0.22,0.004,49,1266542261,True,,60,-0.11,-0.11964425389626393,-0.2027283664995694,-5.338325721235759,-4.9981819953480695,0.0003762611519533462,-0.11806725870980408,-0.027962144119050413,-10.203033094620864,0.004565078966389777,-77.44650340246224,-76.27094028662528,-134.42128399381397,-136.16450232436216,1.1755631158369653,-1.7432183305481885,True,False,0.00045282718288679695,0.00042645658068565383,0.9417645335842487,0.004803907060450619,3.242737071660654e-05,0.006750207759757273,-7.885227102597324,-5.338325721235759,-10.336507716583828,-4.93818199534807,2.361674278764241,-0.4227283664995694,-0.0036237388480466538,4.93818199534807,2.361674278764241,0.4227283664995694,0.0036237388480466538,False,False,ictal_scale,low,low,low,-0.10862319178623701,0.019926162277043302,0.00045238623202040537,0.0004524711578983931,0.00045282718288679695,1200,500,10,103.29984140396118
-7.7,-0.06,0.22,0.004,50,1383207480,True,,60,-0.11,-0.10204092001014882,0.25257071166754935,-5.434891697985181,-1.5575087884579855,0.0004933459467451927,-0.10535482081812703,0.4249264886558382,-6.309546517931862,0.0024236456990546283,-75.7017314601994,-75.88750424332329,-130.93174010928828,-135.3976302377582,-0.18577278312389467,-4.465890128469908,False,False,0.00045282718288679695,0.00042645658068565383,0.9417645335842487,0.004361707377270484,0.0009188382235238811,0.2106602172149571,-7.61429991247433,-5.434891697985181,-6.992400486443167,-1.4975087884579854,2.265108302014819,0.03257071166754935,-0.0035066540532548074,1.4975087884579854,2.265108302014819,0.03257071166754935,0.0035066540532548074,False,False,ictal_scale,low,low,low,-0.10881948897409961,0.020263423380900737,0.00045237206884418435,0.00045242885015997123,0.00045282718288679695,1200,500,10,95.67312383651733
-7.7,-0.06,0.22,0.004,51,1275914303,True,,60,-0.11,-0.10062283698184227,-0.13004484761378463,-5.351469112715493,-1.5734389030863953,0.00046897758502976875,-0.0996011614726228,-0.34294356716678476,-13.789567824886904,0.004756379233363926,-75.17217033749922,-75.32186142643839,-129.87261786388794,-134.2663446039884,-0.14969108893916427,-4.393726740100448,False,False,0.00045282718288679695,0.00042645658068565383,0.9417645335842487,0.004741180551843426,0.0009829935338622278,0.2073309639051878,-7.664955583773621,-5.351469112715493,-6.924908015801888,-1.5134389030863953,2.3485308872845074,-0.3500448476137846,-0.0035310224149702313,1.5134389030863953,2.3485308872845074,0.3500448476137846,0.0035310224149702313,False,False,ictal_scale,low,low,low,-0.10492888809263533,0.02213546870416361,0.00045233927444027574,0.0004523880033262496,0.00045282718288679695,1200,500,10,112.29946875572205
-7.7,-0.06,0.22,0.004,52,773648209,True,,60,-0.11,-0.09607559056340163,0.1720196042760684,-5.915341750347234,3.998040618736455,0.00037631643143196363,-0.09640610684746999,0.33601403627962967,-6.090145878840859,0.0015963413506682187,-81.15540924895966,-81.20216593233168,-141.8390956868088,-146.02695361577497,-0.0467566833720241,-4.187857928966167,False,False,0.00045282718288679695,0.00042645658068565383,0.9417645335842487,0.0026977376885038854,0.1470031694412828,54.491276178451585,-7.885080195540996,-5.915341750347234,-1.9173011316107789,4.058040618736455,1.7846582496527663,-0.04798039572393159,-0.0036236835685680363,4.058040618736455,1.7846582496527663,0.04798039572393159,0.0036236835685680363,False,False,ictal_scale,low,low,low,-0.10782759069933405,0.02109517620851142,0.00045235970289018664,0.0004523482376331058,0.00045282718288679695,1200,500,10,109.31029629707336
-7.7,-0.06,0.22,0.004,53,1876101532,True,,60,-0.11,-0.10470334469278021,0.14819748215505069,-5.609195872157804,-4.9999999782912,0.0003896963658332693,-0.10035845745455613,0.4322829266963751,-6.668610329946064,0.002083120075251784,-86.45094690400495,-85.88194339149526,-152.4301709968994,-155.38650853410212,0.5690035125096955,-2.956337537202728,True,False,0.00045282718288679695,0.00042645658068565383,0.9417645335842487,0.0036640145095143415,2.468793610493321e-05,0.0067379471453582135,-7.850142671212826,-5.609195872157804,-10.609195850449005,-4.9399999782912,2.090804127842196,-0.07180251784494932,-0.003610303634166731,4.9399999782912,2.090804127842196,0.07180251784494932,0.003610303634166731,False,False,ictal_scale,low,low,low,-0.11131288661352955,0.02202243074353489,0.00045235375165413293,0.000452401224987018,0.00045282718288679695,1200,500,10,106.6534035205841
-7.7,-0.06,0.22,0.004,54,882359137,True,,60,-0.11,-0.1105093181897138,0.12295970866835916,-5.436481867330348,-4.993225336428859,0.0005435009460530193,-0.11492396409381478,0.4068450826942066,-6.380848519329248,0.002642337197591489,-76.18702313858759,-78.37478024575155,-131.90232346606467,-140.3721822426147,-2.1877571071639608,-8.46985877655004,False,False,0.00045282718288679695,0.00042645658068565383,0.9417645335842487,0.004354777035575381,2.954171564740758e-05,0.006783749295560517,-7.517479110736597,-5.436481867330348,-10.429707203759207,-4.933225336428859,2.2635181326696525,-0.09704029133164084,-0.0034564990539469806,4.933225336428859,2.2635181326696525,0.09704029133164084,0.0034564990539469806,False,False,ictal_scale,low,low,low,-0.10810039542429739,0.021144110204441013,0.00045237308672666497,0.00045246870523317864,0.00045282718288679695,1200,500,10,102.5595965385437
-7.7,-0.06,0.22,0.004,55,1866729490,True,,60,-0.11,-0.10145850299927732,-0.16849186695871807,-5.5980211690867545,-4.9999999782912,0.00028251081691539094,-0.10294971943167272,-0.03231363610334459,-12.106348659462535,0.00334566898277552,-86.73227435009888,-85.83962492421857,-152.99282588908724,-155.30187159954875,0.8926494258803075,-2.309045710461504,True,False,0.00045282718288679695,0.00042645658068565383,0.9417645335842487,0.0037051884082912145,2.496536365866013e-05,0.0067379471453582135,-8.171793718144835,-5.5980211690867545,-10.598021147377954,-4.9399999782912,2.1019788309132457,-0.38849186695871807,-0.003717489183084609,4.9399999782912,2.1019788309132457,0.38849186695871807,0.003717489183084609,False,False,ictal_scale,low,low,low,-0.10587652349277353,0.022799717446047665,0.00045231050299525134,0.00045240260680818505,0.00045282718288679695,1200,500,10,140.4104344844818
-7.7,-0.06,0.22,0.004,56,891731179,True,,60,-0.11,-0.10873683079553503,0.21600282161602385,-5.451554250051412,3.6383008534040004,0.0005725398862777984,-0.10803311491496813,0.38721733296995064,-6.019733329850881,0.0029956014217330266,-69.12537604274128,-69.36106694016378,-117.77902927437205,-122.34475563143916,-0.2356908974225007,-4.565726357067106,False,False,0.00045282718288679695,0.00042645658068565383,0.9417645335842487,0.004289632345555483,0.16312257015014556,38.0271680670158,-7.465428154608513,-5.451554250051412,-1.8132533966474118,3.6983008534040005,2.248445749948588,-0.0039971783839761466,-0.0034274601137222016,3.6983008534040005,2.248445749948588,0.0039971783839761466,0.0034274601137222016,False,False,ictal_scale,low,low,low,-0.10842263515433473,0.021098502534702992,0.0004523825088152067,0.0004524640349812566,0.00045282718288679695,1200,500,10,98.90879201889038
-7.7,-0.06,0.22,0.004,57,1758018562,True,,60,-0.11,-0.10776845423231654,-0.23044993364993915,-5.740929481694521,0.9106476743408923,0.0005058792147081368,-0.10774819362939939,-0.4039135142141057,-14.583128495448534,0.0039543661057882835,-81.95692191784237,-80.97076064942493,-143.44212102457422,-145.56414304996147,0.9861612684174332,-2.1220220253872526,True,False,0.00045282718288679695,0.00042645658068565383,0.9417645335842487,0.0032117815952900724,0.007984270922629386,2.485932086521059,-7.589212623282048,-5.740929481694521,-4.830281807353629,0.9706476743408923,1.959070518305479,-0.4504499336499391,-0.0034941207852918635,0.9706476743408923,1.959070518305479,0.4504499336499391,0.0034941207852918635,False,False,ictal_scale,low,low,low,-0.11303334126782984,0.02494380103930756,0.0004522970817369467,0.0004523571223211361,0.00045282718288679695,1200,500,10,90.0863242149353
-7.7,-0.06,0.22,0.004,58,1000442107,True,,60,-0.11,-0.11087649792519949,-0.07140477565268277,-5.792908089158997,4.998418465069659,0.0005257511463653091,-0.11489966418834631,0.23258314022336785,-11.459476973040928,0.004732998163710476,-74.76192927994568,-75.41992832990762,-129.05213574878084,-134.46247841092685,-0.6579990499619441,-5.410342662146007,False,False,0.00045282718288679695,0.00042645658068565383,0.9417645335842487,0.003049102209733219,0.451811769931357,148.1786240189332,-7.550682562945784,-5.792908089158997,-0.794489624089338,5.058418465069659,1.907091910841003,-0.29140477565268275,-0.003474248853634691,5.058418465069659,1.907091910841003,0.29140477565268275,0.003474248853634691,False,False,ictal_scale,low,low,low,-0.10668281517722852,0.023253546801010914,0.0004523101915458614,0.00045240897315905124,0.00045282718288679695,1200,500,10,101.9222321510315
-7.7,-0.06,0.22,0.004,59,398837127,True,,60,-0.11,-0.09906928760771479,0.22112117864534472,-5.737180032568997,-4.874613721427474,0.0002959735093053929,-0.09301732097161305,0.4678007643434441,-5.954939230851283,0.0004590538090718433,-89.57267703428226,-88.11960631159505,-158.67363125745402,-159.8618343743017,1.4530707226872153,-1.1882031168476885,True,False,0.00045282718288679695,0.00042645658068565383,0.9417645335842487,0.0032238466114314843,2.4623882466758892e-05,0.007638044061849813,-8.125240603235072,-5.737180032568997,-10.611793753996471,-4.814613721427475,1.9628199674310034,0.0011211786453447226,-0.0037040264906946074,4.814613721427475,1.9628199674310034,0.0011211786453447226,0.0037040264906946074,False,False,ictal_scale,low,low,low,-0.10740298598047983,0.02067232591601829,0.00045240093242049476,0.00045252343069261436,0.00045282718288679695,1200,500,10,99.268061876297
-7.7,-0.06,0.22,0.004,60,103428967,True,,60,-0.11,-0.10237200303469912,-0.059889017090450504,-5.0823329200614085,-4.753474211384927,0.0004666367613586469,-0.10288520686040048,0.016104738279294536,-10.333393535452341,0.005281759412125898,-72.5009752458381,-72.13141520427901,-124.5302276805657,-127.88545215966961,0.3695600415590974,-3.35522447910391,True,False,0.00045282718288679695,0.00042645658068565383,0.9417645335842487,0.00620541537824171,5.350116484763565e-05,0.008621689538339186,-7.669959415885324,-5.0823329200614085,-9.835807131446336,-4.6934742113849275,2.6176670799385917,-0.2798890170904505,-0.003533363238641353,4.6934742113849275,2.6176670799385917,0.2798890170904505,0.003533363238641353,False,False,ictal_scale,low,low,low,-0.1079390506454683,0.019418385390916604,0.00045240868463135834,0.0004525083388657363,0.00045282718288679695,1200,500,10,103.10268449783325
-7.7,-0.06,0.22,0.004,61,1639935592,True,,60,-0.11,-0.09960508217488771,-0.07983902417145544,-5.349085932524955,-4.999999912482101,0.0004355667729996901,-0.10152014453398854,0.36093207086227613,-7.71943396986234,0.0038371968210572155,-77.97004924446954,-77.97180544873535,-135.46837567782856,-139.56623264858231,-0.0017562042658170185,-4.097856970753753,False,False,0.00045282718288679695,0.00042645658068565383,0.9417645335842487,0.004752493113997173,3.202204951813393e-05,0.006737947588776456,-7.7388624485115995,-5.349085932524955,-10.349085845007057,-4.939999912482102,2.3509140674750455,-0.29983902417145547,-0.00356443322700031,4.939999912482102,2.3509140674750455,0.29983902417145547,0.00356443322700031,False,False,ictal_scale,low,low,low,-0.10251288914167316,0.019842186860802198,0.00045237843364921715,0.00045240799759814336,0.00045282718288679695,1200,500,10,129.9485776424408
-7.7,-0.06,0.22,0.004,62,2142201686,True,,60,-0.11,-0.1123427567895797,-0.022469416040516166,-5.172072285763164,-4.9999999782912,0.00030985957828480194,-0.11095013025804958,0.3815369565337901,-7.972662068147826,0.004348536592050838,-76.28126202354989,-75.44814747526843,-132.09080123598926,-134.51891670164846,0.8331145482814577,-2.4281154656592037,True,False,0.00045282718288679695,0.00042645658068565383,0.9417645335842487,0.005672800965574875,3.822303307218054e-05,0.0067379471453582135,-8.079391336383301,-5.172072285763164,-10.172072264054364,-4.9399999782912,2.527927714236836,-0.24246941604051617,-0.003690140421715198,4.9399999782912,2.527927714236836,0.24246941604051617,0.003690140421715198,False,False,ictal_scale,low,low,low,-0.11042963609076267,0.02112318399421594,0.0004523646649053935,0.0004523689543100505,0.00045282718288679695,1200,500,10,102.28086972236633
-7.7,-0.06,0.22,0.004,63,1531224664,True,,60,-0.11,-0.11151058745519817,0.11751256674859163,-6.110622615889371,3.8944271432727438,0.0003090825056445728,-0.1122475914432455,0.42933832591786236,-7.896202027290315,0.0026234112682049933,-87.9416045240358,-88.76636651332717,-155.41148623696108,-161.15535477776595,-0.8247619892913747,-5.743868540804868,False,False,0.00045282718288679695,0.00042645658068565383,0.9417645335842487,0.0022191686928886476,0.1090231021787321,49.12790205093372,-8.081902308148482,-6.110622615889371,-2.216195472616627,3.954427143272744,1.5893773841106293,-0.10248743325140837,-0.0036909174943554274,3.954427143272744,1.5893773841106293,0.10248743325140837,0.0036909174943554274,False,False,ictal_scale,low,low,low,-0.1134821692502875,0.023295318268672368,0.00045230257021683905,0.0004523352325333168,0.00045282718288679695,1200,500,10,96.04722809791565
-7.7,-0.06,0.22,0.004,64,2132829644,True,,60,-0.11,-0.10664585220736648,0.09420773577103252,-5.273241963309651,-4.999916052127272,0.00048736488473746136,-0.1072625038314664,0.4282783395279001,-6.791307537585198,0.0036147539826276707,-75.70360762053903,-75.57832202871637,-130.93549242996755,-134.77926580854435,0.12528559182266008,-3.843773378576799,True,False,0.00045282718288679695,0.00042645658068565383,0.9417645335842487,0.005126962177598729,3.4548099536707885e-05,0.006738512659145241,-7.626497465455068,-5.273241963309651,-10.273158015436923,-4.9399160521272725,2.426758036690349,-0.1257922642289675,-0.0035126351152625387,4.9399160521272725,2.426758036690349,0.1257922642289675,0.0035126351152625387,False,False,ictal_scale,low,low,low,-0.10884422080949731,0.017553386278826907,0.00045243922847307006,0.0004524632339530326,0.00045282718288679695,1200,500,10,108.49678230285645
-7.7,-0.06,0.22,0.004,65,1521852622,True,,60,-0.11,-0.11224465139194503,0.044884501211939876,-5.134919491834598,-4.981888183186444,0.0004143000557603927,-0.11417995445735188,0.3132181155008889,-8.006983104527608,0.0048546175423575325,-73.13768309894434,-72.65422405248773,-125.80364338677816,-128.93106985608708,0.483459046456602,-3.127426469308915,True,False,0.00045282718288679695,0.00042645658068565383,0.9417645335842487,0.005887525480007092,4.039487348352505e-05,0.006861095314270544,-7.788920074291517,-5.134919491834598,-10.116807675021043,-4.921888183186445,2.5650805081654022,-0.17511549878806013,-0.0035856999442396074,4.921888183186445,2.5650805081654022,0.17511549878806013,0.0035856999442396074,False,False,ictal_scale,low,low,low,-0.11110739425584118,0.026259285194163606,0.00045225893151234033,0.00045238971690805856,0.00045282718288679695,1200,500,10,122.70650863647461
-7.7,-0.06,0.22,0.004,66,2024118716,True,,60,-0.11,-0.10753184309785582,0.2574610001362713,-5.583854953766519,-4.9999999782912,0.0003531369596398065,-0.11043191069160802,0.43979254274106355,-6.245234777824372,0.0012669887277674589,-85.53000105875093,-85.3857039173857,-150.58827930639134,-154.394029585883,0.14429714136522875,-3.8057502794916616,True,False,0.00045282718288679695,0.00042645658068565383,0.9417645335842487,0.003758050448573703,2.5321545292079337e-05,0.0067379471453582135,-7.948654588630545,-5.583854953766519,-10.583854932057719,-4.9399999782912,2.1161450462334814,0.03746100013627132,-0.0036468630403601937,4.9399999782912,2.1161450462334814,0.03746100013627132,0.0036468630403601937,False,False,ictal_scale,low,low,low,-0.10712873536360236,0.023179584089427316,0.00045232191336536196,0.0004523801531816859,0.00045282718288679695,1200,500,10,99.75954961776733
-7.7,-0.06,0.22,0.004,67,1768582488,True,,60,-0.11,-0.11080360639873454,-0.07603721402771413,-5.573480710938199,-1.3107613465882497,0.00035746684571756344,-0.10752096429817502,0.3377376435857922,-7.480798519586496,0.00332818023453195,-80.84569459600111,-80.76030844028585,-141.2196663808917,-145.14323863168332,0.08538615571525554,-3.923572250791608,True,False,0.00045282718288679695,0.00042645658068565383,0.9417645335842487,0.003797240307561921,0.0010237918366755492,0.2696147079858876,-7.936467939382333,-5.573480710938199,-6.884242057526449,-1.2507613465882497,2.126519289061801,-0.2960372140277141,-0.0036425331542824365,1.2507613465882497,2.126519289061801,0.2960372140277141,0.0036425331542824365,False,False,ictal_scale,low,low,low,-0.11148369416064025,0.020446926453048176,0.0004523794824849239,0.0004524428950197374,0.00045282718288679695,1200,500,10,97.36671042442322
-7.7,-0.06,0.22,0.004,68,2014746674,True,,60,-0.11,-0.1157700742855986,0.13845439463558765,-5.510445722164954,1.6697258088779845,0.0004983183879488788,-0.11165070985190428,0.4703699585324267,-6.469257802112523,0.0036881047791436907,-69.79547278601869,-70.7920471766419,-119.11922276092687,-125.2067161043954,-0.9965743906232092,-6.087493343468523,False,False,0.00045282718288679695,0.00042645658068565383,0.9417645335842487,0.004044304345336536,0.021478133384360044,5.31071144760071,-7.604271351995364,-5.510445722164954,-3.8407199132869696,1.7297258088779845,2.189554277835046,-0.08154560536441235,-0.003501681612051121,1.7297258088779845,2.189554277835046,0.08154560536441235,0.003501681612051121,False,False,ictal_scale,low,low,low,-0.1118435462573614,0.0252744399176202,0.0004522626428490742,0.0004522790021326802,0.00045282718288679695,1200,500,10,95.0875461101532
-7.7,-0.06,0.22,0.004,69,1777954530,True,,60,-0.11,-0.11572967762500246,-0.052679883076498,-5.548497480775904,-3.4746463715743974,0.00036009848599424744,-0.11628970607811842,0.2671325518245944,-7.4518270528060935,0.0031494154410675206,-82.7363782759071,-82.70193164656048,-145.0010337407037,-149.02648504423257,0.03444662934661835,-4.025451303528882,True,False,0.00045282718288679695,0.00042645658068565383,0.9417645335842487,0.00389330261300766,0.00012058642377551007,0.03097278474388985,-7.929132991721928,-5.548497480775904,-9.023143852350302,-3.4146463715743973,2.1515025192240964,-0.272679883076498,-0.0036399015140057525,3.4146463715743973,2.1515025192240964,0.272679883076498,0.0036399015140057525,False,False,ictal_scale,low,low,low,-0.11181114418201407,0.022517016949650328,0.00045233584919852253,0.00045236529378106375,0.00045282718288679695,1200,500,10,102.6845498085022
-7.7,-0.06,0.22,0.004,70,1906035746,True,,60,-0.11,-0.1266502482725018,0.3412853380095272,-5.753116754690707,1.4180214474278234,0.00047943372464482936,-0.12945940743760334,0.4533188338961487,-6.009581263183388,0.0011360717660496196,-79.72098734265327,-80.23090029422443,-138.97025187419604,-144.08442233956046,-0.5099129515711525,-5.114170465364424,False,False,0.00045282718288679695,0.00042645658068565383,0.9417645335842487,0.0031728762925051384,0.013100625428738473,4.128943022356192,-7.642904890827025,-5.753116754690707,-4.3350953072628835,1.4780214474278235,1.9468832453092935,0.1212853380095272,-0.0035205662753551707,1.4780214474278235,1.9468832453092935,0.1212853380095272,0.0035205662753551707,False,False,ictal_scale,low,low,low,-0.11649406142501502,0.020367843290828764,0.0004523588599741303,0.00045237779271200434,0.00045282718288679695,1200,500,10,106.36392259597778
-7.7,-0.06,0.22,0.004,71,1886665458,True,,60,-0.11,-0.11907735446095358,-0.1391954302635896,-5.78984577060947,0.6550307381330263,0.0005251143570775565,-0.11939268784447427,0.10791071170487178,-13.793741717705915,0.0037312139913692048,-82.90348410921936,-82.6364573801492,-145.33524540732822,-148.89553651141,0.26702672907016733,-3.5602911040817844,True,False,0.00045282718288679695,0.00042645658068565383,0.9417645335842487,0.003058453843522158,0.0058881405192625896,1.9252016935726344,-7.551894496087767,-5.78984577060947,-5.134815032476444,0.7150307381330263,1.91015422939053,-0.3591954302635896,-0.0034748856429224436,0.7150307381330263,1.91015422939053,0.3591954302635896,0.0034748856429224436,False,False,ictal_scale,low,low,low,-0.11079021037255436,0.019522674998301164,0.00045241383372317446,0.0004525050605868644,0.00045282718288679695,1200,500,10,88.33716607093811
-7.7,-0.06,0.22,0.004,72,1896663704,True,,60,-0.11,-0.10245962542073928,-0.11076786321095294,-5.60540536451389,-4.9999999782912,0.00034896965922777553,-0.10214530758765625,0.21610074037918622,-14.014523553663508,0.003429882381482987,-86.6300109992772,-85.07871420475331,-152.7882991874439,-153.78005016061823,1.5512967945238927,-0.9917509731743337,True,False,0.00045282718288679695,0.00042645658068565383,0.9417645335842487,0.0036779293399950915,2.4781693497249144e-05,0.0067379471453582135,-7.9605255758511255,-5.60540536451389,-10.60540534280509,-4.9399999782912,2.09459463548611,-0.330767863210953,-0.0036510303407722247,4.9399999782912,2.09459463548611,0.330767863210953,0.0036510303407722247,False,False,ictal_scale,low,low,low,-0.10787137070389513,0.021505732470611202,0.000452372215752445,0.0004525039294394733,0.00045282718288679695,1200,500,10,114.16696214675903
-7.7,-0.06,0.22,0.004,73,1896037500,True,,60,-0.11,-0.11692890788569082,-0.08775121902924685,-5.287766733654086,-4.999999742351381,0.0004897244958828378,-0.11702369565646453,0.07559867864927222,-10.08081820751362,0.004546552156913955,-77.46635704579161,-76.32224218853847,-134.4609912804727,-136.26710612818854,1.1441148572531432,-1.8061148477158326,True,False,0.00045282718288679695,0.00042645658068565383,0.9417645335842487,0.005053032435403467,3.404707350658865e-05,0.0067379487351084295,-7.621667578283593,-5.287766733654086,-10.287766476005467,-4.9399997423513815,2.412233266345914,-0.30775121902924685,-0.0035102755041171623,4.9399997423513815,2.412233266345914,0.30775121902924685,0.0035102755041171623,False,False,ictal_scale,low,low,low,-0.1086064824969896,0.01697988108848632,0.0004524568227298585,0.0004524895078720299,0.00045282718288679695,1200,500,10,101.86792159080505
-7.7,-0.06,0.22,0.004,74,1393771406,True,,60,-0.11,-0.11285298107574646,0.0797057184682097,-5.203121775531054,-4.697937982195851,0.0006211128334563261,-0.11146780259580039,0.40821877460075023,-6.762951579191666,0.0036023849288885305,-74.14489570775206,-73.65919148885132,-127.8180686043936,-130.94100472881425,0.4857042189007359,-3.1229361244206473,True,False,0.00045282718288679695,0.00042645658068565383,0.9417645335842487,0.005499369797777362,5.012153721447343e-05,0.009114051074494147,-7.383997796148586,-5.203121775531054,-9.901059757726905,-4.637937982195852,2.4968782244689463,-0.1402942815317903,-0.003378887166543674,4.637937982195852,2.4968782244689463,0.1402942815317903,0.003378887166543674,False,False,ictal_scale,low,low,low,-0.10732573491893206,0.022531666398081383,0.0004523672034922679,0.00045245658747906437,0.00045282718288679695,1200,500,10,116.6883053779602
-7.7,-0.06,0.22,0.004,75,2004748428,True,,60,-0.11,-0.11856165533271576,0.13463347387278507,-5.917711155847799,3.9513898794555846,0.00040478138537729366,-0.11380361491690169,0.45174667514172107,-6.629101954119662,0.0023510140580583986,-81.01208490249985,-80.98750238519906,-141.5524469938892,-145.59762652150974,0.024582517300785867,-4.045179527620547,True,False,0.00045282718288679695,0.00042645658068565383,0.9417645335842487,0.002691353220669175,0.1399708242377986,52.00760092092127,-7.812163425788236,-5.917711155847799,-1.9663212763922147,4.011389879455584,1.782288844152201,-0.08536652612721493,-0.0035952186146227063,4.011389879455584,1.782288844152201,0.08536652612721493,0.0035952186146227063,False,False,ictal_scale,low,low,low,-0.10957755455683478,0.02383690353384506,0.0004523042813664639,0.0004524022578901511,0.00045282718288679695,1200,500,10,116.24070858955383
-7.7,-0.06,0.22,0.004,76,1403143448,True,,60,-0.11,-0.10649654416574934,-0.057677542998242085,-5.2246399611185455,-4.895196182476963,0.0004599231712699635,-0.10696684145093535,-0.5408147694730429,-19.600761232959893,0.004943977746419057,-74.68315924439693,-74.15047664354515,-128.89459567768336,-131.9235750382019,0.5326826008517855,-3.028979360518548,True,False,0.00045282718288679695,0.00042645658068565383,0.9417645335842487,0.005382297447457103,4.0272723935004354e-05,0.007482441156059004,-7.684451101408697,-5.2246399611185455,-10.119836143595508,-4.835196182476963,2.4753600388814547,-0.2776775429982421,-0.0035400768287300365,4.835196182476963,2.4753600388814547,0.2776775429982421,0.0035400768287300365,False,False,ictal_scale,low,low,low,-0.10996807895216475,0.024008639766095703,0.0004522956408314906,0.00045236913280581744,0.00045282718288679695,1200,500,10,107.63976049423218
-7.7,-0.06,0.22,0.004,77,133363181,True,,60,-0.11,-0.09414427973287749,-0.0367141396047877,-5.472953865985627,-4.9999999782912,0.0003671916235119385,-0.09317098246810047,0.463561218165642,-9.786673696452477,0.0037946409832835524,-81.53048716956474,-81.39190911405947,-142.58925152801896,-146.40643997923056,0.13857805550526336,-3.8171884512115923,True,False,0.00045282718288679695,0.00042645658068565383,0.9417645335842487,0.004198811096674702,2.8291367242737702e-05,0.0067379471453582135,-7.909626711264791,-5.472953865985627,-10.472953844276827,-4.9399999782912,2.2270461340143735,-0.2567141396047877,-0.0036328083764880616,4.9399999782912,2.2270461340143735,0.2567141396047877,0.0036328083764880616,False,False,ictal_scale,low,low,low,-0.11128857187506061,0.02476579107941302,0.00045228739268174216,0.00045237122128606404,0.00045282718288679695,1200,500,10,111.85205125808716
-7.7,-0.06,0.22,0.004,78,1511854376,True,,60,-0.11,-0.0903820758852833,-0.026203029355674493,-5.709201766391738,4.103470181708146,0.00047614445845380315,-0.09398012834188763,-0.3343451706676795,-13.227552305288604,0.005127873681582348,-72.24224186566413,-72.99945034358393,-124.01276092021774,-129.62152243827947,-0.7572084779198036,-5.608761518061726,False,False,0.00045282718288679695,0.00042645658068565383,0.9417645335842487,0.003315317887118469,0.20074264093532565,60.550043093998,-7.649789265628208,-5.709201766391738,-1.6057315846835918,4.163470181708146,1.9907982336082624,-0.2462030293556745,-0.003523855541546197,4.163470181708146,1.9907982336082624,0.2462030293556745,0.003523855541546197,False,False,ictal_scale,low,low,low,-0.1060563778477319,0.022555860881989766,0.00045233087992635723,0.00045240543231146334,0.00045282718288679695,1200,500,10,99.31944537162781
-7.7,-0.06,0.22,0.004,79,1137895365,True,,60,-0.11,-0.11191441266844879,-0.1334272105414475,-5.415794074142588,-4.999993637427013,0.0004057840747622686,-0.11670015201195266,-0.5854563211937084,-21.415594338144054,0.004034791699591279,-80.64214943859042,-80.2797263599624,-140.81257606607033,-144.1820744710364,0.3624230786280265,-3.369498404966066,True,False,0.00045282718288679695,0.00042645658068565383,0.9417645335842487,0.004445806111044729,2.995579653976518e-05,0.006737989869901414,-7.809689375398151,-5.415794074142588,-10.415787711569601,-4.939993637427014,2.284205925857412,-0.3534272105414475,-0.0035942159252377315,4.939993637427014,2.284205925857412,0.3534272105414475,0.0035942159252377315,False,False,ictal_scale,low,low,low,-0.10745490456736093,0.022829218964596346,0.00045234869252416425,0.00045244873451262145,0.00045282718288679695,1200,500,10,100.59280920028687
-7.7,-0.06,0.22,0.004,80,1521226418,True,,60,-0.11,-0.10465298928867144,0.037788465011427755,-6.006906611761421,4.991897433689322,0.000365448883455011,-0.10237014246596965,0.4843821059645758,-7.74040407063211,0.003188814493512469,-82.42528019118677,-82.31302803005629,-144.37883757126303,-148.24867781122418,0.11225216113048475,-3.8698402399611496,True,False,0.00045282718288679695,0.00042645658068565383,0.9417645335842487,0.002461691381691398,0.36239910369212414,147.21549028746412,-7.914384142303148,-6.006906611761421,-1.0150091780720993,5.051897433689321,1.6930933882385792,-0.18221153498857223,-0.003634551116544989,5.051897433689321,1.6930933882385792,0.18221153498857223,0.003634551116544989,False,False,ictal_scale,low,low,low,-0.10845992249101591,0.022614107208632158,0.00045235346575593155,0.000452403993665555,0.00045282718288679695,1200,500,10,130.98031663894653
-7.7,-0.06,0.22,0.004,81,1018960324,True,,60,-0.11,-0.09771750313521042,0.34931041970780363,-5.490911226086266,-0.25191582756311137,0.00045206532584721594,-0.10103023540680689,0.46059438974241945,-5.85490850334383,0.001325666832845751,-76.8096799626122,-76.40922482585692,-133.14763711411388,-136.44107140282546,0.40045513675526934,-3.2934342887115804,True,False,0.00045282718288679695,0.00042645658068565383,0.9417645335842487,0.004124084488185975,0.0032056927874122973,0.7773101634060747,-7.701683862364295,-5.490911226086266,-5.7428270536493775,-0.19191582756311137,2.2090887739137344,0.12931041970780363,-0.003547934674152784,0.19191582756311137,2.2090887739137344,0.12931041970780363,0.003547934674152784,False,False,ictal_scale,low,low,low,-0.11150418043054428,0.023315086698601103,0.00045229788157141276,0.0004523667206120967,0.00045282718288679695,1200,500,10,88.89616012573242
-7.7,-0.06,0.22,0.004,82,1629937346,True,,60,-0.11,-0.10874851817261857,0.04758968502860405,-5.984732116961199,4.078196196528813,0.00029998673089281667,-0.11190699484467859,0.4287779390734872,-7.016907732575945,0.002447607083102682,-86.32369630458888,-86.20800006613646,-152.17566979806725,-156.03862188338454,0.11569623845241495,-3.862952085317289,True,False,0.00045282718288679695,0.00042645658068565383,0.9417645335842487,0.002516887859747324,0.14859423833484264,59.03887920924707,-8.111772314643542,-5.984732116961199,-1.9065359204323862,4.1381961965288125,1.715267883038801,-0.17241031497139594,-0.0037000132691071834,4.1381961965288125,1.715267883038801,0.17241031497139594,0.0037000132691071834,False,False,ictal_scale,low,low,low,-0.10991710594997785,0.026919833408555787,0.00045224979339663046,0.0004523432864569607,0.00045282718288679695,1200,500,10,107.25600457191467
-7.7,-0.06,0.22,0.004,83,1019812395,True,,60,-0.11,-0.11639400705226888,-0.0510578530932506,-4.943019771852236,-3.8926019328050154,0.0009105731574932931,-0.11378737284484594,0.1989853344818775,-7.544324397067157,0.006302706764979329,-65.16679162445386,-64.8896223708669,-109.86186043779722,-113.4018664928454,0.2771692535869619,-3.540006055048181,True,False,0.00045282718288679695,0.00042645658068565383,0.9417645335842487,0.007133025706194242,0.00014545821355570822,0.02039221776943743,-7.0014363133222615,-4.943019771852236,-8.835621704657251,-3.8326019328050154,2.7569802281477642,-0.2710578530932506,-0.003089426842506707,3.8326019328050154,2.7569802281477642,0.2710578530932506,0.003089426842506707,False,False,ictal_scale,low,low,low,-0.1145930263307879,0.02029475454342811,0.0004523733383255888,0.0004524191372159603,0.00045282718288679695,1200,500,10,105.06842517852783
-7.7,-0.06,0.22,0.004,84,1639309388,True,,60,-0.11,-0.09991997019498458,0.006396374187726349,-5.390068022515713,-4.99766254526986,0.0003854349667947745,-0.10247905506061722,0.3832968685338167,-7.547865428378394,0.003514706023040571,-80.15818529300516,-80.23621176136822,-139.8446477748998,-144.09504527384806,-0.07802646836306337,-4.250397498948246,False,False,0.00045282718288679695,0.00042645658068565383,0.9417645335842487,0.00456166302938621,3.080817233014694e-05,0.006753715066562539,-7.861138077519486,-5.390068022515713,-10.387730567785574,-4.937662545269861,2.309931977484287,-0.21360362581227366,-0.0036145650332052256,4.937662545269861,2.309931977484287,0.21360362581227366,0.0036145650332052256,False,False,ictal_scale,low,low,low,-0.10436528824719221,0.019191370676202014,0.00045240761826808825,0.00045245552715815636,0.00045282718288679695,1200,500,10,115.03543424606323
-7.7,-0.06,0.22,0.004,85,1137043294,True,,60,-0.11,-0.11437930382087837,0.13753432614970726,-5.7471034281029105,4.999914427483765,0.00046052450650909494,-0.11609830540963259,0.3715061700850711,-6.641153557675283,0.0032636129285168055,-75.6335874680976,-75.40151564888093,-130.7954521250847,-134.42565304887347,0.23207181921667086,-3.6302009237887773,True,False,0.00045282718288679695,0.00042645658068565383,0.9417645335842487,0.003192013314790762,0.47369624283174755,148.40045955848356,-7.68314448650988,-5.7471034281029105,-0.7471890006191453,5.059914427483765,1.9528965718970897,-0.08246567385029274,-0.003539475493490905,5.059914427483765,1.9528965718970897,0.08246567385029274,0.003539475493490905,False,False,ictal_scale,low,low,low,-0.11800480560966044,0.021502553892066806,0.00045235169432685516,0.0004524269336536965,0.00045282718288679695,1200,500,10,121.83543658256531
-7.7,-0.06,0.22,0.004,86,1512706447,True,,60,-0.11,-0.10052409424327405,0.08507529577735852,-5.684546537777747,-2.388835806413628,0.0004250866971270239,-0.10182811472156084,0.3954543699437404,-7.841024825208937,0.003110062362113999,-83.93459634767216,-84.03099834216735,-147.3974698842338,-151.6846184354463,-0.09640199449519571,-4.2871485512125105,False,False,0.00045282718288679695,0.00042645658068565383,0.9417645335842487,0.0033980737984112726,0.00031172712749617305,0.09173642068689533,-7.7632174166035925,-5.684546537777747,-8.073382344191375,-2.328835806413628,2.0154534622222533,-0.13492470422264147,-0.003574913302872976,2.328835806413628,2.0154534622222533,0.13492470422264147,0.003574913302872976,False,False,ictal_scale,low,low,low,-0.11137342661217729,0.021958601491259565,0.0004523773121942886,0.0004524802493163934,0.00045282718288679695,1200,500,10,94.6935703754425
-7.7,-0.06,0.22,0.004,87,901729425,True,,60,-0.11,-0.11639095092396709,0.030006497402399235,-5.59079143481733,-3.8424380507543843,0.00042471103110732964,-0.11492828873805735,0.35362648883336467,-7.862778091281486,0.003258119104334809,-82.91157312374412,-82.92857498523438,-145.35142343637773,-149.47977172158036,-0.017001861490257397,-4.128348285202634,False,False,0.00045282718288679695,0.00042645658068565383,0.9417645335842487,0.003732073003036687,8.002035760725594e-05,0.02144126268219984,-7.764101547101202,-5.59079143481733,-9.433229485571715,-3.782438050754384,2.10920856518267,-0.18999350259760076,-0.0035752889688926703,3.782438050754384,2.10920856518267,0.18999350259760076,0.0035752889688926703,False,False,ictal_scale,low,low,low,-0.10694419061068909,0.021411249182129985,0.0004523976117775628,0.00045253224908971637,0.00045282718288679695,1200,500,10,113.06751418113708
-7.7,-0.06,0.22,0.004,88,1403995519,True,,60,-0.11,-0.1271649695486584,0.007681145220436421,-5.3122287278885665,-1.3405534909348034,0.0004894290978032551,-0.12591899454365368,-0.3870198274154382,-11.308464802772905,0.0049593723805114965,-73.67526754164584,-73.96880600666424,-126.87881227218116,-131.56023376444008,-0.29353846501840053,-4.68142149225892,False,False,0.00045282718288679695,0.00042645658068565383,0.9417645335842487,0.004930924772505991,0.0012904268565099813,0.26170077947755066,-7.622270952647838,-5.3122287278885665,-6.65278221882337,-1.2805534909348033,2.3877712721114337,-0.21231885477956358,-0.003510570902196745,1.2805534909348033,2.3877712721114337,0.21231885477956358,0.003510570902196745,False,False,ictal_scale,low,low,low,-0.1157491521833521,0.01973756972411353,0.00045238411524556077,0.00045244034799025307,0.00045282718288679695,1200,500,10,97.40164399147034
-7.7,-0.06,0.22,0.004,89,1255126264,True,,60,-0.11,-0.1133612566381945,-0.045680284996184595,-6.004306580926249,1.7472873339378254,0.00040342439106373016,-0.11307986165912748,-0.47214475320500415,-13.339712637291246,0.0030516045576151926,-88.32021396907707,-88.61717166322568,-156.16870512704364,-160.85696507756296,-0.2969576941486025,-4.688259950519324,False,False,0.00045282718288679695,0.00042645658068565383,0.9417645335842487,0.002468100183120762,0.01416446030552621,5.739013514279684,-7.815521470554295,-6.004306580926249,-4.257019246988424,1.8072873339378255,1.6956934190737512,-0.26568028499618457,-0.0035965756089362698,1.8072873339378255,1.6956934190737512,0.26568028499618457,0.0035965756089362698,False,False,ictal_scale,low,low,low,-0.11517051895079412,0.021038184447781078,0.00045235695075599856,0.000452382319267125,0.00045282718288679695,1200,500,10,80.9777238368988
-7.7,-0.06,0.22,0.004,90,1394623477,True,,60,-0.11,-0.11060005048052779,0.014294655703529752,-5.361730320346542,-4.999999961586973,0.00048804262198642965,-0.10985575839200215,0.3866372814949345,-7.258212495354414,0.0036969791489583036,-78.00740898510243,-77.42231262779632,-135.54309515909435,-138.46724700670424,0.5850963573061136,-2.9241518476098918,True,False,0.00045282718288679695,0.00042645658068565383,0.9417645335842487,0.0046927790673174105,3.1619697848610736e-05,0.006737947257910415,-7.625107815788928,-5.361730320346542,-10.361730281933514,-4.939999961586973,2.3382696796534583,-0.20570534429647025,-0.0035119573780135705,4.939999961586973,2.3382696796534583,0.20570534429647025,0.0035119573780135705,False,False,ictal_scale,low,low,low,-0.10974036580333366,0.018115034543097788,0.0004524422335676182,0.00045245276050062265,0.00045282718288679695,1200,500,10,111.89155316352844
-7.7,-0.06,0.22,0.004,91,1363837192,True,,60,-0.11,-0.11221089818468133,0.09524202478301355,-5.23825768681504,2.2429321542936194,0.0005316910974286984,-0.11535003345629988,0.3497398707531797,-6.112535835884952,0.0044022247255068965,-65.57351820242445,-65.66548027679357,-110.6753135937384,-114.95358230469874,-0.09196207436912118,-4.278268710960347,False,False,0.00045282718288679695,0.00042645658068565383,0.9417645335842487,0.005309499592789684,0.050020341188146,9.420914403322259,-7.5394478811926176,-5.23825768681504,-2.995325532521421,2.3029321542936194,2.46174231318496,-0.12475797521698645,-0.003468308902571302,2.3029321542936194,2.46174231318496,0.12475797521698645,0.003468308902571302,False,False,ictal_scale,low,low,low,-0.10737354200128663,0.0196538925241532,0.00045242584236446866,0.0004524922106680649,0.00045282718288679695,1200,500,10,101.27028346061707
-7.7,-0.06,0.22,0.004,92,1285912549,True,,60,-0.11,-0.11393120905237605,-0.11034462924368965,-5.911906491874605,4.999945887237303,0.00043186087901004347,-0.11413174648885116,0.4616018717632173,-5.683007556256985,0.0008491191209474049,-80.9740936638285,-72.63919113978119,-141.47646451654649,-128.901004030674,8.334902524047308,12.575460485872497,True,True,0.00045282718288679695,0.00042645658068565383,0.9417645335842487,0.0027070210510006716,0.40173580631364253,148.40512827380405,-7.747407060914567,-5.911906491874605,-0.9119606046373026,5.059945887237302,1.788093508125395,-0.3303446292436897,-0.0035681391209899565,5.059945887237302,1.788093508125395,0.3303446292436897,0.0035681391209899565,False,False,ictal_scale,low,low,low,-0.11027996066942287,0.02464790556427353,0.0004522829707614933,0.0004523366000418091,0.00045282718288679695,1200,500,10,129.60600399971008
-7.7,-0.06,0.22,0.004,93,1887517529,True,,60,-0.11,-0.11676981932918191,-0.11506789173147752,-5.627966243322932,-4.999999898698865,0.00036852386831880623,-0.11666159144956964,0.4144252768224422,-8.02128651361014,0.0029335744900377335,-86.72238835106278,-86.16416521532341,-152.97305389101504,-155.95095218175842,0.5582231357393681,-2.977898290743383,True,False,0.00045282718288679695,0.00042645658068565383,0.9417645335842487,0.00359588104287081,2.4228858336290413e-05,0.006737947681647177,-7.906005076875329,-5.627966243322932,-10.627966142021798,-4.939999898698866,2.072033756677068,-0.33506789173147755,-0.003631476131681194,4.939999898698866,2.072033756677068,0.33506789173147755,0.003631476131681194,False,False,ictal_scale,low,low,low,-0.1112977602095313,0.020218769528514185,0.00045240153554019607,0.00045249294223218613,0.00045282718288679695,1200,500,10,120.16051959991455
-7.7,-0.06,0.22,0.004,94,1276540507,True,,60,-0.11,-0.10106748090133562,0.17692988137110846,-5.600102040683879,-1.9957776364532178,0.00024959375929188717,-0.10213531759828616,0.4162847723708336,-7.126004171132035,0.0027137579086137413,-82.15460557565225,-82.55379869632114,-143.837488340194,-148.73021914375389,-0.39919312066888324,-4.8927308035598855,False,False,0.00045282718288679695,0.00042645658068565383,0.9417645335842487,0.00369748640319139,0.0005025177088612444,0.13590792610555893,-8.295675924618568,-5.600102040683879,-7.595879677137097,-1.9357776364532178,2.099897959316121,-0.04307011862889154,-0.0037504062407081127,1.9357776364532178,2.099897959316121,0.04307011862889154,0.0037504062407081127,False,False,ictal_scale,low,low,low,-0.10811230223524163,0.021597682815011995,0.0004523633725520065,0.00045248846220897934,0.00045282718288679695,1200,500,10,126.98249244689941
-7.7,-0.06,0.22,0.004,95,368677050,True,,60,-0.11,-0.09927262478059748,0.10520305422419692,-5.722058198425971,4.9999998991870065,0.0004601953552565047,-0.09674702259265958,0.29878879087751425,-7.2099776707786045,0.0039038309481391124,-75.73054391641924,-75.56845539178545,-130.98936502172796,-134.7595325346825,0.16208852463378776,-3.7701675129545436,True,False,0.00045282718288679695,0.00042645658068565383,0.9417645335842487,0.003272967548487379,0.4857514045411719,148.41314414060253,-7.683859473294201,-5.722058198425971,-0.7220582992389648,5.059999899187006,1.9779418015740289,-0.11479694577580309,-0.0035398046447434953,5.059999899187006,1.9779418015740289,0.11479694577580309,0.0035398046447434953,False,False,ictal_scale,low,low,low,-0.10406714206369644,0.018071540177811967,0.00045242954698504755,0.00045250232279270275,0.00045282718288679695,1200,500,10,103.97055220603943
-7.7,-0.06,0.22,0.004,96,1167829579,True,,60,-0.11,-0.11248748308645254,0.03294200234237101,-5.58100470330702,-4.9943633852544655,0.0003933694594843935,-0.11200566662961785,0.3214318352695432,-7.83668577732773,0.0030143212083765434,-85.57719756912027,-85.76623407629577,-150.68267232713004,-155.15508990370316,-0.18903650717550136,-4.472417576573122,False,False,0.00045282718288679695,0.00042645658068565383,0.9417645335842487,0.0037687771131700316,2.5537359780587876e-05,0.006776033448979332,-7.8407612872435095,-5.58100470330702,-10.575368088561486,-4.934363385254466,2.1189952966929804,-0.18705799765762898,-0.0036066305405156067,4.934363385254466,2.1189952966929804,0.18705799765762898,0.0036066305405156067,False,False,ictal_scale,low,low,low,-0.1086898509667077,0.019983824386139236,0.00045241420800502813,0.00045250201367613626,0.00045282718288679695,1200,500,10,109.52581286430359
-7.7,-0.06,0.22,0.004,97,1769434559,True,,60,-0.11,-0.10435451556987116,-0.16159075264771675,-5.376273699032028,-4.9999999782912,0.0005772496322597192,-0.1078602714283303,-0.13103509336384217,-10.617368759127697,0.004894277715295781,-75.58201178656921,-74.38619106718275,-130.6923007620279,-132.3950038854771,1.195820719386461,-1.7027031234491972,True,False,0.00045282718288679695,0.00042645658068565383,0.9417645335842487,0.004625024091621703,3.116316787535542e-05,0.0067379471453582135,-7.4572357467853605,-5.376273699032028,-10.376273677323228,-4.9399999782912,2.323726300967972,-0.38159075264771675,-0.003422750367740281,4.9399999782912,2.323726300967972,0.38159075264771675,0.003422750367740281,False,False,ictal_scale,low,low,low,-0.11205190374283298,0.022726438928003106,0.00045234922701247496,0.00045243139179623325,0.00045282718288679695,1200,500,10,114.07218337059021
-7.7,-0.06,0.22,0.004,98,2023266645,True,,60,-0.11,-0.1257532572464854,0.1127869392325962,-5.846460621679396,4.987068532843507,0.0004479475628057005,-0.12052990460330931,0.38618839510718794,-6.815826568952114,0.0029288060758445957,-77.9364204959335,-78.51550120885267,-135.4011181807565,-140.65362416881695,-0.5790807129191649,-5.252505988060449,False,False,0.00045282718288679695,0.00042645658068565383,0.9417645335842487,0.002890110270569259,0.4234194054787046,146.50631492870497,-7.710834379708564,-5.846460621679396,-0.8593920888358895,5.0470685328435065,1.8535393783206038,-0.1072130607674038,-0.0035520524371942994,5.0470685328435065,1.8535393783206038,0.1072130607674038,0.0035520524371942994,False,False,ictal_scale,low,low,low,-0.11146632436906231,0.021781241414205583,0.0004523710599474013,0.00045248630610928407,0.00045282718288679695,1200,500,10,102.14972805976868
-7.7,-0.06,0.22,0.004,99,1660723631,True,,60,-0.11,-0.09678749095170683,-0.10573628549972679,-5.338693471932391,-4.9999999782912,0.00037936126496495855,-0.0978670935479787,0.4553653834455743,-10.896404259974835,0.0043401829517657866,-78.771450592414,-78.27441841325377,-137.0711783737175,-140.17145857761915,0.4970321791602288,-3.1002802039016615,True,False,0.00045282718288679695,0.00042645658068565383,0.9417645335842487,0.004802140745084343,3.2356570524949414e-05,0.0067379471453582135,-7.8770216011816325,-5.338693471932391,-10.338693450223591,-4.9399999782912,2.361306528067609,-0.3257362854997268,-0.0036206387350350413,4.9399999782912,2.361306528067609,0.3257362854997268,0.0036206387350350413,False,False,ictal_scale,low,low,low,-0.10773606946489665,0.021823190449072875,0.00045234384187956223,0.0004523786870745196,0.00045282718288679695,1200,500,10,97.09925508499146
-7.7,1.17,0.22,0.004,0,568394448,True,,60,-0.11,-0.11633041987453797,0.21502235791214483,-5.130761601137126,-4.9999999782912,0.00043391724547516057,-0.10942750031496509,0.44623714072785015,-6.364560407309332,0.003190609529527199,-74.15444058158428,-74.0338302965562,-127.83715835205805,-131.69028234422402,0.12061028502807858,-3.853123992165962,True,False,0.00045282718288679695,0.0014590058497868585,3.2219926385284996,0.005912056129971592,3.983512172413958e-05,0.0067379471453582135,-7.742656720674012,-5.130761601137126,-10.130761579428327,-6.1699999782912,2.5692383988628738,-0.004977642087855172,-0.0035660827545248397,6.1699999782912,2.5692383988628738,0.004977642087855172,0.0035660827545248397,True,True,strong,low,low,low,-0.10740669594931122,0.021527648317564953,0.0004622230220068198,0.0004596642074430275,0.0004840014862545639,1200,500,10,95.93890118598938
-7.7,1.17,0.22,0.004,1,66128354,True,,60,-0.11,-0.09812601620920663,0.11480820956327967,-5.5697190005414505,2.064910389904791,0.0003942559439036227,-0.09681946313430982,0.18197744855247824,-7.050863762710059,0.0036825569520573635,-76.36001002462248,-76.21618151333712,-132.24829723813446,-136.05498477778585,0.14382851128536345,-3.806687539651392,True,False,0.00045282718288679695,0.0014590058497868585,3.2219926385284996,0.003811551325983595,0.030052524527333997,7.884591327017944,-7.8385102557512685,-5.5697190005414505,-3.5048086106366596,0.894910389904791,2.1302809994585497,-0.10519179043672033,-0.0036057440560963772,0.894910389904791,2.1302809994585497,0.10519179043672033,0.0036057440560963772,True,True,strong,low,low,low,-0.10646116430836244,0.019413160889795437,0.0004612899013868181,0.00046029310144762647,0.0004779140173142031,1200,500,10,99.51476192474365
-7.7,1.17,0.22,0.004,2,535476626,True,,60,-0.11,-0.11155028830538144,0.0785192467266527,-5.494386071185263,-4.98511142175272,0.00040233717784192826,-0.10807348722993218,0.34668375235448734,-7.0164811248484735,0.0028526543537650472,-82.32952146283866,-81.93564365240388,-144.1873201145668,-147.49390905591937,0.3938778104347733,-3.3065889413525724,True,False,0.00045282718288679695,0.0014590058497868585,3.2219926385284996,0.004109778802829233,2.8106842865139542e-05,0.006839015969859587,-7.818220070049616,-5.494386071185263,-10.479497492937982,-6.15511142175272,2.2056139288147376,-0.1414807532733473,-0.003597662822158072,6.15511142175272,2.2056139288147376,0.1414807532733473,0.003597662822158072,True,True,strong,low,low,low,-0.10596989700780184,0.01947251975546632,0.00046121892238235935,0.0004590869444427115,0.0004833072636668444,1200,500,10,125.36074948310852
-7.7,1.17,0.22,0.004,3,75500396,True,,60,-0.11,-0.1128687703798201,-0.02812551570081619,-5.227022562267173,-2.11092286667759,0.0003989449150002871,-0.11389637460193684,0.34939081723942295,-6.961961482567229,0.004216302177927045,-72.65223889471187,-72.98844564394659,-124.83275497831323,-129.5995130390048,-0.3362067492347194,-4.766758060691558,False,False,0.00045282718288679695,0.0014590058497868585,3.2219926385284996,0.0053694888443321055,0.0006503854122027527,0.1211261315663749,-7.826687208248635,-5.227022562267173,-7.337945428944764,-3.28092286667759,2.472977437732827,-0.2481255157008162,-0.003601055084999713,3.28092286667759,2.472977437732827,0.2481255157008162,0.003601055084999713,True,True,strong,low,low,low,-0.11305396467137942,0.01913339721961984,0.00046158950108945453,0.00046109311185525795,0.00047633998566238325,1200,500,10,108.28632378578186
-7.7,1.17,0.22,0.004,4,426765698,True,,60,-0.11,-0.09320922572520163,0.02788265712144687,-5.789361099744702,3.790327099179875,0.0004133056605835362,-0.0962034376173321,0.32346739388961304,-7.278114327440434,0.003288268014848641,-80.36175167408322,-80.23457400468776,-140.25178053705594,-144.09176976048713,0.12717766939546493,-3.839989223431189,True,False,0.00045282718288679695,0.0014590058497868585,3.2219926385284996,0.00305993654627374,0.1354660802085076,44.27087887605787,-7.791323140475688,-5.789361099744702,-1.9990340005648268,2.620327099179875,1.9106389002552984,-0.19211734287855314,-0.0035866943394164638,2.620327099179875,1.9106389002552984,0.19211734287855314,0.0035866943394164638,True,True,strong,low,low,low,-0.10879365489891937,0.02223469356908687,0.000462523086870922,0.00046097562011553577,0.00048137482917836525,1200,500,10,133.65029644966125
-7.7,1.17,0.22,0.004,5,184211324,True,,60,-0.11,-0.10346250760086748,-0.006792332560428483,-5.516123219308734,-4.353565426475756,0.0003806302691252205,-0.10435106149714592,0.35511522730854755,-7.455444944000372,0.003077660491726537,-82.49219858832546,-82.784986569202,-144.51267436554042,-149.19259488951562,-0.2927879808765397,-4.679920523975198,False,False,0.00045282718288679695,0.0014590058497868585,3.2219926385284996,0.004021407877785518,5.171882898329833e-05,0.012860876229192264,-7.873682076245598,-5.516123219308734,-9.869688645784489,-5.523565426475756,2.183876780691266,-0.2267923325604285,-0.0036193697308747794,5.523565426475756,2.183876780691266,0.2267923325604285,0.0036193697308747794,True,True,strong,low,low,low,-0.10831927328868662,0.02161167912510961,0.00046198695490178937,0.0004604043249601467,0.0004873872667245946,1200,500,10,108.30086636543274
-7.7,1.17,0.22,0.004,6,1730089991,True,,60,-0.11,-0.1023293901456203,-0.22433462492894213,-5.209345824067162,1.1536826734174834,0.0005500380595731861,-0.10342251908254207,-0.11969383225642745,-10.297077144139834,0.006410472109590618,-67.01021218002613,-66.14140901009135,-113.54870154894175,-115.9054397712943,0.8688031699347789,-2.356738222352547,True,False,0.00045282718288679695,0.0014590058497868585,3.2219926385284996,0.00546524775202624,0.01732398795947906,3.1698449449169424,-7.5055230829079385,-5.209345824067162,-4.0556631506496785,-0.0163173265825165,2.490654175932838,-0.44433462492894216,-0.003449961940426814,0.0163173265825165,2.490654175932838,0.44433462492894216,0.003449961940426814,True,True,strong,low,low,low,-0.11219482238259428,0.02209884804521792,0.00046200619836328445,0.0004602802851197856,0.0004852138337884386,1200,500,10,100.72294974327087
-7.7,1.17,0.22,0.004,7,919659750,True,,60,-0.11,-0.0939304747556944,0.007949606104033419,-5.297347658574581,-4.9999999782912,0.0003511970446440002,-0.09697437215062828,-0.5817020912844993,-20.475334773499167,0.004394333093706866,-78.8490446122585,-77.64951993265932,-137.22636641340648,-138.92166161643024,1.199524679599179,-1.6952952030237611,True,False,0.00045282718288679695,0.0014590058497868585,3.2219926385284996,0.005004850891461222,3.3722420777064674e-05,0.0067379471453582135,-7.954163111261497,-5.297347658574581,-10.29734763686578,-6.1699999782912,2.4026523414254193,-0.21205039389596658,-0.0036488029553559996,6.1699999782912,2.4026523414254193,0.21205039389596658,0.0036488029553559996,True,True,strong,low,low,low,-0.10615286307566164,0.022913670587185932,0.0004627099628736397,0.00046078829252507443,0.0004804967016632485,1200,500,10,107.0665271282196
-7.7,1.17,0.22,0.004,8,308682728,True,,60,-0.11,-0.10892361349286021,-0.005536381192250517,-5.525950976237161,-1.493350863013663,0.0005162896073479106,-0.11166090909741103,0.34227421070828057,-7.841115382074417,0.003809057625809934,-77.67079604369438,-78.33563713063337,-134.86986927627825,-140.29389601237835,-0.664841086938992,-5.424026736100103,False,False,0.00045282718288679695,0.0014590058497868585,3.2219926385284996,0.003982080027468189,0.0008944497446132964,0.22461872650560175,-7.568842695376924,-5.525950976237161,-7.019301839250824,-2.6633508630136626,2.174049023762839,-0.22553638119225053,-0.0034837103926520893,2.6633508630136626,2.174049023762839,0.22553638119225053,0.0034837103926520893,True,True,strong,low,low,low,-0.1059023839411304,0.022259638546475384,0.00046225271764091026,0.0004599678645853362,0.0004898130763160761,1200,500,10,95.43218946456909
-7.7,1.17,0.22,0.004,9,810948822,True,,60,-0.11,-0.10105166802241998,0.13768101515450037,-5.728829002661006,-4.955016604405905,0.00032120040643938746,-0.09237497819237026,0.476317540037726,-5.7927284586486625,0.00036288547991729164,-85.96320359845795,-82.3136377540662,-151.4546843858054,-148.24989725924402,3.649565844391745,3.2047871265613708,True,True,0.00045282718288679695,0.0014590058497868585,3.2219926385284996,0.0032508817795324856,2.291209531684774e-05,0.00704796325141751,-8.04344531051455,-5.728829002661006,-10.68384560706691,-6.125016604405905,1.9711709973389944,-0.08231898484549963,-0.0036787995935606125,6.125016604405905,1.9711709973389944,0.08231898484549963,0.0036787995935606125,True,True,strong,low,low,low,-0.10382498376385761,0.021903519790128032,0.00046186461689086416,0.00045938190394310117,0.0005052989231248549,1200,500,10,104.73896265029907
-7.7,1.17,0.22,0.004,10,199971800,True,,60,-0.11,-0.10126145474626981,-0.03267527737354146,-5.830522237955911,4.99949278309335,0.0004922400138745078,-0.10331770900935824,0.3977412293183875,-8.543278041083326,0.004296190158673661,-75.99242768585462,-75.98332367742368,-131.51313256059873,-135.58926910595898,0.009104008430938393,-4.076136545360242,True,False,0.00045282718288679695,0.0014590058497868585,3.2219926385284996,0.0029365430054918667,0.43560062424171897,148.3379005269349,-7.61654412734557,-5.830522237955911,-0.831029454862561,3.8294927830933503,1.869477762044089,-0.25267527737354145,-0.003507759986125492,3.8294927830933503,1.869477762044089,0.25267527737354145,0.003507759986125492,True,True,strong,low,low,low,-0.10957415664176214,0.023265379257810012,0.00046250584415372055,0.00046038333283508103,0.0004850358404434237,1200,500,10,104.44486999511719
-7.7,1.17,0.22,0.004,11,801576780,True,,60,-0.11,-0.11881254727067851,0.10316339118171614,-5.766642942476929,2.682563528543105,0.0003188975315670768,-0.1199039336588998,0.38817674831193655,-7.40594033967079,0.0032339376777295223,-81.4996351480417,-81.16836179535791,-142.5275474849729,-145.95934534182743,0.33127335268379454,-3.43179785685453,True,False,0.00045282718288679695,0.0014590058497868585,3.2219926385284996,0.0031302483188630262,0.0457721517157951,14.622530564099316,-8.050640724438939,-5.766642942476929,-3.0840794139338246,1.512563528543105,1.9333570575230707,-0.11683660881828387,-0.0036811024684329234,1.512563528543105,1.9333570575230707,0.11683660881828387,0.0036811024684329234,True,True,strong,low,low,low,-0.11359619486433599,0.019437587533868813,0.0004610266107411504,0.0004591837321787771,0.0004803144611774982,1200,500,10,101.36489701271057
-7.7,1.17,0.22,0.004,12,190599758,True,,60,-0.11,-0.10984948319344448,0.2794628460178743,-5.759397384496001,-0.9184572884091393,0.0002844138242503003,-0.1043399286033688,0.4217016738348107,-5.926869512034857,0.0005160242538225568,-86.23096501702177,-85.97879303763101,-151.99020722293304,-155.58020782637362,0.2521719793907664,-3.5900006034405862,True,False,0.00045282718288679695,0.0014590058497868585,3.2219926385284996,0.003153011079419354,0.0012584749189537433,0.3991343155018342,-8.165080252741506,-5.759397384496001,-6.6778546729051405,-2.0884572884091392,1.940602615503999,0.0594628460178743,-0.0037155861757497,2.0884572884091392,1.940602615503999,0.0594628460178743,0.0037155861757497,True,True,strong,low,low,low,-0.10693571626187917,0.023450160849298723,0.00046233852525696977,0.00045929190786348796,0.0004944251860892244,1200,500,10,127.75101852416992
-7.7,1.17,0.22,0.004,13,692865852,True,,60,-0.11,-0.10100609555916087,-0.0036590487416646254,-5.401867716040175,-4.957342553354765,0.000407991411748026,-0.10079639011926966,0.20223186004488286,-8.500237362209827,0.0037531635051949327,-80.2815316242529,-80.59343759813206,-140.0913404373953,-144.80949694737572,-0.3119059738791492,-4.7181565099804175,False,False,0.00045282718288679695,0.0014590058497868585,3.2219926385284996,0.004508153124774623,3.169948036790836e-05,0.0070315890988048675,-7.80426443341885,-5.401867716040175,-10.35921026939494,-6.127342553354765,2.2981322839598253,-0.22365904874166462,-0.003592008588251974,6.127342553354765,2.2981322839598253,0.22365904874166462,0.003592008588251974,True,True,strong,low,low,low,-0.11563947105670914,0.022796597488178104,0.0004629081072923746,0.0004612385097773602,0.00048318356000881806,1200,500,10,113.15339016914368
-7.7,1.17,0.22,0.004,14,952351705,True,,60,-0.11,-0.11681998793860666,0.013971398682981997,-5.9204271029737425,3.709408683091897,0.0002483303535115951,-0.11534777398037421,0.3000387282050313,-7.815309495456132,0.0029612199691654486,-86.18411745213845,-86.30052046777755,-151.8965120931664,-156.2236626866667,-0.11640301563909361,-4.327150593500306,False,False,0.00045282718288679695,0.0014590058497868585,3.2219926385284996,0.0026840535648512986,0.1095889840643118,40.82965612140577,-8.300750627606984,-5.9204271029737425,-2.2110184198818454,2.539408683091897,1.7795728970262576,-0.206028601317018,-0.003751669646488405,2.539408683091897,1.7795728970262576,0.206028601317018,0.003751669646488405,True,True,strong,low,low,low,-0.10890485520257182,0.021924057258283364,0.0004619635466626236,0.0004612971562318594,0.0004837545083003144,1200,500,10,110.34194707870483
-7.7,1.17,0.22,0.004,15,683493810,True,,60,-0.11,-0.12761392597193616,-0.12921454336281937,-5.4836204630728,-1.502593766757007,0.0005181838504153196,-0.12658667134948243,0.00813584902990106,-14.118830555356016,0.00431879351847026,-78.45813673490954,-78.23846405009222,-136.44455065870858,-140.09954985129605,0.2196726848173256,-3.654999192587468,True,False,0.00045282718288679695,0.0014590058497868585,3.2219926385284996,0.004154262086019277,0.0009245400107363595,0.2225521624761711,-7.565180455093568,-5.4836204630728,-6.986214229829807,-2.672593766757007,2.2163795369272004,-0.3492145433628194,-0.0034818161495846806,2.672593766757007,2.2163795369272004,0.3492145433628194,0.0034818161495846806,True,True,strong,low,low,low,-0.11659929963342627,0.021182683745764208,0.0004614515366278648,0.0004585304767198103,0.0004929441746057472,1200,500,10,130.38249611854553
-7.7,1.17,0.22,0.004,16,961723747,True,,60,-0.11,-0.1181842602464217,-0.1180683206645532,-5.708699601686022,-4.603590782496598,0.0003114274873734287,-0.12019507234163346,0.17980797624764272,-12.434055098080716,0.003448345752523727,-86.18553224268561,-85.26009843295894,-151.8993416742607,-154.1428186170295,0.9254338097266697,-2.2434769427687797,True,False,0.00045282718288679695,0.0014590058497868585,3.2219926385284996,0.003316983140830434,3.3222261348959565e-05,0.010015806514060884,-8.07434403215352,-5.708699601686022,-10.31229038418262,-5.773590782496598,1.991300398313978,-0.33806832066455317,-0.0036885725126265716,5.773590782496598,1.991300398313978,0.33806832066455317,0.0036885725126265716,True,True,strong,low,low,low,-0.1140896937764316,0.02060544371288095,0.0004617062171267016,0.00045952151290143623,0.00047838734378690686,1200,500,10,116.1759283542633
-7.7,1.17,0.22,0.004,17,574782882,True,,60,-0.11,-0.10492988761149928,0.02540169924135883,-5.361408741064457,-4.996757145598537,0.00036115584740932803,-0.10527130242229424,0.08598381016135173,-8.554554730131116,0.0039455561205384015,-80.18051620069379,-79.61091444438895,-139.88930959027707,-142.84445063988952,0.5696017563048343,-2.9551410496124504,True,False,0.00045282718288679695,0.0014590058497868585,3.2219926385284996,0.004694288410514605,3.173260405170714e-05,0.006759832646973755,-7.926200982516316,-5.361408741064457,-10.358165886662995,-6.166757145598537,2.3385912589355433,-0.19459830075864118,-0.003638844152590672,6.166757145598537,2.3385912589355433,0.19459830075864118,0.003638844152590672,True,True,strong,low,low,low,-0.10484069541401982,0.021426798414417567,0.00046242044440889495,0.00046129668840714675,0.0004820394838565589,1200,500,10,113.43847179412842
-7.7,1.17,0.22,0.004,18,1070434675,True,,60,-0.11,-0.12457058131526708,0.02127932657911575,-6.017514016870521,4.9999387762952825,0.0003936589167431245,-0.1244454889638787,0.10405819005028889,-11.419995118616388,0.003488742885263854,-84.33369036596642,-84.5302968333634,-148.19565792082233,-152.6832154178384,-0.1966064673969754,-4.48755749701607,False,False,0.00045282718288679695,0.0014590058497868585,3.2219926385284996,0.0024357172266885937,0.36147035706154496,148.40407297729348,-7.840025717140765,-6.017514016870521,-1.0175752405752387,3.8299387762952826,1.682485983129479,-0.19872067342088426,-0.0036063410832568757,3.8299387762952826,1.682485983129479,0.19872067342088426,0.0036063410832568757,True,True,strong,low,low,low,-0.11428176115222918,0.019364438144943725,0.0004612070525571202,0.0004591842613127205,0.00048519844165116735,1200,500,10,101.11272692680359
-7.7,1.17,0.22,0.004,19,565410840,True,,60,-0.11,-0.12433381454792954,-0.07370205872294613,-5.905354916786512,4.99955247487745,0.0003257522039369459,-0.12206518521036694,0.164285038393724,-9.713850282663893,0.0037896094412153488,-82.82769520235543,-81.76013469796293,-145.18366759360035,-147.14289114703746,1.0675605043925032,-1.9592235534371127,True,False,0.00045282718288679695,0.0014590058497868585,3.2219926385284996,0.0027248145266814167,0.4042173939505032,148.3467553451443,-8.029373576250984,-5.905354916786512,-0.9058024419090618,3.82955247487745,1.7946450832134886,-0.29370205872294614,-0.0036742477960630543,3.82955247487745,1.7946450832134886,0.29370205872294614,0.0036742477960630543,True,True,strong,low,low,low,-0.11166314632183609,0.01849491700163281,0.00046111438456017303,0.00046074558124538226,0.00048029423237627125,1200,500,10,96.66560292243958
-7.7,1.17,0.22,0.004,20,1079806717,True,,60,-0.11,-0.09550891236757539,-0.006815624966138191,-4.8875742986009,-4.998772933781838,0.0005773667706318359,-0.09490009845413405,0.30267773334258363,-6.838281217848815,0.005147698218408699,-67.41005715982274,-67.16366768702713,-114.34839150853497,-117.94995712516585,0.24638947279561307,-3.6015656166308787,True,False,0.00045282718288679695,0.0014590058497868585,3.2219926385284996,0.007539689346044515,5.086440291635113e-05,0.0067462199809380395,-7.457032842388324,-4.8875742986009,-9.88634723238274,-6.168772933781838,2.8124257013991,-0.2268156249661382,-0.0034226332293681642,6.168772933781838,2.8124257013991,0.2268156249661382,0.0034226332293681642,True,True,strong,low,low,low,-0.10790113853453077,0.02104306366679621,0.0004616836325929933,0.0004593461928660572,0.0004867846072705256,1200,500,10,114.11594700813293
-7.7,1.17,0.22,0.004,21,577540623,True,,60,-0.11,-0.11564323014427179,-0.07862301457731186,-5.582726305958929,-4.749706557203563,0.00043185469691216656,-0.11788079584858624,-0.9297275606842769,-20.961451812255326,0.0035282408304362226,-84.6210096272083,-84.20170603767592,-148.77029644330608,-152.02603382646345,0.419303589532376,-3.255737383157367,True,False,0.00045282718288679695,0.0014590058497868585,3.2219926385284996,0.003762294358462585,3.255977708417502e-05,0.0086542343532844,-7.74742137603878,-5.582726305958929,-10.332432863162492,-5.919706557203563,2.117273694041071,-0.2986230145773119,-0.0035681453030878335,5.919706557203563,2.117273694041071,0.2986230145773119,0.0035681453030878335,True,True,strong,low,low,low,-0.10832227051986314,0.02499934948745322,0.0004635752641153861,0.00046149857334523844,0.0004847587294908339,1200,500,10,112.16469407081604
-7.7,1.17,0.22,0.004,22,1188517645,True,,60,-0.11,-0.12115148597704713,0.0852863904272609,-5.523741178195747,-0.5607107123525402,0.0004985339588970371,-0.12926622343037325,0.35071096998266527,-5.838593582005758,0.0021152163067687394,-76.82917018948912,-76.1415745881084,-133.18661756786773,-135.9057709273284,0.6875956013807212,-2.7191533594606767,True,False,0.00045282718288679695,0.0014590058497868585,3.2219926385284996,0.003990889349940603,0.0022780125823601304,0.5708032427393744,-7.6038388487220345,-5.523741178195747,-6.084451890548287,-1.7307107123525403,2.176258821804253,-0.1347136095727391,-0.003501466041102963,1.7307107123525403,2.176258821804253,0.1347136095727391,0.003501466041102963,True,True,strong,low,low,low,-0.11314569429582019,0.022169717730937694,0.00046292354278331223,0.00046179741039705733,0.0004823730048844338,1200,500,10,89.13830137252808
-7.7,1.17,0.22,0.004,23,586912665,True,,60,-0.11,-0.10957402178132687,-0.21088418694514197,-5.97002447926824,0.6589075444765808,0.0003567535228967566,-0.11168019550719002,0.18421563358140444,-13.864860112369476,0.003212988104518625,-88.17039026567168,-87.03573407707428,-155.86905772023286,-157.69408990526017,1.134656188597404,-1.825032185027311,True,False,0.00045282718288679695,0.0014590058497868585,3.2219926385284996,0.0025541788937974417,0.004936409989277486,1.9326798139570598,-7.938465426682696,-5.97002447926824,-5.311116934791659,-0.5110924555234191,1.7299755207317604,-0.43088418694514197,-0.0036432464771032434,0.5110924555234191,1.7299755207317604,0.43088418694514197,0.0036432464771032434,True,True,strong,low,low,low,-0.10766389892322857,0.020998284861361842,0.00046212776792776435,0.0004606652800153735,0.0004813598835551818,1200,500,10,99.12816071510315
-7.7,1.17,0.22,0.004,24,949593964,True,,60,-0.11,-0.10535008177457682,-0.10787723617755478,-5.821466411818214,-0.5126472322235689,0.0003417204427123345,-0.1063387709140723,-0.9060643064728764,-21.240015590523647,0.0031790883795079347,-87.0047690579463,-87.28821546370521,-153.5378153047821,-158.19905267852204,-0.2834464057589088,-4.661237373739937,False,False,0.00045282718288679695,0.0014590058497868585,3.2219926385284996,0.002963256602680854,0.0017747181736989383,0.5989080297984835,-7.981517574140508,-5.821466411818214,-6.334113644041783,-1.6826472322235688,1.878533588181786,-0.32787723617755477,-0.0036582795572876656,1.6826472322235688,1.878533588181786,0.32787723617755477,0.0036582795572876656,True,True,strong,low,low,low,-0.10377984494247249,0.021104996323606615,0.00046229426434339367,0.00046117485170390924,0.00047846625030368363,1200,500,10,103.44460844993591
-7.7,1.17,0.22,0.004,25,695623593,True,,60,-0.11,-0.11115880071167232,0.005788105564995592,-5.223910833890654,-4.9999999782912,0.00048559828584492315,-0.11037264041249539,-0.4893059996258811,-18.268777727444608,0.004712383131114457,-75.86808057990011,-75.69927468335592,-131.2644383486897,-135.02117111782346,0.16880589654418543,-3.756732769133748,True,False,0.00045282718288679695,0.0014590058497868585,3.2219926385284996,0.005386223258108449,3.629208762623384e-05,0.0067379471453582135,-7.630128848198603,-5.223910833890654,-10.223910812181854,-6.1699999782912,2.476089166109346,-0.2142118944350044,-0.003514401714155077,6.1699999782912,2.476089166109346,0.2142118944350044,0.003514401714155077,True,True,strong,low,low,low,-0.11167442456848818,0.021591740738172396,0.00046222416220635253,0.0004619174904228714,0.0004801459934282333,1200,500,10,126.42293810844421
-7.7,1.17,0.22,0.004,26,1954126148,True,,60,-0.11,-0.11479770058726574,-0.14390009962897407,-5.863778019827469,4.999999911326695,0.0003884437209340808,-0.11647904714336427,0.1979959929293101,-11.406975233385456,0.004140002801531761,-80.33312194176222,-79.22661298924363,-140.19452107241392,-142.07584772959888,1.1065089525185812,-1.8813266571849567,True,False,0.00045282718288679695,0.0014590058497868585,3.2219926385284996,0.0028404919504310053,0.421566346387222,148.41314594229183,-7.85336226111069,-5.863778019827469,-0.8637781085007745,3.829999911326695,1.8362219801725308,-0.36390009962897407,-0.0036115562790659194,3.829999911326695,1.8362219801725308,0.36390009962897407,0.0036115562790659194,True,True,strong,low,low,low,-0.11228704416852865,0.02232282562621547,0.00046162122984799107,0.00045929055637776396,0.0005039546072818325,1200,500,10,107.16986727714539
-7.7,1.17,0.22,0.004,27,704995635,True,,60,-0.11,-0.11188927055684336,0.2767113563215719,-5.455986887357994,-3.832246725818701,0.00034679481100724133,-0.10987097572367521,0.33169913764630715,-5.644971571570316,0.0004185963273563654,-80.99377263849898,-80.64780889428576,-141.51582246588745,-144.91823953968313,0.34596374421322196,-3.402417073795675,True,False,0.00045282718288679695,0.0014590058497868585,3.2219926385284996,0.004270660040926108,9.250631799065872e-05,0.021660894827535453,-7.966777275663364,-5.455986887357994,-9.288233613176695,-5.002246725818701,2.2440131126420058,0.0567113563215719,-0.0036532051889927586,5.002246725818701,2.2440131126420058,0.0567113563215719,0.0036532051889927586,True,True,strong,low,low,low,-0.11263743603096958,0.021234045754724283,0.0004624842157412643,0.000461767050710075,0.0004804030342338899,1200,500,10,102.15397000312805
-7.7,1.17,0.22,0.004,28,1944754106,True,,60,-0.11,-0.11842330765597346,-0.36881420141545995,-6.024065192247413,4.999999980748799,0.00027614570388768733,-0.11653002856267028,-0.13045963446455155,-14.263816829709448,0.003796076476843015,-85.97503251865156,-82.05315930784798,-151.4783422261926,-147.72894036680756,3.9218732108035823,3.7494018593850456,True,True,0.00045282718288679695,0.0014590058497868585,3.2219926385284996,0.0024198125699486767,0.35913202102848507,148.41315624544512,-8.19458191890743,-6.024065192247413,-1.0240652114986135,3.8299999807487994,1.6759348077525873,-0.5888142014154599,-0.0037238542961123126,3.8299999807487994,1.6759348077525873,0.5888142014154599,0.0037238542961123126,True,True,strong,low,low,low,-0.10422088423482148,0.023470615234559365,0.0004630294195830976,0.0004606302024210537,0.0004877653241067939,1200,500,10,126.20037651062012
-7.7,1.17,0.22,0.004,29,813706563,True,,60,-0.11,-0.10805623490957499,0.09620794425821545,-5.5405880982207485,4.9984252351186385,0.000585504074466154,-0.10082816561769928,0.3657466275591541,-5.9663691642480865,0.0034429629779581202,-66.52793777056631,-66.94200081070201,-112.58415273002211,-117.50662337251562,-0.4140630401357015,-4.922470642493508,False,False,0.00045282718288679695,0.0014590058497868585,3.2219926385284996,0.003924218333738545,0.5814892097403533,148.17962719887126,-7.443037415999129,-5.5405880982207485,-0.54216286310211,3.8284252351186385,2.1594119017792517,-0.12379205574178455,-0.003414495925533846,3.8284252351186385,2.1594119017792517,0.12379205574178455,0.003414495925533846,True,True,strong,low,low,low,-0.10862080367600474,0.020723514980364153,0.00046230981911063364,0.0004620903780034793,0.0004804258691126007,1200,500,10,93.79010963439941
-7.7,1.17,0.22,0.004,30,1836043178,True,,60,-0.11,-0.128961349113034,0.08288310274569054,-5.19991459988183,-4.486215897741774,0.0005718319777342505,-0.1288023811088209,0.3818064893783784,-7.207617838802749,0.004265071625544496,-74.20917783546818,-73.69335298881775,-127.94663285982585,-131.0093277287471,0.5158248466504318,-3.0626948689212554,True,False,0.00045282718288679695,0.0014590058497868585,3.2219926385284996,0.005517035556131419,6.213938832020079e-05,0.01126318431120886,-7.466665354955896,-5.19991459988183,-9.686130497623605,-5.656215897741774,2.50008540011817,-0.13711689725430948,-0.0034281680222657497,5.656215897741774,2.50008540011817,0.13711689725430948,0.0034281680222657497,True,True,strong,low,low,low,-0.11380488298635323,0.021285431481036992,0.0004625952433869864,0.000461760564065379,0.0004801356434669982,1200,500,10,130.54108691215515
-7.7,1.17,0.22,0.004,31,823078605,True,,60,-0.11,-0.11845969459104749,0.14408099643518807,-5.593176074039639,1.9368862761054397,0.0004946982717793244,-0.11783591601795967,0.29886846408614465,-6.713905350631682,0.0034926512196751776,-74.50955829305363,-74.53223385783897,-128.54739377499675,-132.68708946678956,-0.02267556478534516,-4.139695691792809,False,False,0.00045282718288679695,0.0014590058497868585,3.2219926385284996,0.0037231839581679453,0.02582816287920943,6.937117039986014,-7.611562533208869,-5.593176074039639,-3.6562897979341993,0.7668862761054398,2.106823925960361,-0.07591900356481193,-0.0035053017282206758,0.7668862761054398,2.106823925960361,0.07591900356481193,0.0035053017282206758,True,True,strong,low,low,low,-0.10954173199913532,0.023841067375252684,0.00046318065114843595,0.0004612848699254189,0.00048111223706063296,1200,500,10,111.39873600006104
-7.7,1.17,0.22,0.004,32,320812511,True,,60,-0.11,-0.13481409398696584,0.10012145240624123,-5.036860786842146,-4.999999967503385,0.0004446926610870256,-0.13500579770812166,0.38962635621783065,-6.562770106253179,0.0038525929052562347,-72.65222603541983,-72.0495827179456,-124.83272925972915,-127.72178718700279,0.6026433174742323,-2.8890579272736403,True,False,0.00045282718288679695,0.0014590058497868585,3.2219926385284996,0.006494102725887414,4.375692139559766e-05,0.006737947218045942,-7.71812716364873,-5.036860786842146,-10.03686075434553,-6.169999967503385,2.663139213157854,-0.11987854759375877,-0.0035553073389129747,6.169999967503385,2.663139213157854,0.11987854759375877,0.0035553073389129747,True,True,strong,low,low,low,-0.11748539402987673,0.026759041357911056,0.0004645854992839611,0.00046319877544203025,0.0004892531786423139,1200,500,10,109.746018409729
-7.7,1.17,0.22,0.004,33,181453583,True,,60,-0.11,-0.0917522559747856,-0.10432508614689633,-5.296745867808154,-4.999982384154688,0.00038760372335033214,-0.09623530216874943,-0.18657564404920604,-12.03087947673899,0.004396316469682963,-77.74300021809685,-77.61729381066664,-135.0142776250832,-138.85720937244488,0.125706407430215,-3.842931747361689,True,False,0.00045282718288679695,0.0014590058497868585,3.2219926385284996,0.005007863670955564,3.3743314405315515e-05,0.006738065694762985,-7.855527071826795,-5.296745867808154,-10.296728251962842,-6.169982384154688,2.4032541321918464,-0.3243250861468963,-0.003612396276649668,6.169982384154688,2.4032541321918464,0.3243250861468963,0.003612396276649668,True,True,strong,low,low,low,-0.11182009621867238,0.021035522038212826,0.0004617917654947554,0.0004613046480036412,0.00047858662830041774,1200,500,10,112.36558842658997
-7.7,1.17,0.22,0.004,34,1717960208,True,,60,-0.11,-0.11861701733324662,0.12375492529068405,-5.369659651218042,-4.999999965211268,0.00035454513258620184,-0.12161155433692744,0.45413966315021537,-6.415161645894383,0.0026022769934677145,-79.8118994479069,-79.20776577526193,-139.15207608470328,-142.03815330163548,0.6041336726449629,-2.8860772169321933,True,False,0.00045282718288679695,0.0014590058497868585,3.2219926385284996,0.004655715607797373,3.1369966099475e-05,0.0067379472334901025,-7.944674906735519,-5.369659651218042,-10.36965961642931,-6.169999965211268,2.3303403487819585,-0.09624507470931595,-0.003645454867413798,6.169999965211268,2.3303403487819585,0.09624507470931595,0.003645454867413798,True,True,strong,low,low,low,-0.11011900344644168,0.023399229221385796,0.00046336259558487925,0.0004633330065882574,0.0004794238223507917,1200,500,10,108.4523138999939
-7.7,1.17,0.22,0.004,35,72742655,True,,60,-0.11,-0.1216623367171426,0.081295069924697,-5.888305994268217,4.6495783190797635,0.000417865162997459,-0.11974880648915429,0.4224998581912166,-6.671842949224207,0.0025237294234301006,-81.27395413852055,-81.33872046673604,-142.0761854659306,-146.30006268458368,-0.06476632821548378,-4.223877218653087,False,False,0.00045282718288679695,0.0014590058497868585,3.2219926385284996,0.0027716679436767303,0.28975264298806913,104.54089338122533,-7.780351754039631,-5.888305994268217,-1.2387276751884535,3.4795783190797636,1.8116940057317832,-0.138704930075303,-0.003582134837002541,3.4795783190797636,1.8116940057317832,0.138704930075303,0.003582134837002541,True,True,strong,low,low,low,-0.1071424736757185,0.02115363555084475,0.0004620360287459301,0.0004609898754583468,0.000478917814324113,1200,500,10,133.13300013542175
-7.7,1.17,0.22,0.004,36,438895481,True,,60,-0.11,-0.09182878956438244,-0.0830933393972197,-5.491648007862246,-0.09068087555709667,0.00042012996215491324,-0.0940808630409066,-0.37421832716389947,-11.130279266488973,0.004309765836956351,-77.45200773208705,-77.94933759399926,-134.4322926530636,-139.52129693911013,-0.4973298619122062,-5.089004286046531,False,False,0.00045282718288679695,0.0014590058497868585,3.2219926385284996,0.004121047056991859,0.0037637898761977424,0.9133091236636123,-7.77494646084942,-5.491648007862246,-5.5823288834193425,-1.2606808755570966,2.2083519921377546,-0.3030933393972197,-0.003579870037845087,1.2606808755570966,2.2083519921377546,0.3030933393972197,0.003579870037845087,True,True,strong,low,low,low,-0.10900264551936205,0.02171177413332608,0.00046256172706491745,0.00046158274137855613,0.0004866477392343078,1200,500,10,94.73130440711975
-7.7,1.17,0.22,0.004,37,63370613,True,,60,-0.11,-0.11210192671142463,0.038188923059934536,-6.009788431353881,3.1458277438529527,0.0002228606202606378,-0.11190535736953335,0.3722117748865647,-7.860211990328817,0.0026364100761874757,-88.68218395352353,-88.992560443776,-156.89264509593656,-161.6077426386636,-0.31037649025246594,-4.715097542727051,False,False,0.00045282718288679695,0.0014590058497868585,3.2219926385284996,0.002454607443455656,0.05704238519886824,23.238903373715264,-8.40896400316411,-6.009788431353881,-2.8639606875009282,1.9758277438529528,1.6902115686461192,-0.18181107694006546,-0.0037771393797393625,1.9758277438529528,1.6902115686461192,0.18181107694006546,0.0037771393797393625,True,True,strong,low,low,low,-0.10891979881785373,0.02173066802899778,0.000462184893862827,0.0004613700089539926,0.00048078029025207795,1200,500,10,119.04828953742981
-7.7,1.17,0.22,0.004,38,547606409,True,,60,-0.11,-0.10095450199262039,-0.1655833533712723,-5.768348957307201,-4.995439104542285,0.0004309825243134113,-0.10118899905265392,-0.17984935597915216,-11.730965192455557,0.0032592882866591373,-87.23557581606352,-86.52797045750586,-153.99942882101652,-156.67856266612333,0.7076053585576574,-2.6791338451068043,True,False,0.00045282718288679695,0.0014590058497868585,3.2219926385284996,0.003124912621492158,2.1151746863802203e-05,0.006768748258215982,-7.749443015519204,-5.768348957307201,-10.763788061849485,-6.165439104542285,1.931651042692799,-0.3855833533712723,-0.003569017475686589,6.165439104542285,1.931651042692799,0.3855833533712723,0.003569017475686589,True,True,strong,low,low,low,-0.1135014143750404,0.021424154588257735,0.0004619795035116755,0.000460634935240062,0.00047957782855824677,1200,500,10,110.10710287094116
-7.7,1.17,0.22,0.004,39,2102143332,True,,60,-0.11,-0.10161220656310987,-0.06745796071907507,-5.7268111814615175,-3.4387794312058495,0.0003073151317060797,-0.10135575274045602,-0.07431369800022655,-10.578453227488431,0.003120051029076448,-87.04117437437768,-87.42656965199305,-153.61062593764484,-158.4757610550977,-0.3853952776153733,-4.865135117452866,False,False,0.00045282718288679695,0.0014590058497868585,3.2219926385284996,0.003257448100306934,0.00010457661339226666,0.032103846376681476,-8.087636849213311,-5.7268111814615175,-9.165590612667367,-4.60877943120585,1.9731888185384827,-0.2874579607190751,-0.00369268486829392,4.60877943120585,1.9731888185384827,0.2874579607190751,0.00369268486829392,True,True,strong,low,low,low,-0.10712549379918544,0.020104808497872717,0.0004614306766985134,0.00046105668138494933,0.0004766402359963989,1200,500,10,98.1792631149292
-7.7,1.17,0.22,0.004,40,556264665,True,,60,-0.11,-0.10211407371186225,-0.43812811027612,-6.217383707591599,4.999717665354192,0.00044185229115234714,-0.10183034537185207,0.24703186828169235,-12.690093165299785,0.0034896092295188265,-90.42540759034908,-84.58265342003912,-160.37909236958765,-152.78792859118985,5.842754170309959,7.591163778397799,True,True,0.00045282718288679695,0.0014590058497868585,3.2219926385284996,0.001994456478544619,0.29592002640214066,148.37126284052954,-7.724534914651371,-6.217383707591599,-1.2176660422374077,3.829717665354192,1.4826162924084008,-0.65812811027612,-0.003558147708847653,3.829717665354192,1.4826162924084008,0.65812811027612,0.003558147708847653,True,True,strong,low,low,low,-0.10301956867093368,0.020689882094707103,0.00046238612923647603,0.00046135239176508993,0.000480254239495609,1200,500,10,126.88428521156311
-7.7,1.17,0.22,0.004,41,2092771290,True,,60,-0.11,-0.09804749579494515,-0.084793896603287,-5.639555016262932,4.999999980748799,0.0006177677548296158,-0.09989397157106045,0.03233245388060436,-11.28114921393091,0.005495831035375375,-71.75361802620345,-70.89353000753364,-123.0355132412964,-125.40968176617888,0.8600880186698134,-2.374168524882478,True,False,0.00045282718288679695,0.0014590058497868585,3.2219926385284996,0.0035544497266869236,0.5275271026533661,148.41315624544512,-7.3893979723841445,-5.639555016262932,-0.6395550355141326,3.8299999807487994,2.060444983737068,-0.304793896603287,-0.003382232245170384,3.8299999807487994,2.060444983737068,0.304793896603287,0.003382232245170384,True,True,strong,low,low,low,-0.1074583629725704,0.022050678834969657,0.00046230079182795305,0.0004609978374543529,0.0004886831747537377,1200,500,10,128.58354449272156
-7.7,1.17,0.22,0.004,42,1699929914,True,,60,-0.11,-0.08564417436277533,0.02524257513738371,-5.236804563964273,-4.999994346535389,0.0004792774265958086,-0.09009542985201181,-0.09121456303752815,-9.831053782262314,0.0047274574441437175,-75.35847829444074,-75.05155508784398,-130.24523377777098,-133.72573192679957,0.306923206596764,-3.480498149028591,True,False,0.00045282718288679695,0.0014590058497868585,3.2219926385284996,0.005317220556369801,3.5827352839366293e-05,0.006737985091938056,-7.64323094951572,-5.236804563964273,-10.236798910499662,-6.169994346535389,2.4631954360357273,-0.1947574248626163,-0.0035207225734041913,6.169994346535389,2.4631954360357273,0.1947574248626163,0.0035207225734041913,True,True,strong,low,low,low,-0.11017886085752386,0.026092885447635324,0.00046394787805640133,0.000462622096660676,0.0004916406624269586,1200,500,10,103.1019070148468
-7.7,1.17,0.22,0.004,43,1984060362,True,,60,-0.11,-0.11432577132400348,-0.1506697111252431,-5.490059972192481,-2.815246643383762,0.0003919807714746765,-0.11693724960243013,0.6276516470473671,-14.752545808178013,0.004178334356133699,-79.41251629933052,-79.14261865113768,-138.35330978755053,-141.90785905338697,0.26989764819283835,-3.5545492658364424,True,False,0.00045282718288679695,0.0014590058497868585,3.2219926385284996,0.004127596625813173,0.00024720153679884843,0.05988994545951966,-7.844297771737437,-5.490059972192481,-8.305306615576242,-3.985246643383762,2.2099400278075194,-0.3706697111252431,-0.0036080192285253237,3.985246643383762,2.2099400278075194,0.3706697111252431,0.0036080192285253237,True,True,strong,low,low,low,-0.11469412964699864,0.02463441997345352,0.00046330886968483695,0.0004603595835388554,0.00048539124254265393,1200,500,10,118.71477246284485
-7.7,1.17,0.22,0.004,44,438181695,True,,60,-0.11,-0.11318792818610388,0.12537092915825757,-5.290006919995309,-4.968542776199789,0.000543328214845884,-0.1138743688661811,0.3611210291494444,-6.641025005914508,0.0032210392055502563,-75.97364845513574,-76.20214403429665,-131.47557409916098,-136.0269098197049,-0.22849557916090646,-4.551335720543932,False,False,0.00045282718288679695,0.0014590058497868585,3.2219926385284996,0.005041725370854347,3.505649355395592e-05,0.006953273130784474,-7.517796973404997,-5.290006919995309,-10.258549696195098,-6.138542776199789,2.409993080004691,-0.09462907084174244,-0.003456671785154116,6.138542776199789,2.409993080004691,0.09462907084174244,0.003456671785154116,True,True,strong,low,low,low,-0.11253061431766713,0.023488600372467732,0.0004626907618704472,0.0004594206684051677,0.00048525138339065393,1200,500,10,107.49629664421082
-7.7,1.17,0.22,0.004,45,1974688320,True,,60,-0.11,-0.11371819037595791,-0.13719274999394132,-5.852511598055061,4.999999980748799,0.0004955412806295514,-0.11344857517677426,0.11858614002440324,-9.856590463124572,0.004216702316856099,-79.13110145018048,-78.45383262482572,-137.79048008925045,-140.53028700076305,0.6772688253547585,-2.739806911512602,True,False,0.00045282718288679695,0.0014590058497868585,3.2219926385284996,0.0028726750847458227,0.42634277619477906,148.41315624544512,-7.609859896605775,-5.852511598055061,-0.8525116173062619,3.8299999807487994,1.847488401944939,-0.35719274999394135,-0.003504458719370449,3.8299999807487994,1.847488401944939,0.35719274999394135,0.003504458719370449,True,True,strong,low,low,low,-0.11679165021173234,0.022437978704142103,0.00046296266064547927,0.0004604649081882045,0.0004862281731258161,1200,500,10,137.29096055030823
-7.7,1.17,0.22,0.004,46,329470767,True,,60,-0.11,-0.11019626785753232,0.04083580527234503,-5.596216096678469,4.999999980748799,0.0005518954985600291,-0.11191672172904865,0.33725427673088376,-7.258284731229521,0.0048062870462734,-71.46834961134138,-70.91042681149716,-122.46497641157225,-125.44347537410592,0.5579227998442207,-2.9784989625336635,True,False,0.00045282718288679695,0.0014590058497868585,3.2219926385284996,0.0037118825815706346,0.5508922095433888,148.41315624544512,-7.5021518438122206,-5.596216096678469,-0.5962161159296695,3.8299999807487994,2.1037839033215313,-0.17916419472765496,-0.0034481045014399707,3.8299999807487994,2.1037839033215313,0.17916419472765496,0.0034481045014399707,True,True,strong,low,low,low,-0.11034066113341127,0.022455211876523676,0.00046259995343766606,0.0004610297683180221,0.0004831292548172403,1200,500,10,102.13136625289917
-7.7,1.17,0.22,0.004,47,1315746790,True,,60,-0.11,-0.09723523494308102,-0.10318376770330576,-5.854152411426605,4.210896848767282,0.0003246481070498235,-0.09903292586527128,-0.029337071113079434,-10.641998425383658,0.0038770156025464005,-81.9963804014446,-81.24192332165396,-143.52103799177868,-146.10646839441952,0.7544570797906403,-2.5854304026408386,True,False,0.00045282718288679695,0.0014590058497868585,3.2219926385284996,0.002867965425946877,0.19334955496092163,67.41697553661619,-8.032768709768119,-5.854152411426605,-1.6432555626593226,3.0408968487672823,1.8458475885733954,-0.32318376770330576,-0.003675351892950177,3.0408968487672823,1.8458475885733954,0.32318376770330576,0.003675351892950177,True,True,strong,low,low,low,-0.11176233009688698,0.0216277919028103,0.00046239898103400516,0.00046158169212878915,0.00047901356525313686,1200,500,10,117.08124303817749
-7.7,1.17,0.22,0.004,48,320098725,True,,60,-0.11,-0.1096842447260194,0.18421670008430338,-5.6283390604528165,-4.999994613500932,0.0003522031512853604,-0.11073598558259075,0.4183232020907479,-6.537782938277605,0.001695400876300866,-84.81160035079506,-84.90810213159618,-149.1514778904796,-153.43882601430397,-0.09650178080111971,-4.2873481238243585,False,False,0.00045282718288679695,0.0014590058497868585,3.2219926385284996,0.0035945406866903992,2.421995509339039e-05,0.006737983293128447,-7.951302414510736,-5.6283390604528165,-10.628333673953748,-6.169994613500932,2.0716609395471837,-0.03578329991569662,-0.00364779684871464,6.169994613500932,2.0716609395471837,0.03578329991569662,0.00364779684871464,True,True,strong,low,low,low,-0.11258730564789877,0.020951322226879874,0.0004623205538080305,0.00046180940075113994,0.00047894616391429013,1200,500,10,99.12039017677307
-7.7,1.17,0.22,0.004,49,1325118832,True,,60,-0.11,-0.11742113148141728,0.25742340441656103,-5.2359272120044515,-4.99998461725762,0.00044607174588678835,-0.11158060448518706,0.44589027227807754,-6.054421091367033,0.0019106166945544476,-76.06239985287606,-75.36130200317443,-131.6530768946416,-134.34522575746047,0.7010978497016254,-2.6921488628188683,True,False,0.00045282718288679695,0.0014590058497868585,3.2219926385284996,0.005321887677300207,3.5859148712538815e-05,0.006738050647985526,-7.715030753664617,-5.2359272120044515,-10.235911829262072,-6.16998461725762,2.4640727879955486,0.03742340441656103,-0.003553928254113212,6.16998461725762,2.4640727879955486,0.03742340441656103,0.003553928254113212,True,True,strong,low,low,low,-0.11257528222364899,0.02128290140732856,0.0004620670141394691,0.00046112330208697785,0.00048221036197483244,1200,500,10,89.43168663978577
-7.7,1.17,0.22,0.004,50,211387797,True,,60,-0.11,-0.11968791610363606,-0.04048314490613675,-5.477472148941245,-4.9999999782912,0.0003690200967976126,-0.11957390301390641,0.22847227966122452,-9.24828525064843,0.003560801807545787,-83.96709131422566,-83.39659705560437,-147.4624598173408,-150.41581586232036,0.5704942586212809,-2.9533560449795573,True,False,0.00045282718288679695,0.0014590058497868585,3.2219926385284996,0.004179882474699878,2.816382718833684e-05,0.0067379471453582135,-7.904659452540637,-5.477472148941245,-10.477472127232446,-6.1699999782912,2.2225278510587554,-0.2604831449061368,-0.0036309799032023873,6.1699999782912,2.2225278510587554,0.2604831449061368,0.0036309799032023873,True,True,strong,low,low,low,-0.11500639216803027,0.020661980837217462,0.00046188950664740697,0.0004594703020267204,0.00047644977568582774,1200,500,10,129.8200101852417
-7.7,1.17,0.22,0.004,51,1433829760,True,,60,-0.11,-0.11209117758862548,0.07423771633903266,-5.0542082607244385,-3.677279536085943,0.0006306980123563016,-0.11172840056771245,0.5084343811575087,-6.789620911874989,0.0043447408021047955,-68.32618452253087,-69.31674303937724,-116.18064623395122,-122.25610782986608,-0.9905585168463773,-6.0754615959148595,False,False,0.00045282718288679695,0.0014590058497868585,3.2219926385284996,0.006382417973429784,0.00016142211417317752,0.02529168644942762,-7.368683395787978,-5.0542082607244385,-8.73148779681038,-4.847279536085943,2.6457917392755617,-0.14576228366096733,-0.0033693019876436985,4.847279536085943,2.6457917392755617,0.14576228366096733,0.0033693019876436985,True,True,strong,low,low,low,-0.10657924080463937,0.021059078254692404,0.00046147449037979343,0.0004588502228459469,0.0004861710413900445,1200,500,10,102.12995076179504
-7.7,1.17,0.22,0.004,52,832224780,True,,60,-0.11,-0.11428469494095964,-0.014306081992604542,-5.6431529020211215,0.38437196203766055,0.0003724103492891436,-0.11101997227360985,0.44693788729765505,-7.055720832778801,0.002983094253886059,-80.75060575850794,-80.71857870375922,-141.02948870590538,-145.05977915863005,0.032027054748724026,-4.030290452724671,True,False,0.00045282718288679695,0.0014590058497868585,3.2219926385284996,0.0035416842008594374,0.005201641968920899,1.4686916376278405,-7.895514222160345,-5.6431529020211215,-5.258780939983461,-0.7856280379623394,2.0568470979788787,-0.23430608199260455,-0.0036275896507108564,0.7856280379623394,2.0568470979788787,0.23430608199260455,0.0036275896507108564,True,True,strong,low,low,low,-0.10836963034780431,0.02380497356515706,0.0004627005096123032,0.00045927132425052663,0.0004864286258503506,1200,500,10,103.20327496528625
-7.7,1.17,0.22,0.004,53,1443201802,True,,60,-0.11,-0.09913686961673628,0.3099523788534128,-5.425572134989598,-4.9999999782912,0.00029129091026539695,-0.09390073025021686,0.4648309376981487,-5.6103473673110855,0.000383185993185798,-82.10905922483785,-80.36544965905105,-143.7463956385652,-144.3535210692137,1.743609565786798,-0.607125430648523,True,False,0.00045282718288679695,0.0014590058497868585,3.2219926385284996,0.0044025465901620185,2.9664126229488734e-05,0.0067379471453582135,-8.14118809851802,-5.425572134989598,-10.425572113280797,-6.1699999782912,2.274427865010402,0.08995237885341281,-0.003708709089734603,6.1699999782912,2.274427865010402,0.08995237885341281,0.003708709089734603,True,True,strong,low,low,low,-0.10773577000398521,0.024756288450137064,0.00046358657032929534,0.00046181077727434677,0.0004830100584900858,1200,500,10,109.47116684913635
-7.7,1.17,0.22,0.004,54,940935708,True,,60,-0.11,-0.12643454259247766,-0.06615821989087889,-5.846387245140272,-4.9999999782912,0.00023177773571676668,-0.12361119030581716,-0.09122078780942167,-10.435145099422108,0.0026543554100772557,-92.97588733139223,-92.43981916802716,-165.48005185167395,-168.50226008716592,0.5360681633650728,-3.0222082354919735,True,False,0.00045282718288679695,0.0014590058497868585,3.2219926385284996,0.002890322344639138,1.9474839191226353e-05,0.0067379471453582135,-8.369731681211077,-5.846387245140272,-10.84638722343147,-6.1699999782912,1.8536127548597285,-0.28615821989087886,-0.003768222264283233,6.1699999782912,1.8536127548597285,0.28615821989087886,0.003768222264283233,True,True,strong,low,low,low,-0.1156046441198722,0.025302435389918717,0.0004632828637535263,0.0004596942943915107,0.0004898934801700716,1200,500,10,119.17751717567444
-7.7,1.17,0.22,0.004,55,1551912730,True,,60,-0.11,-0.11571781235737746,-0.0721291005260651,-5.229634511704832,-4.835132578697479,0.00042974115866215804,-0.11858285158231954,0.31416032215611256,-7.398969576037331,0.004284131898985444,-74.2235562247232,-74.20500148749541,-127.97538963833588,-132.03262472610243,0.01855473722778811,-4.057235087766543,True,False,0.00045282718288679695,0.0014590058497868585,3.2219926385284996,0.005355482311105967,4.2552706799779066e-05,0.007945634833212895,-7.752327487124912,-5.229634511704832,-10.064767090402311,-6.005132578697479,2.470365488295168,-0.2921291005260651,-0.003570258841337842,6.005132578697479,2.470365488295168,0.2921291005260651,0.003570258841337842,True,True,strong,low,low,low,-0.11045326622312053,0.020499395387101854,0.00046064354443966187,0.0004584663885813879,0.0004798376501889665,1200,500,10,141.8018753528595
-7.7,1.17,0.22,0.004,56,1097837011,True,,60,-0.11,-0.09788184344212245,-0.14263069431474462,-5.58370006817097,-2.638053246235889,0.0003630467947055366,-0.09698058202443349,0.06535762800449571,-9.941205280230918,0.003914345576740435,-81.0240474982073,-80.6778583573915,-141.57637218530408,-144.9783384658946,0.3461891408157953,-3.4019662805905284,True,False,0.00045282718288679695,0.0014590058497868585,3.2219926385284996,0.003758632561534827,0.0002687434598106329,0.07150032768856035,-7.9209788209732,-5.58370006817097,-8.22175331440686,-3.808053246235889,2.1162999318290305,-0.3626306943147446,-0.0036369532052944633,3.808053246235889,2.1162999318290305,0.3626306943147446,0.0036369532052944633,True,True,strong,low,low,low,-0.10670683204800249,0.02015719643252069,0.0004609159847251625,0.0004582089051301545,0.0004816431382613346,1200,500,10,118.47658729553223
-7.7,1.17,0.22,0.004,57,1561284772,True,,60,-0.11,-0.1049636230977767,0.07523523503971441,-5.898621969141413,4.6116225252945355,0.0003307766599883145,-0.1072446898963478,0.43009230670498216,-6.83673691692472,0.002387563115544447,-82.24600999919579,-81.74491897374517,-144.02029718728107,-147.11245969860195,0.50109102545062,-3.092162511320879,True,False,0.00045282718288679695,0.0014590058497868585,3.2219926385284996,0.0027432224605196797,0.27609798894990967,100.64732004913859,-8.0140671535666,-5.898621969141413,-1.2869994438468773,3.4416225252945356,1.8013780308585874,-0.1447647649602856,-0.0036692233400116856,3.4416225252945356,1.8013780308585874,0.1447647649602856,0.0036692233400116856,True,True,strong,low,low,low,-0.11424117911190404,0.022133278461295088,0.0004622583693036023,0.00046146447165751564,0.00048676350292143836,1200,500,10,107.52806210517883
-7.7,1.17,0.22,0.004,58,1059018678,True,,60,-0.11,-0.11599250104105314,0.03399585328457291,-5.670306535510952,-4.9999999782912,0.00031444990552670794,-0.11532657789084888,0.352859873609206,-7.467030272757964,0.0026778920133395294,-86.47142071426278,-85.80407549608158,-152.47111861741504,-155.23077274327477,0.6673452181811967,-2.7596541258597256,True,False,0.00045282718288679695,0.0014590058497868585,3.2219926385284996,0.0034468085449301114,2.3224413795908122e-05,0.0067379471453582135,-8.064685777414597,-5.670306535510952,-10.670306513802153,-6.1699999782912,2.029693464489048,-0.1860041467154271,-0.003685550094473292,6.1699999782912,2.029693464489048,0.1860041467154271,0.003685550094473292,True,True,strong,low,low,low,-0.11579145791990772,0.020321339232179596,0.0004618197695184671,0.00046010837585489005,0.0004819705172605761,1200,500,10,101.30493688583374
-7.7,1.17,0.22,0.004,59,1590731063,True,,60,-0.11,-0.09636609543304163,-0.019227534185875077,-5.233496635244862,-3.8954213279477568,0.0004378235883908399,-0.09831018616830287,0.3396305302913595,-8.28849877457527,0.004601829958120565,-74.3647343323865,-74.60657470230112,-128.2577458536625,-132.83577115571384,-0.24184036991461255,-4.578025302051344,False,False,0.00045282718288679695,0.0014590058497868585,3.2219926385284996,0.00533483866661674,0.00010848290411134397,0.020334805022349793,-7.733694494950891,-5.233496635244862,-9.128917963192619,-5.065421327947757,2.4665033647551384,-0.23922753418587508,-0.00356217641160916,5.065421327947757,2.4665033647551384,0.23922753418587508,0.00356217641160916,True,True,strong,low,low,low,-0.10899406042982598,0.02057671246373574,0.0004618217087456294,0.00046097665384034757,0.00048357872728590806,1200,500,10,100.46765303611755
-7.7,1.17,0.22,0.004,60,1167729606,True,,60,-0.11,-0.11528498450901206,-0.17758008607147166,-5.5099527685945935,-4.9999999782912,0.00024902635703380076,-0.11679275440876613,-0.05308333295544984,-16.967157791110303,0.00346919036737409,-86.01736437143995,-84.82500740783269,-151.5630059317694,-153.27263656677698,1.192356963607267,-1.709630635007585,True,False,0.00045282718288679695,0.0014590058497868585,3.2219926385284996,0.0040462984910734434,2.7263745367195533e-05,0.0067379471453582135,-8.297951815560078,-5.5099527685945935,-10.509952746885794,-6.1699999782912,2.1900472314054067,-0.39758008607147166,-0.0037509736429661993,6.1699999782912,2.1900472314054067,0.39758008607147166,0.0037509736429661993,True,True,strong,low,low,low,-0.1103702535992551,0.02117651380915107,0.00046180147262542,0.0004597530781482533,0.00048128215105645384,1200,500,10,111.89084100723267
-7.7,1.17,0.22,0.004,61,1581359021,True,,60,-0.11,-0.09638163637540562,-0.091950684745669,-5.414869517537405,-4.9999999782912,0.0003516953445384072,-0.09579772888007568,-0.03770961826001176,-11.408145688446307,0.004184069950062134,-80.38204336129643,-79.2289699342165,-140.29236391148234,-142.0805616195446,1.1530734270799314,-1.7881977080622562,True,False,0.00045282718288679695,0.0014590058497868585,3.2219926385284996,0.0044499184111842505,2.9983315055715905e-05,0.0067379471453582135,-7.952745255596664,-5.414869517537405,-10.414869495828604,-6.1699999782912,2.285130482462595,-0.311950684745669,-0.0036483046554615928,6.1699999782912,2.285130482462595,0.311950684745669,0.0036483046554615928,True,True,strong,low,low,low,-0.10078311123081721,0.020819976848995,0.00046239608816601746,0.0004609887064562751,0.0004835232985961061,1200,500,10,102.84494185447693
-7.7,1.17,0.22,0.004,62,1177101648,True,,60,-0.11,-0.09353678978983401,0.12022723039430057,-5.23431681878249,-2.8182689664587075,0.00045518476375252143,-0.09227466180067087,0.3562258742351412,-7.0071920041777584,0.004129434950509102,-72.39622611176009,-72.66585478657653,-124.32072941240966,-128.95433132426467,-0.26962867481644537,-4.63360191185501,False,False,0.00045282718288679695,0.0014590058497868585,3.2219926385284996,0.0053304649136517515,0.0003182778593239484,0.05970921195050236,-7.694807147257765,-5.23431681878249,-8.052585785241199,-3.9882689664587074,2.4656831812175097,-0.09977276960569943,-0.003544815236247479,3.9882689664587074,2.4656831812175097,0.09977276960569943,0.003544815236247479,True,True,strong,low,low,low,-0.10872225003322802,0.020899828906993493,0.0004619817346308847,0.0004605935927076953,0.0004754281290738468,1200,500,10,114.22745990753174
-7.7,1.17,0.22,0.004,63,1472648093,True,,60,-0.11,-0.11026767685843336,0.11063099753628261,-5.690965259795288,4.7535064950415205,0.00046647085672494345,-0.11022046156185328,0.40238140493134084,-6.6929758668714445,0.0033937949027981096,-73.45865051228762,-74.01243538493534,-126.44557821346473,-131.6474925209823,-0.553784872647725,-5.201914307517569,False,False,0.00045282718288679695,0.0014590058497868585,3.2219926385284996,0.0033763323580806,0.3916217749641781,115.99029166275855,-7.67031501181496,-5.690965259795288,-0.9374587647537673,3.5835064950415205,2.0090347402047124,-0.10936900246371739,-0.0035335291432750564,3.5835064950415205,2.0090347402047124,0.10936900246371739,0.0035335291432750564,True,True,strong,low,low,low,-0.10645887380939148,0.024086662762984573,0.0004631322962284939,0.0004624373276256746,0.00048013877823411947,1200,500,10,107.35264348983765
-7.7,1.17,0.22,0.004,64,1285812576,True,,60,-0.11,-0.10594347806694843,-0.13646939631510796,-5.494217900666566,-4.9455333653183065,0.00042001889493374037,-0.10146083383294346,-0.5577606186379641,-20.10716155624918,0.004096707852347488,-80.17222586454636,-79.75403183954135,-139.87272891798222,-143.13068543019432,0.4181940250050076,-3.257956512212104,True,False,0.00045282718288679695,0.0014590058497868585,3.2219926385284996,0.0041104700045804824,2.924648197190137e-05,0.00711511869428817,-7.77521085976131,-5.494217900666566,-10.439751265984873,-6.115533365318306,2.205782099333434,-0.356469396315108,-0.00357998110506626,6.115533365318306,2.205782099333434,0.356469396315108,0.00357998110506626,True,True,strong,low,low,low,-0.10478180520308948,0.02279325388298936,0.00046270991834407603,0.0004603712701329642,0.00048226677058028255,1200,500,10,113.53984308242798
-7.7,1.17,0.22,0.004,65,1463276051,True,,60,-0.11,-0.10433885097717019,0.030660898578481397,-5.446502103702192,2.6185030994254213,0.0005612813039538978,-0.10637888998538789,0.4048656164292631,-6.58847188080882,0.004229498206197464,-68.91826551084985,-68.77332788267228,-117.36480821058919,-121.16927751645615,0.14493762817757272,-3.8044693058669594,True,False,0.00045282718288679695,0.0014590058497868585,3.2219926385284996,0.004311359032938774,0.0591310563593543,13.715177953771223,-7.485288345044229,-5.446502103702192,-2.827999004276771,1.4485030994254213,2.253497896297808,-0.1893391014215186,-0.003438718696046102,1.4485030994254213,2.253497896297808,0.1893391014215186,0.003438718696046102,True,True,strong,low,low,low,-0.11272840872844928,0.021571069518701462,0.0004622797140637478,0.0004618744461608113,0.0004753007080632122,1200,500,10,115.85380578041077
-7.7,1.17,0.22,0.004,66,1965542145,True,,60,-0.11,-0.07942696751558913,-0.028270023623751667,-5.523566271507047,0.6883516966839541,0.00040376546964520006,-0.08089711303904207,0.5595272519631663,-8.056507105914417,0.004395754508506094,-75.66263049494493,-75.66494399755163,-130.85353817877936,-134.95250974621487,-0.0023135026066967157,-4.0989715674355125,False,False,0.00045282718288679695,0.0014590058497868585,3.2219926385284996,0.003991587444230671,0.007944983348650998,1.9904319921976046,-7.814676369250693,-5.523566271507047,-4.835214574823093,-0.4816483033160458,2.1764337284929534,-0.24827002362375167,-0.0035962345303548002,0.4816483033160458,2.1764337284929534,0.24827002362375167,0.0035962345303548002,True,True,strong,low,low,low,-0.10249643204401569,0.022753887624620793,0.00046281071361894553,0.00045991630283635614,0.0004899216830259088,1200,500,10,99.77279138565063
-7.7,1.17,0.22,0.004,67,1354565123,True,,60,-0.11,-0.12364638558537921,-0.007562945240736981,-5.1851325348881065,-4.9999999782912,0.0005586912910864074,-0.11847128170022793,0.4021086775632672,-7.771212837873433,0.004575370273702353,-74.22280037860678,-73.6779321825936,-127.97387794610304,-130.9784861162988,0.5448681960131836,-3.004608170195752,True,False,0.00045282718288679695,0.0014590058497868585,3.2219926385284996,0.0055991944775164535,3.772707644608746e-05,0.0067379471453582135,-7.4899134894380826,-5.1851325348881065,-10.185132513179306,-6.1699999782912,2.5148674651118936,-0.22756294524073697,-0.0034413087089135925,6.1699999782912,2.5148674651118936,0.22756294524073697,0.0034413087089135925,True,True,strong,low,low,low,-0.11017198662504885,0.020133732066845222,0.0004611919321204172,0.0004609075635549121,0.00048069638201342433,1200,500,10,113.78779745101929
-7.7,1.17,0.22,0.004,68,1856831217,True,,60,-0.11,-0.10909860168469543,-0.07919992666103465,-5.799250314964077,4.795496720883184,0.0004901674323329985,-0.10941937342502184,0.19457918930288992,-9.995357706875984,0.004378221715395022,-77.93736374630862,-77.4541979835277,-135.40300468150673,-138.53101771816702,0.4831657627809136,-3.128013036660292,True,False,0.00045282718288679695,0.0014590058497868585,3.2219926385284996,0.003029825308861252,0.36650115945190226,120.96445243229232,-7.620763526586514,-5.799250314964077,-1.0037535940808926,3.6254967208831843,1.9007496850359233,-0.2991999266610347,-0.0035098325676670016,3.6254967208831843,1.9007496850359233,0.2991999266610347,0.0035098325676670016,True,True,strong,low,low,low,-0.11429456943839895,0.02056054678782766,0.00046144400329671813,0.00045941697976573716,0.00048383496458194713,1200,500,10,93.25349712371826
-7.7,1.17,0.22,0.004,69,802290566,True,,60,-0.11,-0.09999832720963811,-0.004605780706059327,-6.19427372593912,3.156182171949791,0.00029406251860064945,-0.09974386517707215,0.44726286067083415,-7.819116514069105,0.0022268629536218052,-91.71117574506829,-92.71574976024753,-162.95062867902607,-169.05412127160668,-1.0045740151792444,-6.103492592580608,False,False,0.00045282718288679695,0.0014590058497868585,3.2219926385284996,0.0020410850486403884,0.04792626696497491,23.480779008645253,-8.13171816493051,-6.19427372593912,-3.038091553989329,1.9861821719497912,1.5057262740608799,-0.22460578070605933,-0.003705937481399351,1.9861821719497912,1.5057262740608799,0.22460578070605933,0.003705937481399351,True,True,strong,low,low,low,-0.10894519884080406,0.021465477736941622,0.0004620134542544216,0.00046045421452510873,0.000481567988018233,1200,500,10,85.94648790359497
-7.7,1.17,0.22,0.004,70,1847459175,True,,60,-0.11,-0.11869355874040632,0.023934816881339787,-5.5917639510031165,4.758164714960766,0.0005313999571260829,-0.12127549741909832,0.4134232960657335,-6.032185848009187,0.0032960224422700067,-71.43370134810276,-70.49834425040578,-122.395679885095,-124.61931025192315,0.9353570976969792,-2.2236303668281465,True,False,0.00045282718288679695,0.0014590058497868585,3.2219926385284996,0.003728445265937143,0.4344826630287108,116.53186034353755,-7.5399956053196275,-5.5917639510031165,-0.8335992360423505,3.588164714960766,2.1082360489968837,-0.19606518311866022,-0.003468600042873917,3.588164714960766,2.1082360489968837,0.19606518311866022,0.003468600042873917,True,True,strong,low,low,low,-0.11176552143778425,0.025546888644416652,0.0004637337127606438,0.0004617697246384098,0.0004901405296779764,1200,500,10,122.89728593826294
-7.7,1.17,0.22,0.004,71,1945242029,True,,60,-0.11,-0.12638920831343423,-0.08440689998383796,-5.449675154402749,-4.9999999782912,0.0003421187067758249,-0.12458693029765128,0.18137948015115288,-9.654599714517133,0.003983011462175226,-81.65168436897709,-80.44120101706945,-142.83164592684366,-144.5050237852505,1.2104833519076408,-1.6733778584068375,True,False,0.00045282718288679695,0.0014590058497868585,3.2219926385284996,0.004297700553123177,2.8957679173520725e-05,0.0067379471453582135,-7.980352785289748,-5.449675154402749,-10.44967513269395,-6.1699999782912,2.250324845597251,-0.30440689998383796,-0.003657881293224175,6.1699999782912,2.250324845597251,0.30440689998383796,0.003657881293224175,True,True,strong,low,low,low,-0.11008101372787334,0.02025090716506734,0.00046134284631321764,0.00045920183489964704,0.0004789600043682632,1200,500,10,107.78825640678406
-7.7,1.17,0.22,0.004,72,1738748247,True,,60,-0.11,-0.10057274709429337,0.31695078434061214,-5.449036684499028,-4.9999999782912,0.0003279054385228168,-0.10109075348125879,0.4678858177203626,-5.795730205887232,0.0005193513070340616,-83.10117787143119,-81.45025630316503,-145.73063293175187,-146.52313435744168,1.6509215682661562,-0.7925014256898066,True,False,0.00045282718288679695,0.0014590058497868585,3.2219926385284996,0.004300445381733541,2.897617368362042e-05,0.0067379471453582135,-8.022785288332287,-5.449036684499028,-10.449036662790228,-6.1699999782912,2.2509633155009725,0.09695078434061213,-0.003672094561477183,6.1699999782912,2.2509633155009725,0.09695078434061213,0.003672094561477183,True,True,strong,low,low,low,-0.11049889751505328,0.01870016593115882,0.00046046846217449053,0.0004585420076038735,0.0004814561477146114,1200,500,10,101.1933753490448
-7.7,1.17,0.22,0.004,73,1954614071,True,,60,-0.11,-0.09553621509909653,0.2670551972585688,-5.554046526523397,-4.115168574183444,0.0004539398856795772,-0.09757781906189036,0.4636278499069686,-5.763384553112562,0.0007768608754202662,-80.18159517514134,-78.3899409731445,-139.89146753917217,-140.40250369740062,1.7916542019968347,-0.5110361582284497,True,False,0.00045282718288679695,0.0014590058497868585,3.2219926385284996,0.0038717583290902133,6.319944106828373e-05,0.016323188509323693,-7.697545779087363,-5.554046526523397,-9.66921510070684,-5.2851685741834435,2.1459534734766033,0.0470551972585688,-0.003546060114320423,5.2851685741834435,2.1459534734766033,0.0470551972585688,0.003546060114320423,True,True,strong,low,low,low,-0.10605487221058038,0.022601884662405713,0.0004627639899356686,0.00046105844751516515,0.0004784323442430604,1200,500,10,116.86272048950195
-7.7,1.17,0.22,0.004,74,1729376205,True,,60,-0.11,-0.10524088637125407,0.17430756661284302,-5.557623243799901,-3.3364272507653268,0.00038007733544153017,-0.10606620482804141,0.4334633777739281,-6.36993429839727,0.0020097530926694615,-82.03181738790829,-82.37405900066548,-143.59191196470607,-148.37073975244257,-0.3422416127571921,-4.778827787736503,False,False,0.00045282718288679695,0.0014590058497868585,3.2219926385284996,0.003857934880205171,0.00013720279178871996,0.03556379152294644,-7.8751358116302566,-5.557623243799901,-8.894050494565228,-4.506427250765327,2.1423767562000995,-0.04569243338715698,-0.00361992266455847,4.506427250765327,2.1423767562000995,0.04569243338715698,0.00361992266455847,True,True,strong,low,low,low,-0.10867614747922157,0.0169787679062577,0.00045940880118229007,0.00045788236648956683,0.0004919395849594592,1200,500,10,103.15437912940979
-7.7,1.17,0.22,0.004,75,2063324999,True,,60,-0.11,-0.09845315368920424,0.2190359479735339,-5.717776500064315,4.999490802238288,0.0006921484523329049,-0.10563642379904539,0.4043028893334336,-6.257760356251605,0.0028902854983978397,-73.76208261454981,-74.1863180015346,-127.05244241798911,-131.9952577541808,-0.42423538698479035,-4.9428153361917,False,False,0.00045282718288679695,0.0014590058497868585,3.2219926385284996,0.003287011452702828,0.48758741206097794,148.33760669134477,-7.275710098861485,-5.717776500064315,-0.718285697826027,3.829490802238288,1.9822234999356851,-0.0009640520264661001,-0.0033078515476670954,3.829490802238288,1.9822234999356851,0.0009640520264661001,0.0033078515476670954,True,True,strong,low,low,low,-0.10631622499684854,0.021906821518639916,0.00046244857047277586,0.00046253704244865717,0.00048760623921064486,1200,500,10,124.35284900665283
-7.7,1.17,0.22,0.004,76,1620665277,True,,60,-0.11,-0.11285154435843907,-0.059164519357158454,-5.802648267280901,4.999999980748799,0.0003892794964647624,-0.11576162138970741,-0.20672692964952177,-9.500150693692706,0.004258632156801631,-78.98468293955204,-78.03818220502858,-137.49764306799358,-139.69898616116876,0.9465007345234682,-2.2013430931751827,True,False,0.00045282718288679695,0.0014590058497868585,3.2219926385284996,0.0030195475784413365,0.44814058654976957,148.41315624544512,-7.851212972433899,-5.802648267280901,-0.8026482865321016,3.8299999807487994,1.8973517327190992,-0.27916451935715847,-0.003610720503535238,3.8299999807487994,1.8973517327190992,0.27916451935715847,0.003610720503535238,True,True,strong,low,low,low,-0.10731326284878054,0.015553806336634177,0.0004597179335677671,0.0004593755831856409,0.0004727412568576475,1200,500,10,99.23863697052002
-7.7,1.17,0.22,0.004,77,74786610,True,,60,-0.11,-0.10018217545646264,0.06126975923340583,-5.268678815716414,-4.999997528142222,0.00044802455547055686,-0.09755597484557749,0.402989939833027,-7.197329408710782,0.0036278922088938547,-77.10238277879925,-77.03023376573206,-133.733042746488,-137.68308928257574,0.07214901306718957,-3.95004653608774,True,False,0.00045282718288679695,0.0014590058497868585,3.2219926385284996,0.005150410721615921,3.4703280247236756e-05,0.0067379636543527495,-7.710662515733167,-5.268678815716414,-10.268676343858637,-6.169997528142222,2.4313211842835862,-0.15873024076659417,-0.0035519754445294434,6.169997528142222,2.4313211842835862,0.15873024076659417,0.0035519754445294434,True,True,strong,low,low,low,-0.10743065617407771,0.02317071066678435,0.0004626987345566467,0.0004604560324969339,0.0004819842861375056,1200,500,10,109.41879439353943
-7.7,1.17,0.22,0.004,78,1570430947,True,,60,-0.11,-0.10888833397214741,0.029561114533189107,-5.860161500573655,-4.495055413649192,0.0003932807019548083,-0.11080710494272272,0.36789665244813463,-7.557327024875439,0.0023054949916219425,-90.08764376778954,-90.17889514027604,-159.70356472446858,-163.9804120316637,-0.09125137248649651,-4.276847307195112,False,False,0.00045282718288679695,0.0014590058497868585,3.2219926385284996,0.0028507832423709375,3.1826320742562226e-05,0.011164061956563536,-7.8409869467153115,-5.860161500573655,-10.355216914222847,-5.665055413649192,1.839838499426345,-0.1904388854668109,-0.003606719298045192,5.665055413649192,1.839838499426345,0.1904388854668109,0.003606719298045192,True,True,strong,low,low,low,-0.10228417457660852,0.02158858020339259,0.00046198408556118,0.000460718897312556,0.0004912505345391997,1200,500,10,104.96642851829529
-7.7,1.17,0.22,0.004,79,33924322,True,,60,-0.11,-0.09615844859914646,-0.089639367491889,-5.491924280143376,1.1314504890243047,0.0005950468033232986,-0.09551804480844223,0.25936068658419004,-8.797646043879812,0.004819748127688213,-73.91257542554023,-73.72179555541076,-127.35342803996994,-131.06621286193314,0.19077987012946096,-3.712784821963197,True,False,0.00045282718288679695,0.0014590058497868585,3.2219926385284996,0.004119908683178583,0.012772334796958489,3.100149973980589,-7.426870494464701,-5.491924280143376,-4.360473791119071,-0.038549510975695256,2.208075719856624,-0.30963936749188903,-0.0034049531966767015,0.038549510975695256,2.208075719856624,0.30963936749188903,0.0034049531966767015,True,True,strong,low,low,low,-0.10139708528959009,0.024842294800445527,0.00046407922185530214,0.000462473448660514,0.0004885655755577214,1200,500,10,81.02890968322754
-7.7,1.17,0.22,0.004,80,1679141875,True,,60,-0.11,-0.12228082289646647,-0.09812359495063244,-5.50687992309919,-4.897180405741529,0.0003606546019847952,-0.12222243099912104,-0.1405569728966853,-10.64073656249775,0.0036572781369394415,-83.15280468165352,-82.88258887466375,-145.83388655219653,-149.38779950043912,0.27021580698976777,-3.5539129482425835,True,False,0.00045282718288679695,0.0014590058497868585,3.2219926385284996,0.004058751264089884,3.03091676398412e-05,0.007467609042220419,-7.927589838844249,-5.50687992309919,-10.404060328840718,-6.067180405741529,2.1931200769008106,-0.31812359495063247,-0.003639345398015205,6.067180405741529,2.1931200769008106,0.31812359495063247,0.003639345398015205,True,True,strong,low,low,low,-0.11396969151360566,0.01863910664316166,0.00046088380268653945,0.0004597816060504788,0.0004759985041597806,1200,500,10,134.38633227348328
-7.7,1.17,0.22,0.004,81,142635250,True,,60,-0.11,-0.10495926160915961,-0.10678442854611113,-6.007842402407824,4.971729236145764,0.0003898734533113587,-0.10800097065852177,0.4339754108293457,-10.629297261278221,0.0034950462421129247,-85.11540270085662,-84.72119186320278,-149.75908259060273,-153.06500547751716,0.39421083765384424,-3.3059228869144306,True,False,0.00045282718288679695,0.0014590058497868585,3.2219926385284996,0.0024593888314426034,0.3548311749081242,144.27615933345155,-7.849688350184006,-6.007842402407824,-1.0361131662620595,3.801729236145764,1.6921575975921765,-0.3267844285461111,-0.0036101265466886414,3.801729236145764,1.6921575975921765,0.3267844285461111,0.0036101265466886414,True,True,strong,low,low,low,-0.1093679616623093,0.018820415673761588,0.0004609093629787221,0.00045937180343424153,0.0004770887940390385,1200,500,10,104.28434681892395
-7.7,1.17,0.22,0.004,82,1688513917,True,,60,-0.11,-0.11194698719104536,-0.3150926865026562,-6.0773858568918,4.999999980748799,0.00026042729812514884,-0.11219152788641455,-0.12993711932438842,-12.004044770077961,0.003522414476513142,-87.2150954298249,-84.3620813681498,-153.9584680485393,-152.3467844874112,2.853014061675097,1.6116835611280749,True,True,0.00045282718288679695,0.0014590058497868585,3.2219926385284996,0.002294166099373971,0.3404844317593925,148.41315624544512,-8.253186821614511,-6.0773858568918,-1.0773858761430004,3.8299999807487994,1.6226141431082004,-0.5350926865026562,-0.0037395727018748512,3.8299999807487994,1.6226141431082004,0.5350926865026562,0.0037395727018748512,True,True,strong,low,low,low,-0.10847286908382675,0.0224316063534302,0.0004622530925300477,0.0004604078580519852,0.0004825891722633548,1200,500,10,113.19549250602722
-7.7,1.17,0.22,0.004,83,1995476359,True,,60,-0.11,-0.11522196329220129,-0.24525279317120202,-5.094871404827812,-4.360524808572183,0.0005764452726000427,-0.11757543949501803,-0.08107706782799619,-11.026189043161288,0.005598364056602222,-71.85653737675634,-70.3614312195808,-123.24135194240216,-124.34548419027318,1.4951061571755417,-1.1041322478710214,True,False,0.00045282718288679695,0.0014590058497868585,3.2219926385284996,0.006128094627566468,7.826608321263458e-05,0.012771683201588365,-7.458630153203591,-5.094871404827812,-9.455396213399995,-5.530524808572183,2.6051285951721885,-0.46525279317120205,-0.0034235547273999576,5.530524808572183,2.6051285951721885,0.46525279317120205,0.0034235547273999576,True,True,strong,low,low,low,-0.10641247276317707,0.019123045836445973,0.00046116593487672967,0.000460132495469664,0.0004842399645870545,1200,500,10,115.47895741462708
-7.7,1.17,0.22,0.004,84,1797224845,True,,60,-0.11,-0.11035648585904693,0.15754008625225524,-5.680430329035208,-4.9999999782912,0.00036011876515249956,-0.11277461668938854,0.27812959825144934,-7.042993691364492,0.0021893343860947424,-87.53164732478888,-86.57404326201525,-154.59157183846725,-156.7707082751421,0.9576040627736262,-2.1791364366748667,True,False,0.00045282718288679695,0.0014590058497868585,3.2219926385284996,0.003412089806105154,2.2990480768752102e-05,0.0067379471453582135,-7.929076677718826,-5.680430329035208,-10.680430307326407,-6.1699999782912,2.019569670964792,-0.06245991374774476,-0.0036398812348475006,6.1699999782912,2.019569670964792,0.06245991374774476,0.0036398812348475006,True,True,strong,low,low,low,-0.1034676447288902,0.01971824464718995,0.0004619204159600106,0.00046104321013442756,0.0004808308586886031,1200,500,10,115.03317165374756
-7.7,1.17,0.22,0.004,85,852524896,True,,60,-0.11,-0.11791439258415094,-0.06928270555484956,-5.977732669566275,-1.7704014849289846,0.00025114818720934127,-0.11969426445720752,-0.00515797202754134,-13.45938859787329,0.0026564999957888326,-92.28611850373349,-92.77966091775372,-164.10051419635647,-169.18194358661904,-0.4935424140202258,-5.081429390262571,False,False,0.00045282718288679695,0.0014590058497868585,3.2219926385284996,0.0025345664820376652,0.00043154698986438294,0.17026461642364996,-8.289467405754289,-5.977732669566275,-7.7481341544952596,-2.9404014849289846,1.7222673304337253,-0.2892827055548496,-0.0037488518127906587,2.9404014849289846,1.7222673304337253,0.2892827055548496,0.0037488518127906587,True,True,strong,low,low,low,-0.11030392272809807,0.02229442802466131,0.00046252970749161953,0.00046197852720513555,0.0004809402013114743,1200,500,10,118.9570677280426
-7.7,1.17,0.22,0.004,86,1806596887,True,,60,-0.11,-0.1146006553773357,-0.183117509016595,-5.7738434629672035,-3.242630750242716,0.00029730431847382384,-0.11317992020095707,-0.08804383289859923,-13.390938816826505,0.003217468121420293,-86.33246006165612,-87.01156718130011,-152.19319731220173,-157.64575611371183,-0.6791071196439873,-5.452558801510094,False,False,0.00045282718288679695,0.0014590058497868585,3.2219926385284996,0.003107789855052339,0.0001213933797685704,0.03906100007734467,-8.12075430242218,-5.7738434629672035,-9.01647421320992,-4.412630750242716,1.9261565370327967,-0.403117509016595,-0.0037026956815261764,4.412630750242716,1.9261565370327967,0.403117509016595,0.0037026956815261764,True,True,strong,low,low,low,-0.1134560026563148,0.01998233757028936,0.00046157999504796817,0.00046085737119078965,0.00048202023846734726,1200,500,10,102.23464441299438
-7.7,1.17,0.22,0.004,87,843152854,True,,60,-0.11,-0.10074070097131957,0.017492114064072865,-5.131388550276299,-4.770944596941263,0.00048664519670372694,-0.10006713651756949,0.31140877576583054,-7.295649192636427,0.004641387392736372,-72.51497379740582,-71.88811686238543,-124.55822478370112,-127.39885547588246,0.6268569350203848,-2.8406306921813353,True,False,0.00045282718288679695,0.0014590058497868585,3.2219926385284996,0.005908350733139218,5.005775359504319e-05,0.008472373400968795,-7.627975249265362,-5.131388550276299,-9.902333147217561,-5.940944596941263,2.5686114497237016,-0.20250788593592714,-0.003513354803296273,5.940944596941263,2.5686114497237016,0.20250788593592714,0.003513354803296273,True,True,strong,low,low,low,-0.11096206083426298,0.025012904377218665,0.0004630571267009529,0.00046226472815869804,0.0005050793225614724,1200,500,10,108.73772263526917
-7.7,1.17,0.22,0.004,88,1915307815,True,,60,-0.11,-0.11387762998047304,-0.30063352961368917,-5.900211456806105,-0.4058421729806527,0.00035995383503049255,-0.11367630321748656,-0.13158402033172187,-15.454842872131955,0.0032480699980107987,-89.01119026160372,-86.78598137972676,-157.55065771209692,-157.19458451056514,2.225208881876952,0.35607320153178534,True,True,0.00045282718288679695,0.0014590058497868585,3.2219926385284996,0.0027388656057579174,0.00182522204695077,0.666415337471691,-7.92953477076347,-5.900211456806105,-6.306053629786757,-1.5758421729806527,1.7997885431938956,-0.5206335296136891,-0.0036400461649695078,1.5758421729806527,1.7997885431938956,0.5206335296136891,0.0036400461649695078,True,True,strong,low,low,low,-0.10871884247117782,0.022431785322595037,0.00046225374167023985,0.0004602121386004102,0.00048761882785045496,1200,500,10,92.4947156906128
-7.7,1.17,0.22,0.004,89,734441926,True,,60,-0.11,-0.11303838848829739,0.5193839425796465,-5.751648063343523,-4.9999999782912,0.00026283792434083535,-0.11035799969124896,0.4773958287175819,-6.047300952581718,0.000402701299416965,-90.9044499565174,-89.81806116752237,-161.33717710192428,-163.25874408615636,1.0863887889950234,-1.9215669842320722,True,False,0.00045282718288679695,0.0014590058497868585,3.2219926385284996,0.0031775396921707275,2.141009449812415e-05,0.0067379471453582135,-8.243972973010244,-5.751648063343523,-10.751648041634724,-6.1699999782912,1.9483519366564774,0.2993839425796465,-0.0037371620756591647,6.1699999782912,1.9483519366564774,0.2993839425796465,0.0037371620756591647,True,True,strong,low,low,low,-0.11095850665450178,0.026036130887831587,0.00046377156942491757,0.0004625672006898099,0.0004901243535856707,1200,500,10,93.7708523273468
-7.7,1.17,0.22,0.004,90,1924679857,True,,60,-0.11,-0.10271330803006162,-0.09491188551268209,-5.70220465488722,4.064636818221113,0.00041734814195349914,-0.10394012404812622,-0.696698066207393,-19.539913809487174,0.004557148412162916,-76.94548868061332,-76.4637060981001,-133.41925455011614,-136.55003394731182,0.4817825825132189,-3.130779397195681,True,False,0.00045282718288679695,0.0014590058497868585,3.2219926385284996,0.0033385968839383957,0.19445240763924587,58.24375161156292,-7.781589811687744,-5.70220465488722,-1.6375678366661068,2.8946368182211133,1.9977953451127801,-0.3149118855126821,-0.003582651858046501,2.8946368182211133,1.9977953451127801,0.3149118855126821,0.003582651858046501,True,True,strong,low,low,low,-0.10169023852365755,0.023122835302242288,0.0004635615532080648,0.0004629009369631795,0.000485979138141324,1200,500,10,108.32701516151428
-7.7,1.17,0.22,0.004,91,1422413763,True,,60,-0.11,-0.12458910698315039,-0.002458685252778113,-5.750179710718518,0.9836477079682975,0.00041287127164299655,-0.12192012786581972,0.3209283933971781,-7.111398251678592,0.00301278184126379,-81.3491584953117,-81.67278117416679,-142.2265941795129,-146.96818409944518,-0.323622678855088,-4.741589919932295,False,False,0.00045282718288679695,0.0014590058497868585,3.2219926385284996,0.003182208868078215,0.008509841150815428,2.6741931480929626,-7.792374704526012,-5.750179710718518,-4.76653200275022,-0.18635229203170245,1.9498202892814822,-0.22245868525277812,-0.0035871287283570034,0.18635229203170245,1.9498202892814822,0.22245868525277812,0.0035871287283570034,True,True,strong,low,low,low,-0.1096816309571825,0.023991076691539267,0.0004622743810473806,0.00045941900639104885,0.0004960129621165388,1200,500,10,108.0002851486206
-7.7,1.17,0.22,0.004,92,1227335978,True,,60,-0.11,-0.11763227140084073,-0.04610643665359006,-5.425391171107653,-2.503339602335531,0.000400402732376545,-0.11842559883708365,-0.13355160917627365,-7.470322432349848,0.00369582498328518,-78.47127090452312,-78.57587856267749,-136.47081899793574,-140.77437887646659,-0.10460765815436446,-4.303559878530848,False,False,0.00045282718288679695,0.0014590058497868585,3.2219926385284996,0.0044033433641749034,0.0003602433533196525,0.08181132460633234,-7.823039686429247,-5.425391171107653,-7.928730773443184,-3.673339602335531,2.2746088288923474,-0.2661064366535901,-0.003599597267623455,3.673339602335531,2.2746088288923474,0.2661064366535901,0.003599597267623455,True,True,strong,low,low,low,-0.10735791625516805,0.021172749267960516,0.0004612903690031093,0.000459094025855362,0.0004942832552343727,1200,500,10,106.55275249481201
-7.7,1.17,0.22,0.004,93,616358956,True,,60,-0.11,-0.09677477295598987,-0.1496473799254231,-5.277871541395352,-4.9999999782912,0.0004984733311352066,-0.09840061703397208,-0.07831459700758772,-12.582998366169756,0.004811384706983959,-76.67466655153392,-74.9092528957732,-132.87761029195732,-133.441127542658,1.7654136557607245,-0.56351725070067,True,False,0.00045282718288679695,0.0014590058497868585,3.2219926385284996,0.005103281364238273,3.4385640100129006e-05,0.0067379471453582135,-7.603960468217721,-5.277871541395352,-10.277871519686553,-6.1699999782912,2.4221284586046483,-0.36964737992542307,-0.0035015266688647934,6.1699999782912,2.4221284586046483,0.36964737992542307,0.0035015266688647934,True,True,strong,low,low,low,-0.09944018122179224,0.022559693950022084,0.0004629671449444711,0.00046109612164293393,0.0004972436127158178,1200,500,10,108.59467911720276
-7.7,1.17,0.22,0.004,94,1217963936,True,,60,-0.11,-0.10074009735001598,-0.03477021719063805,-5.078740894441865,-4.9999999782912,0.0003826883316386159,-0.10032763576750822,-0.18572766523899994,-7.604000638877592,0.004715223009503885,-73.83274087798321,-72.36080977859385,-127.19375894485592,-128.3442413082993,1.4719310993893657,-1.1504823634433876,True,False,0.00045282718288679695,0.0014590058497868585,3.2219926385284996,0.006227745470382018,4.196221981417809e-05,0.0067379471453582135,-7.86828965557513,-5.078740894441865,-10.078740872733064,-6.1699999782912,2.621259105558135,-0.2547702171906381,-0.0036173116683613843,6.1699999782912,2.621259105558135,0.2547702171906381,0.0036173116683613843,True,True,strong,low,low,low,-0.10659515791234411,0.02260905592501867,0.0004631199720612553,0.00046258396333026877,0.0004752551675163615,1200,500,10,129.02444100379944
-7.7,1.17,0.22,0.004,95,1540496733,True,,60,-0.11,-0.11642926969831258,0.09090492781990944,-5.63402866446066,-0.7641637849098541,0.0004724223707668121,-0.11160933305130213,0.4613992023439653,-7.609560621091619,0.0034193719977886005,-80.47377927640537,-80.31896791553072,-140.47583574170022,-144.26055758217305,0.1548113608746462,-3.7847218404728267,True,False,0.00045282718288679695,0.0014590058497868585,3.2219926385284996,0.0035741472439139183,0.0016645633380577625,0.4657232129684059,-7.6576371192017385,-5.63402866446066,-6.398192449370514,-1.934163784909854,2.0659713355393405,-0.12909507218009056,-0.0035275776292331877,1.934163784909854,2.0659713355393405,0.12909507218009056,0.0035275776292331877,True,True,strong,low,low,low,-0.11719037469429577,0.021635944002877758,0.00046233454822674754,0.00046027029554434966,0.00048777616561584465,1200,500,10,106.05594968795776
-7.7,1.17,0.22,0.004,96,1109253008,True,,60,-0.11,-0.1136440062238986,-0.016356662222311403,-5.4832225650536595,-2.908134273549927,0.0006449038391085767,-0.11945514011993717,0.33708875735308635,-7.197710478633908,0.0036405399952806877,-75.91057901788864,-76.82309627647072,-131.34943522466676,-137.26881430405305,-0.9125172585820849,-5.919379079386289,False,False,0.00045282718288679695,0.0014590058497868585,3.2219926385284996,0.0041559153875751886,0.00022681931227679257,0.054577461551529,-7.3464093389363905,-5.4832225650536595,-8.391356838603587,-4.078134273549927,2.2167774349463407,-0.23635666222231141,-0.0033550961608914236,4.078134273549927,2.2167774349463407,0.23635666222231141,0.0033550961608914236,True,True,strong,low,low,low,-0.1160102156941865,0.025396752323581524,0.00046341038002859343,0.0004609865346881561,0.0004893575480233574,1200,500,10,102.91371941566467
-7.7,1.17,0.22,0.004,97,535964549,True,,60,-0.11,-0.10160219260591957,-0.13316750458615942,-5.538027652576211,2.775541223566047,0.0004500386483832396,-0.10075335137019444,-0.14248453692086402,-11.907312354625093,0.005135917761470135,-73.1555318659267,-72.97423336568947,-125.8393409207429,-129.57108848249055,0.18129850023723293,-3.731747561747653,True,False,0.00045282718288679695,0.0014590058497868585,3.2219926385284996,0.003934278955821021,0.06313459335390931,16.047309828017553,-7.7061770935917515,-5.538027652576211,-2.7624864290101643,1.6055412235660471,2.161972347423789,-0.3531675045861594,-0.0035499613516167604,1.6055412235660471,2.161972347423789,0.3531675045861594,0.0035499613516167604,True,True,strong,low,low,low,-0.10375484885222756,0.023640746609858848,0.00046313869964658956,0.000461152520008914,0.0004939751610843465,1200,500,10,92.13375496864319
-7.7,1.17,0.22,0.004,98,1099880966,True,,60,-0.11,-0.10804730125391329,0.36122571620208965,-6.22938814871094,4.989576466373796,0.0002613435198956714,-0.1018072317752738,0.4666427770646327,-6.314590543673823,0.0003520689999550755,-93.9534907709477,-92.49136615689282,-167.43525873078488,-168.60535406489726,1.462124614054872,-1.170095334112375,True,False,0.00045282718288679695,0.0014590058497868585,3.2219926385284996,0.0019706572770405756,0.28943871923025727,146.8742041563515,-8.249674847849025,-6.22938814871094,-1.2398116823371437,3.819576466373796,1.4706118512890605,0.14122571620208965,-0.0037386564801043286,3.819576466373796,1.4706118512890605,0.14122571620208965,0.0037386564801043286,True,True,strong,low,low,low,-0.10813195320892352,0.019116537195670975,0.00046103320123343114,0.00045914662607816475,0.000476403424341129,1200,500,10,96.93429398536682
-7.7,1.17,0.22,0.004,99,1602147060,True,,60,-0.11,-0.12001236825971168,-0.04565656663518291,-5.200305591432971,-4.99999994341849,0.00041610903709312817,-0.1203389913816455,-0.08541179643879414,-10.831441416283859,0.004863240642889507,-75.12109401223557,-74.52042085032011,-129.77046521336064,-132.66346345175182,0.6006731619154664,-2.8929982383911863,True,False,0.00045282718288679695,0.0014590058497868585,3.2219926385284996,0.005514878863493402,3.715896359110545e-05,0.006737947380328694,-7.784563223650473,-5.200305591432971,-10.200305534851461,-6.16999994341849,2.499694408567029,-0.2656565666351829,-0.003583890962906872,6.16999994341849,2.499694408567029,0.2656565666351829,0.003583890962906872,True,True,strong,low,low,low,-0.10806909508798244,0.019317627285401078,0.00046072540149719936,0.00045872221514072143,0.00048632569177223966,1200,500,10,117.36830425262451
-4,-2.5,0.22,0.004,0,158436045,True,,60,-0.11,-0.08075589277202601,0.08020697470607033,-3.9006860847944154,-3.9406217358262623,0.0013101259065523823,-0.08484905586671966,0.3477964374265237,-5.548387020132154,0.011641383947982495,-40.41351302262912,-39.68315300663502,-60.35530323414773,-62.98892776438163,0.7303600159941013,-2.633624530233895,True,False,0.01831563888873418,0.0015034391929775724,0.0820849986238988,0.020228028541120994,0.00039315452868400467,0.019436126851649027,-6.637632034515479,-3.9006860847944154,-7.841307820620678,-1.4406217358262623,0.09931391520558464,-0.13979302529392967,-0.002689874093447618,1.4406217358262623,0.09931391520558464,0.13979302529392967,0.002689874093447618,False,False,ictal_scale,low,low,low,-0.09206038212313732,0.12413428845953893,0.014487787478643543,0.014944436613719378,0.01831563888873418,1200,500,10,102.31534171104431
-4,-2.5,0.22,0.004,1,1378070584,True,,60,-0.11,-0.08426166765098171,0.052734951643614233,-4.093336891053361,-2.116391542209736,0.0013945419910231076,-0.08796613066061948,0.2683316020376555,-6.340897744759353,0.013023239900825483,-41.14874848568997,-41.19423839952907,-61.82577416026944,-66.01109855016973,-0.045489913839098506,-4.185324389900295,False,False,0.01831563888873418,0.0015034391929775724,0.0820849986238988,0.016683469650665115,0.002009783180227666,0.12046553998121984,-6.575189239465461,-4.093336891053361,-6.209728433263097,0.3836084577902641,-0.09333689105336074,-0.16726504835638578,-0.0026054580089768927,0.3836084577902641,0.09333689105336074,0.16726504835638578,0.0026054580089768927,False,False,ictal_scale,low,low,low,-0.08336834535461274,0.11534507783514683,0.014651250106967145,0.01518656984188092,0.01831563888873418,1200,500,10,83.98564267158508
-4,-2.5,0.22,0.004,2,1979675564,True,,60,-0.11,-0.12002783290964397,0.37872535654054496,-3.4475206740112725,-4.99999492656401,0.002017728091901362,-0.08202404421594675,0.4570696619046941,-4.2577598982469596,0.0053258686028864,-32.41060584235084,-31.075807577430055,-44.34948887359118,-45.774236905971705,1.334798264920785,-1.4247480323805277,True,False,0.01831563888873418,0.0015034391929775724,0.0820849986238988,0.03182444181117951,0.00021443249010595996,0.006737981183714991,-6.205783107506082,-3.4475206740112725,-8.447515600575283,-2.4999949265640096,0.5524793259887275,0.15872535654054495,-0.0019822719080986382,2.4999949265640096,0.5524793259887275,0.15872535654054495,0.0019822719080986382,False,False,ictal_scale,low,low,low,-0.0890617506828197,0.14457022984436851,0.014044226806873264,0.014211291881061155,0.01831563888873418,1200,500,10,89.07060241699219
-4,-2.5,0.22,0.004,3,1368698542,True,,60,-0.11,-0.08537544868396257,0.192961384463538,-4.322689047061223,2.3382200972381595,0.0013197714120377645,-0.08623874017401362,0.4596644729178317,-4.170290922289359,0.004274746382596003,-33.60150978148357,-31.184542421185334,-46.73129675185664,-45.99170659348226,2.416967360298237,0.7395901583743765,True,True,0.01831563888873418,0.0015034391929775724,0.0820849986238988,0.013264167572173571,0.13745358949146647,10.36277540550871,-6.630296730078644,-4.322689047061223,-1.9844689498230634,4.8382200972381595,-0.3226890470612229,-0.027038615536462002,-0.0026802285879622355,4.8382200972381595,0.3226890470612229,0.027038615536462002,0.0026802285879622355,False,False,ictal_scale,low,low,low,-0.09863709185301346,0.12445646365667734,0.014325743044870519,0.014428009106881974,0.01831563888873418,1200,500,10,80.65003705024719
-4,-2.5,0.22,0.004,4,276519015,True,,60,-0.11,-0.05450186559904141,0.48637551587426997,-4.48043821297594,1.8910085164454125,0.001734871493989504,-0.05989681289735876,0.47773769886432027,-4.316290458445296,0.0027889388867456113,-37.760537755999295,-38.12980759020707,-55.049352700888086,-59.88223693152574,-0.3692698342077776,-4.832884230637653,False,False,0.01831563888873418,0.0015034391929775724,0.0820849986238988,0.011328447793983523,0.07506283647677288,6.626047790645982,-6.356821935191239,-4.48043821297594,-2.589429696530528,4.391008516445412,-0.48043821297594036,0.26637551587427,-0.002265128506010496,4.391008516445412,0.48043821297594036,0.26637551587427,0.002265128506010496,False,False,ictal_scale,low,low,low,-0.06208847734867839,0.13338041605499576,0.0141879949166988,0.014323459301627463,0.01831563888873418,1200,500,10,76.70545268058777
-4,-2.5,0.22,0.004,5,1921736568,True,,60,-0.11,-0.12138135752250909,0.16108956897965038,-4.589931485836719,3.763588325823226,0.0019986417919143707,-0.10750964636272761,0.32383024247713715,-6.073590165645861,0.014745324332412636,-37.64560857826592,-37.31306947509503,-54.81949434542134,-58.24876070130165,0.33253910317089463,-3.4292663558803085,True,False,0.01831563888873418,0.0015034391929775724,0.0820849986238988,0.01015355401179639,0.4376467678748646,43.102815759526855,-6.215287433160607,-4.589931485836719,-0.8263431600134932,6.2635883258232266,-0.5899314858367193,-0.058910431020349624,-0.0020013582080856294,6.2635883258232266,0.5899314858367193,0.058910431020349624,0.0020013582080856294,False,False,ictal_scale,low,low,low,-0.10156369325188806,0.11774330373480105,0.014582883368927357,0.014771445599361043,0.01831563888873418,1200,500,10,102.79362964630127
-4,-2.5,0.22,0.004,6,1861592594,True,,60,-0.11,-0.09504028400592736,0.17331616324632948,-3.6435719844345242,-4.9999999782912,0.0018454702811778936,-0.09782487439721516,0.41174841342887075,-4.864010545959053,0.012550439894333808,-31.85223610079209,-30.986930320074187,-43.23274939047368,-45.59648239125997,0.8653057807179039,-2.36373300078629,True,False,0.01831563888873418,0.0015034391929775724,0.0820849986238988,0.02615873828022527,0.0001762561959214164,0.0067379471453582135,-6.295021139022476,-3.6435719844345242,-8.643571962725725,-2.4999999782912,0.35642801556547576,-0.04668383675367052,-0.0021545297188221065,2.4999999782912,0.35642801556547576,0.04668383675367052,0.0021545297188221065,False,False,ictal_scale,low,low,low,-0.09709546685435436,0.12945079853870758,0.014330580629311859,0.01442239479854979,0.01831563888873418,1200,500,10,81.48622250556946
-4,-2.5,0.22,0.004,7,1931108610,True,,60,-0.11,-0.09717147104468991,0.41971010853935947,-3.7641832770252397,-4.309618942204273,0.0020925284025262486,-0.0878662386448513,0.4716917135654257,-4.164710658147266,0.0029545333281320017,-36.09262136138671,-35.58234918986314,-51.71351991166292,-54.78732013083787,0.5102721715235745,-3.0738002191749487,True,False,0.01831563888873418,0.0015034391929775724,0.0820849986238988,0.023186541485412455,0.0003115962685307557,0.01343866952847595,-6.169382182203516,-3.7641832770252397,-8.073802219229513,-1.8096189422042732,0.2358167229747603,0.19971010853935947,-0.0019074715974737515,1.8096189422042732,0.2358167229747603,0.19971010853935947,0.0019074715974737515,False,False,ictal_scale,low,low,low,-0.0851641385907403,0.13115545092725414,0.014171626170049061,0.014136964828938961,0.01831563888873418,1200,500,10,81.60669183731079
-4,-2.5,0.22,0.004,8,1752881666,True,,60,-0.11,-0.12000103311358493,0.14703604141930726,-3.995309630517164,-0.08382377028756577,0.002600604297129543,-0.13358341510529068,0.23215645561539447,-4.06377150364892,0.004039799384138774,-28.967856766947524,-29.508664284629408,-37.463990722784544,-42.63995032037042,-0.5408075176818841,-5.175959597585873,False,False,0.01831563888873418,0.0015034391929775724,0.0820849986238988,0.01840174778584501,0.01692212399937233,0.9195933014791757,-5.9520114389876015,-3.995309630517164,-4.0791334008047295,2.416176229712434,0.0046903694828359654,-0.07296395858069274,-0.001399395702870457,2.416176229712434,0.0046903694828359654,0.07296395858069274,0.001399395702870457,False,False,ictal_scale,low,low,low,-0.12155851644844215,0.13586731283157416,0.01436040225168896,0.014841044284102854,0.01831563888873418,1200,500,10,76.18966794013977
-4,-2.5,0.22,0.004,9,2039819538,True,,60,-0.11,-0.16289024045730083,0.37198127977592976,-3.8110333511225933,-4.9999999529658306,0.0017196393142064328,-0.15349152014575906,0.46423130340767216,-4.389384720083753,0.0030551292757786145,-39.57868705296479,-37.41057175485338,-58.685651294819074,-58.44376526081835,2.1681152981114096,0.2418860340007214,True,True,0.01831563888873418,0.0015034391929775724,0.0820849986238988,0.022125303932450355,0.00014907913224732075,0.006737947315999216,-6.365640711189885,-3.8110333511225933,-8.811033304088424,-2.4999999529658306,0.18896664887740666,0.15198127977592976,-0.0022803606857935673,2.4999999529658306,0.18896664887740666,0.15198127977592976,0.0022803606857935673,False,False,ictal_scale,low,low,low,-0.13747725194322405,0.124813042910147,0.014232801264183227,0.01455033459908055,0.01831563888873418,1200,500,10,73.46829676628113
-4,-2.5,0.22,0.004,10,1438214558,True,,60,-0.11,-0.13371567410311444,0.26578342880805184,-4.351388032161949,-2.2405677945383955,0.0014930298500711557,-0.13639649973827797,0.45380254313454865,-4.658224024019302,0.0024346471422033453,-47.851387261539514,-46.62777544560983,-75.23105171196852,-76.87817264233125,1.2236118159296865,-1.6471209303627319,True,False,0.01831563888873418,0.0015034391929775724,0.0820849986238988,0.01288890993710663,0.0013713552058892734,0.10639807497926565,-6.5069477672752125,-4.351388032161949,-6.591955826700344,0.2594322054616045,-0.3513880321619487,0.045783428808051835,-0.0025069701499288444,0.2594322054616045,0.3513880321619487,0.045783428808051835,0.0025069701499288444,False,False,ictal_scale,low,low,low,-0.11736638952470267,0.10851254244409017,0.015009498843768239,0.015390169540381577,0.01831563888873418,1200,500,10,85.23859071731567
-4,-2.5,0.22,0.004,11,2049191580,True,,60,-0.11,-0.10976376883113506,0.2367705793997387,-3.3633065184363238,-4.999888589307219,0.003083650731903964,-0.11813672093585684,0.4600867268356784,-4.005032002846469,0.005843950324527865,-26.620740442319498,-24.234682854101035,-32.76975807352849,-32.09198745931367,2.3860575882184634,0.6777706142148219,True,True,0.01831563888873418,0.0015034391929775724,0.0820849986238988,0.03462059584294556,0.00023329773028044862,0.00673869772024696,-5.781641081346918,-3.3633065184363238,-8.363195107743543,-2.4998885893072194,0.6366934815636762,0.016770579399738694,-0.0009163492680960362,2.4998885893072194,0.6366934815636762,0.016770579399738694,0.0009163492680960362,False,False,ictal_scale,low,low,low,-0.11781480141485633,0.13886160247764112,0.01443145530919779,0.014660668002520878,0.01831563888873418,1200,500,10,75.12228465080261
-4,-2.5,0.22,0.004,12,600558161,True,,60,-0.11,-0.11746112751408079,0.08075379916426338,-4.162108301264258,-0.17952515963028573,0.0020628610484378614,-0.1213498189287344,0.17048862451446886,-4.468157553655756,0.0065210266911810925,-35.83359657443352,-35.67413983195494,-51.19547033775654,-54.97090141502147,0.15945674247858221,-3.7754310772649333,True,False,0.01831563888873418,0.0015034391929775724,0.0820849986238988,0.015574687148808067,0.013015250926947339,0.8356669256077737,-6.183661401287511,-4.162108301264258,-4.341633460894544,2.320474840369714,-0.1621083012642579,-0.13924620083573663,-0.0019371389515621387,2.320474840369714,0.1621083012642579,0.13924620083573663,0.0019371389515621387,False,False,ictal_scale,low,low,low,-0.11782931881366632,0.11439088772908661,0.014909253581351336,0.015273824705706594,0.01831563888873418,1200,500,10,81.14559388160706
-4,-2.5,0.22,0.004,13,10418861,True,,60,-0.11,-0.12293366412052195,0.1656550919501094,-4.16577703693834,1.2272379011875763,0.0018169937211146544,-0.12639091341029357,0.37228855362842506,-5.219878465092781,0.014059342262299787,-32.6159861377784,-32.3553802416656,-44.7602494644463,-48.333382234442794,0.26060589611279994,-3.573132769996498,True,False,0.01831563888873418,0.0015034391929775724,0.0820849986238988,0.015517652425087493,0.052943014829973316,3.4117928008478904,-6.310571945207175,-4.16577703693834,-2.9385391357507635,3.7272379011875763,-0.16577703693833978,-0.05434490804989059,-0.0021830062788853457,3.7272379011875763,0.16577703693833978,0.05434490804989059,0.0021830062788853457,False,False,ictal_scale,low,low,low,-0.1146360828229752,0.12272881252740608,0.014630521021421435,0.014738027694592513,0.01831563888873418,1200,500,10,86.08513760566711
-4,-2.5,0.22,0.004,14,1556297528,True,,60,-0.11,-0.10367203950320171,0.19202940781393663,-3.611963711147391,-4.25793686947489,0.001323094776854496,-0.09600894962463297,0.4661969766343634,-4.811423647886584,0.011281603714047283,-34.65614138558001,-32.942540280669746,-48.84055996004951,-49.50770231245109,1.7136011049102606,-0.6671423524015765,True,False,0.01831563888873418,0.0015034391929775724,0.0820849986238988,0.026998776977121816,0.00038207234570672086,0.014151468639875086,-6.627781758581099,-3.611963711147391,-7.869900580622281,-1.7579368694748903,0.388036288852609,-0.027970592186063375,-0.002676905223145504,1.7579368694748903,0.388036288852609,0.027970592186063375,0.002676905223145504,False,False,ictal_scale,low,low,low,-0.0897158891834454,0.13853122542003507,0.014183732991423292,0.014972989976247505,0.01831563888873418,1200,500,10,82.00993919372559
-4,-2.5,0.22,0.004,15,19790903,True,,60,-0.11,-0.09570835803967166,0.2460590731181055,-3.7082136549049576,-4.9999999756256255,0.0014533074812161388,-0.11408373978434952,0.42831276749956565,-4.922369915412233,0.010348316546143585,-37.89193494467217,-35.64489752005205,-55.31214707823384,-54.91241679121569,2.2470374246201246,0.3997302870181514,True,True,0.01831563888873418,0.0015034391929775724,0.0820849986238988,0.024521287652793784,0.00016522314058106406,0.006737947163318713,-6.533913298601548,-3.7082136549049576,-8.708213630530583,-2.4999999756256255,0.2917863450950424,0.026059073118105486,-0.002546692518783861,2.4999999756256255,0.2917863450950424,0.026059073118105486,0.002546692518783861,False,False,ictal_scale,low,low,low,-0.10809964590013563,0.1116753570833713,0.01481659548513171,0.015058794635390633,0.01831563888873418,1200,500,10,106.282461643219
-4,-2.5,0.22,0.004,16,1665008456,True,,60,-0.11,-0.13041607912680386,0.14497204871348762,-3.7727828773296626,-4.969062728681975,0.0018234909474472278,-0.11789514596252533,0.2958683074167575,-4.409423849438077,0.00406579014651252,-37.97216196407467,-36.60078053387683,-55.47260111703884,-56.82418281886525,1.371381430197843,-1.3515817018264116,True,False,0.01831563888873418,0.0015034391929775724,0.0820849986238988,0.022988001402428484,0.00015975876391691144,0.006949658698908647,-6.307002512111065,-3.7727828773296626,-8.741845606011637,-2.4690627286819753,0.22721712267033745,-0.07502795128651238,-0.002176509052552772,2.4690627286819753,0.22721712267033745,0.07502795128651238,0.002176509052552772,False,False,ictal_scale,low,low,low,-0.11646262069073461,0.12386320915147374,0.014497994276620822,0.01479028362290856,0.01831563888873418,1200,500,10,92.23344111442566
-4,-2.5,0.22,0.004,17,984741285,True,,60,-0.11,-0.13982938252805813,0.021306116022023067,-3.7081016347877,-4.9999999782912,0.0012369614231383843,-0.15171361271494088,0.4020574885111803,-5.289676860051386,0.012774488347170458,-39.16381959374566,-35.13464638674728,-57.85591637638081,-53.89191452460615,4.029173206998379,3.964001851774661,True,True,0.01831563888873418,0.0015034391929775724,0.0820849986238988,0.024524034684170477,0.00016524164949287243,0.0067379471453582135,-6.695097371879914,-3.7081016347877,-8.708101613078899,-2.4999999782912,0.29189836521230017,-0.19869388397797694,-0.0027630385768616155,2.4999999782912,0.29189836521230017,0.19869388397797694,0.0027630385768616155,False,False,ictal_scale,low,low,low,-0.14492752062098152,0.11376487455135799,0.014567681454910435,0.014832016685440225,0.01831563888873418,1200,500,10,87.74008178710938
-4,-2.5,0.22,0.004,18,373764263,True,,60,-0.11,-0.09257200508064264,0.0787434845151292,-3.406996887270782,-4.9999999782912,0.0015769291960476964,-0.09823956141983467,0.27084991326875046,-5.54707661651547,0.01844147014632108,-31.196704225094372,-27.73577978504962,-41.92168563907824,-39.09418132121084,3.460924440044753,2.827504317867401,True,True,0.01831563888873418,0.0015034391929775724,0.0820849986238988,0.03314057596869184,0.0002232994492437741,0.0067379471453582135,-6.45227586988635,-3.406996887270782,-8.406996865561982,-2.4999999782912,0.5930031127292179,-0.14125651548487078,-0.0024230708039523034,2.4999999782912,0.5930031127292179,0.14125651548487078,0.0024230708039523034,False,False,ictal_scale,low,low,low,-0.10860944806614602,0.1313389713835902,0.014442098817474651,0.014682753296236762,0.01831563888873418,1200,500,10,75.87369084358215
-4,-2.5,0.22,0.004,19,975369243,True,,60,-0.11,-0.13344527505428633,0.08608415799400126,-4.269654597329669,-1.0845824841464402,0.0012002481174212402,-0.13848293582172183,0.31902090844606495,-6.488819732178758,0.012717148204125853,-42.80726803109481,-42.62272897171732,-65.1428132510791,-68.86807969454624,0.18453905937748516,-3.7252664434671345,True,False,0.01831563888873418,0.0015034391929775724,0.0820849986238988,0.013986613332705854,0.0047280752580767,0.33804289470280263,-6.7252269790433195,-4.269654597329669,-5.35423708147611,1.4154175158535598,-0.26965459732966934,-0.13391584200599874,-0.0027997518825787597,1.4154175158535598,0.26965459732966934,0.13391584200599874,0.0027997518825787597,False,False,ictal_scale,low,low,low,-0.1269989433362436,0.10448491058842088,0.015025326824437012,0.015070833069624532,0.01831563888873418,1200,500,10,83.12994885444641
-4,-2.5,0.22,0.004,20,1783091426,True,,60,-0.11,-0.11776846328265199,-0.04073962162296113,-3.791396342651815,-4.999999942710002,0.0018023484575117746,-0.13065392411755422,0.4536043372612824,-6.982871907246276,0.015840369141496044,-39.233609705687705,-37.27074761284182,-57.99549660026491,-58.16411697679523,1.9628620928458886,-0.16862037653032047,True,False,0.01831563888873418,0.0015034391929775724,0.0820849986238988,0.0225640726664093,0.00015203553441989426,0.006737947385102446,-6.318664765842028,-3.791396342651815,-8.791396285361817,-2.4999999427100024,0.20860365734818487,-0.26073962162296116,-0.0021976515424882255,2.4999999427100024,0.20860365734818487,0.26073962162296116,0.0021976515424882255,False,False,ictal_scale,low,low,low,-0.12569864869958622,0.11644879866708589,0.014618031376615718,0.014769959819046975,0.01831563888873418,1200,500,10,103.61035895347595
-4,-2.5,0.22,0.004,21,866658315,True,,60,-0.11,-0.08357186124290603,0.10808524388934834,-4.620687314650596,4.007510917656685,0.0014343004370844493,-0.10957535989984843,0.29624642841736115,-4.074151202866205,0.0007290074131494505,-39.69307327671409,-37.163596510757216,-58.91442374231767,-57.94981477262603,2.529476765956872,0.9646089696916462,True,True,0.01831563888873418,0.0015034391929775724,0.0820849986238988,0.009846026416809452,0.5416277091761112,55.00977615207563,-6.547078048927035,-4.620687314650596,-0.6131763969939108,6.507510917656685,-0.6206873146505956,-0.11191475611065166,-0.002565699562915551,6.507510917656685,0.6206873146505956,0.11191475611065166,0.002565699562915551,False,False,ictal_scale,low,low,low,-0.10250829249254646,0.12561131542961124,0.014599805414375484,0.014985544069884662,0.01831563888873418,1200,500,10,84.10700368881226
-4,-2.5,0.22,0.004,22,1891802354,True,,60,-0.11,-0.09005503479605065,0.3124943051960539,-3.9448217596469686,-2.6199188318758653,0.0017053118007703246,-0.0944401310633585,0.42190931727734055,-4.556515053587253,0.0053150686564282955,-38.04722249174577,-37.77253414809113,-55.62272217238104,-59.16769004729386,0.27468834365463835,-3.544967874912821,True,False,0.01831563888873418,0.0015034391929775724,0.0820849986238988,0.01935466584472361,0.0014091894591872877,0.07280877233907168,-6.3740073106140365,-3.9448217596469686,-6.564740591522834,-0.11991883187586527,0.05517824035303143,0.09249430519605392,-0.0022946881992296757,0.11991883187586527,0.05517824035303143,0.09249430519605392,0.0022946881992296757,False,False,ictal_scale,low,low,low,-0.08475384614771436,0.13172184951924948,0.014336520773564313,0.013943642483864144,0.01831563888873418,1200,500,10,79.71345829963684
-4,-2.5,0.22,0.004,23,857286273,True,,60,-0.11,-0.11192056930804553,0.08594373717612819,-4.582683454206109,4.286558843371107,0.0014467261317867258,-0.10916204882336078,0.23504263513539222,-6.657428519653649,0.016836568727341517,-35.70749146973104,-34.88281329130714,-50.943260128351575,-53.38824833372587,0.8246781784239019,-2.444988205374294,True,False,0.01831563888873418,0.0015034391929775724,0.0820849986238988,0.010227414641176998,0.7436947498221838,72.7158109761156,-6.538452115461017,-4.582683454206109,-0.29612461083500197,6.786558843371107,-0.5826834542061086,-0.1340562628238718,-0.0025532738682132743,6.786558843371107,0.5826834542061086,0.1340562628238718,0.0025532738682132743,False,False,ictal_scale,low,low,low,-0.11218477470869295,0.11925125971156546,0.014677840986261926,0.015127853134779667,0.01831563888873418,1200,500,10,79.18491506576538
-4,-2.5,0.22,0.004,24,1359552367,True,,60,-0.11,-0.09320081587603138,0.22677544224357446,-3.4644520129055785,-3.7027057239465146,0.001977098240208029,-0.0987313640185179,0.31102426643022063,-4.27342438891559,0.007111056573900795,-28.484547869232,-28.281739023413962,-36.497372927353496,-40.18609979793952,0.20280884581803704,-3.6887268705860237,True,False,0.01831563888873418,0.0015034391929775724,0.0820849986238988,0.031290147326050406,0.0007715124592924707,0.024656721850911625,-6.226125044471322,-3.4644520129055785,-7.167157736852094,-1.2027057239465146,0.5355479870944215,0.006775442243574459,-0.0020229017597919712,1.2027057239465146,0.5355479870944215,0.006775442243574459,0.0020229017597919712,False,False,ictal_scale,low,low,low,-0.11558073692424688,0.13272234293378685,0.014496099942125605,0.014935216618666643,0.01831563888873418,1200,500,10,79.32020616531372
-4,-2.5,0.22,0.004,25,748575345,True,,60,-0.11,-0.12244565770503904,0.3727547240985776,-3.6334029089529882,-4.999999977463464,0.0016219495100499408,-0.1342561639795654,0.45141145315391606,-4.259102747565006,0.0034745301200301663,-37.11142025050228,-34.48111684333666,-53.75111768989405,-52.58485543778491,2.63030340716562,1.1662622521091421,True,True,0.01831563888873418,0.0015034391929775724,0.0820849986238988,0.02642610559948802,0.00017805770293438986,0.006737947150935455,-6.4241264519793635,-3.6334029089529882,-8.633402886416452,-2.499999977463464,0.36659709104701177,0.15275472409857757,-0.0023780504899500593,2.499999977463464,0.36659709104701177,0.15275472409857757,0.0023780504899500593,False,False,ictal_scale,low,low,low,-0.10329945903784553,0.13582963706172416,0.014249704471705586,0.01416854127348633,0.01831563888873418,1200,500,10,93.23143243789673
-4,-2.5,0.22,0.004,26,896642212,True,,60,-0.11,-0.13094765496664212,-0.0036697891363838488,-3.612636020342507,-4.99999988444502,0.002615362764926517,-0.12611979680993324,0.390408984620133,-5.352886578426045,0.015523169164864247,-32.84406309223713,-30.928917173847687,-45.216403373363754,-45.48045609880697,1.9151459183894417,-0.26405272544321434,True,False,0.01831563888873418,0.0015034391929775724,0.0820849986238988,0.026980631551454953,0.00018179408640276725,0.0067379477776888415,-5.946352466449332,-3.612636020342507,-8.612635904787528,-2.49999988444502,0.38736397965749303,-0.22366978913638386,-0.001384637235073483,2.49999988444502,0.38736397965749303,0.22366978913638386,0.001384637235073483,False,False,ictal_scale,low,low,low,-0.13825668722713355,0.11677141564498288,0.01454435539815997,0.014688538624443125,0.01831563888873418,1200,500,10,84.94499397277832
-4,-2.5,0.22,0.004,27,739203303,True,,60,-0.11,-0.09377449997175624,0.18733215574263026,-4.181591501886777,-1.35726715777175,0.002096434493626306,-0.11675326983506958,0.3887535911308334,-4.130045240761414,0.001921552828605651,-34.868964957709714,-33.633585057222355,-49.266207104308926,-50.889791865556305,1.2353799004873594,-1.623584761247379,True,False,0.01831563888873418,0.0015034391929775724,0.0820849986238988,0.015274179327422619,0.0039310109002216745,0.2573631496629152,-6.167517237428872,-4.181591501886777,-5.538858659658526,1.14273284222825,-0.18159150188677664,-0.03266784425736974,-0.0019035655063736941,1.14273284222825,0.18159150188677664,0.03266784425736974,0.0019035655063736941,False,False,ictal_scale,low,low,low,-0.10933896071280066,0.1306810054495027,0.01449484045344741,0.014983749487993716,0.01831563888873418,1200,500,10,87.66072058677673
-4,-2.5,0.22,0.004,28,1241469397,True,,60,-0.11,-0.08045401434986799,-0.1319746867889774,-4.011646789132027,-4.999999959948173,0.0014724989631593214,-0.07476659142214462,-0.14248594508366355,-8.362240955530847,0.01379816249692389,-44.56738318518263,-42.88172095237615,-68.66304355925476,-69.3860636558639,1.6856622328064788,-0.7230200966091331,True,False,0.01831563888873418,0.0015034391929775724,0.0820849986238988,0.01810355793321501,0.00012198081873443062,0.006737947268952558,-6.520794346575064,-4.011646789132027,-9.0116467490802,-2.4999999599481733,-0.011646789132027102,-0.35197468678897736,-0.0025275010368406787,2.4999999599481733,0.011646789132027102,0.35197468678897736,0.0025275010368406787,False,False,ictal_scale,low,low,low,-0.08583259545931271,0.10449773450684664,0.015183759909795091,0.015946700892268087,0.01831563888873418,1200,500,10,79.73410201072693
-4,-2.5,0.22,0.004,29,630492375,True,,60,-0.11,-0.061461191846820466,-0.1944249723160367,-4.641555615471708,4.10516150643176,0.0017492732947476382,-0.06850814592672384,-0.09283919604810911,-7.723060854533712,0.01776015570998165,-35.28430887546871,-35.264865192603914,-50.09689493982692,-54.15235213631942,0.019443682864796585,-4.055457196492505,True,False,0.01831563888873418,0.0015034391929775724,0.0820849986238988,0.009642685643152227,0.584853372164447,60.65253953184523,-6.348554837435292,-4.641555615471708,-0.5363941090399473,6.60516150643176,-0.6415556154717077,-0.4144249723160367,-0.002250726705252362,6.60516150643176,0.6415556154717077,0.4144249723160367,0.002250726705252362,False,False,ictal_scale,low,low,low,-0.07918717009471408,0.12195476371243207,0.014545581964447532,0.014860974502013805,0.01831563888873418,1200,500,10,81.86013197898865
-4,-2.5,0.22,0.004,30,1132758469,True,,60,-0.11,-0.10372107802306565,0.26950809675495807,-3.387759105542965,-4.999999914924122,0.002297399441474594,-0.09590176181114168,0.4493701596200152,-4.132957919935562,0.0053369457987131755,-29.72343346221719,-27.267445099063202,-38.97514411332388,-38.157511949238,2.4559883631539883,0.8176321640858788,True,True,0.01831563888873418,0.0015034391929775724,0.0820849986238988,0.03378429918592635,0.000227636836682421,0.006737947572322248,-6.075977473364955,-3.387759105542965,-8.387759020467087,-2.499999914924122,0.612240894457035,0.04950809675495807,-0.001702600558525406,2.499999914924122,0.612240894457035,0.04950809675495807,0.001702600558525406,False,False,ictal_scale,low,low,low,-0.10452590944836036,0.12257443394611116,0.014751165916935883,0.015123461475524038,0.01831563888873418,1200,500,10,92.79766654968262
-4,-2.5,0.22,0.004,31,413120202,True,,60,-0.11,-0.1181324451939345,0.23361164260761724,-4.107886963712904,-0.2129251352357182,0.0015172711566697995,-0.11947350187409304,0.41397974034076884,-4.926163581392333,0.009260376492719978,-35.32870583408486,-35.42152011013172,-50.18568885705921,-54.46566197137504,-0.09281427604686598,-4.27997311431583,False,False,0.01831563888873418,0.0015034391929775724,0.0820849986238988,0.01644248140479041,0.01328908710548307,0.8082166419000102,-6.490841849256023,-4.107886963712904,-4.320812098948622,2.287074864764282,-0.10788696371290385,0.013611642607617241,-0.002482728843330201,2.287074864764282,0.10788696371290385,0.013611642607617241,0.002482728843330201,False,False,ictal_scale,low,low,low,-0.10528170910905964,0.11967318830719796,0.01477846252213738,0.015347072787913758,0.01831563888873418,1200,500,10,77.87738251686096
-4,-2.5,0.22,0.004,32,1123386427,True,,60,-0.11,-0.10142786876166549,0.08284820598532752,-4.699370713776746,4.884268603732238,0.0012564747320522583,-0.09247542978184646,0.08158506786630616,-7.045082291369949,0.017036053591541794,-35.94115348447957,-35.33064314465408,-51.41058415784864,-54.28390804041976,0.6105103398254883,-2.873323882571121,True,False,0.01831563888873418,0.0015034391929775724,0.0820849986238988,0.009101002435520504,1.2030955857116625,132.1937439568277,-6.679445310970131,-4.699370713776746,0.18489788995549183,7.384268603732238,-0.6993707137767462,-0.13715179401467248,-0.002743525267947742,7.384268603732238,0.6993707137767462,0.13715179401467248,0.002743525267947742,False,False,ictal_scale,low,low,low,-0.09849450852961025,0.11137262016874167,0.014650086748441751,0.014847632478778235,0.01831563888873418,1200,500,10,85.51653909683228
-4,-2.5,0.22,0.004,33,521831130,True,,60,-0.11,-0.09009029016696345,0.09914380425585471,-4.003978354931593,-2.7961605795764806,0.0015724113984382458,-0.08078500446268067,0.38483669808220433,-5.714957606897926,0.012184010474642546,-39.826225099345024,-39.83150005617684,-59.180727387579545,-63.28562186346528,-0.005274956831819111,-4.104894475885736,False,False,0.01831563888873418,0.0015034391929775724,0.0820849986238988,0.01824291752804314,0.0011136204167915234,0.06104398680088634,-6.455144915372475,-4.003978354931593,-6.800138934508073,-0.29616057957648056,-0.003978354931592598,-0.12085619574414529,-0.002427588601561754,0.29616057957648056,0.003978354931592598,0.12085619574414529,0.002427588601561754,False,False,ictal_scale,low,low,low,-0.0955147177647005,0.10497269398039902,0.014948752372022906,0.01529647168338451,0.01831563888873418,1200,500,10,92.40258526802063
-4,-2.5,0.22,0.004,34,1014675499,True,,60,-0.11,-0.13438413799030252,0.020597407484137336,-4.067694542610708,-2.311240098668939,0.0019816034082624856,-0.1364686672539419,0.3080808212254765,-5.927548815665429,0.013777870112496073,-39.58262100667736,-39.26461202882369,-58.69351920224421,-62.15184580875898,0.31800897785366544,-3.458326606514767,True,False,0.01831563888873418,0.0015034391929775724,0.0820849986238988,0.01711680511820871,0.0016969298329619924,0.0991382341063645,-6.2238489598357765,-4.067694542610708,-6.378934641279647,0.18875990133106102,-0.06769454261070784,-0.19940259251586268,-0.0020183965917375144,0.18875990133106102,0.06769454261070784,0.19940259251586268,0.0020183965917375144,False,False,ictal_scale,low,low,low,-0.12973418320683264,0.11455169422399532,0.014857966963295981,0.015287215897373665,0.01831563888873418,1200,500,10,112.06591153144836
-4,-2.5,0.22,0.004,35,531203172,True,,60,-0.11,-0.1169952120667441,0.24259161906138083,-3.6074115693288036,-4.9999999782912,0.0023010994393528605,-0.11239972567345718,0.45968339834278216,-4.212190324896895,0.0036767934168865863,-35.09917568603946,-30.13488136422338,-49.726628560968415,-43.89238447955836,4.96429432181608,5.834244081410056,True,True,0.01831563888873418,0.0015034391929775724,0.0820849986238988,0.027121959398059534,0.0001827463289026766,0.0067379471453582135,-6.074368253150876,-3.6074115693288036,-8.607411547620003,-2.4999999782912,0.3925884306711964,0.022591619061380824,-0.0016989005606471395,2.4999999782912,0.3925884306711964,0.022591619061380824,0.0016989005606471395,False,False,ictal_scale,low,low,low,-0.09880418805310513,0.13103962234586417,0.01433934897645691,0.014794744366282137,0.01831563888873418,1200,500,10,81.7784743309021
-4,-2.5,0.22,0.004,36,28937078,True,,60,-0.11,-0.11871171282798341,0.18999941086802302,-4.081916840676847,0.0946938419034069,0.0019599622876327986,-0.1327165053534866,0.294797074766947,-4.215081626298714,0.005124364078209074,-32.226433416136494,-32.13691969041501,-43.981144021162486,-47.89646113194162,0.08951372572148131,-3.915317110779135,True,False,0.01831563888873418,0.0015034391929775724,0.0820849986238988,0.016875087776328793,0.018551159247150912,1.0993222371958975,-6.234830046928495,-4.081916840676847,-3.98722299877344,2.594693841903407,-0.0819168406768469,-0.03000058913197698,-0.0020400377123672014,2.594693841903407,0.0819168406768469,0.03000058913197698,0.0020400377123672014,False,False,ictal_scale,low,low,low,-0.11586967093449195,0.1339440259275209,0.014321760600920228,0.014654281162273635,0.01831563888873418,1200,500,10,76.63993215560913
-4,-2.5,0.22,0.004,37,639914100,True,,60,-0.11,-0.12552594567006928,0.007190919605446503,-4.17228897285482,-1.8590056355910047,0.0008845656762654649,-0.12708538222931276,0.32080237044457405,-6.731601462879725,0.012479951665923243,-43.330882780613265,-43.516167287793735,-66.19004275011602,-70.65495632669906,-0.1852845071804694,-4.464913576583044,False,False,0.01831563888873418,0.0015034391929775724,0.0820849986238988,0.015416930769332447,0.0024023818207460114,0.15582750267808548,-7.030413794701037,-4.17228897285482,-6.031294608445824,0.6409943644089953,-0.1722889728548198,-0.21280908039455348,-0.003115434323734535,0.6409943644089953,0.1722889728548198,0.21280908039455348,0.003115434323734535,False,False,ictal_scale,low,low,low,-0.11190678888383745,0.10554456310084519,0.015173583180425696,0.01594933864501622,0.01831563888873418,1200,500,10,96.37556076049805
-4,-2.5,0.22,0.004,38,137648006,True,,60,-0.11,-0.14163039013993534,-0.026412664002668056,-3.5328314576070694,-4.9999999609038515,0.0016717249820439707,-0.14571049813530576,-0.025082173898657727,-7.4365432289234175,0.019868238879296753,-33.54659102880056,-31.826619352509148,-46.62145924649062,-47.27586045612989,1.719971676291415,-0.6544012096392677,True,False,0.01831563888873418,0.0015034391929775724,0.0820849986238988,0.02922205760027663,0.0001968966830127886,0.006737947262513249,-6.393899262272136,-3.5328314576070694,-8.53283141851092,-2.4999999609038515,0.4671685423929306,-0.24641266400266806,-0.0023282750179560293,2.4999999609038515,0.4671685423929306,0.24641266400266806,0.0023282750179560293,False,False,ictal_scale,low,low,low,-0.141258383773354,0.1258386788174407,0.01443456947326177,0.014677456585694762,0.01831563888873418,1200,500,10,78.56024932861328
-4,-2.5,0.22,0.004,39,1498197509,True,,60,-0.11,-0.08965057097585787,0.16713579198014367,-3.766772221650979,-2.3943763753737874,0.0021031991735243013,-0.08051872031708329,0.17625143588728873,-3.9929522401833957,0.0025821497601977955,-32.86345680513384,-32.84442888534895,-45.255190799157184,-49.31147952180949,0.019027919784896596,-4.056288722652305,True,False,0.01831563888873418,0.0015034391929775724,0.0820849986238988,0.023126590451883165,0.0021098285366975473,0.09122955418297499,-6.164295677509738,-3.766772221650979,-6.161148597024766,0.10562362462621255,0.2332277783490211,-0.052864208019856335,-0.0018968008264756988,0.10562362462621255,0.2332277783490211,0.052864208019856335,0.0018968008264756988,False,False,ictal_scale,low,low,low,-0.08721544364999805,0.12117297799750376,0.01461696657942258,0.015281954153418983,0.01831563888873418,1200,500,10,75.0551450252533
-4,-2.5,0.22,0.004,40,147020048,True,,60,-0.11,-0.08837728654576593,0.24901705301416108,-3.256647288996859,-4.4074116486702755,0.0022521307747307615,-0.07840891995779373,0.4359116643209793,-3.8010976078335474,0.0037240148477139627,-24.699255132073315,-22.334190043887403,-28.926787453036127,-28.291001838886405,2.3650650881859114,0.6357856141497216,True,True,0.01831563888873418,0.0015034391929775724,0.0820849986238988,0.03851731921898038,0.00046939828053472316,0.012186680954250191,-6.095878499906366,-3.256647288996859,-7.664058937667134,-1.9074116486702755,0.743352711003141,0.029017053014161076,-0.0017478692252692386,1.9074116486702755,0.743352711003141,0.029017053014161076,0.0017478692252692386,False,False,ictal_scale,low,low,low,-0.09070683378080759,0.14682626945660715,0.014366987101510685,0.014422528709959906,0.01831563888873418,1200,500,10,98.05039954185486
-4,-2.5,0.22,0.004,41,757997070,True,,60,-0.11,-0.10407738972052485,0.29714452449221074,-3.6049758719575644,-4.656516505175491,0.0017686893033559868,-0.11274168945297597,0.4489199963919273,-4.224195685771301,0.003751358087406259,-34.74104482747355,-34.36531560865284,-49.0103668438366,-52.35325296841728,0.37572921882070887,-3.34288612458068,True,False,0.01831563888873418,0.0015034391929775724,0.0820849986238988,0.0271881008007893,0.0002582732623563646,0.00949949627775644,-6.337516513285362,-3.6049758719575644,-8.261492377133056,-2.1565165051754907,0.3950241280424356,0.07714452449221074,-0.0022313106966440135,2.1565165051754907,0.3950241280424356,0.07714452449221074,0.0022313106966440135,False,False,ictal_scale,low,low,low,-0.12042824734156926,0.11835087189488666,0.014543811960298825,0.01494631425047751,0.01831563888873418,1200,500,10,86.05392169952393
-4,-2.5,0.22,0.004,42,255730976,True,,60,-0.11,-0.12307337318051606,0.16475417014984872,-4.515801798045146,2.495321083207296,0.0015745660719118447,-0.11662016145350518,0.41932805735723505,-5.674468199965498,0.012078012129131335,-39.64498689736946,-39.375005796726484,-58.818250983628424,-62.37263334456456,0.26998110064297975,-3.5543823609361382,True,False,0.01831563888873418,0.0015034391929775724,0.0820849986238988,0.010934834082407073,0.13259171095474054,12.125626228574037,-6.453775554561607,-4.515801798045146,-2.0204807148378503,4.995321083207296,-0.5158017980451461,-0.05524582985015128,-0.002425433928088155,4.995321083207296,0.5158017980451461,0.05524582985015128,0.002425433928088155,False,False,ictal_scale,low,low,low,-0.12384578066558295,0.11777349187157117,0.014772413396228612,0.015014750653928566,0.01831563888873418,1200,500,10,86.47113633155823
-4,-2.5,0.22,0.004,43,246535118,True,,60,-0.11,-0.11645576052578245,-0.03957200281547993,-3.7315633034328286,-3.158700886453717,0.0021397541687587047,-0.1243046877715831,0.012948236118314707,-5.715633222279442,0.017073512982768053,-32.31286250059467,-31.72831615690107,-44.154002190078835,-47.07925406491374,0.5845463436935994,-2.925251874834906,True,False,0.01831563888873418,0.0015034391929775724,0.0820849986238988,0.02395535705706771,0.0010176449539734522,0.04248089275184523,-6.147064330958767,-3.7315633034328286,-6.890264189886546,-0.6587008864537172,0.2684366965671714,-0.25957200281547993,-0.0018602458312412954,0.6587008864537172,0.2684366965671714,0.25957200281547993,0.0018602458312412954,False,False,ictal_scale,low,low,low,-0.1180507626018994,0.11516562904281148,0.014586220675626182,0.014739738229190393,0.01831563888873418,1200,500,10,86.41269421577454
-4,-2.5,0.22,0.004,44,265103018,True,,60,-0.11,-0.07744502696513533,0.33730680254538914,-3.8618856554772685,-4.79001888074871,0.0022425263141095737,-0.08237634992776283,0.45589445388801236,-4.5931243056125135,0.006559032009338703,-38.28190250994797,-37.02035818078081,-56.092082208785435,-57.663338112673216,1.2615443291671582,-1.5712559038877814,True,False,0.01831563888873418,0.0015034391929775724,0.0820849986238988,0.021028309966520872,0.0001747936301448113,0.00831230043798574,-6.1001522298261115,-3.8618856554772685,-8.65190453622598,-2.2900188807487103,0.13811434452273152,0.11730680254538914,-0.0017574736858904263,2.2900188807487103,0.13811434452273152,0.11730680254538914,0.0017574736858904263,False,False,ictal_scale,low,low,low,-0.08446674811477399,0.11518082331897973,0.014729381506999173,0.015016634529301232,0.01831563888873418,1200,500,10,86.57442378997803
-4,-2.5,0.22,0.004,45,237163076,True,,60,-0.11,-0.12286890580935977,0.08330051571577347,-4.074866677216859,0.46953572497720075,0.0016404060949461597,-0.11683466365024567,0.37502265449975913,-5.458013922384496,0.014961226977764868,-32.475387581977834,-32.79338347560058,-44.479052352845166,-49.20938870231275,-0.3179958936227436,-4.730336349467585,False,False,0.01831563888873418,0.0015034391929775724,0.0820849986238988,0.016994480277346256,0.02717844855604967,1.5992515282905537,-6.412811448928912,-4.074866677216859,-3.605330952239658,2.9695357249772005,-0.07486667721685869,-0.1366994842842265,-0.00235959390505384,2.9695357249772005,0.07486667721685869,0.1366994842842265,0.00235959390505384,False,False,ictal_scale,low,low,low,-0.11479748169016869,0.12030940657721265,0.014619202025285886,0.014886187790943233,0.01831563888873418,1200,500,10,94.55186772346497
-4,-2.5,0.22,0.004,46,373813946,True,,60,-0.11,-0.13162512017153388,0.19964079699827955,-4.212371719362971,1.505429226070666,0.002686163543417345,-0.11861581785405595,0.5177636985667006,-4.378751213763808,0.007974147388923223,-31.755680709905015,-30.58253698170585,-43.039638608699526,-44.787695714523295,1.1731437281991646,-1.7480571058237686,True,False,0.01831563888873418,0.0015034391929775724,0.0820849986238988,0.014811198641640565,0.06674055476965288,4.506087345423675,-5.919641295386421,-4.212371719362971,-2.706942493292305,4.005429226070666,-0.21237171936297106,-0.02035920300172045,-0.001313836456582655,4.005429226070666,0.21237171936297106,0.02035920300172045,0.001313836456582655,False,False,ictal_scale,low,low,low,-0.14058210871809074,0.11369216265491212,0.014882459442397081,0.014907274795432243,0.01831563888873418,1200,500,10,76.50854778289795
-4,-2.5,0.22,0.004,47,128452148,True,,60,-0.11,-0.1185211649829179,0.050889209376512645,-4.4406477615695295,1.431143419493803,0.0013633903887641165,-0.12020316825769672,0.34690720505046785,-6.117022994512981,0.013036025975993145,-39.98127176021327,-40.34721610214762,-59.49082070931603,-64.31705395540683,-0.36594434193435177,-4.826233246090801,False,False,0.01831563888873418,0.0015034391929775724,0.0820849986238988,0.011788300038326385,0.04931611662755144,4.183479930712129,-6.597780748521991,-4.4406477615695295,-3.0095043420757266,3.931143419493803,-0.44064776156952945,-0.16911079062348736,-0.002636609611235884,3.931143419493803,0.44064776156952945,0.16911079062348736,0.002636609611235884,False,False,ictal_scale,low,low,low,-0.11877257908336249,0.12109805741277402,0.014602875520970249,0.014979715623070152,0.01831563888873418,1200,500,10,85.34804940223694
-4,-2.5,0.22,0.004,48,383185988,True,,60,-0.11,-0.1299199812739939,0.12729368263243868,-4.147680927243757,-2.284093955319194,0.0011677705172447833,-0.11888736498566317,0.36867636609040766,-5.46524212036175,0.010054055336404657,-41.83522253777499,-41.33994275978602,-63.198722264439475,-66.30250727068363,0.49527977798896927,-3.103785006244159,True,False,0.01831563888873418,0.0015034391929775724,0.0820849986238988,0.015801017737723015,0.0016095914618928515,0.10186631574054542,-6.752658888841494,-4.147680927243757,-6.431774882562951,0.2159060446808061,-0.1476809272437567,-0.09270631736756133,-0.002832229482755217,0.2159060446808061,0.1476809272437567,0.09270631736756133,0.002832229482755217,False,False,ictal_scale,low,low,low,-0.11471718042664521,0.11711700399303951,0.014709408491630913,0.015160681232556589,0.01831563888873418,1200,500,10,79.7901771068573
-4,-2.5,0.22,0.004,49,119080106,True,,60,-0.11,-0.10700502761435525,0.5010208144351717,-4.077928184754249,-4.999639678193641,0.001987516305017814,-0.10593436382887556,0.4639461303047807,-4.486043367869522,0.0013537403789253713,-45.40356147303153,-41.31530859560691,-70.33540013495255,-66.25323894232541,4.0882528774246225,4.08216119262714,True,True,0.01831563888873418,0.0015034391929775724,0.0820849986238988,0.016942531109842944,0.00011419901763235411,0.006740375265771776,-6.22086950768689,-4.077928184754249,-9.077567862947891,-2.499639678193641,-0.07792818475424923,0.2810208144351717,-0.002012483694982186,2.499639678193641,0.07792818475424923,0.2810208144351717,0.002012483694982186,False,False,ictal_scale,low,low,low,-0.10572488756049868,0.10891179902096018,0.014891391093721059,0.015011612021747979,0.01831563888873418,1200,500,10,78.97107410430908
-4,-2.5,0.22,0.004,50,621346200,True,,60,-0.11,-0.11695767181113872,0.022461060143144973,-4.547063352458104,1.168184659731932,0.0013537680229029452,-0.11593548993974805,0.3200773380681632,-6.118345180702104,0.011111572323951708,-43.23226504155447,-43.622203922437635,-65.99280727199843,-70.86702959598686,-0.38993888088316453,-4.874222323988434,False,False,0.01831563888873418,0.0015034391929775724,0.0820849986238988,0.010598282148517523,0.03408565380569432,3.216148931311682,-6.604863446420653,-4.547063352458104,-3.378878692726172,3.6681846597319323,-0.5470633524581041,-0.19753893985685503,-0.002646231977097055,3.6681846597319323,0.5470633524581041,0.19753893985685503,0.002646231977097055,False,False,ictal_scale,low,low,low,-0.1081271873506817,0.1208433805298123,0.014593913313066644,0.014802145070198933,0.01831563888873418,1200,500,10,78.9328773021698
-4,-2.5,0.22,0.004,51,10369178,True,,60,-0.11,-0.14775294142611056,0.03703683840246848,-4.063817084774747,-4.9999999782912,0.001222781936194634,-0.14077087491952897,0.23918234544812375,-7.27296224535486,0.012717770085536373,-45.76738464370832,-44.12457676576011,-71.06304647630614,-71.87177528263182,1.6428078779482078,-0.808728806325675,True,False,0.01831563888873418,0.0015034391929775724,0.0820849986238988,0.017183303647647637,0.00011578019176049067,0.0067379471453582135,-6.706626740550466,-4.063817084774747,-9.063817063065947,-2.4999999782912,-0.06381708477474657,-0.1829631615975315,-0.002777218063805366,2.4999999782912,0.06381708477474657,0.1829631615975315,0.002777218063805366,False,False,ictal_scale,low,low,low,-0.11864145753783743,0.1117913204726611,0.014910105826658184,0.015197134362157663,0.01831563888873418,1200,500,10,95.40726685523987
-4,-2.5,0.22,0.004,52,611974158,True,,60,-0.11,-0.12513355467750847,0.2698142759201535,-3.6394032876269717,-2.9765299582539906,0.002106340639025726,-0.1305283392329868,0.45519613777898127,-4.138463734182477,0.0050361627199109,-29.91571983791162,-30.148407959751655,-39.35971686471274,-43.91943767061491,-0.2326881218400345,-4.559720805902174,False,False,0.01831563888873418,0.0015034391929775724,0.0820849986238988,0.026268013738862096,0.0013388647228329603,0.050969393275905835,-6.162803131424181,-3.6394032876269717,-6.615933245880962,-0.4765299582539906,0.36059671237302826,0.0498142759201535,-0.0018936593609742741,0.4765299582539906,0.36059671237302826,0.0498142759201535,0.0018936593609742741,False,False,ictal_scale,low,low,low,-0.12294322045371904,0.12772195595693564,0.014286905686190253,0.014627317253566457,0.01831563888873418,1200,500,10,78.52072334289551
-4,-2.5,0.22,0.004,53,2146486511,True,,60,-0.11,-0.1117822056429547,0.046452291188443344,-3.794452439791213,-4.893623717453201,0.0012392641816691059,-0.11911589016512736,0.41291557542225643,-5.521492543206005,0.011309408127099463,-40.14831441367145,-38.237863183256906,-59.8249060162324,-60.098348117625406,1.9104512304145445,-0.27344210139300884,True,False,0.01831563888873418,0.0015034391929775724,0.0820849986238988,0.02249521993239088,0.0001685840436337508,0.007494216288635016,-6.693237477377522,-3.794452439791213,-8.688076157244414,-2.3936237174532007,0.20554756020878706,-0.17354770881155665,-0.002760735818330894,2.3936237174532007,0.20554756020878706,0.17354770881155665,0.002760735818330894,False,False,ictal_scale,low,low,low,-0.11541091832041878,0.10898192661709383,0.014998755554067569,0.015704838441824822,0.01831563888873418,1200,500,10,110.2892575263977
-4,-2.5,0.22,0.004,54,503263230,True,,60,-0.11,-0.12377797822505508,0.1983382941356514,-3.7794232910205787,-4.999999913416504,0.0015074269746631764,-0.12273142562317624,0.39711724177029417,-4.993857142261725,0.008750936663447572,-39.20562633450737,-37.89442123541791,-57.93952985790424,-59.41146422194741,1.311205099089463,-1.4719343640431717,True,False,0.01831563888873418,0.0015034391929775724,0.0820849986238988,0.022835857272238618,0.00015386680930134977,0.006737947582480499,-6.497351071887381,-3.7794232910205787,-8.779423204437084,-2.499999913416504,0.22057670897942128,-0.021661705864348596,-0.0024925730253368234,2.499999913416504,0.22057670897942128,0.021661705864348596,0.0024925730253368234,False,False,ictal_scale,low,low,low,-0.12324503263253012,0.11278279809969761,0.01474047973434456,0.015109563767353985,0.01831563888873418,1200,500,10,92.95220065116882
-4,-2.5,0.22,0.004,55,1141954327,True,,60,-0.11,-0.11087428831134856,0.2738819247738765,-3.6531491358261077,-2.735058061754183,0.002145569057707856,-0.11807295053432136,0.34482681613371907,-4.150069700885691,0.005587671962874366,-29.18287127490172,-28.66023980986281,-37.89401973869294,-40.94310137083721,0.5226314650389128,-3.049081632144272,True,False,0.01831563888873418,0.0015034391929775724,0.0820849986238988,0.025909407926524783,0.001681267681856113,0.064890239353363,-6.144350466817947,-3.6531491358261077,-6.388207197580291,-0.2350580617541831,0.3468508641738923,0.053881924773876516,-0.0018544309422921443,0.2350580617541831,0.3468508641738923,0.053881924773876516,0.0018544309422921443,False,False,ictal_scale,low,low,low,-0.11293697467664866,0.13524976413544834,0.014466946667777042,0.015048657977094645,0.01831563888873418,1200,500,10,84.42197585105896
-4,-2.5,0.22,0.004,56,493891188,True,,60,-0.11,-0.13289627646054844,0.18696600124995055,-3.6061231102587046,-3.8151326189701584,0.0018758817801097494,-0.11696179535525379,0.4314471463101451,-4.130756920451265,0.006240474138038366,-31.639329797700224,-30.64451620666273,-42.806936784289945,-44.91165416443705,0.9948135910374951,-2.1047173801471075,True,False,0.01831563888873418,0.0015034391929775724,0.0820849986238988,0.027156927455262436,0.0005983972486080915,0.0220347920284382,-6.278676447382826,-3.6061231102587046,-7.421255729228863,-1.3151326189701584,0.3938768897412954,-0.03303399875004945,-0.0021241182198902505,1.3151326189701584,0.3938768897412954,0.03303399875004945,0.0021241182198902505,False,False,ictal_scale,low,low,low,-0.12734485330051698,0.1305901400363193,0.014465089627649256,0.014571880598336893,0.01831563888873418,1200,500,10,82.57596206665039
-4,-2.5,0.22,0.004,57,1151326369,True,,60,-0.11,-0.09085481610243436,0.19768641198289283,-4.099406178180617,-2.6949820347296387,0.0013247719271539712,-0.0970345012101817,0.39110623294821373,-5.07312125830159,0.006944571595677804,-42.61568442924276,-42.75951041771843,-64.75964604737501,-69.14164258654846,-0.14382598847566896,-4.381996539173443,False,False,0.01831563888873418,0.0015034391929775724,0.0820849986238988,0.0165825195405633,0.0011200429872816001,0.06754359520227367,-6.626514964809931,-4.099406178180617,-6.794388212910256,-0.1949820347296387,-0.09940617818061703,-0.022313588017107172,-0.0026752280728460287,0.1949820347296387,0.09940617818061703,0.022313588017107172,0.0026752280728460287,False,False,ictal_scale,low,low,low,-0.09753011366944739,0.11544194363801412,0.014598547531765874,0.014824163259330364,0.01831563888873418,1200,500,10,85.64668321609497
-4,-2.5,0.22,0.004,58,385180260,True,,60,-0.11,-0.11900486637312532,0.14059969655609858,-3.663396293134217,-4.9999999782912,0.0013073765514750569,-0.13751445881209606,0.3654116910071146,-4.881552962339839,0.010197482206151673,-37.845897216086996,-34.465917018527186,-55.22007162106349,-52.55445578816597,3.37998019755981,2.6656158328975224,True,True,0.01831563888873418,0.0015034391929775724,0.0820849986238988,0.02564526581197409,0.00017279644556974355,0.0067379471453582135,-6.639732782180492,-3.663396293134217,-8.663396271425416,-2.4999999782912,0.336603706865783,-0.07940030344390142,-0.002692623448524943,2.4999999782912,0.336603706865783,0.07940030344390142,0.002692623448524943,False,False,ictal_scale,low,low,low,-0.13515957440589615,0.11729478147897679,0.014789976049673989,0.015241879133989594,0.01831563888873418,1200,500,10,82.53785371780396
-4,-2.5,0.22,0.004,59,1260037297,True,,60,-0.11,-0.10150779539956979,0.17025935983104562,-3.842884206182293,-1.0470837452932307,0.002104443236714399,-0.0976857083907327,0.4328450911733911,-3.9680065509637465,0.003077690794533595,-29.487231308355497,-27.632534783055156,-38.50273980560049,-38.88769131722191,1.8546965253003407,-0.3849515116214164,True,False,0.01831563888873418,0.0015034391929775724,0.0820849986238988,0.021431698680147316,0.0075216635293482515,0.35095974619668124,-6.163704342455542,-3.842884206182293,-4.889967951475524,1.4529162547067693,0.1571157938177068,-0.04974064016895438,-0.001895556763285601,1.4529162547067693,0.1571157938177068,0.04974064016895438,0.001895556763285601,False,False,ictal_scale,low,low,low,-0.08722486707041242,0.13184395047304365,0.014387032945110583,0.0149735024482921,0.01831563888873418,1200,500,10,71.46807909011841
-4,-2.5,0.22,0.004,60,375808218,True,,60,-0.11,-0.13430381880781128,0.04826087339068738,-3.8689580190028505,-3.105835782592279,0.0023738633360873337,-0.12888165652921285,0.3613126661802252,-5.62300121356577,0.013345648940510827,-36.073184464376915,-35.71113736177282,-51.67464611764333,-55.044896474657236,0.36204710260409456,-3.3702503570139086,True,False,0.01831563888873418,0.0015034391929775724,0.0820849986238988,0.0208801147769415,0.0009351591758678648,0.04478707065827952,-6.043236551390482,-3.8689580190028505,-6.97479380159513,-0.6058357825922789,0.13104198099714948,-0.17173912660931262,-0.0016261366639126664,0.6058357825922789,0.13104198099714948,0.17173912660931262,0.0016261366639126664,False,False,ictal_scale,low,low,low,-0.13362526452013151,0.11614035987428913,0.014498750081067076,0.014772447906309116,0.01831563888873418,1200,500,10,87.73224401473999
-4,-2.5,0.22,0.004,61,878074312,True,,60,-0.11,-0.10208175570635634,0.5184131964765899,-4.6133278471247365,0.37111575395111185,0.0012279718962347895,-0.10540030185545615,0.4926037826906966,-4.521201036812611,0.0018275439028126851,-46.75342117696886,-46.55326446527776,-73.0351195428272,-76.72915068166712,0.2001567116910934,-3.694031138839918,True,False,0.01831563888873418,0.0015034391929775724,0.0820849986238988,0.009918755222866168,0.014375756132309061,1.4493508317624335,-6.702391335321359,-4.6133278471247365,-4.242212093173625,2.871115753951112,-0.6133278471247365,0.2984131964765899,-0.0027720281037652106,2.871115753951112,0.6133278471247365,0.2984131964765899,0.0027720281037652106,False,False,ictal_scale,low,low,low,-0.11400918592919725,0.11350637872994,0.014810480995402298,0.014922076871907953,0.01831563888873418,1200,500,10,72.35525155067444
-4,-2.5,0.22,0.004,62,767143245,True,,60,-0.11,-0.1018451801375215,0.10757766672027401,-3.4331015474399056,-4.999999966532726,0.0017107407921701223,-0.10172290227895038,0.4049186702742092,-4.946722239735532,0.0133535942239107,-31.19091908028857,-29.26805481260584,-41.910115349466636,-42.158731376323274,1.9228642676827299,-0.24861602685663797,True,False,0.01831563888873418,0.0015034391929775724,0.0820849986238988,0.032286646753395175,0.00021754572188323397,0.006737947224586191,-6.370828790481314,-3.4331015474399056,-8.43310151397263,-2.4999999665327257,0.5668984525600944,-0.11242233327972599,-0.0022892592078298775,2.4999999665327257,0.5668984525600944,0.11242233327972599,0.0022892592078298775,False,False,ictal_scale,low,low,low,-0.10206906091166237,0.13548492569827741,0.01450729813841833,0.0147769923312972,0.01831563888873418,1200,500,10,91.69354605674744
-4,-2.5,0.22,0.004,63,1378120267,True,,60,-0.11,-0.08555318745618476,-0.012303472394292287,-3.776656337477651,-2.0363187451376423,0.0020499370186100457,-0.0759646649416485,0.18524225415140486,-5.852259180636466,0.018423015564956992,-30.65119801009727,-30.58576103950727,-40.83067320908404,-44.79414383012613,0.06543697059000309,-3.9634706210420916,True,False,0.01831563888873418,0.0015034391929775724,0.0820849986238988,0.02289913052513096,0.0029885257223832376,0.13050826183568154,-6.189946208933016,-3.776656337477651,-5.812975082615294,0.4636812548623577,0.22334366252234883,-0.23230347239429228,-0.0019500629813899543,0.4636812548623577,0.22334366252234883,0.23230347239429228,0.0019500629813899543,False,False,ictal_scale,low,low,low,-0.0880414789228282,0.13929318825956893,0.014221518341920219,0.014583621664673519,0.01831563888873418,1200,500,10,101.52354860305786
-4,-2.5,0.22,0.004,64,875854173,True,,60,-0.11,-0.12886142619205646,0.19365216798662277,-3.7994274724608292,-4.815731786427584,0.002354062965176199,-0.12971207534535228,0.3829718014573544,-4.781990385277627,0.008512171206337939,-36.97136639739514,-36.78503479980715,-53.47100998367977,-57.192691350725894,0.18633159758798712,-3.7216813670461235,True,False,0.01831563888873418,0.0015034391929775724,0.0820849986238988,0.022383583406258425,0.0001813359338330091,0.008101291493046095,-6.051612522338567,-3.7994274724608292,-8.615159258888413,-2.315731786427584,0.20057252753917076,-0.02634783201337723,-0.001645937034823801,2.315731786427584,0.20057252753917076,0.02634783201337723,0.001645937034823801,False,False,ictal_scale,low,low,low,-0.13096532272118497,0.11519190329837861,0.014622951038143782,0.01486394461967567,0.01831563888873418,1200,500,10,101.64758467674255
-4,-2.5,0.22,0.004,65,759991342,True,,60,-0.11,-0.07021511893712135,0.2973003956818965,-3.724560560858337,-4.788025260179002,0.0018544048688874772,-0.08067017493609004,0.39730576687510155,-4.545931419133284,0.006382284071172813,-36.56503606133795,-36.09770056471225,-52.658349311565395,-55.81802288053609,0.46733549662570084,-3.159673568970696,True,False,0.01831563888873418,0.0015034391929775724,0.0820849986238988,0.02412369899551367,0.00020092360012587322,0.008328888540817862,-6.290191459795803,-3.724560560858337,-8.512585821037339,-2.288025260179002,0.275439439141663,0.07730039568189648,-0.002145595131112523,2.288025260179002,0.275439439141663,0.07730039568189648,0.002145595131112523,False,False,ictal_scale,low,low,low,-0.08233708593159109,0.11847105633274724,0.014519344242189485,0.014762068525162368,0.01831563888873418,1200,500,10,83.45304417610168
-4,-2.5,0.22,0.004,66,885226215,True,,60,-0.11,-0.09428973270449284,0.22490208295231992,-4.206955255154506,0.8899992864133465,0.0021768408558507225,-0.09421573048661513,0.4099884774755118,-4.582979659074219,0.00745924658434011,-33.70698294568247,-34.15936574780839,-46.942243080254435,-51.94135324672837,-0.45238280212591775,-4.999110166473933,False,False,0.01831563888873418,0.0015034391929775724,0.0820849986238988,0.014891640627869388,0.03626304977244014,2.4351279136144757,-6.129880601904958,-4.206955255154506,-3.31695596874116,3.3899992864133464,-0.2069552551545062,0.004902082952319919,-0.0018231591441492776,3.3899992864133464,0.2069552551545062,0.004902082952319919,0.0018231591441492776,False,False,ictal_scale,low,low,low,-0.10879149901847032,0.11597587963329073,0.014648513986563739,0.014791709782004777,0.01831563888873418,1200,500,10,82.90841031074524
-4,-2.5,0.22,0.004,67,651280414,True,,60,-0.11,-0.13316383530897336,0.022481233453368086,-4.176004175628159,-4.504372699867938,0.0018769482547264763,-0.13128563347631766,0.03906656058217923,-4.735302565699621,0.005827054387909523,-42.74420257035393,-41.85855850892621,-65.01668232959736,-67.33973876896401,0.885644061427719,-2.3230564393666526,True,False,0.01831563888873418,0.0015034391929775724,0.0820849986238988,0.015359760011620021,0.00016988702927410947,0.01106052628072223,-6.278108089831039,-4.176004175628159,-8.680376875496098,-2.004372699867938,-0.17600417562815895,-0.19751876654663192,-0.002123051745273524,2.004372699867938,0.17600417562815895,0.19751876654663192,0.002123051745273524,False,False,ictal_scale,low,low,low,-0.13070363140489638,0.11326307850199788,0.014921479749480993,0.015298279481579035,0.01831563888873418,1200,500,10,93.43268704414368
-4,-2.5,0.22,0.004,68,993937143,True,,60,-0.11,-0.11130069694886363,0.4131907157044086,-4.534015693117474,2.877124458122726,0.0024513521991266387,-0.08880318131313411,0.4611402509629981,-4.266170294426239,0.002965556892837776,-33.42535231677607,-33.97903786930449,-46.37898182244164,-51.58069748972058,-0.553685552528421,-5.20171566727894,False,False,0.01831563888873418,0.0015034391929775724,0.0820849986238988,0.010737470993265864,0.19073099725330472,17.76312107133272,-6.011115488665356,-4.534015693117474,-1.6568912349947476,5.377124458122726,-0.5340156931174738,0.19319071570440857,-0.0015486478008733613,5.377124458122726,0.5340156931174738,0.19319071570440857,0.0015486478008733613,False,False,ictal_scale,low,low,low,-0.0976466440242745,0.12074820361385083,0.014564006215957158,0.01458142315663803,0.01831563888873418,1200,500,10,69.81300640106201
-4,-2.5,0.22,0.004,69,392332163,True,,60,-0.11,-0.10374647828377806,0.23582455016138393,-4.323040775771112,0.45507130372265636,0.0014520732724422338,-0.10138482757657655,0.44031147941916504,-4.461122998243471,0.003778583908118352,-38.60650265049482,-38.046154173974976,-56.74128248987913,-59.71493009906155,0.5603484765198417,-2.9736476091824144,True,False,0.01831563888873418,0.0015034391929775724,0.0820849986238988,0.01325950300400502,0.02090076595646023,1.5762857740706553,-6.534762900738267,-4.323040775771112,-3.867969472048456,2.955071303722656,-0.323040775771112,0.015824550161383927,-0.0025479267275577665,2.955071303722656,0.323040775771112,0.015824550161383927,0.0025479267275577665,False,False,ictal_scale,low,low,low,-0.10646350180266818,0.12106065286127317,0.014611684183961424,0.014849673414549982,0.01831563888873418,1200,500,10,74.51126265525818
-4,-2.5,0.22,0.004,70,1003309185,True,,60,-0.11,-0.10430775361089231,0.4158613375433448,-3.6355686212529283,-4.9999999782912,0.0014331478544003483,-0.1199362296315099,0.47426522840156704,-4.237716728607635,0.003068429984312907,-38.81716646844816,-35.754930808955216,-57.16261012578581,-55.132483369022026,3.0622356594929414,2.030126756763785,True,True,0.01831563888873418,0.0015034391929775724,0.0820849986238988,0.026368936186147704,0.00017767249830158665,0.0067379471453582135,-6.547881957230872,-3.6355686212529283,-8.63556859954413,-2.4999999782912,0.36443137874707165,0.1958613375433448,-0.002566852145599652,2.4999999782912,0.36443137874707165,0.1958613375433448,0.002566852145599652,False,False,ictal_scale,low,low,low,-0.11530948494545053,0.13879874060416414,0.014465204751946388,0.015325532868093322,0.01831563888873418,1200,500,10,92.60562038421631
-4,-2.5,0.22,0.004,71,1646440556,True,,60,-0.11,-0.11523583248053605,0.3384653635296008,-3.7921418424512865,-4.451505691514295,0.0013512075241020024,-0.12205412172133617,0.46747570977582087,-4.440099275159348,0.004189853128631141,-40.30085616873159,-38.39760194700527,-60.12998952635268,-60.417825645122136,1.9032542217263213,-0.28783611876945514,True,False,0.01831563888873418,0.0015034391929775724,0.0820849986238988,0.022547257423420158,0.0002629234759840012,0.011660995882847334,-6.606756624027039,-3.7921418424512865,-8.243647533965582,-1.9515056915142948,0.2078581575487135,0.11846536352960083,-0.0026487924758979977,1.9515056915142948,0.2078581575487135,0.11846536352960083,0.0026487924758979977,False,False,ictal_scale,low,low,low,-0.11619370881280919,0.11672169013681255,0.014698128471559779,0.014786108144949099,0.01831563888873418,1200,500,10,82.35453748703003
-4,-2.5,0.22,0.004,72,1112020113,True,,60,-0.11,-0.09731282578453918,0.3079777698406795,-3.6086375183781705,-4.942492473946664,0.0020486617711712634,-0.11036612595119207,0.43001872824575255,-4.346579003230216,0.006193196791465452,-34.42196276961467,-33.8366098126172,-48.37220272811884,-51.29584137634599,0.5853529569974754,-2.923638648227147,True,False,0.01831563888873418,0.0015034391929775724,0.0820849986238988,0.02708872963088115,0.0001933265186017439,0.007136787927528055,-6.190568493545559,-3.6086375183781705,-8.551129992324835,-2.442492473946664,0.3913624816218295,0.08797776984067948,-0.0019513382288287367,2.442492473946664,0.3913624816218295,0.08797776984067948,0.0019513382288287367,False,False,ictal_scale,low,low,low,-0.10996058456717032,0.12277829862057062,0.014758840308878364,0.014782068058846704,0.01831563888873418,1200,500,10,77.32300114631653
-4,-2.5,0.22,0.004,73,510415133,True,,60,-0.11,-0.124683554757621,0.398415353495444,-3.5741744700697495,-4.474790446597899,0.0022350174763510655,-0.1001931954943246,0.49043427214128305,-4.117995204146471,0.00484350004257658,-31.794079435410776,-31.128438228454076,-43.11643605971105,-45.879498208019754,0.6656412069566997,-2.7630621483087054,True,False,0.01831563888873418,0.0015034391929775724,0.0820849986238988,0.028038562895586244,0.00031943239056398217,0.01139260923441502,-6.1035062315507265,-3.5741744700697495,-8.048964916667648,-1.9747904465978987,0.42582552993025047,0.178415353495444,-0.0017649825236489346,1.9747904465978987,0.42582552993025047,0.178415353495444,0.0017649825236489346,False,False,ictal_scale,low,low,low,-0.11039110533888523,0.14254544398410005,0.014342040512288596,0.014182229182956026,0.01831563888873418,1200,500,10,73.65407609939575
-4,-2.5,0.22,0.004,74,1121392155,True,,60,-0.11,-0.13950195653412184,0.10524420627338893,-3.7445506354058518,-4.9999999782912,0.001521256675438122,-0.12692511311593693,0.34687898466794315,-4.8081102755488025,0.01070118270080668,-37.68478123542062,-33.381278959599264,-54.89783965973074,-50.38517967031012,4.303502275821359,4.512659989420619,True,True,0.01831563888873418,0.0015034391929775724,0.0820849986238988,0.023646252449244398,0.0001593271991888061,0.0067379471453582135,-6.488218525545215,-3.7445506354058518,-8.74455061369705,-2.4999999782912,0.25544936459414824,-0.11475579372661107,-0.002478743324561878,2.4999999782912,0.25544936459414824,0.11475579372661107,0.002478743324561878,False,False,ictal_scale,low,low,low,-0.13390528459543505,0.13341939625795873,0.014321845054873722,0.014171066042226788,0.01831563888873418,1200,500,10,104.41276359558105
-4,-2.5,0.22,0.004,75,619126061,True,,60,-0.11,-0.15378638777976755,0.2136378447979561,-4.827538395286307,4.997987161000576,0.0015134266310843707,-0.1535704143178631,0.37963045875954987,-4.295626757815866,0.0015521772403839736,-40.5763865139122,-38.33139272404573,-60.68105021671389,-60.28540719920305,2.24499378986647,0.3956430175108423,True,True,0.01831563888873418,0.0015034391929775724,0.0820849986238988,0.008006205141370506,1.185836894871117,148.1147277557923,-6.4933789070010235,-4.827538395286307,0.17044876571426837,7.497987161000576,-0.8275383952863073,-0.00636215520204389,-0.0024865733689156296,7.497987161000576,0.8275383952863073,0.00636215520204389,0.0024865733689156296,False,False,ictal_scale,low,low,low,-0.14238380899959238,0.11046321514873894,0.014764525419037522,0.015011380708990024,0.01831563888873418,1200,500,10,87.75628995895386
-4,-2.5,0.22,0.004,76,2030623680,True,,60,-0.11,-0.10056855772252857,-0.017923675727251835,-3.8225408376075105,-3.5163224647789932,0.0015675136635336226,-0.11099236530780512,0.2744774666141202,-5.747450755089469,0.014454736887818832,-36.196276870214554,-36.29964522825262,-51.920830929318605,-56.22191220761684,-0.10336835803806821,-4.301081278298234,False,False,0.01831563888873418,0.0015034391929775724,0.0820849986238988,0.021872156634549274,0.0006497887145943334,0.02970848853413597,-6.458264568727328,-3.8225408376075105,-7.338863302386503,-1.0163224647789932,0.1774591623924895,-0.23792367572725184,-0.0024324863364663775,1.0163224647789932,0.1774591623924895,0.23792367572725184,0.0024324863364663775,False,False,ictal_scale,low,low,low,-0.1084788049435618,0.11162258195772919,0.015065763632139134,0.01564051038054593,0.01831563888873418,1200,500,10,86.27079200744629
-4,-2.5,0.22,0.004,77,628498103,True,,60,-0.11,-0.09430354546938152,-0.15934073631497225,-4.366502808990387,3.0276299486803095,0.0021129711043152586,-0.09371081232240747,0.21234284058819103,-7.770086229696773,0.01897421877731569,-32.921059261636906,-33.07070416077666,-45.37039571216331,-49.76403007266491,-0.14964489913975143,-4.393634360501601,False,False,0.01831563888873418,0.0015034391929775724,0.0820849986238988,0.012695561827563399,0.2621409716186408,20.6482371697411,-6.159660215635638,-4.366502808990387,-1.3388728603100777,5.5276299486803095,-0.36650280899038723,-0.3793407363149722,-0.0018870288956847414,5.5276299486803095,0.36650280899038723,0.3793407363149722,0.0018870288956847414,False,False,ictal_scale,low,low,low,-0.08800983004993229,0.12466033221914712,0.014726528556576362,0.01515917264272455,0.01831563888873418,1200,500,10,84.14354705810547
-4,-2.5,0.22,0.004,78,2021251638,True,,60,-0.11,-0.13631786549871522,0.1748732612453343,-4.059190948613,-0.7284510063337609,0.0021160029137657146,-0.13975515108754816,0.388579960865452,-5.2438711384797925,0.011572377998259269,-35.49837453077231,-35.43600714241536,-50.52502625043412,-54.49463603594232,0.06236738835694666,-3.9696097855082044,True,False,0.01831563888873418,0.0015034391929775724,0.0820849986238988,0.01726298010500343,0.00833208165930473,0.4826560425039125,-6.158226387971099,-4.059190948613,-4.787641954946761,1.7715489936662392,-0.05919094861299978,-0.04512673875466569,-0.0018839970862342854,1.7715489936662392,0.05919094861299978,0.04512673875466569,0.0018839970862342854,False,False,ictal_scale,low,low,low,-0.12282873794067768,0.1260991947854037,0.014580823331651728,0.01503121809740737,0.01831563888873418,1200,500,10,75.51631546020508
-4,-2.5,0.22,0.004,79,737209031,True,,60,-0.11,-0.12658245739263063,0.3472325055825174,-4.181800654376133,-0.5552282439186789,0.001918970910644142,-0.13426821966625954,0.4456249955806228,-4.442103417185043,0.004494488291462452,-36.78265847152641,-36.61218518790116,-53.09359413194232,-56.84699212691392,0.17047328362524894,-3.7533979949716,True,False,0.01831563888873418,0.0015034391929775724,0.0820849986238988,0.01527098502885281,0.00876464820024359,0.5739412476460275,-6.2559662206727475,-4.181800654376133,-4.737028898294811,1.9447717560813211,-0.1818006543761328,0.1272325055825174,-0.002081029089355858,1.9447717560813211,0.1818006543761328,0.1272325055825174,0.002081029089355858,False,False,ictal_scale,low,low,low,-0.12655639255095574,0.11064446365191775,0.015159359354921012,0.015286127160595846,0.01831563888873418,1200,500,10,70.31808042526245
-4,-2.5,0.22,0.004,80,1912540710,True,,60,-0.11,-0.12540299128368282,0.015475965539087483,-4.425263164820844,2.5316268740207395,0.0018542031791488585,-0.11593747687772409,0.3816168951159962,-5.76463779099385,0.015114220521111067,-33.85345635019216,-34.394265027974846,-47.23518988927382,-52.41115180706129,-0.5408086777826853,-5.175961917787468,False,False,0.01831563888873418,0.0015034391929775724,0.0820849986238988,0.011971060524236852,0.15052346538008754,12.573945731485917,-6.290300228226548,-4.425263164820844,-1.8936362908001048,5.0316268740207395,-0.42526316482084425,-0.20452403446091252,-0.0021457968208511416,5.0316268740207395,0.42526316482084425,0.20452403446091252,0.0021457968208511416,False,False,ictal_scale,low,low,low,-0.11819633343328495,0.11307173381837547,0.014728356606630232,0.01459109394163633,0.01831563888873418,1200,500,10,86.09411859512329
-4,-2.5,0.22,0.004,81,366662043,True,,60,-0.11,-0.1017055285969387,0.09849093340539061,-3.722945727523503,-1.121580931685252,0.0023878584538089024,-0.08553063868480336,0.37777162784705176,-5.197372193835536,0.018164546796809053,-27.500110251143845,-27.141508058881318,-34.528497691177186,-37.90563786887424,0.3586021922625271,-3.3771401776970507,True,False,0.01831563888873418,0.0015034391929775724,0.0820849986238988,0.024162686219273203,0.007871342400772731,0.32576437608556164,-6.037358359157922,-3.722945727523503,-4.844526659208755,1.378419068314748,0.27705427247649705,-0.12150906659460939,-0.0016121415461910977,1.378419068314748,0.27705427247649705,0.12150906659460939,0.0016121415461910977,False,False,ictal_scale,low,low,low,-0.09515950808050441,0.1206713941355494,0.01459047557475632,0.015068308410843067,0.01831563888873418,1200,500,10,76.53636598587036
-4,-2.5,0.22,0.004,82,1903168668,True,,60,-0.11,-0.06636275822744585,-0.13716009136616697,-4.17724043269277,-0.6463954900411619,0.002379852371140148,-0.05870389762507658,0.3377046798084927,-7.69306656589708,0.018361291083514426,-34.86088165458118,-34.35528820121871,-49.25004049805185,-52.33319815354902,0.5055934533624651,-3.0831576554971676,True,False,0.01831563888873418,0.0015034391929775724,0.0820849986238988,0.015340783132362363,0.008037510180982858,0.523930891378499,-6.040716822155338,-4.17724043269277,-4.823635922733931,1.853604509958838,-0.1772404326927699,-0.357160091366167,-0.001620147628859852,1.853604509958838,0.1772404326927699,0.357160091366167,0.001620147628859852,False,False,ictal_scale,low,low,low,-0.07198098360718969,0.1266024186926558,0.01465383184621482,0.015118696624774702,0.01831563888873418,1200,500,10,87.0747504234314
-4,-2.5,0.22,0.004,83,257951115,True,,60,-0.11,-0.07461169222949361,0.31331592819229953,-4.541181833874324,2.966710551966624,0.0016804797242850422,-0.0867798905994972,0.4735799141820733,-4.2364399508223425,0.002464293969063782,-38.37985104107599,-36.819367924677394,-56.28797927104147,-57.26135760046638,1.5604831163985935,-0.9733783294249108,True,False,0.01831563888873418,0.0015034391929775724,0.0820849986238988,0.010660799811108507,0.20711703025833542,19.427907279763417,-6.388675976158992,-4.541181833874324,-1.5744712819077002,5.466710551966624,-0.5411818338743242,0.09331592819229953,-0.002319520275714958,5.466710551966624,0.5411818338743242,0.09331592819229953,0.002319520275714958,False,False,ictal_scale,low,low,low,-0.085606219842934,0.11341544577395891,0.014849781392910644,0.01509689569363425,0.01831563888873418,1200,500,10,85.01022696495056
-4,-2.5,0.22,0.004,84,1794457740,True,,60,-0.11,-0.09063865448338931,0.11614190818638329,-3.847030531085244,-1.3416141737048828,0.0027543786001215883,-0.10606633913411974,0.3899685008446242,-5.036117685337331,0.015663693579375377,-28.304214106360668,-29.198101137161768,-36.13670540161083,-42.01882402543514,-0.8938870308010998,-5.882118623824304,False,False,0.01831563888873418,0.0015034391929775724,0.0820849986238988,0.021343019866830515,0.005579563648779287,0.26142334513076876,-5.8945634153131605,-3.847030531085244,-5.188644704790127,1.1583858262951172,0.15296946891475605,-0.10385809181361672,-0.0012456213998784118,1.1583858262951172,0.15296946891475605,0.10385809181361672,0.0012456213998784118,False,False,ictal_scale,low,low,low,-0.10576123335718274,0.13140648600014787,0.01453114156501593,0.014848420365238025,0.01831563888873418,1200,500,10,99.75490021705627
-4,-2.5,0.22,0.004,85,248579073,True,,60,-0.11,-0.11245489316591335,0.29289044002285475,-3.7714596307934145,-4.9999127809005355,0.002689548947679054,-0.11465107445443601,0.46740186804150013,-4.539634110676403,0.0066070761893232246,-35.65291312001881,-35.025179107590475,-50.834103428927115,-53.672979966292544,0.6277340124283342,-2.8388765373654294,True,False,0.01831563888873418,0.0015034391929775724,0.0820849986238988,0.023018440330320966,0.00015511055896062493,0.006738534702384071,-5.918381776870554,-3.7714596307934145,-8.77137241169395,-2.4999127809005355,0.2285403692065855,0.07289044002285475,-0.001310451052320946,2.4999127809005355,0.2285403692065855,0.07289044002285475,0.001310451052320946,False,False,ictal_scale,low,low,low,-0.11569981287125522,0.12765453587460407,0.014585190185504701,0.01505791638838297,0.01831563888873418,1200,500,10,103.49855709075928
-4,-2.5,0.22,0.004,86,1785085698,True,,60,-0.11,-0.07090564287544075,0.07369355142089991,-3.854633598205918,-0.22987656307780904,0.0018781965306751615,-0.08353998104924697,0.28672283424850087,-5.272915638472261,0.01663680942824374,-28.953809423751228,-29.120714654500468,-37.43589603639195,-41.86405106011253,-0.16690523074924002,-4.428155023720578,False,False,0.01831563888873418,0.0015034391929775724,0.0820849986238988,0.02118136277781117,0.016831381959547784,0.7946316833390781,-6.277443254749571,-3.854633598205918,-4.084510161283727,2.2701234369221908,0.1453664017940821,-0.14630644857910008,-0.0021218034693248388,2.2701234369221908,0.1453664017940821,0.14630644857910008,0.0021218034693248388,False,False,ictal_scale,low,low,low,-0.0855700579830109,0.13636452256402065,0.014390123811245683,0.014520775650950484,0.01831563888873418,1200,500,10,77.41132259368896
-4,-2.5,0.22,0.004,87,139868145,True,,60,-0.11,-0.07415121826978571,0.15479510441419872,-4.775645731386883,4.314983269283491,0.0015500064920302922,-0.08190751257941593,0.43032675184474917,-4.550350482310052,0.002480976143389861,-40.74236887551696,-39.38614636074898,-61.013014939923416,-62.39491447260956,1.3562225147679783,-1.3818995326861412,True,False,0.01831563888873418,0.0015034391929775724,0.0820849986238988,0.00843263711054235,0.630865582506023,74.81237176888885,-6.469496159653113,-4.775645731386883,-0.4606624621033921,6.814983269283491,-0.7756457313868834,-0.06520489558580128,-0.002449993507969708,6.814983269283491,0.7756457313868834,0.06520489558580128,0.002449993507969708,False,False,ictal_scale,low,low,low,-0.07728200431132182,0.11537407663073089,0.014509372266862072,0.014642248863979005,0.01831563888873418,1200,500,10,85.87242531776428
-4,-2.5,0.22,0.004,88,1505349412,True,,60,-0.11,-0.130956490241516,0.13163891338463754,-4.065605935326013,-1.7100075037080325,0.002012707962662485,-0.11678853096708616,0.3761402964034964,-5.040086469063571,0.011327777956609426,-36.110948428817764,-35.43144020052357,-51.750174046525025,-54.48550215215873,0.6795082282941962,-2.7353281056337053,True,False,0.01831563888873418,0.0015034391929775724,0.0820849986238988,0.01715259276222666,0.0031022940065830408,0.1808644354581131,-6.208274218525834,-4.065605935326013,-5.7756134390340454,0.7899924962919675,-0.06560593532601278,-0.08836108661536246,-0.001987292037337515,0.7899924962919675,0.06560593532601278,0.08836108661536246,0.001987292037337515,False,False,ictal_scale,low,low,low,-0.12357898895412639,0.11948058479716726,0.014711328497426113,0.015065496077802252,0.01831563888873418,1200,500,10,78.18957495689392
-4,-2.5,0.22,0.004,89,2116326434,True,,60,-0.11,-0.127204313032471,0.29825031160433046,-4.094472164468543,-0.7548501416293224,0.0025072560161840157,-0.11675972180680376,0.44973604783763643,-4.307448817805263,0.004413076432276464,-32.43482018208981,-32.51018710066058,-44.397917553069114,-48.642995952432756,-0.07536691857077216,-4.245078399363642,False,False,0.01831563888873418,0.0015034391929775724,0.0820849986238988,0.01666454009823963,0.007833684591026303,0.47008105503336534,-5.988566344483822,-4.094472164468543,-4.849322306097866,1.7451498583706777,-0.09447216446854334,0.07825031160433046,-0.0014927439838159843,1.7451498583706777,0.09447216446854334,0.07825031160433046,0.0014927439838159843,False,False,ictal_scale,low,low,low,-0.13394974828176096,0.12911557039708932,0.014251049382865227,0.014308569103976373,0.01831563888873418,1200,500,10,74.98146462440491
-4,-2.5,0.22,0.004,90,1514721454,True,,60,-0.11,-0.12779072397151917,0.11499223374434761,-4.109553343528965,-4.9999999782912,0.0010129002725392327,-0.12440885398466463,0.4431627723769232,-5.429184019270394,0.00815866481656816,-46.36249482252519,-44.166757762282366,-72.25326683393988,-71.95613727567633,2.195737060242827,0.29712955826354914,True,True,0.01831563888873418,0.0015034391929775724,0.0820849986238988,0.016415104801895748,0.00011060410854068934,0.0067379471453582135,-6.8949375062033065,-4.109553343528965,-9.109553321820165,-2.4999999782912,-0.10955334352896529,-0.10500776625565239,-0.0029870997274607674,2.4999999782912,0.10955334352896529,0.10500776625565239,0.0029870997274607674,False,False,ictal_scale,low,low,low,-0.13007492911004984,0.11855606872552456,0.014652911454612363,0.014961597336492513,0.01831563888873418,1200,500,10,107.5683650970459
-4,-2.5,0.22,0.004,91,21785175,True,,60,-0.11,-0.08860520084178064,0.2629675696490714,-3.9217793089465154,-3.238772538704744,0.0015264355145053342,-0.09962941575074777,0.4248536467587343,-4.341564330821896,0.002770534969878875,-38.189148755997735,-37.057914742973836,-55.90657470088497,-57.738451237059266,1.1312340130238994,-1.831876536174299,True,False,0.01831563888873418,0.0015034391929775724,0.0820849986238988,0.01980582269622415,0.0007766258557862029,0.039211996779828874,-6.484819990700424,-3.9217793089465154,-7.160551847651259,-0.7387725387047439,0.07822069105348461,0.04296756964907142,-0.002473564485494666,0.7387725387047439,0.07822069105348461,0.04296756964907142,0.002473564485494666,False,False,ictal_scale,low,low,low,-0.08976731877810822,0.10705786489493647,0.015004856033258141,0.015601994169000094,0.01831563888873418,1200,500,10,82.52170610427856
-4,-2.5,0.22,0.004,92,1623432382,True,,60,-0.11,-0.10935630474354135,0.041311807244649834,-4.336390171541579,-0.7021748252050185,0.0013232984040348057,-0.11014675469347476,0.08817891190125268,-10.515199740618097,0.013633249775714588,-43.57772753794876,-43.63839584253151,-66.68373226478701,-70.89941343617461,-0.06066830458274808,-4.215681171387601,False,False,0.01831563888873418,0.0015034391929775724,0.0820849986238988,0.013083672874839128,0.0064830448368597485,0.4955064910960227,-6.6276278682354155,-4.336390171541579,-5.038564996746597,1.7978251747949816,-0.3363901715415789,-0.17868819275535017,-0.0026767015959651944,1.7978251747949816,0.3363901715415789,0.17868819275535017,0.0026767015959651944,False,False,ictal_scale,low,low,low,-0.10609761788012137,0.11033575222278721,0.014761140818475594,0.015160040407777365,0.01831563888873418,1200,500,10,87.10548186302185
-4,-2.5,0.22,0.004,93,2060557894,True,,60,-0.11,-0.15373708594965668,0.2269008741837924,-3.9669319234570617,-0.12207546513285178,0.0022037825259047785,-0.17958260962571507,0.3581547657577837,-4.209157829664629,0.006104237566831782,-28.99704847581677,-28.555099350900313,-37.522374140523034,-40.73282045291222,0.4419491249164551,-3.2104463123891875,True,False,0.01831563888873418,0.0015034391929775724,0.0820849986238988,0.018931427192249318,0.0167558573619305,0.885081573183795,-6.117580065016913,-3.9669319234570617,-4.089007388589914,2.377924534867148,0.03306807654293831,0.006900874183792399,-0.0017962174740952215,2.377924534867148,0.03306807654293831,0.006900874183792399,0.0017962174740952215,False,False,ictal_scale,low,low,low,-0.13859464660172044,0.13429977655000255,0.014353130955689958,0.014717344182341226,0.01831563888873418,1200,500,10,78.74475526809692
-4,-2.5,0.22,0.004,94,1632804424,True,,60,-0.11,-0.10781675109194187,0.23855529309224133,-3.8761558469610993,-3.1664505044706863,0.001974415003974487,-0.11267868966604005,0.4329880420472577,-4.880589383121523,0.010607581689580878,-36.407801606274276,-35.46936705915771,-52.34388040143805,-54.56135586942702,0.9384345471165645,-2.2174754679889688,True,False,0.01831563888873418,0.0015034391929775724,0.0820849986238988,0.020730362893711857,0.0008738460417481999,0.04215295439971598,-6.227483125024337,-3.8761558469610993,-7.042606351431786,-0.6664505044706863,0.12384415303890073,0.018555293092241326,-0.002025584996025513,0.6664505044706863,0.12384415303890073,0.018555293092241326,0.002025584996025513,False,False,ictal_scale,low,low,low,-0.11652070751558252,0.1162184933052833,0.014741215986227811,0.015080375748279215,0.01831563888873418,1200,500,10,87.49642062187195
-4,-2.5,0.22,0.004,95,1130538330,True,,60,-0.11,-0.08451044354527204,0.2991038403652647,-3.109314756604213,-4.999999860728424,0.0024577684625315425,-0.10082822657712828,0.45003556402167405,-3.6557731610686535,0.0028240837326231013,-23.45199022762166,-18.855312977916107,-26.432257644132818,-21.333247706943812,4.596677249705554,5.099009937189006,True,True,0.01831563888873418,0.0015034391929775724,0.0820849986238988,0.04463152832413857,0.0003007249142186571,0.006737947937490028,-6.008501469780633,-3.109314756604213,-8.109314617332638,-2.4999998607284244,0.890685243395787,0.07910384036526472,-0.0015422315374684576,2.4999998607284244,0.890685243395787,0.07910384036526472,0.0015422315374684576,False,False,ictal_scale,low,low,low,-0.11391582181007993,0.14216251839899735,0.014157124801866944,0.014985192411057346,0.01831563888873418,1200,500,10,100.89399099349976
-4,-2.5,0.22,0.004,96,1741515352,True,,60,-0.11,-0.1067306356353886,0.34200147350624566,-3.734641512271579,-4.9999999782912,0.0015971655541026965,-0.11739219456412131,0.37322749510299147,-4.278486779969331,0.0018426726541691824,-39.67161164230328,-35.34527323556656,-58.87150047349606,-54.31316822224471,4.326338406736724,4.55833225125135,True,True,0.01831563888873418,0.0015034391929775724,0.0820849986238988,0.023881730841808807,0.0001609138401517787,0.0067379471453582135,-6.439524749434828,-3.734641512271579,-8.73464149056278,-2.4999999782912,0.2653584877284212,0.12200147350624566,-0.002402834445897304,2.4999999782912,0.2653584877284212,0.12200147350624566,0.002402834445897304,False,False,ictal_scale,low,low,low,-0.12241801795956621,0.12779206383689046,0.01455736314506425,0.01510071528883277,0.01831563888873418,1200,500,10,96.43500542640686
-4,-2.5,0.22,0.004,97,1239249258,True,,60,-0.11,-0.12369166402491444,0.07230492584247004,-3.8434905199050062,-2.3172327793965564,0.002362794109547197,-0.12015657509465158,0.3379444827134026,-6.187385284565828,0.0176846567896323,-32.35108724908283,-32.32530692888791,-44.23045168705516,-48.27323560888742,0.025780320194918716,-4.04278392183226,True,False,0.01831563888873418,0.0015034391929775724,0.0820849986238988,0.02141870828566167,0.002110726032808554,0.09854590690800608,-6.047910415531086,-3.8434905199050062,-6.160723299301562,0.18276722060344364,0.15650948009499377,-0.14769507415752997,-0.0016372058904528032,0.18276722060344364,0.15650948009499377,0.14769507415752997,0.0016372058904528032,False,False,ictal_scale,low,low,low,-0.11554307476216029,0.12746015204360248,0.014608021878749815,0.015052984763355107,0.01831563888873418,1200,500,10,81.85556554794312
-4,-2.5,0.22,0.004,98,396596257,True,,60,-0.11,-0.1448916955919192,0.06034969990805159,-4.172808946927354,0.4158345776935095,0.001504814509387993,-0.1353006806411457,0.39971056433086477,-5.315982072753272,0.013081626916918072,-34.087601568434096,-34.751681750833406,-47.70348032575769,-53.125985252778406,-0.6640801823993101,-5.422504927020718,False,False,0.01831563888873418,0.0015034391929775724,0.0820849986238988,0.015408916448854339,0.02335429505851313,1.5156351282733798,-6.499085637953235,-4.172808946927354,-3.756974369233845,2.9158345776935093,-0.17280894692735416,-0.15965030009194842,-0.002495185490612007,2.9158345776935093,0.17280894692735416,0.15965030009194842,0.002495185490612007,False,False,ictal_scale,low,low,low,-0.14356574085471172,0.12986717724657923,0.014620218178636561,0.014769582093714345,0.01831563888873418,1200,500,10,73.90244364738464
-4,-2.5,0.22,0.004,99,1248621300,True,,60,-0.11,-0.09398154879058881,0.07950068876751255,-4.2436533309435385,0.43684465692969776,0.0012843176864308153,-0.10338406714511977,0.43146044466672484,-4.295130668837441,0.0031167830473274017,-38.11459453350715,-35.8191956360519,-55.7574662559038,-55.2610130232154,2.29539889745525,0.4964532326884026,True,True,0.01831563888873418,0.0015034391929775724,0.0820849986238988,0.014355052172848087,0.022218973920908335,1.5478156159497969,-6.657527684978843,-4.2436533309435385,-3.8068086740138405,2.936844656929698,-0.24365333094353847,-0.14049931123248743,-0.002715682313569185,2.936844656929698,0.24365333094353847,0.14049931123248743,0.002715682313569185,False,False,ictal_scale,low,low,low,-0.12000016033998354,0.12031056996894264,0.014847295080601492,0.015509973638226485,0.01831563888873418,1200,500,10,74.59294724464417
-4,-0.06,0.22,0.004,0,1889905032,True,,60,-0.11,-0.057029052084918756,0.27858788057445827,-4.14872324372133,0.052336055730850484,0.0029337908301088444,-0.06558573372007467,0.43573654834191106,-4.046489248942102,0.002392774771697421,-30.276830877232754,-30.085142622392084,-40.081938943355006,-43.79290699589576,0.19168825484067042,-3.710968052540757,True,False,0.01831563888873418,0.01724901911534628,0.9417645335842487,0.015784556656890766,0.016632657649532444,1.0537297949557194,-5.831459893517499,-4.14872324372133,-4.096387187990479,0.11233605573085048,-0.14872324372132972,0.05858788057445827,-0.0010662091698911557,0.11233605573085048,0.14872324372132972,0.05858788057445827,0.0010662091698911557,False,False,ictal_scale,low,low,low,-0.06811456536234288,0.13340147974711636,0.018200096127843974,0.01823127300354537,0.01831563888873418,1200,500,10,92.76978731155396
-4,-0.06,0.22,0.004,1,1794085244,True,,60,-0.11,-0.09125292524619048,0.04045973925916469,-3.756776388145628,-3.238402113733404,0.0018696497156873368,-0.09390011104858471,0.329256529940671,-5.81132729541622,0.015520698337933767,-34.196399050790106,-33.983024829467446,-47.92107529046971,-51.58867141004649,0.2133742213226597,-3.6675961195767783,True,False,0.01831563888873418,0.01724901911534628,0.9417645335842487,0.023358919224997006,0.0009162892189821509,0.039226524573174826,-6.282004183476073,-3.756776388145628,-6.995178501879032,-3.1784021137334038,0.24322361185437202,-0.17954026074083532,-0.0021303502843126633,3.1784021137334038,0.24322361185437202,0.17954026074083532,0.0021303502843126633,False,False,ictal_scale,low,low,low,-0.09286657212717445,0.13380236138804633,0.018201474000786307,0.018208979610977106,0.01831563888873418,1200,500,10,85.8463294506073
-4,-0.06,0.22,0.004,2,1998615960,True,,60,-0.11,-0.1464171646231565,-0.18656616032991685,-4.176364085239051,0.7455849356419433,0.0015219759125235405,-0.16301686151679445,0.21059004488375002,-5.212640942719468,0.01413266954393656,-34.197332772094356,-32.69247438003588,-47.92294273307821,-49.00757051118336,1.5048583920584733,-1.0846277781051512,True,False,0.01831563888873418,0.01724901911534628,0.9417645335842487,0.015354232881064212,0.03236171632913598,2.1076739280831442,-6.487745845867917,-4.176364085239051,-3.4307791495971074,0.8055849356419433,-0.1763640852390509,-0.4065661603299169,-0.0024780240874764598,0.8055849356419433,0.1763640852390509,0.4065661603299169,0.0024780240874764598,False,False,ictal_scale,low,low,low,-0.13898371280880972,0.12397816622861876,0.018206579523975207,0.018215416209512017,0.01831563888873418,1200,500,10,86.10856556892395
-4,-0.06,0.22,0.004,3,1784713202,True,,60,-0.11,-0.09367599530604598,0.12283951948523217,-3.6263210840483056,-1.1727758980725458,0.0022721051694432597,-0.09146241219974723,0.29762286860396414,-4.983940975094598,0.017099736379126703,-26.0513702742739,-26.13621665376388,-31.631017737437297,-35.89505505863936,-0.08484637948998142,-4.264037321202061,False,False,0.01831563888873418,0.01724901911534628,0.9417645335842487,0.026613914883568148,0.008237182014194178,0.3095065889490742,-6.08704848982692,-3.6263210840483056,-4.799096982120851,-1.1127758980725457,0.37367891595169445,-0.09716048051476783,-0.0017278948305567404,1.1127758980725457,0.37367891595169445,0.09716048051476783,0.0017278948305567404,False,False,ictal_scale,low,low,low,-0.0885984757419817,0.14667534459624182,0.01819201560714786,0.018221657389271,0.01831563888873418,1200,500,10,83.85227251052856
-4,-0.06,0.22,0.004,4,2007988002,True,,60,-0.11,-0.08060087525036906,0.26332035375529383,-3.5584407027837464,-2.1383695035525427,0.003038792734299286,-0.07931951797358933,0.46343421398704393,-4.331313826430993,0.011697038206319873,-25.205014329114768,-24.954060671748948,-29.938305847119032,-33.53074309460949,0.25095365736581954,-3.5924372474904587,True,False,0.01831563888873418,0.01724901911534628,0.9417645335842487,0.028483203885562067,0.0033566554372373527,0.11784683530418497,-5.796294969315002,-3.5584407027837464,-5.6968102063362895,-2.0783695035525427,0.44155929721625364,0.04332035375529383,-0.000961207265700714,2.0783695035525427,0.44155929721625364,0.04332035375529383,0.000961207265700714,False,False,ictal_scale,low,low,low,-0.09642433485905898,0.14531309627603467,0.018181903431017287,0.018186147938982974,0.01831563888873418,1200,500,10,98.11283946037292
-4,-0.06,0.22,0.004,5,1676002274,True,,60,-0.11,-0.13411155850830744,0.28593628338601373,-4.182671163445455,-0.49848608323025895,0.001258907953956664,-0.13825711552016912,0.37503634405015057,-4.894815754468627,0.008333447972465836,-36.84971911472599,-37.97557002446936,-53.22771541834148,-59.57376180005032,-1.1258509097433702,-6.346046381708838,False,False,0.01831563888873418,0.01724901911534628,0.9417645335842487,0.01525769728227876,0.009268281990013819,0.607449592067774,-6.67751063703213,-4.182671163445455,-4.681157246675714,-0.43848608323025895,-0.18267116344545542,0.06593628338601373,-0.0027410920460433363,0.43848608323025895,0.18267116344545542,0.06593628338601373,0.0027410920460433363,False,False,ictal_scale,low,low,low,-0.14615648174892465,0.11885228623462805,0.018216849726191787,0.018235035786435826,0.01831563888873418,1200,500,10,79.92465424537659
-4,-0.06,0.22,0.004,6,2116698930,True,,60,-0.11,-0.13764085671664097,0.14734614321731498,-4.003685702998603,0.3230188666654919,0.0015393955549260379,-0.12830185472994204,0.40817836628283355,-5.019748882505677,0.0139127769711655,-30.919003746549492,-31.12296256134464,-41.36628468198848,-45.86854687380088,-0.203958814795147,-4.502262191812399,False,False,0.01831563888873418,0.01724901911534628,0.9417645335842487,0.01824825713440604,0.02520616084589049,1.381291411022794,-6.476365436404904,-4.003685702998603,-3.680666836333111,0.3830188666654919,-0.0036857029986032686,-0.07265385678268502,-0.002460604445073962,0.3830188666654919,0.0036857029986032686,0.07265385678268502,0.002460604445073962,False,False,ictal_scale,low,low,low,-0.13295930348896473,0.13065249592396339,0.018196253486340463,0.01820534064410496,0.01831563888873418,1200,500,10,78.55895662307739
-4,-0.06,0.22,0.004,7,1515093950,True,,60,-0.11,-0.13993354757969967,0.21255432198069923,-4.254779577205285,2.499244334243596,0.0018435063301839975,-0.14883942496832359,0.416525181489316,-4.695489798293493,0.011113855031249979,-30.394487854558356,-30.14150470237097,-40.31725289800621,-43.90563115585354,0.25298315218738665,-3.5883782578473316,True,False,0.01831563888873418,0.01724901911534628,0.9417645335842487,0.01419621957112502,0.17281471967050435,12.173291544603037,-6.296085906510238,-4.254779577205285,-1.7555352429616895,2.559244334243596,-0.25477957720528543,-0.0074456780193007666,-0.002156493669816003,2.559244334243596,0.25477957720528543,0.0074456780193007666,0.002156493669816003,False,False,ictal_scale,low,low,low,-0.13801714023430833,0.14538788257874768,0.018182449509746814,0.01819858933805292,0.01831563888873418,1200,500,10,77.25962400436401
-4,-0.06,0.22,0.004,8,21412679,True,,60,-0.11,-0.11598467313317168,0.08649508875600856,-3.8349332091353263,-0.3076954188346821,0.0023004608389831844,-0.11315868620093548,0.2896311261034357,-5.251579881010515,0.018471033453649043,-26.734930728554968,-26.845489625760358,-32.99813864599943,-37.31360100263231,-0.11055889720539014,-4.315462356632878,False,False,0.01831563888873418,0.01724901911534628,0.9417645335842487,0.021602781290433436,0.015881051214459332,0.7351391934654309,-6.0746458113420765,-3.8349332091353263,-4.142628627970009,-0.2476954188346821,0.16506679086467368,-0.13350491124399144,-0.0016995391610168157,0.2476954188346821,0.16506679086467368,0.13350491124399144,0.0016995391610168157,False,False,ictal_scale,low,low,low,-0.10474024675079667,0.13483134068160568,0.01820258527264803,0.01822956614325425,0.01831563888873418,1200,500,10,72.31378102302551
-4,-0.06,0.22,0.004,9,1623804878,True,,60,-0.11,-0.12105170274749559,0.18232707709689258,-3.812868309092216,-1.3247226594644397,0.0020861061136581314,-0.13096192424392641,0.39913245307733763,-4.781519580769099,0.012580291955455703,-29.666134783828284,-29.59039899117392,-38.860546756546064,-42.803419733459435,0.07573579265436337,-3.942872976913371,True,False,0.01831563888873418,0.01724901911534628,0.9417645335842487,0.022084742155628195,0.005871818083051092,0.2658766872473847,-6.172456054254346,-3.812868309092216,-5.137590968556656,-1.2647226594644396,0.1871316909077838,-0.03767292290310742,-0.0019138938863418687,1.2647226594644396,0.1871316909077838,0.03767292290310742,0.0019138938863418687,False,False,ictal_scale,low,low,low,-0.12414238898133503,0.13493504796945646,0.01819694341986491,0.018205573988856246,0.01831563888873418,1200,500,10,71.82850217819214
-4,-0.06,0.22,0.004,10,87298253,True,,60,-0.11,-0.10984263483285794,0.1873243193599158,-3.6962944563473603,-3.5910411341740027,0.0016669126157957802,-0.10225896199243041,0.43187233697867056,-4.098414098316911,0.0028758700363281237,-31.964832317557146,-31.970760812417797,-43.45794182400379,-47.5641433759472,-0.005928494860651057,-4.106201551943407,False,False,0.01831563888873418,0.01724901911534628,0.9417645335842487,0.02481531052681207,0.000684148478190126,0.02756961181085877,-6.396782096625983,-3.6962944563473603,-7.287335590521363,-3.5310411341740027,0.3037055436526397,-0.03267568064008419,-0.00233308738420422,3.5310411341740027,0.3037055436526397,0.03267568064008419,0.00233308738420422,False,False,ictal_scale,low,low,low,-0.0985792981763067,0.1397660243890679,0.01819916637714005,0.018230761565150248,0.01831563888873418,1200,500,10,98.96092963218689
-4,-0.06,0.22,0.004,11,1633176920,True,,60,-0.11,-0.15117241111995916,0.06325050682276594,-3.8127211750892114,-0.08572619155408645,0.002387147215742008,-0.15266438054000883,0.232228643159459,-5.811044093099005,0.020556777859754953,-26.588925913300265,-27.321130002120164,-32.70612901549003,-38.26488175535192,-0.7322040888198984,-5.5587527398618946,False,False,0.01831563888873418,0.01724901911534628,0.9417645335842487,0.022087991811208435,0.02027336412363843,0.9178455106702286,-6.037656259567419,-3.8127211750892114,-3.898447366643298,-0.025726191554086453,0.18727882491078862,-0.15674949317723408,-0.001612852784257992,0.025726191554086453,0.18727882491078862,0.15674949317723408,0.001612852784257992,False,False,ictal_scale,low,low,low,-0.1418309018738295,0.13388183369349765,0.01819375022746492,0.018218964585932723,0.01831563888873418,1200,500,10,79.07089161872864
-4,-0.06,0.22,0.004,12,2050813356,True,,60,-0.11,-0.1251819957837495,0.09352393621039697,-4.5115541417236456,2.0779843925935397,0.0013259569383942543,-0.1258389606877534,0.3287744311653271,-5.581142931061798,0.010877121741014793,-41.263634808904875,-41.13650402803516,-62.05554680669925,-65.89562980718192,0.12713078086971308,-3.8400830004826716,True,False,0.01831563888873418,0.01724901911534628,0.9417645335842487,0.010981380285674584,0.08772312344044834,7.988351296319718,-6.625620862561581,-4.5115541417236456,-2.433569749130106,2.13798439259354,-0.5115541417236456,-0.12647606378960302,-0.0026740430616057458,2.13798439259354,0.5115541417236456,0.12647606378960302,0.0026740430616057458,False,False,ictal_scale,low,low,low,-0.10727653974735299,0.12334915849741562,0.018211672676891645,0.01822975435064491,0.01831563888873418,1200,500,10,84.12539410591125
-4,-0.06,0.22,0.004,13,1741887848,True,,60,-0.11,-0.12156667652541674,0.5119336660150837,-3.1668570350757435,-4.999999974589388,0.0022704509057247255,-0.11861464557390405,0.4767097666758081,-3.8677095941939394,0.004503017291347548,-28.769983795727313,-24.96974204417982,-37.06824478034412,-33.56210583947124,3.8002417515474924,3.50613894087288,True,True,0.01831563888873418,0.01724901911534628,0.9417645335842487,0.04213582141643591,0.00028390893868117536,0.006737947170300828,-6.08777683033138,-3.1668570350757435,-8.166857009665131,-4.939999974589388,0.8331429649242565,0.29193366601508375,-0.0017295490942752746,4.939999974589388,0.8331429649242565,0.29193366601508375,0.0017295490942752746,False,False,ictal_scale,low,low,low,-0.14148960711821137,0.1579381685277615,0.018171999171307258,0.01818756709383588,0.01831563888873418,1200,500,10,77.30905389785767
-4,-0.06,0.22,0.004,14,907861893,True,,60,-0.11,-0.09714743599721204,-0.05289566471784121,-4.062866069166627,-0.23059876173609586,0.002004667515503821,-0.09589188497901835,-0.8018863303446541,-16.546843832761056,0.018912017752019013,-34.12334270752799,-34.27334048456813,-47.774962603945475,-52.169302720247856,-0.1499977770401415,-4.394340116302381,False,False,0.01831563888873418,0.01724901911534628,0.9417645335842487,0.017199653010633066,0.013657522217925423,0.7940580085820426,-6.2122770596534265,-4.062866069166627,-4.293464830902723,-0.17059876173609587,-0.06286606916662674,-0.2728956647178412,-0.001995332484496179,0.17059876173609587,0.06286606916662674,0.2728956647178412,0.001995332484496179,False,False,ictal_scale,low,low,low,-0.10177530423918614,0.12681608592744067,0.018207110607441887,0.018227846315266312,0.01831563888873418,1200,500,10,91.53148746490479
-4,-0.06,0.22,0.004,15,1751259890,True,,60,-0.11,-0.08350314095386824,0.4043029953148671,-3.6027833366555364,-4.667785771644993,0.004451199859521738,-0.08325617590810193,0.4501996990785592,-4.119918925068459,0.003339249282157691,-25.61258482197119,-24.986525225685952,-30.753446832831877,-33.5956722024835,0.6260595962852378,-2.842225369651622,True,False,0.01831563888873418,0.01724901911534628,0.9417645335842487,0.02724777706884596,0.00025593959245536466,0.00939304486412567,-5.414581587794789,-3.6027833366555364,-8.27056910830053,-4.607785771644993,0.3972166633444636,0.18430299531486707,0.00045119985952173786,4.607785771644993,0.3972166633444636,0.18430299531486707,0.00045119985952173786,False,False,ictal_scale,low,low,low,-0.09389180834230598,0.1430909098881971,0.01819977456167707,0.018228366007972466,0.01831563888873418,1200,500,10,101.34834909439087
-4,-0.06,0.22,0.004,16,1248993796,True,,60,-0.11,-0.13837271068061352,0.1919877334144139,-4.539663817260866,4.047375286573425,0.0015488661576627324,-0.13993294833397785,0.29464503300272277,-4.361901520737487,0.006285248837681762,-34.62729989330648,-33.546975580364986,-48.782876975502454,-50.71657291184157,1.0803243129414923,-1.933695936339113,True,False,0.01831563888873418,0.01724901911534628,0.9417645335842487,0.010676995371789556,0.611225982934655,57.247002705425764,-6.470232126921174,-4.539663817260866,-0.49228853068744094,4.107375286573425,-0.5396638172608661,-0.028012266585586088,-0.002451133842337268,4.107375286573425,0.5396638172608661,0.028012266585586088,0.002451133842337268,False,False,ictal_scale,low,low,low,-0.1407420274377684,0.12612813325199035,0.018205349716541527,0.01822086467712353,0.01831563888873418,1200,500,10,80.13818764686584
-4,-0.06,0.22,0.004,17,1859970818,True,,60,-0.11,-0.09404716357087325,0.3218746097963792,-4.035806901433336,-0.5288079165900115,0.0020257800180506825,-0.10203196651986934,0.4425041937546951,-4.2191569504805955,0.0032484699424088644,-34.69082411108869,-34.555811335106924,-48.90992541106687,-52.73424442132544,0.13501277598176387,-3.82431901025857,True,False,0.01831563888873418,0.01724901911534628,0.9417645335842487,0.017671415268482385,0.01041388967693948,0.5893070542863101,-6.201800458492734,-4.035806901433336,-4.5646148180233475,-0.4688079165900115,-0.03580690143333598,0.10187460979637922,-0.0019742199819493176,0.4688079165900115,0.03580690143333598,0.10187460979637922,0.0019742199819493176,False,False,ictal_scale,low,low,low,-0.08710498068612625,0.12675456018077036,0.018203001999248025,0.018227681409401716,0.01831563888873418,1200,500,10,73.47458243370056
-4,-0.06,0.22,0.004,18,789778923,True,,60,-0.11,-0.12020260530409291,0.015571292015830566,-3.476364371248553,-4.18620884040358,0.0021838601199961373,-0.12371252314219275,0.08232012792241893,-6.29377051832572,0.02054653405707396,-29.23349657781488,-28.61253630326784,-37.995270344519255,-40.847694357647285,0.6209602745470377,-2.8524240131280294,True,False,0.01831563888873418,0.01724901911534628,0.9417645335842487,0.030919619192069116,0.0004700961960987846,0.01520381584192875,-6.126661270771431,-3.476364371248553,-7.662573211652133,-4.126208840403581,0.523635628751447,-0.20442870798416943,-0.0018161398800038628,4.126208840403581,0.523635628751447,0.20442870798416943,0.0018161398800038628,False,False,ictal_scale,low,low,low,-0.13165972311903112,0.13500466119263083,0.01819343242612876,0.018207578161668615,0.01831563888873418,1200,500,10,78.21932315826416
-4,-0.06,0.22,0.004,19,1391383903,True,,60,-0.11,-0.1194806774909521,0.3802339751316259,-3.514464955799057,-4.991375292772879,0.0016716592243984116,-0.11828838198121129,0.45526865093517144,-4.251904201082519,0.0032303173049602106,-33.652674153563304,-30.350069229856842,-46.833625496016104,-44.32276021082528,3.302604923706461,2.5108652851908246,True,True,0.01831563888873418,0.01724901911534628,0.9417645335842487,0.02976372360230438,0.00020228352641450114,0.006796311144309904,-6.3939385982511965,-3.514464955799057,-8.505840248571936,-4.93137529277288,0.48553504420094296,0.16023397513162588,-0.0023283407756015885,4.93137529277288,0.48553504420094296,0.16023397513162588,0.0023283407756015885,False,False,ictal_scale,low,low,low,-0.11528198841925873,0.15711639762884322,0.018183269395935207,0.018202976596437263,0.01831563888873418,1200,500,10,76.64166212081909
-4,-0.06,0.22,0.004,20,1367076766,True,,60,-0.11,-0.07044820581467016,0.09599785116867705,-4.145215712774691,-0.7126951643972413,0.0015292317910291391,-0.0734224862262598,0.38540248544772443,-5.454133949271559,0.011459724800771388,-37.90943604649196,-38.42498318634075,-55.34714928187342,-60.47258812379309,-0.5155471398487848,-5.125438841919667,False,False,0.01831563888873418,0.01724901911534628,0.9417645335842487,0.015840018688378296,0.007766692528984778,0.4903209195506281,-6.48298976703746,-4.145215712774691,-4.857910877171933,-0.6526951643972414,-0.14521571277469114,-0.12400214883132295,-0.002470768208970861,0.6526951643972414,0.14521571277469114,0.12400214883132295,0.002470768208970861,False,False,ictal_scale,low,low,low,-0.07825971753800094,0.1276495868100637,0.01820346386523052,0.01822712860810414,0.01831563888873418,1200,500,10,86.49534010887146
-4,-0.06,0.22,0.004,21,1282672975,True,,60,-0.11,-0.09420775333769767,0.1887942660358203,-3.5724771832947697,-1.8462331000742207,0.002554985091912267,-0.09211730411829994,0.35949812788486146,-4.492490088113918,0.013116371728870544,-25.26079797937329,-25.140156285500346,-30.049873147636077,-33.90293432211229,0.12064169387294399,-3.8530611744762098,True,False,0.01831563888873418,0.01724901911534628,0.9417645335842487,0.02808619278693642,0.004432860096063776,0.15783057994694136,-5.969708890211489,-3.5724771832947697,-5.41871028336899,-1.7862331000742206,0.4275228167052303,-0.031205733964179694,-0.0014450149080877332,1.7862331000742206,0.4275228167052303,0.031205733964179694,0.0014450149080877332,False,False,ictal_scale,low,low,low,-0.08729708560027083,0.15259214361387474,0.018179990165781534,0.018204995018732396,0.01831563888873418,1200,500,10,78.80645084381104
-4,-0.06,0.22,0.004,22,1475787694,True,,60,-0.11,-0.10077254823203116,0.313020244839309,-3.638264969601607,-4.99999912036502,0.001994879180658745,-0.12571789394088262,0.4019633090459845,-4.216256357977998,0.00362676592835084,-35.45317948621006,-33.91183289569747,-50.43463616130962,-51.44628754250654,1.541346590512589,-1.0116513811969199,True,False,0.01831563888873418,0.01724901911534628,0.9417645335842487,0.0262979321174758,0.00017719422865927252,0.006737952926021948,-6.217171791547517,-3.638264969601607,-8.638264089966627,-4.93999912036502,0.36173503039839305,0.09302024483930901,-0.002005120819341255,4.93999912036502,0.36173503039839305,0.09302024483930901,0.002005120819341255,False,False,ictal_scale,low,low,low,-0.11990767289162403,0.13164821134567778,0.018204027248905717,0.018224868621053488,0.01831563888873418,1200,500,10,88.81668901443481
-4,-0.06,0.22,0.004,23,1273300933,True,,60,-0.11,-0.09087134335910539,0.16567735834471112,-4.095625480820144,0.9063910294489745,0.0022503115004358833,-0.08710249614986619,0.4142796028390061,-5.3299787858264835,0.014832603080445438,-30.70814871313373,-30.980514135267025,-40.94457461515696,-45.58365002164565,-0.2723654221332943,-4.639075406488693,False,False,0.01831563888873418,0.01724901911534628,0.9417645335842487,0.016645331690466968,0.041203402076180985,2.475372845815911,-6.096686627710213,-4.095625480820144,-3.1892344513711692,0.9663910294489746,-0.09562548082014377,-0.054322641655288884,-0.0017496884995641167,0.9663910294489746,0.09562548082014377,0.054322641655288884,0.0017496884995641167,False,False,ictal_scale,low,low,low,-0.08657917002717767,0.13249856875434218,0.018194967553849598,0.01819593172637123,0.01831563888873418,1200,500,10,92.74293112754822
-4,-0.06,0.22,0.004,24,1485159736,True,,60,-0.11,-0.06152100262395847,0.1431702263639513,-3.9012049350990963,-2.444815413754478,0.0024999690129302197,-0.06377492320941663,0.3843850909682926,-5.210290940344668,0.012947842513201283,-35.21985951054164,-34.497584122169016,-49.967996209972775,-52.61778999544963,0.7222753883726227,-2.6497937854768523,True,False,0.01831563888873418,0.01724901911534628,0.9417645335842487,0.020217535944628173,0.0017537124310333112,0.08674214483092219,-5.991476942012711,-3.9012049350990963,-6.346020348853575,-2.384815413754478,0.09879506490090373,-0.0768297736360487,-0.0015000309870697804,2.384815413754478,0.09879506490090373,0.0768297736360487,0.0015000309870697804,False,False,ictal_scale,low,low,low,-0.06551067632388545,0.12831774595222278,0.01820079576729278,0.018231973351125065,0.01831563888873418,1200,500,10,84.38770532608032
-4,-0.06,0.22,0.004,25,1164590005,True,,60,-0.11,-0.09076825604924148,-0.07046133905697455,-4.6685885895626,4.972555903020195,0.001480679587228124,-0.08001432847536812,-0.4287901889125528,-9.00815118105661,0.01797542744980668,-35.607909959833464,-35.562022065982376,-50.744097108556424,-54.746665883076346,0.045887893851087824,-4.002568774519922,True,False,0.01831563888873418,0.01724901911534628,0.9417645335842487,0.009385506985584692,1.3552247577541834,144.39547696631504,-6.515254116037702,-4.6685885895626,0.3039673134575951,5.032555903020195,-0.6685885895626003,-0.2904613390569746,-0.002519320412771876,5.032555903020195,0.6685885895626003,0.2904613390569746,0.002519320412771876,False,False,ictal_scale,low,low,low,-0.09074730558223748,0.11419095776669927,0.018217692841065187,0.01822185468448088,0.01831563888873418,1200,500,10,102.9472885131836
-4,-0.06,0.22,0.004,26,480627552,True,,60,-0.11,-0.12650542758020922,0.05769755497381866,-3.7678486150400405,0.9733234057783848,0.0022028481559931905,-0.13521668083931643,0.15003455977632377,-3.5962430510928645,0.0019402203747491908,-21.722909959257674,-21.99934234440284,-22.974097107404845,-27.62130643991728,-0.2764323851451671,-4.6472093325124355,False,False,0.01831563888873418,0.01724901911534628,0.9417645335842487,0.023101710535500183,0.061143897998435184,2.6467260034479234,-6.118004139550515,-3.7678486150400405,-2.7945252092616557,1.0333234057783849,0.23215138495995946,-0.16230244502618135,-0.0017971518440068096,1.0333234057783849,0.23215138495995946,0.16230244502618135,0.0017971518440068096,False,False,ictal_scale,low,low,low,-0.1255423559268383,0.14225413712342058,0.018191860561258055,0.01820634607671874,0.01831563888873418,1200,500,10,76.94082450866699
-4,-0.06,0.22,0.004,27,1055879077,True,,60,-0.11,-0.1394339088357741,0.21625246414695004,-3.9001377674189737,-3.411542727658075,0.0015315960423571266,-0.15017250443527697,0.4250404276153301,-4.744838100551752,0.006954604101139643,-38.469448892411,-37.69120029931669,-56.4671749737115,-59.005022349744976,0.778248593094311,-2.5378473760334757,True,False,0.01831563888873418,0.01724901911534628,0.9417645335842487,0.020239122961994926,0.0006676940521705173,0.032990266101170236,-6.481444922356947,-3.9001377674189737,-7.311680495077049,-3.351542727658075,0.09986223258102633,-0.0037475358530499603,-0.0024684039576428735,3.351542727658075,0.09986223258102633,0.0037475358530499603,0.0024684039576428735,False,False,ictal_scale,low,low,low,-0.14236212693504077,0.12334342045556049,0.01820986795568635,0.018231338837179242,0.01831563888873418,1200,500,10,84.7647864818573
-4,-0.06,0.22,0.004,28,1657484057,True,,60,-0.11,-0.1193229142519621,0.008970961477619282,-3.6717586136584757,-2.792287764391483,0.002538982166095421,-0.10195604010814767,0.38957096236281763,-5.232228380759569,0.01614354970916799,-28.687471867828457,-28.64739495402386,-36.90322092454641,-40.91741165915931,0.040076913804597325,-4.014190734612903,True,False,0.01831563888873418,0.01724901911534628,0.9417645335842487,0.025431706051398717,0.0015584767484551887,0.06128085726161791,-5.975992000271889,-3.6717586136584757,-6.464046378049959,-2.732287764391483,0.32824138634152433,-0.21102903852238072,-0.0014610178339045793,2.732287764391483,0.32824138634152433,0.21102903852238072,0.0014610178339045793,False,False,ictal_scale,low,low,low,-0.1103906837634285,0.1430698811097764,0.01819591482335551,0.018222022311680748,0.01831563888873418,1200,500,10,76.47154211997986
-4,-0.06,0.22,0.004,29,1046507035,True,,60,-0.11,-0.13766720049118908,0.39288047305761675,-4.449472864369674,3.0889755393699008,0.0021240379075304324,-0.11390369831528965,0.4486122979018316,-4.152440076462357,0.00259665366075028,-34.43462700351501,-33.73343160612869,-48.39753119591952,-51.089484963368974,0.7011953973863214,-2.691953767449455,True,False,0.01831563888873418,0.01724901911534628,0.9417645335842487,0.011684724782015057,0.25653316486768624,21.95457485336223,-6.154436328525154,-4.449472864369674,-1.360497324999773,3.148975539369901,-0.4494728643696737,0.17288047305761675,-0.0018759620924695677,3.148975539369901,0.4494728643696737,0.17288047305761675,0.0018759620924695677,False,False,ictal_scale,low,low,low,-0.12508690330957872,0.13797065499644723,0.01819236120318341,0.01819027924294913,0.01831563888873418,1200,500,10,68.82902431488037
-4,-0.06,0.22,0.004,30,1548773129,True,,60,-0.11,-0.07444944559177398,0.2750583550161134,-3.871173791941506,0.8051324695749499,0.0021620899903326196,-0.07631660761455396,0.3494953782334261,-4.061936418089092,0.006713081191902062,-24.091238986391208,-24.7198624996537,-27.710755161671912,-33.062346750418996,-0.6286235132624931,-5.351591588747084,False,False,0.01831563888873418,0.01724901911534628,0.9417645335842487,0.02083390040285051,0.04660528546127442,2.2369928126803296,-6.13667993698075,-3.871173791941506,-3.066041322366556,0.8651324695749498,0.1288262080584941,0.05505835501611342,-0.0018379100096673805,0.8651324695749498,0.1288262080584941,0.05505835501611342,0.0018379100096673805,False,False,ictal_scale,low,low,low,-0.09643547298833945,0.14126154186326717,0.018193717959920936,0.018224701890141443,0.01831563888873418,1200,500,10,85.78973603248596
-4,-0.06,0.22,0.004,31,937796107,True,,60,-0.11,-0.13239249775672998,0.01095276780087688,-4.070594070094138,0.861349098224677,0.002215228379018879,-0.1542810007228584,0.29248789205493914,-4.685465514492826,0.01229042081070571,-30.30208156492183,-29.22826502168194,-40.13244031873316,-42.07915179447548,1.073816543239893,-1.946711475742319,True,False,0.01831563888873418,0.01724901911534628,0.9417645335842487,0.01706724635455967,0.04038709515619675,2.366350981123968,-6.112399775148196,-4.070594070094138,-3.2092449718694613,0.921349098224677,-0.07059407009413832,-0.20904723219912313,-0.0017847716209811212,0.921349098224677,0.07059407009413832,0.20904723219912313,0.0017847716209811212,False,False,ictal_scale,low,low,low,-0.13436486615397666,0.14380424649800516,0.01818243208497679,0.01819087264681394,0.01831563888873418,1200,500,10,83.54340410232544
-4,-0.06,0.22,0.004,32,1539401087,True,,60,-0.11,-0.11321066732223724,0.3708612467804434,-3.2726524349437573,-4.999999905119578,0.0024658645585308118,-0.11377208765060266,0.45436938838500013,-4.168013751813763,0.006306053363196743,-28.90916839860152,-26.428793157637973,-37.346613986092535,-36.48020806638755,2.4803752409635464,0.866405919704988,True,True,0.01831563888873418,0.01724901911534628,0.9417645335842487,0.03790575107720501,0.00025540696595185395,0.006737947638384751,-6.005212799296265,-3.2726524349437573,-8.272652340063335,-4.939999905119579,0.7273475650562427,0.1508612467804434,-0.0015341354414691883,4.939999905119579,0.7273475650562427,0.1508612467804434,0.0015341354414691883,False,False,ictal_scale,low,low,low,-0.12903572004183358,0.14957505922278608,0.018180027871131512,0.018190640187264948,0.01831563888873418,1200,500,10,73.17223763465881
-4,-0.06,0.22,0.004,33,105816470,True,,60,-0.11,-0.08552834585415772,0.015656324418876634,-3.8838371843790997,-1.085523597291643,0.0020161012396533733,-0.0932166972008734,0.4374293041616068,-3.941978340357381,0.002245735807692012,-32.635050234186835,-29.168596832499198,-44.79837765726317,-41.95981541610999,3.4664534016876374,2.838562241153177,True,True,0.01831563888873418,0.01724901911534628,0.9417645335842487,0.020571735994848274,0.006947587641020356,0.3377249077452782,-6.20658971195187,-3.8838371843790997,-4.969360781670742,-1.025523597291643,0.11616281562090025,-0.20434367558112337,-0.001983898760346627,1.025523597291643,0.11616281562090025,0.20434367558112337,0.001983898760346627,False,False,ictal_scale,low,low,low,-0.0851856794879818,0.13476413504199375,0.01819759319819979,0.018209330815465406,0.01831563888873418,1200,500,10,81.78229761123657
-4,-0.06,0.22,0.004,34,1430690159,True,,60,-0.11,-0.16002782480088557,0.10299547293208168,-3.419352768352999,-4.999999868946061,0.002221481638835016,-0.14999051425418797,0.4084544233141153,-4.6683750682329315,0.012704280953928958,-30.75709397295276,-28.949755085348915,-41.042465134795016,-41.52213192180943,1.8073388876038443,-0.47966678701441623,True,False,0.01831563888873418,0.01724901911534628,0.9417645335842487,0.03273361431540479,0.0002205573872506153,0.006737947882120021,-6.1095809008329045,-3.419352768352999,-8.41935263729906,-4.939999868946061,0.580647231647001,-0.11700452706791832,-0.001778518361164984,4.939999868946061,0.580647231647001,0.11700452706791832,0.001778518361164984,False,False,ictal_scale,low,low,low,-0.13848612768051807,0.1407791448643968,0.018190453542172913,0.018208023468013673,0.01831563888873418,1200,500,10,84.5020101070404
-4,-0.06,0.22,0.004,35,214527398,True,,60,-0.11,-0.11738702684046187,0.2867308712078275,-3.9665707726949337,-0.8449274882742775,0.002498596035671915,-0.10664722445011818,0.43639987798141433,-4.135532956390686,0.003916370844110967,-32.0607672155269,-31.8565322005066,-43.6498116199433,-47.335686152124794,0.20423501502030206,-3.6858745321814936,True,False,0.01831563888873418,0.01724901911534628,0.9417645335842487,0.01893826552636843,0.008135661218047218,0.4295885072854027,-5.992026290587545,-3.9665707726949337,-4.811498260969211,-0.7849274882742776,0.033429227305066256,0.06673087120782747,-0.001501403964328085,0.7849274882742776,0.033429227305066256,0.06673087120782747,0.001501403964328085,False,False,ictal_scale,low,low,low,-0.10685655129630747,0.13934568237205402,0.01819866962693454,0.018236003077237294,0.01831563888873418,1200,500,10,90.81600499153137
-4,-0.06,0.22,0.004,36,1421318117,True,,60,-0.11,-0.12962619451503452,-0.02224861751791342,-3.5765159543052727,-3.7014626165624827,0.0023661552137640898,-0.1249009925397222,0.3669332722392408,-5.935220404459155,0.01893966747544514,-30.080058533699837,-29.481636400629288,-39.68839425628917,-42.58589455237018,0.5984221330705495,-2.897500296081006,True,False,0.01831563888873418,0.01724901911534628,0.9417645335842487,0.027972987844014117,0.0006905801124846768,0.024687391863020203,-6.046488913817673,-3.5765159543052727,-7.277978570867756,-3.6414626165624826,0.4234840456947273,-0.24224861751791343,-0.0016338447862359103,3.6414626165624826,0.4234840456947273,0.24224861751791343,0.0016338447862359103,False,False,ictal_scale,low,low,low,-0.1273345233247887,0.1320747302795008,0.018200611235819966,0.01820714303272548,0.01831563888873418,1200,500,10,85.0894660949707
-4,-0.06,0.22,0.004,37,223899440,True,,60,-0.11,-0.10283349743611339,0.14616635039540593,-3.8684474458266536,1.0698590877843475,0.002504853231826392,-0.09398537323787484,0.34234204313444344,-4.635923860511282,0.016762213267216605,-23.56522397866299,-23.736536542564863,-26.658725146215474,-31.095694836241325,-0.17131256390187488,-4.436969690025851,False,False,0.01831563888873418,0.01724901911534628,0.9417645335842487,0.020890778325491795,0.060895965278699594,2.9149687163350833,-5.98952513625104,-3.8684474458266536,-2.798588358042306,1.1298590877843475,0.13155255417334644,-0.07383364960459407,-0.0014951467681736082,1.1298590877843475,0.13155255417334644,0.07383364960459407,0.0014951467681736082,False,False,ictal_scale,low,low,low,-0.10183282040526413,0.1445839253589381,0.018188866018074915,0.018198000173724582,0.01831563888873418,1200,500,10,73.90199112892151
-4,-0.06,0.22,0.004,38,1312607189,True,,60,-0.11,-0.08558519016258176,0.09297610363670639,-3.4389407691116203,-4.999999510845004,0.0024191267655871646,-0.07790562584182835,0.45381439956952485,-3.8176642100664733,0.0035192909345471484,-27.391594108183416,-22.75575777881195,-34.31146540525633,-29.1341373087355,4.635836329371465,5.177328096520828,True,True,0.01831563888873418,0.01724901911534628,0.9417645335842487,0.03209866722714768,0.00021627922431183969,0.006737950294986708,-6.024348644598661,-3.4389407691116203,-8.438940279956626,-4.939999510845005,0.5610592308883797,-0.12702389636329361,-0.0015808732344128355,4.939999510845005,0.5610592308883797,0.12702389636329361,0.0015808732344128355,False,False,ictal_scale,low,low,low,-0.07957414331368459,0.1576114962455818,0.01818674839509156,0.018214724100449088,0.01831563888873418,1200,500,10,78.12573051452637
-4,-0.06,0.22,0.004,39,332610368,True,,60,-0.11,-0.09563767893552273,0.3924519206120426,-4.043319536051623,0.0903519356764578,0.0018292280780980506,-0.08936098864020733,0.4886014081736319,-4.130096335995431,0.002861596073510156,-32.56765046333539,-32.533510654240345,-44.66357811556028,-48.689643059592285,0.03413980909504488,-4.026064944032008,True,False,0.01831563888873418,0.01724901911534628,0.9417645335842487,0.017539153820414523,0.019197646216096535,1.0945594304413722,-6.303861216364851,-4.043319536051623,-3.9529676003751653,0.1503519356764578,-0.043319536051622975,0.1724519206120426,-0.0021707719219019495,0.1503519356764578,0.043319536051622975,0.1724519206120426,0.0021707719219019495,False,False,ictal_scale,low,low,low,-0.10253783178913362,0.1361731053147696,0.01820312600590334,0.018209000592396198,0.01831563888873418,1200,500,10,68.13945722579956
-4,-0.06,0.22,0.004,40,1878489035,True,,60,-0.11,-0.13241399145614982,0.16907563920028904,-3.6809176519795086,-0.34997779282240454,0.0021635282240615957,-0.13097491399066852,0.522108619962112,-4.952093422429986,0.016243670571264184,-23.859582361056717,-24.931619556928126,-27.24744191100293,-33.48586086496785,-1.0720371958714097,-6.238418953964917,False,False,0.01831563888873418,0.01724901911534628,0.9417645335842487,0.02519983953913919,0.017758421146087486,0.704703739026034,-6.136014952827877,-3.6809176519795086,-4.030895444801913,-0.28997779282240455,0.3190823480204914,-0.050924360799710966,-0.0018364717759384044,0.28997779282240455,0.3190823480204914,0.050924360799710966,0.0018364717759384044,False,False,ictal_scale,low,low,low,-0.12826041747097192,0.14710055342351622,0.01819136917201603,0.01820052313352419,0.01831563888873418,1200,500,10,74.10513019561768
-4,-0.06,0.22,0.004,41,341982410,True,,60,-0.11,-0.09132679361937655,0.06766039837093271,-4.395897837754405,0.6782971905038397,0.0014019301243380611,-0.09138172441714223,0.3179523741176058,-5.952468468833394,0.01155146961482449,-41.554341894332715,-41.898984563418864,-62.63696097755493,-67.42059087794932,-0.3446426690861486,-4.783629900394395,False,False,0.01831563888873418,0.01724901911534628,0.9417645335842487,0.012327806984602865,0.024292183495082168,1.9705194545487705,-6.5699053315989095,-4.395897837754405,-3.717600647250565,0.7382971905038398,-0.3958978377544051,-0.1523396016290673,-0.002598069875661939,0.7382971905038398,0.3958978377544051,0.1523396016290673,0.002598069875661939,False,False,ictal_scale,low,low,low,-0.09386607961408916,0.11904802724707399,0.018209576616405335,0.01823270235265062,0.01831563888873418,1200,500,10,101.914959192276
-4,-0.06,0.22,0.004,42,1987199963,True,,60,-0.11,-0.06469107934309135,0.11598369936246156,-3.9867142921459884,1.7417756290026576,0.002412892693325618,-0.07308878474046493,0.11111708426368193,-3.988473849543327,0.007555420437394388,-24.203523362105027,-24.009912940211205,-27.935323913099552,-31.642447631534008,0.1936104218938226,-3.707123718434456,True,False,0.01831563888873418,0.01724901911534628,0.9417645335842487,0.018560598745570984,0.1059340378351715,5.707468777668067,-6.026928963561965,-3.9867142921459884,-2.244938663143331,1.8017756290026576,0.01328570785401162,-0.10401630063753844,-0.001587107306674382,1.8017756290026576,0.01328570785401162,0.10401630063753844,0.001587107306674382,False,False,ictal_scale,low,low,low,-0.06957619102667525,0.14255158990131453,0.0181921236920812,0.01821239909388861,0.01831563888873418,1200,500,10,78.02044296264648
-4,-0.06,0.22,0.004,43,450693338,True,,60,-0.11,-0.0929826716245648,-0.14597319027803551,-4.45426278218462,3.111141922049922,0.0020100993562307315,-0.09397097540660598,0.11322122993874877,-10.301053132791953,0.01916161492175876,-34.27092255361781,-33.459976013603935,-48.07012229612511,-50.542573778319465,0.8109465400138731,-2.4724514821943515,True,False,0.01831563888873418,0.01724901911534628,0.9417645335842487,0.011628889740003513,0.26102975870434403,22.446662109659417,-6.20957112717226,-4.45426278218462,-1.343120860134698,3.171141922049922,-0.45426278218462013,-0.36597319027803554,-0.0019899006437692685,3.171141922049922,0.45426278218462013,0.36597319027803554,0.0019899006437692685,False,False,ictal_scale,low,low,low,-0.10282993683640204,0.12039166394429757,0.018200970364264067,0.018206661492793257,0.01831563888873418,1200,500,10,86.92394971847534
-4,-0.06,0.22,0.004,44,1996572005,True,,60,-0.11,-0.11071048486656085,0.34989421184466274,-3.9460381875052364,1.9492485134697521,0.003685200131622867,-0.11538409457714871,0.43586277317784433,-3.781599139085858,0.0036596822369786516,-20.435024250996243,-18.872839519136768,-20.398325690881983,-21.368300789385135,1.5621847318594746,-0.9699750985031521,True,False,0.01831563888873418,0.01724901911534628,0.9417645335842487,0.01933113660371609,0.1357704517529516,7.0234076007125195,-5.603430445012884,-3.9460381875052364,-1.9967896740354842,2.009248513469752,0.05396181249476362,0.12989421184466274,-0.00031479986837713294,2.009248513469752,0.05396181249476362,0.12989421184466274,0.00031479986837713294,False,False,ictal_scale,low,low,low,-0.10872857941644343,0.16521462443591572,0.018180217007264025,0.01820916919041801,0.01831563888873418,1200,500,10,72.48407506942749
-4,-0.06,0.22,0.004,45,653177736,True,,60,-0.11,-0.09069847384695642,0.24271200473744814,-4.039014983614859,-0.7686172833072658,0.0018303983225705725,-0.08441000329293374,0.44095468073147615,-4.2206172677903675,0.002761906591565091,-33.40041180411396,-32.7705516080497,-46.32910079711741,-49.163724967210996,0.6298601960642571,-2.8346241700935835,True,False,0.01831563888873418,0.01724901911534628,0.9417645335842487,0.017614814754131437,0.008167174511738649,0.4636537270324169,-6.303221673207005,-4.039014983614859,-4.807632266922124,-0.7086172833072657,-0.03901498361485878,0.022712004737448138,-0.002169601677429428,0.7086172833072657,0.03901498361485878,0.022712004737448138,0.002169601677429428,False,False,ictal_scale,low,low,low,-0.09653319322480154,0.12432709289739463,0.018206409803692345,0.018224497041095612,0.01831563888873418,1200,500,10,95.38034868240356
-4,-0.06,0.22,0.004,46,2105282933,True,,60,-0.11,-0.0805273069486427,0.07655469802013956,-3.435428789521282,-3.898175279265134,0.002749075423784805,-0.10361263468008575,0.41015127425509756,-4.695551118964322,0.01447448027172554,-27.407394037418914,-26.73100190225665,-34.343065263727325,-37.084625555624896,0.6763921351622635,-2.741560291897571,True,False,0.01831563888873418,0.01724901911534628,0.9417645335842487,0.03221159527575623,0.0006532151074375697,0.020278881000631663,-5.896490633367551,-3.435428789521282,-7.333604068786416,-3.838175279265134,0.5645712104787179,-0.14344530197986044,-0.001250924576215195,3.838175279265134,0.5645712104787179,0.14344530197986044,0.001250924576215195,False,False,ictal_scale,low,low,low,-0.08793677048124748,0.13131825688860174,0.018201141824430788,0.01821570081551111,0.01831563888873418,1200,500,10,77.48527669906616
-4,-0.06,0.22,0.004,47,544466808,True,,60,-0.11,-0.09875456057533424,-0.0478361605256937,-3.963493151389362,-0.768365381992035,0.0014161522903763965,-0.09986028300321387,-0.6972889883029861,-6.627588640725092,0.015571662524940123,-35.053594822942365,-35.36294614589332,-49.63546683477423,-54.34851404289823,-0.3093513229509526,-4.713047208124003,False,False,0.01831563888873418,0.01724901911534628,0.9417645335842487,0.018996640117209394,0.008810081983181318,0.46377053672770835,-6.559811739792819,-3.963493151389362,-4.731858533381397,-0.708365381992035,0.03650684861063791,-0.2678361605256937,-0.0025838477096236036,0.708365381992035,0.03650684861063791,0.2678361605256937,0.0025838477096236036,False,False,ictal_scale,low,low,low,-0.09574887627993621,0.12492817820127078,0.01820238278788126,0.01819940607545364,0.01831563888873418,1200,500,10,82.984219789505
-4,-0.06,0.22,0.004,48,2114654975,True,,60,-0.11,-0.07905515703754068,0.16025610768425186,-3.959010888969793,0.11786235318303842,0.0020184161046559,-0.08358362678840181,0.41723150975412265,-4.939866062196255,0.014004555221971929,-29.030922106175893,-29.25115179091066,-37.590121401241284,-42.12492533293292,-0.22022968473476823,-4.534803931691634,False,False,0.01831563888873418,0.01724901911534628,0.9417645335842487,0.019081979156412472,0.021468929345808043,1.1250892357564197,-6.205442181747388,-3.959010888969793,-3.8411485357867545,0.17786235318303842,0.04098911103020697,-0.05974389231574814,-0.0019815838953441,0.17786235318303842,0.04098911103020697,0.05974389231574814,0.0019815838953441,False,False,ictal_scale,low,low,low,-0.0841310384846406,0.13448836159767294,0.018195965904636787,0.01821168771047186,0.01831563888873418,1200,500,10,71.71249008178711
-4,-0.06,0.22,0.004,49,535094766,True,,60,-0.11,-0.10836389635618099,0.28347109331714326,-4.1278751847263155,2.8901434744433017,0.003872178024864386,-0.10659124363620223,0.4284427570194096,-3.7594831288243538,0.003561476191532424,-21.749347520501903,-21.44771993618285,-23.026972229893303,-26.518061623477298,0.30162758431905345,-3.4910893935839944,True,False,0.01831563888873418,0.01724901911534628,0.9417645335842487,0.016117088300695418,0.2900413702089665,17.99589136683279,-5.553938133128772,-4.1278751847263155,-1.2377317102830139,2.9501434744433017,-0.12787518472631554,0.06347109331714326,-0.00012782197513561393,2.9501434744433017,0.12787518472631554,0.06347109331714326,0.00012782197513561393,False,False,ictal_scale,low,low,low,-0.09910263587852049,0.15775857014826017,0.0181849751335858,0.01822511507572734,0.01831563888873418,1200,500,10,64.778165102005
-4,-0.06,0.22,0.004,50,75882256,True,,60,-0.11,-0.12661046547590793,0.39941729074224425,-3.4383085255778294,-3.7082554016273157,0.003989157501592458,-0.13316663781622465,0.46526062384250155,-3.8305364801781314,0.005062613710007081,-25.79811742527366,-24.71964017168684,-31.124512039436816,-33.061902094485276,1.0784772535868186,-1.9373900550484606,True,False,0.01831563888873418,0.01724901911534628,0.9417645335842487,0.03211896781872799,0.0007875655700263752,0.024520263990773696,-5.524175222859283,-3.4383085255778294,-7.146563927205145,-3.6482554016273157,0.5616914744221706,0.17941729074224425,-1.084249840754229e-05,3.6482554016273157,0.5616914744221706,0.17941729074224425,1.084249840754229e-05,False,False,ictal_scale,low,low,low,-0.11868309335954812,0.1547220622001969,0.018181077224200936,0.01820537345630665,0.01831563888873418,1200,500,10,73.49325561523438
-4,-0.06,0.22,0.004,51,426383838,True,,60,-0.11,-0.13713335736118462,-0.2637138243445397,-3.517602637973705,-4.999999879955002,0.0021658648239910316,-0.12725443206428166,-0.15548129196614918,-8.248648957943512,0.021427535793163685,-32.71807961104445,-29.800189582272402,-44.9644364109784,-43.2230009156564,2.9178900287720495,1.7414354953220013,True,True,0.01831563888873418,0.01724901911534628,0.9417645335842487,0.029670480856854708,0.00019991815145003943,0.0067379478079423495,-6.134935540480524,-3.517602637973705,-8.517602517928708,-4.9399998799550024,0.4823973620262949,-0.4837138243445397,-0.0018341351760089684,4.9399998799550024,0.4823973620262949,0.4837138243445397,0.0018341351760089684,False,False,ictal_scale,low,low,low,-0.11819432292643776,0.13013536959592756,0.018207185837248705,0.01823440562560549,0.01831563888873418,1200,500,10,105.29459834098816
-4,-0.06,0.22,0.004,52,928649932,True,,60,-0.11,-0.124211923216858,0.029970454609041276,-3.9041274915114696,-4.348954882615925,0.001751581299960302,-0.12681115978056207,0.39529568749705,-5.441830818975019,0.01056125247516007,-40.85796041318731,-40.07470875174861,-61.24419801526411,-63.77203925460881,0.7832516614386975,-2.5278412393447027,True,False,0.01831563888873418,0.01724901911534628,0.9417645335842487,0.020158535313642364,0.0002604545005226006,0.01292030876600132,-6.347236299070097,-3.9041274915114696,-8.253082374127395,-4.288954882615926,0.09587250848853035,-0.19002954539095873,-0.0022484187000396984,4.288954882615926,0.09587250848853035,0.19002954539095873,0.0022484187000396984,False,False,ictal_scale,low,low,low,-0.12385948935806014,0.12110075747226356,0.018209366456240807,0.01822488946227349,0.01831563888873418,1200,500,10,91.91392278671265
-4,-0.06,0.22,0.004,53,1730471851,True,,60,-0.11,-0.11805027583796708,0.0031233683467629396,-3.9281408801197903,-2.3591347807266385,0.0017457264676001573,-0.11211909934148889,0.16796560062001833,-6.890244938614666,0.01653372549844798,-36.39406681676437,-36.29490586395734,-52.31641082241824,-56.212433479026274,0.09916095280703274,-3.8960226566080323,True,False,0.01831563888873418,0.01724901911534628,0.9417645335842487,0.019680226463751532,0.0018598198312902874,0.09450195274509869,-6.350584496151319,-3.9281408801197903,-6.287275660846429,-2.2991347807266385,0.07185911988020965,-0.21687663165323706,-0.0022542735323998427,2.2991347807266385,0.07185911988020965,0.21687663165323706,0.0022542735323998427,False,False,ictal_scale,low,low,low,-0.10528910577210196,0.11099527204119988,0.0182135786683447,0.018226445375987665,0.01831563888873418,1200,500,10,85.23964285850525
-4,-0.06,0.22,0.004,54,919277890,True,,60,-0.11,-0.12870264532764183,0.1047891634798189,-4.275916569470817,3.8620541908829944,0.0028805987372415064,-0.11044618708703689,0.1968511991470035,-4.092859787050866,0.01027810168567771,-22.335052022265508,-22.570400334259574,-24.198381233420513,-28.763422419630746,-0.23534831199406625,-4.565041186210234,False,False,0.01831563888873418,0.01724901911534628,0.9417645335842487,0.013899303201773582,0.661091925410128,47.56295447427689,-5.849757111565904,-4.275916569470817,-0.4138623785878224,3.9220541908829945,-0.2759165694708168,-0.1152108365201811,-0.0011194012627584937,3.9220541908829945,0.2759165694708168,0.1152108365201811,0.0011194012627584937,False,False,ictal_scale,low,low,low,-0.12272990130875325,0.15503726913169316,0.018176733846266575,0.01816923945155484,0.01831563888873418,1200,500,10,99.70623588562012
-4,-0.06,0.22,0.004,55,308300868,True,,60,-0.11,-0.12128255071009113,0.29143677944903973,-3.2823082691576833,-2.666729665496756,0.002660115785828355,-0.09576676909728463,0.44641981502945716,-3.618892339408719,0.0037954869858311444,-19.637537944785407,-18.90401864161185,-18.80335307846031,-21.430659034335296,0.7335193031735585,-2.6273059558749843,True,False,0.01831563888873418,0.01724901911534628,0.9417645335842487,0.03754150082912543,0.002608348713597693,0.06947907398454582,-5.929385628628967,-3.2823082691576833,-5.94903793465444,-2.606729665496756,0.7176917308423167,0.07143677944903973,-0.0013398842141716452,2.606729665496756,0.7176917308423167,0.07143677944903973,0.0013398842141716452,False,False,ictal_scale,low,low,low,-0.09574126373611994,0.15259814370723437,0.01818287207359753,0.018193811171024962,0.01831563888873418,1200,500,10,76.01864433288574
-4,-0.06,0.22,0.004,56,810566962,True,,60,-0.11,-0.13119552417558655,0.2724428579632524,-3.3963575922588265,-4.758814531461896,0.0021808589846567966,-0.12464638279258616,0.41505780969863326,-3.939306450118648,0.005090203884875361,-28.88601044519812,-26.287332295709398,-37.30029807928574,-36.19728634253039,2.598678149488723,1.1030117367553487,True,True,0.01831563888873418,0.01724901911534628,0.9417645335842487,0.03349505067003768,0.0002872458399362177,0.008575769679105689,-6.128036450131359,-3.3963575922588265,-8.155172123720723,-4.698814531461896,0.6036424077411735,0.052442857963252404,-0.0018191410153432035,4.698814531461896,0.6036424077411735,0.052442857963252404,0.0018191410153432035,False,False,ictal_scale,low,low,low,-0.12642496595204092,0.13989549760190484,0.01819340048130284,0.01822405944463198,0.01831563888873418,1200,500,10,84.25486612319946
-4,-0.06,0.22,0.004,57,1848554821,True,,60,-0.11,-0.10593662819933478,-0.1862315483399558,-4.777916199456004,4.651854300317641,0.0018152257964646323,-0.10903524717140715,0.37879678388628657,-8.66267002717745,0.015384901919816592,-40.88946290617879,-39.51354619292775,-61.30720300124708,-62.64971413696709,1.3759167132510441,-1.3425111357200095,True,False,0.01831563888873418,0.01724901911534628,0.9417645335842487,0.008413512796032628,0.8815602772729525,104.7790974643374,-6.3115454132374404,-4.777916199456004,-0.12606189913836285,4.711854300317641,-0.777916199456004,-0.4062315483399558,-0.002184774203535368,4.711854300317641,0.777916199456004,0.4062315483399558,0.002184774203535368,False,False,ictal_scale,low,low,low,-0.08942814279059182,0.11636468983744248,0.0182136953783946,0.01822734767452753,0.01831563888873418,1200,500,10,87.61572980880737
-4,-0.06,0.22,0.004,58,801194920,True,,60,-0.11,-0.07821984297263253,0.4252261599517341,-4.557011973967478,2.246850413776458,0.0018789762110355667,-0.07803291153277725,0.4498739157490616,-4.433764147347375,0.0024397896522437637,-40.468422692082946,-40.643694338408615,-60.46512257305539,-64.91001042792882,-0.17527164632566894,-4.444887854873436,False,False,0.01831563888873418,0.01724901911534628,0.9417645335842487,0.01049336659865428,0.09924521618825649,9.457900403573452,-6.277028219069715,-4.557011973967478,-2.31016156019102,2.3068504137764583,-0.5570119739674784,0.20522615995173407,-0.0021210237889644334,2.3068504137764583,0.5570119739674784,0.20522615995173407,0.0021210237889644334,False,False,ictal_scale,low,low,low,-0.07145660196130162,0.1338695148348256,0.01819380076561771,0.018221881693424355,0.01831563888873418,1200,500,10,68.26625943183899
-4,-0.06,0.22,0.004,59,844022637,True,,60,-0.11,-0.0977732473898893,0.5262026410586778,-3.7237410663985084,-2.5399786033564458,0.0030356685662905436,-0.0943078844641301,0.44348718402712767,-4.130436486850607,0.004448339010039716,-28.320417947167794,-28.003212578431338,-36.169113083225085,-39.62904690797427,0.317205368736456,-3.4599338247491858,True,False,0.01831563888873418,0.01724901911534628,0.9417645335842487,0.024143476335794636,0.0019041497990141315,0.07886808728497297,-5.7973235932964915,-3.7237410663985084,-6.263719669754954,-2.4799786033564457,0.27625893360149156,0.3062026410586778,-0.0009643314337094565,2.4799786033564457,0.27625893360149156,0.3062026410586778,0.0009643314337094565,False,False,ictal_scale,low,low,low,-0.10416300473706748,0.14706798028312765,0.018187662012325766,0.018208084943032426,0.01831563888873418,1200,500,10,66.04051566123962
-4,-0.06,0.22,0.004,60,692483992,True,,60,-0.11,-0.14461128396359277,-0.0680852815083795,-3.58445031605966,-3.68958513958534,0.001972363052698328,-0.15266610424242966,-0.10884483673530511,-3.958073634983598,0.0013255540447493208,-31.46739587376705,-30.636687823742285,-42.463068936423596,-44.895997398596165,0.8307080500247643,-2.432928462172569,True,False,0.01831563888873418,0.01724901911534628,0.9417645335842487,0.027751918222054035,0.0006933085251263096,0.024982364086650704,-6.228522935944321,-3.58445031605966,-7.274035455645,-3.62958513958534,0.41554968394033986,-0.28808528150837953,-0.002027636947301672,3.62958513958534,0.41554968394033986,0.28808528150837953,0.002027636947301672,False,False,ictal_scale,low,low,low,-0.1489530275105271,0.13989419608779075,0.01819638399853221,0.0182330442800498,0.01831563888873418,1200,500,10,80.3206717967987
-4,-0.06,0.22,0.004,61,1294088972,True,,60,-0.11,-0.15795419753950357,0.533879496478243,-3.0541513088981027,-4.06038413306743,0.002627427839799664,-0.10680436604530129,0.4967737770130954,-3.708176896508151,0.0045465455074226,-22.327987375957193,-20.278378431320437,-24.184251940803883,-24.179378613752473,2.0496089446367556,0.004873327051409859,True,True,0.01831563888873418,0.01724901911534628,0.9417645335842487,0.047162730379641096,0.0008131984014492391,0.017242394469177625,-5.941749919034762,-3.0541513088981027,-7.114535441965533,-4.00038413306743,0.9458486911018973,0.313879496478243,-0.001372572160200336,4.00038413306743,0.9458486911018973,0.313879496478243,0.001372572160200336,False,False,ictal_scale,low,low,low,-0.1088788366795237,0.18442940870046334,0.018152369122086422,0.018168106863025602,0.01831563888873418,1200,500,10,67.78245520591736
-4,-0.06,0.22,0.004,62,683111950,True,,60,-0.11,-0.0588161980930334,0.2360575012781942,-4.280436298408994,0.7356741496726624,0.0016117144153240497,-0.051340568578091536,0.42697127551192965,-4.240826229374047,0.002367066604763526,-37.16712191622368,-35.73976075932848,-53.86252102133685,-55.10214326976856,1.427361156895195,-1.2396222484317079,True,False,0.01831563888873418,0.01724901911534628,0.9417645335842487,0.013836623872362319,0.02887548976468963,2.0868883935167446,-6.430456812302337,-4.280436298408994,-3.544762148736332,0.7956741496726625,-0.2804362984089943,0.01605750127819419,-0.0023882855846759504,0.7956741496726625,0.2804362984089943,0.01605750127819419,0.0023882855846759504,False,False,ictal_scale,low,low,low,-0.07091319394223974,0.13513393354331107,0.018196807747115153,0.018226773738845157,0.01831563888873418,1200,500,10,91.37838554382324
-4,-0.06,0.22,0.004,63,962105607,True,,60,-0.11,-0.11280475530634788,-0.026204649299538536,-3.923902518235013,-1.5649860022021869,0.0014752026272859078,-0.1115918007138765,-0.07519389244872866,-6.487175960984622,0.016639514652287232,-34.537133356119924,-34.783153652020054,-48.602543901129344,-53.1889290551517,-0.24602029590013075,-4.586385154022359,False,False,0.01831563888873418,0.01724901911534628,0.9417645335842487,0.019763815400430297,0.00413243473938061,0.20909093996550077,-6.518959924194233,-3.923902518235013,-5.4888885204372,-1.5049860022021868,0.07609748176498687,-0.24620464929953853,-0.0025247973727140923,1.5049860022021868,0.07609748176498687,0.24620464929953853,0.0025247973727140923,False,False,ictal_scale,low,low,low,-0.11847204112200349,0.12841640541248975,0.018205745240204053,0.018224300944835098,0.01831563888873418,1200,500,10,78.97750210762024
-4,-0.06,0.22,0.004,64,459839513,True,,60,-0.11,-0.1395381582124945,0.16446448363327396,-3.391932420103654,-4.996645376464741,0.0019987696723700855,-0.15015286689480106,0.319673269279297,-4.2901979758545234,0.009601073358943871,-29.29623664444234,-27.5004484484332,-38.12075047777418,-38.623518647978,1.7957881960091413,-0.5027681702038223,True,False,0.01831563888873418,0.01724901911534628,0.9417645335842487,0.03364360047241311,0.00022745052936316655,0.006760588229837949,-6.2152234515280425,-3.391932420103654,-8.388577796568395,-4.9366453764647416,0.6080675798963462,-0.055535516366726045,-0.0020012303276299146,4.9366453764647416,0.6080675798963462,0.055535516366726045,0.0020012303276299146,False,False,ictal_scale,low,low,low,-0.13707223871491359,0.12474457039894203,0.018201231601605448,0.018207646860348134,0.01831563888873418,1200,500,10,101.94105505943298
-4,-0.06,0.22,0.004,65,1176006002,True,,60,-0.11,-0.13216381289782606,0.3997057508909722,-4.105989566115255,-1.1211618819504294,0.002589639528742159,-0.13359863267696276,0.4602335654957935,-4.288681902697542,0.004035342871894651,-35.416773242555266,-35.150557417149,-50.36182367400003,-53.9237365854096,0.2662158254062632,-3.5619129114095713,True,False,0.01831563888873418,0.01724901911534628,0.9417645335842487,0.016473708945669196,0.00536879683807065,0.3259009161675194,-5.9562365910486905,-4.105989566115255,-5.227151448065685,-1.0611618819504294,-0.10598956611525523,0.1797057508909722,-0.0014103604712578412,1.0611618819504294,0.10598956611525523,0.1797057508909722,0.0014103604712578412,False,False,ictal_scale,low,low,low,-0.13691740648974898,0.14365378603657422,0.018185135024780422,0.01820579096867441,0.01831563888873418,1200,500,10,76.50872778892517
-4,-0.06,0.22,0.004,66,469211555,True,,60,-0.11,-0.1848330477487581,0.006540933973844656,-3.441257771647254,-4.999999935881756,0.002000526155508472,-0.167206750315282,0.13366469056801625,-6.485925460116567,0.019492729714849114,-31.317390025591617,-30.39253060625283,-42.16305724007273,-44.40768296361726,0.9248594193387873,-2.24462572354453,True,False,0.01831563888873418,0.01724901911534628,0.9417645335842487,0.03202438062814501,0.00021577859318632452,0.006737947431110811,-6.21434505526684,-3.441257771647254,-8.44125770752901,-4.939999935881756,0.5587422283527461,-0.21345906602615536,-0.0019994738444915282,4.939999935881756,0.5587422283527461,0.21345906602615536,0.0019994738444915282,False,False,ictal_scale,low,low,low,-0.15661783602625615,0.1304029487649318,0.018200148999159185,0.018220996302589765,0.01831563888873418,1200,500,10,89.91471076011658
-4,-0.06,0.22,0.004,67,1080188577,True,,60,-0.11,-0.14295776756416176,0.1287194108487821,-3.6458952321228653,-4.381977953886556,0.0018327474193041468,-0.12787076754899585,0.3458508180302519,-5.0311715166411535,0.012758736210517548,-33.81695806183311,-33.49003424291674,-47.16219331255572,-50.60269023694508,0.3269238189163701,-3.4404969243893575,True,False,0.01831563888873418,0.01724901911534628,0.9417645335842487,0.02609803559297819,0.0003262413262102848,0.012500608524653175,-6.301939115961885,-3.6458952321228653,-8.027873186009423,-4.321977953886557,0.35410476787713474,-0.0912805891512179,-0.002167252580695853,4.321977953886557,0.35410476787713474,0.0912805891512179,0.002167252580695853,False,False,ictal_scale,low,low,low,-0.12729768710159636,0.1279805674494674,0.01820294803449585,0.01822785930089771,0.01831563888873418,1200,500,10,90.60004329681396
-4,-0.06,0.22,0.004,68,577922483,True,,60,-0.11,-0.09697230767592202,0.011241035249374615,-3.620666537365353,-4.999997428032096,0.002156622307958131,-0.11370246058711517,-0.6432974770206802,-19.375944024301603,0.0201953522231508,-32.80629081307958,-32.091074041284855,-45.14085881504865,-47.804769833681306,0.7152167717947222,-2.6639110186326533,True,False,0.01831563888873418,0.01724901911534628,0.9417645335842487,0.02676483078608748,0.00018034047510546598,0.006737964328891176,-6.139212027529121,-3.620666537365353,-8.620663965397448,-4.939997428032096,0.37933346263464696,-0.2087589647506254,-0.001843377692041869,4.939997428032096,0.37933346263464696,0.2087589647506254,0.001843377692041869,False,False,ictal_scale,low,low,low,-0.11178694299453085,0.11929861183491262,0.018212367097626435,0.01822430655295091,0.01831563888873418,1200,500,10,80.34401988983154
-4,-0.06,0.22,0.004,69,1057923032,True,,60,-0.11,-0.1124501609334236,0.30484469975171297,-3.660434488902087,-3.0609465447732487,0.0016869509607623369,-0.11967595609285725,0.41295878500176164,-4.3401109702446,0.005211271069021232,-32.528552522455875,-31.826653822750558,-44.58538223380125,-47.27592939661271,0.7018986997053176,-2.6905471628114626,True,False,0.01831563888873418,0.01724901911534628,0.9417645335842487,0.02572133466370547,0.0012048730941119261,0.0468433349149678,-6.3848325447428085,-3.660434488902087,-6.7213810336753355,-3.0009465447732486,0.3395655110979132,0.08484469975171297,-0.002313049039237663,3.0009465447732486,0.3395655110979132,0.08484469975171297,0.002313049039237663,False,False,ictal_scale,low,low,low,-0.12468615436488971,0.12799105355497328,0.01820009264369176,0.018210701139903814,0.01831563888873418,1200,500,10,70.89902067184448
-4,-0.06,0.22,0.004,70,587294525,True,,60,-0.11,-0.1300469623141141,0.23978738127742424,-3.2314429881481592,-4.794393721973251,0.002365560065172554,-0.12271050435434269,0.4458358046014166,-3.9070829997555894,0.00359561795994573,-26.60556471594544,-25.68713123152832,-32.73940662078038,-34.99688421416823,0.9184334844171218,-2.257477593387854,True,False,0.01831563888873418,0.01724901911534628,0.9417645335842487,0.039500458950278865,0.0003269063857638111,0.00827601487302474,-6.046740471047806,-3.2314429881481592,-8.02583671012141,-4.734393721973252,0.7685570118518408,0.019787381277424243,-0.001634439934827446,4.734393721973252,0.7685570118518408,0.019787381277424243,0.001634439934827446,False,False,ictal_scale,low,low,low,-0.13022554668395667,0.15568286640764173,0.018180254809700914,0.018186288354353878,0.01831563888873418,1200,500,10,74.28347039222717
-4,-0.06,0.22,0.004,71,2062455216,True,,60,-0.11,-0.09417446068182289,0.2883086939280339,-3.54030360976404,-1.547069908836905,0.003609578471112036,-0.08924254289014327,0.46630836799846437,-3.7313312732502526,0.003771113792990752,-20.702818157252853,-20.410820528574718,-20.933913503395203,-24.444262808261033,0.2919976286781356,-3.51034930486583,True,False,0.01831563888873418,0.01724901911534628,0.9417645335842487,0.029004519689880423,0.006174215070721659,0.2128707917502878,-5.624164280460121,-3.54030360976404,-5.087373518600945,-1.487069908836905,0.4596963902359601,0.06830869392803388,-0.000390421528887964,1.487069908836905,0.4596963902359601,0.06830869392803388,0.000390421528887964,False,False,ictal_scale,low,low,low,-0.08333533188885958,0.15754663074577493,0.018180854053037196,0.018195262951689217,0.01831563888873418,1200,500,10,66.78086996078491
-4,-0.06,0.22,0.004,72,696005453,True,,60,-0.11,-0.15669613983038702,-0.168914542734666,-3.3738207531085322,-4.997963294118294,0.0018763146766175326,-0.14403162176986073,-0.4004414595329402,-8.82259271744602,0.023911462507948723,-28.995848715544334,-26.955845144666903,-37.519974619978164,-37.5343120404454,2.040003570877431,-0.014337420467235518,True,False,0.01831563888873418,0.01724901911534628,0.9417645335842487,0.034258493722927136,0.0002313025307828081,0.006751684199939331,-6.278445704395514,-3.3738207531085322,-8.371784047226825,-4.937963294118294,0.6261792468914678,-0.38891454273466597,-0.0021236853233824677,4.937963294118294,0.6261792468914678,0.38891454273466597,0.0021236853233824677,False,False,ictal_scale,low,low,low,-0.13924168864315417,0.13588679623359742,0.018193347563708096,0.018203913395341616,0.01831563888873418,1200,500,10,79.94970703125
-4,-0.06,0.22,0.004,73,1953744288,True,,60,-0.11,-0.10130247191595859,0.09590583499768675,-4.575041297079879,1.9369556892463655,0.0023384723714257464,-0.11656268033466952,0.3559394290880713,-5.243712249069112,0.008594728341549307,-40.78090832611027,-40.37752646794003,-61.09009384111004,-64.37767468699165,0.40338185817024197,-3.287580845881614,True,False,0.01831563888873418,0.01724901911534628,0.9417645335842487,0.010305873566728649,0.07149801386116549,6.93759858378127,-6.058257395524639,-4.575041297079879,-2.638085607833513,1.9969556892463656,-0.5750412970798786,-0.12409416500231325,-0.0016615276285742537,1.9969556892463656,0.5750412970798786,0.12409416500231325,0.0016615276285742537,False,False,ictal_scale,low,low,low,-0.10189463817950037,0.11347320187143882,0.01822328947131069,0.01824200406976497,0.01831563888873418,1200,500,10,87.36565232276917
-4,-0.06,0.22,0.004,74,705377495,True,,60,-0.11,-0.13342752095960475,0.1759664187629899,-3.7883728799159444,-1.4600199247488408,0.0019296323968919318,-0.1286907440604347,0.4064701881400892,-4.719655290981283,0.010022100114493745,-29.30352825089498,-30.27813806432859,-38.13533369067946,-44.17889787976878,-0.9746098134336094,-6.043564189089324,False,False,0.01831563888873418,0.01724901911534628,0.9417645335842487,0.022632397536086046,0.005255958967277951,0.2322316475264112,-6.250425762138304,-3.7883728799159444,-5.248392804664785,-1.4000199247488407,0.2116271200840556,-0.044033581237010094,-0.0020703676031080683,1.4000199247488407,0.2116271200840556,0.044033581237010094,0.0020703676031080683,False,False,ictal_scale,low,low,low,-0.13796752733457576,0.14175242247087214,0.018186894367195526,0.018193191982403767,0.01831563888873418,1200,500,10,79.31599378585815
-4,-0.06,0.22,0.004,75,203111401,True,,60,-0.11,-0.0857864515386779,0.08309862893038686,-3.764938713242958,-4.9256438489194965,0.0017761732051835416,-0.09570074607063547,0.4372401013175299,-5.041815191755177,0.009669888606546719,-38.35959536985806,-38.02066434063586,-56.24746792860562,-59.66395043238332,0.3389310292222021,-3.4164825037776936,True,False,0.01831563888873418,0.01724901911534628,0.9417645335842487,0.023169032146637767,0.0001681620328435689,0.007258051686374485,-6.333294113726272,-3.764938713242958,-8.690582562162454,-4.865643848919497,0.23506128675704208,-0.13690137106961314,-0.0022238267948164582,4.865643848919497,0.23506128675704208,0.13690137106961314,0.0022238267948164582,False,False,ictal_scale,low,low,low,-0.08798185802782027,0.11107477471936505,0.018218324897225118,0.018234756512701934,0.01831563888873418,1200,500,10,99.6009168624878
-4,-0.06,0.22,0.004,76,814088423,True,,60,-0.11,-0.14763073103923416,0.4364731799826489,-4.498751292865834,4.610167608151624,0.0019991700245468036,-0.13099346588241606,0.408240929352346,-4.1633753138091905,0.006921076668392999,-29.01536833052287,-26.754247166884966,-37.55901384993523,-37.131116084881526,2.2611211636379025,0.42789776505370725,True,True,0.01831563888873418,0.01724901911534628,0.9417645335842487,0.011122877086038936,1.1178601922804425,100.50099301048138,-6.215023172280026,-4.498751292865834,0.11141631528578966,4.6701676081516235,-0.4987512928658342,0.2164731799826489,-0.0020008299754531965,4.6701676081516235,0.4987512928658342,0.2164731799826489,0.0020008299754531965,False,False,ictal_scale,low,low,low,-0.11519333613723,0.14518073491054193,0.0181845030462721,0.01819214770243424,0.01831563888873418,1200,500,10,97.10771632194519
-4,-0.06,0.22,0.004,77,1835661318,True,,60,-0.11,-0.13785138360184115,0.19295253723051206,-3.4487856204444074,-1.58197851451888,0.0027861919832396116,-0.13991215528932033,0.5030311153238063,-4.775807518109541,0.017289537060170567,-22.23616976817753,-22.25930992999337,-24.000616725244555,-28.14124161109834,-0.02314016181584222,-4.140624885853786,False,False,0.01831563888873418,0.01724901911534628,0.9417645335842487,0.031784211047269,0.006533815945300719,0.20556797636360152,-5.883079496006026,-3.4487856204444074,-5.030764134963287,-1.52197851451888,0.5512143795555926,-0.02704746276948794,-0.0012138080167603885,1.52197851451888,0.5512143795555926,0.02704746276948794,0.0012138080167603885,False,False,ictal_scale,low,low,low,-0.1310736186872687,0.15150661329970735,0.018175669132361353,0.018170378160364417,0.01831563888873418,1200,500,10,74.64785957336426
-4,-0.06,0.22,0.004,78,289782651,True,,60,-0.11,-0.13056403084224313,0.3305073801426401,-4.0909183676646075,-1.5735864142384803,0.0019361398399609978,-0.11807807962310779,0.40407078362164434,-4.278056325471688,0.002793669319869481,-36.935665865223925,-37.29076853408689,-53.399608919337346,-58.20415881928537,-0.35510266886296193,-4.804549899948022,False,False,0.01831563888873418,0.01724901911534628,0.9417645335842487,0.01672386784451754,0.00346686420157376,0.20730038253144153,-6.2470590613515,-4.0909183676646075,-5.664504781903088,-1.5135864142384803,-0.09091836766460748,0.11050738014264008,-0.0020638601600390023,1.5135864142384803,0.09091836766460748,0.11050738014264008,0.0020638601600390023,False,False,ictal_scale,low,low,low,-0.11499311602313605,0.13407149233190338,0.018201756014521994,0.018223748862894063,0.01831563888873418,1200,500,10,72.69524359703064
-4,-0.06,0.22,0.004,79,321194371,True,,60,-0.11,-0.09481114945825556,0.3402256748180321,-3.746130738379304,-3.710514652023986,0.0014987885067955877,-0.09569297317347758,0.4728571167287062,-4.228231548693932,0.002707486039339322,-36.56087048696109,-34.983935365097636,-52.65001816281168,-53.59049248130687,1.5769351218634569,-0.940474318495184,True,False,0.01831563888873418,0.01724901911534628,0.9417645335842487,0.02360891843899638,0.0005775905158756804,0.0244649291058432,-6.5030981593450345,-3.746130738379304,-7.45664539040329,-3.6505146520239857,0.2538692616206961,0.12022567481803212,-0.0025012114932044124,3.6505146520239857,0.2538692616206961,0.12022567481803212,0.0025012114932044124,False,False,ictal_scale,low,low,low,-0.09796614485683104,0.12140926492830528,0.01820618247700527,0.018218321904024063,0.01831563888873418,1200,500,10,74.27450776100159
-4,-0.06,0.22,0.004,80,181071723,True,,60,-0.11,-0.11058900122756646,0.0655799870686436,-3.9338863106842927,0.32443173301221473,0.0022835450133547484,-0.11312257454689995,0.2827157430608124,-5.389349858476093,0.018800984617434378,-27.579676658218336,-27.552031514472628,-34.68763050532617,-38.72668478005686,0.027645143745708367,-4.039054274730688,True,False,0.01831563888873418,0.01724901911534628,0.9417645335842487,0.019567479289788296,0.0270666055721408,1.383244370482921,-6.08202621309438,-3.9338863106842927,-3.609454577672078,0.3844317330122147,0.06611368931570727,-0.1544200129313564,-0.0017164549866452517,0.3844317330122147,0.06611368931570727,0.1544200129313564,0.0017164549866452517,False,False,ictal_scale,low,low,low,-0.11185866832050978,0.13425445214099593,0.01819459062198494,0.018198670842986337,0.01831563888873418,1200,500,10,59.685001373291016
-4,-0.06,0.22,0.004,81,1717578348,True,,60,-0.11,-0.13853894009711673,0.1695004203017287,-3.359472860397806,-0.8466115972714389,0.003214529611817805,-0.130893284243365,0.2832393467643787,-4.543892865776701,0.02370272470886396,-14.831095961368458,-15.118846436087384,-9.190469111626413,-13.860314623286367,-0.28775047471892634,-4.669845511659954,False,False,0.01831563888873418,0.01724901911534628,0.9417645335842487,0.0347535741022191,0.014904613878796897,0.42886564227778834,-5.740074242473553,-3.359472860397806,-4.206084457669245,-0.7866115972714389,0.6405271396021939,-0.05049957969827129,-0.0007854703881821951,0.7866115972714389,0.6405271396021939,0.05049957969827129,0.0007854703881821951,False,False,ictal_scale,low,low,low,-0.12095592809026699,0.1657576623796405,0.018165695656400877,0.01815159134662847,0.01831563888873418,1200,500,10,65.39925765991211
-4,-0.06,0.22,0.004,82,171699681,True,,60,-0.11,-0.0926576455934379,-0.08832163898313562,-4.342313417019154,2.0460884583192493,0.0022721713703886823,-0.09595410949479002,-0.10228279657028055,-7.576062354083784,0.018923270811470824,-33.12789172605652,-32.900986957165685,-45.78406064100253,-49.424595665442965,0.226904768890833,-3.6405350244404318,True,False,0.01831563888873418,0.01724901911534628,0.9417645335842487,0.013006404135422112,0.1006380402895819,7.737575985010387,-6.087019353860018,-4.342313417019154,-2.296224958699905,2.1060884583192494,-0.3423134170191542,-0.30832163898313564,-0.0017278286296113178,2.1060884583192494,0.3423134170191542,0.30832163898313564,0.0017278286296113178,False,False,ictal_scale,low,low,low,-0.0997322657012119,0.11720525127809464,0.018214657981964363,0.018243824816832212,0.01831563888873418,1200,500,10,70.95938158035278
-4,-0.06,0.22,0.004,83,439277341,True,,60,-0.11,-0.122384369483895,0.09665571447567023,-4.417232960842069,4.871628490552677,0.0024979599523443415,-0.10992670025153556,0.48597024623282953,-3.7734474362058172,0.003541881156974665,-26.549896077942357,-20.298026647511595,-32.62806934477421,-24.218675046134788,6.251869430430762,8.409394298639423,True,True,0.01831563888873418,0.01724901911534628,0.9417645335842487,0.012067577589297275,1.5752209209495334,130.53331617661158,-5.992280899295037,-4.417232960842069,0.4543955297106077,4.931628490552677,-0.4172329608420693,-0.12334428552432977,-0.0015020400476556586,4.931628490552677,0.4172329608420693,0.12334428552432977,0.0015020400476556586,False,False,ictal_scale,low,low,low,-0.1298299472973397,0.14328051459664054,0.01819885963893727,0.018224248588136434,0.01831563888873418,1200,500,10,70.8473379611969
-4,-0.06,0.22,0.004,84,62988753,True,,60,-0.11,-0.07727051157176441,0.3911811612208536,-4.161232673702324,2.208902708072011,0.0020937457083840213,-0.06830455703908028,0.4697708571311955,-3.923748955247544,0.0026108969804534417,-27.378900438603075,-26.543783137943922,-34.28607806609565,-36.71018802699945,0.835117300659153,-2.424109960903799,True,False,0.01831563888873418,0.01724901911534628,0.9417645335842487,0.015588330746627469,0.14194296377433493,9.10571927690489,-6.168800612120033,-4.161232673702324,-1.9523299656303132,2.268902708072011,-0.1612326737023242,0.1711811612208536,-0.0019062542916159788,2.268902708072011,0.1612326737023242,0.1711811612208536,0.0019062542916159788,False,False,ictal_scale,low,low,low,-0.07504009438876737,0.14130783713841524,0.0181922297692183,0.018216994293721537,0.01831563888873418,1200,500,10,56.767242193222046
-4,-0.06,0.22,0.004,85,1582228804,True,,60,-0.11,-0.08508587755609232,0.2751447154651583,-3.927883498295542,-1.5815156534846746,0.002236593775716948,-0.08111804660287003,0.4455152146084182,-4.421370324769709,0.005675383538172749,-32.732102474429794,-32.8569091642885,-44.992482137749086,-49.3364400796886,-0.12480668985870835,-4.3439579419395145,False,False,0.01831563888873418,0.01724901911534628,0.9417645335842487,0.01968529244825859,0.004048539210146736,0.20566314779361483,-6.102801206295927,-3.927883498295542,-5.509399151780217,-1.5215156534846745,0.07211650170445782,0.055144715465158284,-0.0017634062242830521,1.5215156534846745,0.07211650170445782,0.055144715465158284,0.0017634062242830521,False,False,ictal_scale,low,low,low,-0.09712973411928615,0.10797217675733141,0.018219660307737483,0.018225851469015564,0.01831563888873418,1200,500,10,77.4518096446991
-4,-0.06,0.22,0.004,86,53616711,True,,60,-0.11,-0.15869147502884956,0.09391490526080722,-3.873372211411401,-0.15061562615140806,0.001924265543175414,-0.15681858285233236,0.18993110421396994,-6.689980874222879,0.021897768401608023,-28.094548234437383,-27.929719996058743,-35.71737365776426,-39.48206174322908,0.16482823837863947,-3.764688085464819,True,False,0.01831563888873418,0.01724901911534628,0.9417645335842487,0.020788149059319756,0.01788151399362568,0.8601782651548302,-6.253210920058544,-3.873372211411401,-4.023987837562809,-0.09061562615140806,0.1266277885885989,-0.12608509473919277,-0.002075734456824586,0.09061562615140806,0.1266277885885989,0.12608509473919277,0.002075734456824586,False,False,ictal_scale,low,low,low,-0.1393730750916126,0.13071826606082154,0.01819317385793364,0.0182082221576486,0.01831563888873418,1200,500,10,60.88937568664551
-4,-0.06,0.22,0.004,87,555882805,True,,60,-0.11,-0.09207658124410498,0.2526623255119457,-4.119144914984731,0.18746998460696418,0.003170528388106047,-0.09225367201756081,0.3410946745728528,-4.521936363032616,0.008721930446926504,-32.62930146355398,-32.35620079331608,-44.786880115997455,-48.33502333774375,0.27310067023790197,-3.548143221746294,True,False,0.01831563888873418,0.01724901911534628,0.9417645335842487,0.016258410823276507,0.019610798307896624,1.206194044489308,-5.753857021038048,-4.119144914984731,-3.931674930377767,0.24746998460696418,-0.11914491498473101,0.03266232551194567,-0.0008294716118939531,0.24746998460696418,0.11914491498473101,0.03266232551194567,0.0008294716118939531,False,False,ictal_scale,low,low,low,-0.09196103003079538,0.13930522538877213,0.01820116016182893,0.01822529268965159,0.01831563888873418,1200,500,10,69.0444917678833
-4,-0.06,0.22,0.004,88,2092389430,True,,60,-0.11,-0.1225307850170761,0.4730692891159213,-3.624607324910582,-2.340355050120935,0.002921352498801965,-0.12567603113856496,0.42419652738173463,-4.0279401629208245,0.005011947275771911,-26.35496861103578,-26.419849348520273,-32.238214410961056,-36.46232044815214,-0.06488073748449352,-4.224106037191085,False,False,0.01831563888873418,0.01724901911534628,0.9417645335842487,0.0266595638278657,0.00256714119417512,0.09629344316173076,-5.835708585417564,-3.624607324910582,-5.964962375031517,-2.280355050120935,0.37539267508941787,0.2530692891159213,-0.0010786475011980352,2.280355050120935,0.37539267508941787,0.2530692891159213,0.0010786475011980352,False,False,ictal_scale,low,low,low,-0.13459318872677606,0.1525541223600911,0.018178372576731477,0.018195532329219846,0.01831563888873418,1200,500,10,49.64242506027222
-4,-0.06,0.22,0.004,89,1700311774,True,,60,-0.11,-0.08801613231165685,0.2511261099639632,-3.5901925419735705,-1.4857912737909635,0.0019511094865763117,-0.07974865269098254,0.4251260476732786,-4.0383066633296245,0.005812847172803124,-25.38574638642639,-25.382188100778592,-30.299769961742278,-34.38699795266878,0.003558285647798698,-4.0872279909265,True,False,0.01831563888873418,0.01724901911534628,0.9417645335842487,0.027593017097777842,0.006244939546444794,0.226323186200168,-6.239357100732073,-3.5901925419735705,-5.075983815764534,-1.4257912737909635,0.4098074580264295,0.031126109963963172,-0.0020488905134236884,1.4257912737909635,0.4098074580264295,0.031126109963963172,0.0020488905134236884,False,False,ictal_scale,low,low,low,-0.07732844894181311,0.13994110179734146,0.018194105366605793,0.01821474417495572,0.01831563888873418,1200,500,10,52.58043932914734
-4,-0.06,0.22,0.004,90,1098706794,True,,60,-0.11,-0.12266538146614452,0.0021386878067743836,-4.16916202001881,1.6236736203019932,0.001992334419624447,-0.12350633851623238,0.10434533383155695,-7.36586652119515,0.020106963825114708,-30.718939916602817,-31.28638951747506,-40.96615702209513,-46.195400786061725,-0.5674496008722443,-5.229243763966593,False,False,0.01831563888873418,0.01724901911534628,0.9417645335842487,0.015465214235442523,0.07843473512208869,5.071687590485189,-6.218448252572651,-4.16916202001881,-2.5454883997168167,1.6836736203019933,-0.16916202001880976,-0.21786131219322563,-0.0020076655803755532,1.6836736203019933,0.16916202001880976,0.21786131219322563,0.0020076655803755532,False,False,ictal_scale,low,low,low,-0.11032367612815787,0.12621925990710506,0.018205047713044976,0.01822804732678695,0.01831563888873418,1200,500,10,58.94638109207153
-4,-0.06,0.22,0.004,91,437799835,True,,60,-0.11,-0.11940468564396593,0.1097611547375783,-4.247772344634433,-2.8374164696059365,0.001458325729354134,-0.12078029700919882,0.3824503705821297,-5.813129714895823,0.009364064909293323,-45.92774800779727,-45.83063882849641,-71.38377320448404,-75.28389940810442,0.09710917930085827,-3.900126203620374,True,False,0.01831563888873418,0.01724901911534628,0.9417645335842487,0.014296045125260505,0.0008374166561679286,0.058576805601169304,-6.530466262011428,-4.247772344634433,-7.08518881424037,-2.7774164696059365,-0.24777234463443332,-0.1102388452624217,-0.002541674270645866,2.7774164696059365,0.24777234463443332,0.1102388452624217,0.002541674270645866,False,False,ictal_scale,low,low,low,-0.1299076362602021,0.11125196684016783,0.01821735223469805,0.01823700720740803,0.01831563888873418,1200,500,10,75.64598083496094
-4,-0.06,0.22,0.004,92,1207417722,True,,60,-0.11,-0.15677009749130702,0.2325331186171032,-3.372203391915371,-4.999999947226717,0.002740995102087717,-0.14701007957464193,0.4555217882829114,-3.9119667883568967,0.0044356243555395206,-27.364595381091277,-24.2007576611257,-34.25746795107205,-32.02413707336299,3.163837719965578,2.233330877709058,True,True,0.01831563888873418,0.01724901911534628,0.9417645335842487,0.03431394691304149,0.00023120556783098214,0.006737947354669057,-5.899434248570156,-3.372203391915371,-8.37220333914209,-4.939999947226718,0.6277966080846289,0.012533118617103212,-0.001259004897912283,4.939999947226718,0.6277966080846289,0.012533118617103212,0.001259004897912283,False,False,ictal_scale,low,low,low,-0.1385029389834581,0.15156929275712686,0.01818307675849021,0.018211786316848062,0.01831563888873418,1200,500,10,70.12532830238342
-4,-0.06,0.22,0.004,93,329088907,True,,60,-0.11,-0.10856481532255904,0.21201285570474052,-3.6792795822896323,0.5319581493013734,0.0029867444079457774,-0.12172898013450324,0.20578439518924468,-3.794120418431497,0.0056745986502815815,-19.9061823919618,-20.26787580786572,-19.340641972813096,-24.15837336684304,-0.3616934159039218,-4.817731394029945,False,False,0.01831563888873418,0.01724901911534628,0.9417645335842487,0.025241152459961884,0.042967063023828626,1.7022623310082219,-5.813571311556037,-3.6792795822896323,-3.147321432988259,0.5919581493013735,0.32072041771036774,-0.007987144295259485,-0.0010132555920542227,0.5919581493013735,0.32072041771036774,0.007987144295259485,0.0010132555920542227,False,False,ictal_scale,low,low,low,-0.10260947114380607,0.15097206173382863,0.01818222715803234,0.01820012454705642,0.01831563888873418,1200,500,10,62.07674193382263
-4,-0.06,0.22,0.004,94,1216789764,True,,60,-0.11,-0.1456654753865821,0.4390680692260365,-4.1179046794690946,0.2504279598111552,0.0019894329934422184,-0.13013759764882313,0.4612596188757892,-4.158049984196306,0.0025224851067189203,-33.05960308653796,-32.9046462762433,-45.64748336196542,-49.43191430359819,0.15495681029466368,-3.7844309416327704,True,False,0.01831563888873418,0.01724901911534628,0.9417645335842487,0.016278587591193123,0.02091106739667011,1.284575045563732,-6.219905608763891,-4.1179046794690946,-3.8674767196579394,0.3104279598111552,-0.11790467946909455,0.21906806922603647,-0.0020105670065577817,0.3104279598111552,0.11790467946909455,0.21906806922603647,0.0020105670065577817,False,False,ictal_scale,low,low,low,-0.14174855593552768,0.1369453163159677,0.018199126848336415,0.018223733243297333,0.01831563888873418,1200,500,10,58.468812465667725
-4,-0.06,0.22,0.004,95,319716865,True,,60,-0.11,-0.080192787855621,0.39153018781113863,-3.7822027573678096,0.8816530811748075,0.0018556321239459775,-0.07541752278159614,0.47436072566890874,-3.9717754005630876,0.006252727795977386,-22.285668095326606,-22.451794537866597,-24.09961337954271,-28.526210826844792,-0.16612644253999065,-4.426597447302083,False,False,0.01831563888873418,0.01724901911534628,0.9417645335842487,0.022772473902217566,0.05499298341322267,2.4148884152576637,-6.289529873344975,-3.7822027573678096,-2.9005496761930023,0.9416530811748074,0.21779724263219036,0.17153018781113863,-0.0021443678760540226,0.9416530811748074,0.21779724263219036,0.17153018781113863,0.0021443678760540226,False,False,ictal_scale,low,low,low,-0.07722705588849066,0.14457901200108564,0.01818638429915824,0.018210789211506994,0.01831563888873418,1200,500,10,68.63871550559998
-4,-0.06,0.22,0.004,96,1325500692,True,,60,-0.11,-0.08768620700712924,0.04955863456441521,-3.6225596885728106,-2.1798844082268594,0.0017204896518519018,-0.09264917841685755,0.4020088549659054,-5.72324291789325,0.019005357816968393,-28.32054384147016,-28.517026920465952,-36.16936487182981,-40.6566755920435,-0.19648307899579365,-4.487310720213685,False,False,0.01831563888873418,0.01724901911534628,0.9417645335842487,0.02671420884697915,0.0030201641438636143,0.11305459806664406,-6.365146347361565,-3.6225596885728106,-5.80244409679967,-2.1198844082268593,0.37744031142718937,-0.1704413654355848,-0.0022795103481480982,2.1198844082268593,0.37744031142718937,0.1704413654355848,0.0022795103481480982,False,False,ictal_scale,low,low,low,-0.09008885601858528,0.14367915943428133,0.018194645218334606,0.01819843800786073,0.01831563888873418,1200,500,10,62.693509340286255
-4,-0.06,0.22,0.004,97,823234598,True,,60,-0.11,-0.0704146525116957,0.1920826518246822,-3.8858697304328063,-1.6323311471601483,0.0027829175032408103,-0.07941366855523627,0.39523580153416765,-4.577050385639214,0.01161262306182633,-28.77836904633828,-29.00072840609267,-37.08501528156606,-41.62407856329693,-0.22235935975438892,-4.539063281730876,False,False,0.01831563888873418,0.01724901911534628,0.9417645335842487,0.020529965458683627,0.004013061439919291,0.19547336540801996,-5.884255439982021,-3.8858697304328063,-5.518200877592955,-1.5723311471601482,0.11413026956719374,-0.027917348175317797,-0.0012170824967591897,1.5723311471601482,0.11413026956719374,0.027917348175317797,0.0012170824967591897,False,False,ictal_scale,low,low,low,-0.06765694854569225,0.13160865364021415,0.018199436576503983,0.018205660502028945,0.01831563888873418,1200,500,10,66.87132811546326
-4,-0.06,0.22,0.004,98,1434211620,True,,60,-0.11,-0.08941355451561392,0.20915573050629405,-3.4517407912972,-1.2323287627614878,0.002446413222729508,-0.08987286164701686,0.2212451871726626,-3.767811662811396,0.0047101053834866895,-21.73804729617908,-21.539558145080385,-23.004371781247656,-26.701738041272367,0.1984891510986948,-3.6973662600247117,True,False,0.01831563888873418,0.01724901911534628,0.9417645335842487,0.03169042192290173,0.009241329170444634,0.29161268956681835,-6.013132317829627,-3.4517407912972,-4.684069554058688,-1.1723287627614878,0.5482592087028002,-0.010844269493705955,-0.001553586777270492,1.1723287627614878,0.5482592087028002,0.010844269493705955,0.001553586777270492,False,False,ictal_scale,low,low,low,-0.08835859299453132,0.1533382598356717,0.01817862741395865,0.018178303365871146,0.01831563888873418,1200,500,10,53.21921992301941
-4,-0.06,0.22,0.004,99,832606640,True,,60,-0.11,-0.10653506263441997,0.30400200425008284,-4.300327880413079,2.1252268116125914,0.0017857485516302864,-0.09721476315077841,0.42499267521356987,-4.230304521854466,0.003278857983428616,-34.48160525962141,-34.159933273819554,-48.49148770813232,-51.9424882987507,0.3216719858018564,-3.451000590618385,True,False,0.01831563888873418,0.01724901911534628,0.9417645335842487,0.013564110876735225,0.11359667201117522,8.3747967738905,-6.327917595000339,-4.300327880413079,-2.1751010688004873,2.1852268116125915,-0.3003278804130787,0.08400200425008283,-0.0022142514483697137,2.1852268116125915,0.3003278804130787,0.08400200425008283,0.0022142514483697137,False,False,ictal_scale,low,low,low,-0.10605056520491697,0.148726595304654,0.018187673086630708,0.018208690310909617,0.01831563888873418,1200,500,10,49.81599044799805
-4,1.17,0.22,0.004,0,1968357858,True,,60,-0.11,-0.14676785819418114,0.23554859975059458,-4.336186994258732,4.758185334974815,0.005175004900555607,-0.15887086817756624,0.33597942071621095,-3.6724152463804227,0.010656661881122352,-15.974948614825246,-13.979445396851911,-11.47817441853999,-11.581512544815421,1.9955032179733347,-0.10333812627543182,True,False,0.01831563888873418,0.05901285366944784,3.2219926385284996,0.013086331450015391,1.5250059942632608,116.53426325690897,-5.263914992863885,-4.336186994258732,0.4219983407160832,3.588185334974815,-0.3361869942587319,0.015548599750594583,0.001175004900555607,3.588185334974815,0.3361869942587319,0.015548599750594583,0.001175004900555607,True,True,strong,low,low,low,-0.13265888166861062,0.17250787367666434,0.021720795869843355,0.021138502236539555,0.02866932554726896,1200,500,10,67.90563869476318
-4,1.17,0.22,0.004,1,1824343346,True,,60,-0.11,-0.10845420747250127,0.3940219000733954,-3.927274170608653,1.2455889162430092,0.0022323438377005573,-0.0959225804770151,0.4605693415782841,-3.8426140506407176,0.0037381498585750297,-24.558538966073087,-24.36979130814449,-28.64535512103567,-32.36220436740058,0.18874765792859804,-3.7168492463649088,True,False,0.01831563888873418,0.05901285366944784,3.2219926385284996,0.019697290897094127,0.0684477051072461,3.474980669414997,-6.104703197178429,-3.927274170608653,-2.681685254365644,0.07558891624300923,0.07272582939134686,0.17402190007339538,-0.0017676561622994428,0.07558891624300923,0.07272582939134686,0.17402190007339538,0.0017676561622994428,True,True,strong,low,low,low,-0.11249903397367339,0.1550169525387377,0.02118821073536949,0.02053884714847045,0.031087551485002828,1200,500,10,56.99743890762329
-4,1.17,0.22,0.004,2,287836721,True,,60,-0.11,-0.11943274923990363,-0.020038972932379138,-3.6980512460454658,-1.6333382834133052,0.0025686427334019966,-0.11638744715734542,0.20364440233874911,-7.028157459745536,0.022131860686732226,-27.856686056867506,-28.140625681751505,-35.24164930262451,-39.90387311461461,-0.28393962488399893,-4.662223811990103,False,False,0.01831563888873418,0.05901285366944784,3.2219926385284996,0.02477175351637942,0.004837343708547428,0.19527659619852544,-5.964377638877958,-3.6980512460454658,-5.331389529458771,-2.8033382834133054,0.30194875395453424,-0.24003897293237914,-0.0014313572665980035,2.8033382834133054,0.30194875395453424,0.24003897293237914,0.0014313572665980035,True,True,strong,low,low,low,-0.10600439086911599,0.13349945372720315,0.020887990761782223,0.020391931267357076,0.0261225889130827,1200,500,10,59.69240140914917
-4,1.17,0.22,0.004,3,1933054274,True,,60,-0.11,-0.1395578492584617,0.2506575592583874,-4.157510585360245,0.08478661848802113,0.0024659146597038983,-0.1387152754765954,0.38167156609562414,-4.683844742773786,0.008665610902158598,-33.14065373948094,-33.68367443486945,-45.809584667851375,-50.9899706208505,-0.5430206953885133,-5.180385952999124,False,False,0.01831563888873418,0.05901285366944784,3.2219926385284996,0.015646460004779084,0.017030933566511062,1.0884847793883794,-6.005192481609332,-4.157510585360245,-4.072723966872224,-1.0852133815119789,-0.15751058536024498,0.030657559258387396,-0.0015340853402961018,1.0852133815119789,0.15751058536024498,0.030657559258387396,0.0015340853402961018,True,True,strong,low,low,low,-0.13646688402950857,0.14018442313877522,0.02099607193766303,0.02030317965851857,0.028625489498495724,1200,500,10,65.59054136276245
-4,1.17,0.22,0.004,4,816034353,True,,60,-0.11,-0.11325998052591028,0.11072951770582865,-4.0560479749342315,2.243892543720542,0.002729627773849566,-0.11002820665118718,0.4819881279361799,-6.893715870189274,0.024915043351603227,-24.085897016792195,-23.854372571897535,-27.700071222473888,-31.33136689490667,0.23152444489466006,-3.631295672432781,True,False,0.01831563888873418,0.05901285366944784,3.2219926385284996,0.01731732255079477,0.16330177145404637,9.429966495978428,-5.903590025656558,-4.0560479749342315,-1.8121554312136894,1.0738925437205422,-0.056047974934231526,-0.10927048229417136,-0.001270372226150434,1.0738925437205422,0.056047974934231526,0.10927048229417136,0.001270372226150434,True,True,strong,low,low,low,-0.12911686513642542,0.14265822069110623,0.020926790688906457,0.020121271195191734,0.02835285703622973,1200,500,10,68.70627927780151
-4,1.17,0.22,0.004,5,1942426316,True,,60,-0.11,-0.13969988562647814,-0.01284613193346781,-4.515843700001866,3.4496574342743926,0.0017628506720098083,-0.13910525160134485,-0.668464465349438,-20.877815609229543,0.017500634282012015,-36.62616312961724,-36.250717784437484,-52.780603448123976,-56.12405731998656,0.3754453451797559,-3.343453871862586,True,False,0.01831563888873418,0.05901285366944784,3.2219926385284996,0.010934375901062032,0.3443191583869863,31.489603202094354,-6.340823080225887,-4.515843700001866,-1.066186265727473,2.2796574342743927,-0.5158437000018656,-0.23284613193346781,-0.0022371493279901918,2.2796574342743927,0.5158437000018656,0.23284613193346781,0.0022371493279901918,True,True,strong,low,low,low,-0.13674684817793395,0.13819399196006385,0.020897431264183353,0.020544901074257826,0.02800222649999545,1200,500,10,69.46742463111877
-4,1.17,0.22,0.004,6,707323425,True,,60,-0.11,-0.09859328096512474,0.4794824561973409,-3.674281738897963,-4.999999904189704,0.0030941735172948133,-0.06508849883502452,0.46520626739184145,-4.164026063481929,0.0032523637205237343,-33.85764226260503,-32.387595091910946,-47.24356171409956,-48.397811934933486,1.4700471706940874,-1.154250220833923,True,False,0.01831563888873418,0.05901285366944784,3.2219926385284996,0.02536761955510411,0.0001709256924316959,0.006737947644650192,-5.778234446537336,-3.674281738897963,-8.674281643087667,-6.169999904189704,0.32571826110203705,0.2594824561973409,-0.0009058264827051868,6.169999904189704,0.32571826110203705,0.2594824561973409,0.0009058264827051868,True,True,strong,low,low,low,-0.08424395554289732,0.1393991006469222,0.021009197278841856,0.020681651587313124,0.027312315055695594,1200,500,10,57.03977918624878
-4,1.17,0.22,0.004,7,2051137244,True,,60,-0.11,-0.07831562927214253,0.36416809039248826,-4.141736622601861,1.7646095090428298,0.001967273262760433,-0.07503876619206779,0.4193438149930892,-4.180325860563916,0.0030128105459742522,-29.20314609007744,-28.517417993862615,-37.934569369044375,-40.657457738836825,0.6857280962148238,-2.72288836979245,True,False,0.01831563888873418,0.05901285366944784,3.2219926385284996,0.015895223517339876,0.09281684710759694,5.839291722217328,-6.231106825604262,-4.141736622601861,-2.377127113559031,0.5946095090428298,-0.1417366226018606,0.14416809039248826,-0.002032726737239567,0.5946095090428298,0.1417366226018606,0.14416809039248826,0.002032726737239567,True,True,strong,low,low,low,-0.07762517466355376,0.14594793964811092,0.021111855952161918,0.02040036993841721,0.02950897908431992,1200,500,10,61.542314529418945
-4,1.17,0.22,0.004,8,1449532264,True,,60,-0.11,-0.10455580985438329,0.10379735321143524,-4.009108013454075,-0.08512147765147238,0.0015634499000007909,-0.10837806510483318,0.4064690567191951,-5.577434363104038,0.014949606356832457,-33.12594025937578,-33.36245905734644,-45.78015770764106,-50.34753986580448,-0.23651879797066044,-4.567382158163419,False,False,0.01831563888873418,0.05901285366944784,3.2219926385284996,0.018149577197356877,0.016668584628958146,0.9184007124631854,-6.4608604250714405,-4.009108013454075,-4.094229491105547,-1.2551214776514723,-0.009108013454074637,-0.11620264678856476,-0.0024365500999992094,1.2551214776514723,0.009108013454074637,0.11620264678856476,0.0024365500999992094,True,True,strong,low,low,low,-0.11004435599419289,0.13993428601652497,0.020950906235393963,0.020490209169649394,0.027423120101932607,1200,500,10,58.279820919036865
-4,1.17,0.22,0.004,9,2060509286,True,,60,-0.11,-0.07990067619712603,0.3870572197659801,-3.3447994289014,-3.4743249168720225,0.004165484528959588,-0.11094532157451621,0.40531525546550007,-3.8193169424815796,0.006348829463293334,-22.041831725047793,-22.37783067826068,-23.611940638985082,-28.378283107632956,-0.3359989532128864,-4.766342468647874,False,False,0.01831563888873418,0.05901285366944784,3.2219926385284996,0.03526728804699005,0.001092677310991146,0.03098274269162023,-5.480922676645851,-3.3447994289014,-6.819124345773423,-4.644324916872023,0.6552005710986002,0.16705721976598012,0.00016548452895958753,4.644324916872023,0.6552005710986002,0.16705721976598012,0.00016548452895958753,True,True,strong,low,low,low,-0.10995751416686218,0.15319449565931134,0.021270189464961085,0.02041832126875506,0.02780454984835388,1200,500,10,60.27309060096741
-4,1.17,0.22,0.004,10,589240455,True,,60,-0.11,-0.1112186972342349,-0.04963410947918506,-4.089933907820752,0.5487358208394413,0.0023659866117068107,-0.11312243502581458,-0.20399643060448355,-7.800642181997073,0.0199561551478185,-31.59748526583716,-31.52861260141314,-42.72324772056382,-46.67984695393788,0.06887266442402051,-3.956599233374064,True,False,0.01831563888873418,0.05901285366944784,3.2219926385284996,0.01674033992756622,0.02897858740746686,1.7310632599370328,-6.046560172061221,-4.089933907820752,-3.5411980869813107,-0.6212641791605586,-0.08993390782075217,-0.2696341094791851,-0.0016340133882931894,0.6212641791605586,0.08993390782075217,0.2696341094791851,0.0016340133882931894,True,True,strong,low,low,low,-0.10409780436016142,0.1320855660400072,0.020818175673230695,0.020438165908860474,0.026670331448863858,1200,500,10,58.46008324623108
-4,1.17,0.22,0.004,11,1091506549,True,,60,-0.11,-0.09674423317548758,0.18665212143735663,-3.891010949807633,-0.8844393115537943,0.0020143840073000236,-0.11184978675445931,0.38161437301405104,-4.074578717896861,0.0033514818395140584,-30.576745522080707,-29.874128706782482,-40.68176823305091,-43.370879164676566,0.7026168152982244,-2.689110931625656,True,False,0.01831563888873418,0.05901285366944784,3.2219926385284996,0.020424687263545082,0.008434285599442839,0.41294564223251257,-6.207441833893543,-3.891010949807633,-4.775450261361428,-2.0544393115537942,0.10898905019236693,-0.033347878562643374,-0.0019856159926999765,2.0544393115537942,0.10898905019236693,0.033347878562643374,0.0019856159926999765,True,True,strong,low,low,low,-0.1050889938745364,0.14505882628985872,0.021073374068402494,0.02027914576815736,0.026089391496187532,1200,500,10,69.64833927154541
-4,1.17,0.22,0.004,12,480529527,True,,60,-0.11,-0.09874302389277781,0.09436450606701571,-3.246859011416885,-2.616563433670029,0.0030782939001206626,-0.08835068682124611,0.35597184445464813,-4.306603974024143,0.016583168031810692,-18.709923462241626,-18.291175725735293,-16.94812411337275,-20.204973202582185,0.418747736506333,-3.2568490892094353,True,False,0.01831563888873418,0.05901285366944784,3.2219926385284996,0.03889618864572625,0.002841502137207137,0.07305348508791103,-5.783379764003994,-3.246859011416885,-5.863422445086914,-3.786563433670029,0.7531409885831151,-0.1256354939329843,-0.0009217060998793374,3.786563433670029,0.7531409885831151,0.1256354939329843,0.0009217060998793374,True,True,strong,low,low,low,-0.08803848128686963,0.17091614072221728,0.021586303384624868,0.02099023666953679,0.032899510476042906,1200,500,10,77.70091605186462
-4,1.17,0.22,0.004,13,1082134507,True,,60,-0.11,-0.10533392962790822,0.029506841077947987,-4.400103821014027,3.783058767770832,0.002827079585196262,-0.11054936047211143,0.1954184062069036,-5.939863499073034,0.020705996194687527,-27.31667852849215,-27.375239013001977,-34.1616342458738,-38.373099777115556,-0.05856048450982598,-4.211465531241757,False,False,0.01831563888873418,0.05901285366944784,3.2219926385284996,0.012276065323355373,0.5395363856684158,43.950270013791865,-5.868511048846542,-4.400103821014027,-0.6170450532431953,2.613058767770832,-0.4001038210140271,-0.190493158922052,-0.0011729204148037383,2.613058767770832,0.4001038210140271,0.190493158922052,0.0011729204148037383,True,True,strong,low,low,low,-0.11607195798484285,0.15760094683327902,0.021322564967966865,0.020772356228486576,0.032051870538328406,1200,500,10,69.0366907119751
-4,1.17,0.22,0.004,14,471157485,True,,60,-0.11,-0.09644217097277254,0.3444335559113417,-4.040998254189732,0.8748097857347302,0.002413410270959993,-0.09209450039009281,0.47556032053812564,-3.971693792034757,0.003871682697658542,-29.0436135117479,-28.647148079906078,-37.6155042123853,-40.91691791092376,0.3964654318418219,-3.301413698538461,True,False,0.01831563888873418,0.05901285366944784,3.2219926385284996,0.01757991443018014,0.042164001439234135,2.398419037060244,-6.026714481528744,-4.040998254189732,-3.1661884684550015,-0.2951902142652697,-0.040998254189731576,0.12443355591134173,-0.001586589729040007,0.2951902142652697,0.040998254189731576,0.12443355591134173,0.001586589729040007,True,True,strong,low,low,low,-0.10690356280256591,0.1504097400595518,0.02115980560240587,0.02053887635564186,0.029589301607939038,1200,500,10,58.49157452583313
-4,1.17,0.22,0.004,15,973423579,True,,60,-0.11,-0.0374819938135735,0.09214471350281415,-4.576790145567159,4.99900306654822,0.0027920708711627537,-0.056780059122963245,0.30408712330796084,-5.277648549961938,0.017575784544350097,-28.611716332870497,-27.54643298918463,-36.75170985463049,-38.715487729480856,1.0652833436858664,-1.963777874850365,True,False,0.01831563888873418,0.05901285366944784,3.2219926385284996,0.010287865906255918,1.5253332655653284,148.26527478724165,-5.880971710749889,-4.576790145567159,0.4222129209810612,3.8290030665482204,-0.5767901455671591,-0.12785528649718586,-0.0012079291288372464,3.8290030665482204,0.5767901455671591,0.12785528649718586,0.0012079291288372464,True,True,strong,low,low,low,-0.06728612747834127,0.119675104373589,0.020706030278057983,0.020118972015109614,0.02942405172821979,1200,500,10,69.26078581809998
-4,1.17,0.22,0.004,16,671793978,True,,60,-0.11,-0.14641939550632757,0.17492548122096835,-4.366265293075601,-0.11699143043312525,0.0014996665732643795,-0.13751424829068049,0.44705841559028486,-4.43520041217496,0.00312453742516389,-39.22537888012799,-38.54465992156853,-57.97903494914548,-60.71194159424866,0.68071895855946,-2.732906645103178,True,False,0.01831563888873418,0.05901285366944784,3.2219926385284996,0.01269857758367545,0.0112965633989152,0.8895928165558794,-6.5025124800732454,-4.366265293075601,-4.483256723508727,-1.2869914304331251,-0.3662652930756014,-0.04507451877903165,-0.0025003334267356203,1.2869914304331251,0.3662652930756014,0.04507451877903165,0.0025003334267356203,True,True,strong,low,low,low,-0.13352951016354853,0.11791790168013408,0.02042542690370981,0.02010364257971487,0.029744256898644936,1200,500,10,65.10069441795349
-4,1.17,0.22,0.004,17,964051537,True,,60,-0.11,-0.093377731321614,0.1059432711859395,-3.9124523972039147,2.371545335317593,0.0024706536317478755,-0.0717902697559889,0.43295246767409834,-3.5464699102703117,0.004010456349026515,-18.934679859525666,-16.49013719707981,-17.39763690794083,-16.60289614527122,2.444542662445855,0.7947407626696084,True,True,0.01831563888873418,0.05901285366944784,3.2219926385284996,0.019991414007993726,0.2141867326662998,10.713936121809871,-6.003272535112121,-3.9124523972039147,-1.5409070618863216,1.201545335317593,0.08754760279608531,-0.1140567288140605,-0.0015293463682521245,1.201545335317593,0.08754760279608531,0.1140567288140605,0.0015293463682521245,True,True,strong,low,low,low,-0.07948423904536811,0.16074617004736708,0.021458673619827284,0.020606114365407116,0.03220873635838041,1200,500,10,57.473593950271606
-4,1.17,0.22,0.004,18,681166020,True,,60,-0.11,-0.10112018718853606,0.16825304563730017,-4.060689705572502,-0.15801633840197823,0.0018616518030993635,-0.11638841773923184,0.3114639131728242,-4.514300248500583,0.006467860863142641,-33.72899928288982,-33.24903896920747,-46.986275754669144,-50.12069968952653,0.4799603136823549,-3.134423934857388,True,False,0.01831563888873418,0.05901285366944784,3.2219926385284996,0.017237126472424716,0.014717676214968396,0.853835831541479,-6.28629111917204,-4.060689705572502,-4.21870604397448,-1.328016338401978,-0.06068970557250175,-0.051746954362699826,-0.0021383481969006364,1.328016338401978,0.06068970557250175,0.051746954362699826,0.0021383481969006364,True,True,strong,low,low,low,-0.09424183772275256,0.11124629957620362,0.020365743270311026,0.0201946654186791,0.024899236152718184,1200,500,10,56.582510232925415
-4,1.17,0.22,0.004,19,855340609,True,,60,-0.11,-0.15179727458045875,0.056982991369466274,-4.239601043346351,3.223962416532203,0.00222924147117757,-0.1161569817272546,0.49460441796580573,-5.319864007310045,0.017986098582539804,-27.78523698197704,-27.76111738362361,-35.098751152843576,-39.14485651835882,0.024119598353429694,-4.0461053655152455,True,False,0.01831563888873418,0.05901285366944784,3.2219926385284996,0.014413340994496066,0.3621710638094236,25.127488758347116,-6.106093898827381,-4.239601043346351,-1.0156386268141477,2.0539624165322032,-0.2396010433463509,-0.16301700863053373,-0.0017707585288224302,2.0539624165322032,0.2396010433463509,0.16301700863053373,0.0017707585288224302,True,True,strong,low,low,low,-0.1327064520647282,0.12405908432783525,0.020640364185703884,0.02032592484958965,0.024942971089317156,1200,500,10,56.98383855819702
-4,1.17,0.22,0.004,20,789876948,True,,60,-0.11,-0.13026168686858614,-0.2733211324063274,-4.54363996999475,3.67248185652733,0.0017200857718128073,-0.12693747037597475,-0.009326947692414995,-7.992049476852841,0.019136558270902316,-34.879951039008716,-33.03907034591017,-49.28817926690693,-49.70076244293193,1.8408806930985477,-0.4125831760250023,True,False,0.01831563888873418,0.05901285366944784,3.2219926385284996,0.01063462629623066,0.4184666366623547,39.349444447396905,-6.365381122067082,-4.54363996999475,-0.8711581134674202,2.50248185652733,-0.5436399699947501,-0.49332113240632736,-0.0022799142281871927,2.50248185652733,0.5436399699947501,0.49332113240632736,0.0022799142281871927,True,True,strong,low,low,low,-0.11940050881172733,0.12253015820539699,0.020591722342177037,0.0204014941165104,0.026130686227328725,1200,500,10,90.11143636703491
-4,1.17,0.22,0.004,21,845968567,True,,60,-0.11,-0.095519048685051,0.17124896950492982,-3.9146183285161875,1.0684746038804422,0.002072802082089852,-0.11271099777006688,0.36918980965604903,-4.048624845102474,0.004320309830302664,-25.061452101023676,-24.039081133674664,-29.65118139093685,-31.700784018460926,1.022370967349012,-2.0496026275240773,True,False,0.01831563888873418,0.05901285366944784,3.2219926385284996,0.019948160837025195,0.05806781515517119,2.9109357814778205,-6.1788539242350895,-3.9146183285161875,-2.8461437246357453,-0.10152539611955769,0.08538167148381248,-0.04875103049507018,-0.001927197917910148,0.10152539611955769,0.08538167148381248,0.04875103049507018,0.001927197917910148,True,True,strong,low,low,low,-0.10603417306188084,0.1387361172060522,0.020928756837642695,0.020485008808717065,0.027099197860897484,1200,500,10,59.88520121574402
-4,1.17,0.22,0.004,22,799248990,True,,60,-0.11,-0.07323566675799711,0.1060889586154718,-3.9055800057757892,-1.4039014981242137,0.00203211759663816,-0.06937469131971315,0.4258002203204239,-5.666508580509884,0.016573993342244662,-32.51476049565244,-32.43075337459752,-44.557798180194375,-48.48412850030664,0.08400712105491692,-3.926330320112264,True,False,0.01831563888873418,0.05901285366944784,3.2219926385284996,0.020129276008474837,0.004944489751813591,0.2456367407219146,-6.198676878579143,-3.9055800057757892,-5.3094815039000025,-2.5739014981242136,0.09441999422421077,-0.1139110413845282,-0.0019678824033618402,2.5739014981242136,0.09441999422421077,0.1139110413845282,0.0019678824033618402,True,True,strong,low,low,low,-0.09347572769887035,0.13653965046305988,0.020809665505196348,0.020178197053949333,0.028684904578047503,1200,500,10,67.3857114315033
-4,1.17,0.22,0.004,23,296982896,True,,60,-0.11,-0.08308607223486376,0.052526833535931225,-3.864010138251153,0.158563738442054,0.0023194746602962077,-0.08458237766478126,0.2611964217099711,-5.511615841810217,0.019314308232424148,-27.610845681030575,-27.654793382515198,-34.74996855095065,-38.932208516142,-0.04394770148462257,-4.18223996519135,False,False,0.01831563888873418,0.05901285366944784,3.2219926385284996,0.020983683105516827,0.024589238286013886,1.1718266122475476,-6.066414558472716,-3.864010138251153,-3.705446399809099,-1.011436261557946,0.13598986174884686,-0.1674731664640688,-0.0016805253397037924,1.011436261557946,0.13598986174884686,0.1674731664640688,0.0016805253397037924,True,True,strong,low,low,low,-0.08539425704758657,0.14900545541456667,0.021275945317757457,0.02110236280414555,0.027734747934623112,1200,500,10,63.3836190700531
-4,1.17,0.22,0.004,24,907959918,True,,60,-0.11,-0.09602909403477401,0.2998974907658847,-3.9195426885037383,1.1632237618838857,0.002914873075169489,-0.09251469344043176,0.4501553889861485,-3.960502507977437,0.0042998704462420744,-26.03180018120936,-25.17015371933946,-31.591877551308215,-33.962929189790515,0.8616464618698991,-2.3710516384822995,True,False,0.01831563888873418,0.05901285366944784,3.2219926385284996,0.01985017038013342,0.06352517934124165,3.2002334551656713,-5.83792900209353,-3.9195426885037383,-2.7563189266198527,-0.006776238116114275,0.08045731149626167,0.07989749076588468,-0.0010851269248305113,0.006776238116114275,0.08045731149626167,0.07989749076588468,0.0010851269248305113,True,True,strong,low,low,low,-0.09495794780582698,0.15491218018142747,0.021147936406416788,0.020209125867158433,0.026987662577791713,1200,500,10,64.35652756690979
-4,1.17,0.22,0.004,25,306354938,True,,60,-0.11,-0.07010217228811201,0.17871439203509715,-3.889286537091203,-2.3992490736239613,0.0014939130584563716,-0.06843091007581917,0.389940249370063,-5.049852051150184,0.010850523470778153,-35.63492766680636,-35.25590516539088,-50.79813252250222,-54.13443208189335,0.3790225014154842,-3.3362995593911293,True,False,0.01831563888873418,0.05901285366944784,3.2219926385284996,0.02045993823887132,0.0018574780271257035,0.09078610137721374,-6.506356387769139,-3.889286537091203,-6.288535610715164,-3.5692490736239613,0.11071346290879713,-0.041285607964902854,-0.0025060869415436285,3.5692490736239613,0.11071346290879713,0.041285607964902854,0.0025060869415436285,True,True,strong,low,low,low,-0.08592593391194694,0.12197090721298076,0.020651569008974396,0.02072925485159135,0.025016217415979515,1200,500,10,72.03853106498718
-4,1.17,0.22,0.004,26,1230151691,True,,60,-0.11,-0.0790275687022571,0.23130120557678605,-4.050526426990071,1.9873000034990613,0.0028627874734973805,-0.08536281205195129,0.44481910624123233,-3.744092285911477,0.004560126687515936,-24.528520351122154,-23.109113113854967,-28.585317891133805,-29.840847978821532,1.4194072372671869,-1.2555300876877276,True,False,0.01831563888873418,0.05901285366944784,3.2219926385284996,0.01741320544491965,0.12704341208516265,7.295808487817958,-5.855959487721609,-4.050526426990071,-2.06322642349101,0.8173000034990614,-0.05052642699007137,0.011301205576786044,-0.0011372125265026196,0.8173000034990614,0.05052642699007137,0.011301205576786044,0.0011372125265026196,True,True,strong,low,low,low,-0.08535438847597865,0.15957054151820163,0.021447179808826957,0.021203084519565308,0.029906222744701918,1200,500,10,55.88266062736511
-4,1.17,0.22,0.004,27,415065866,True,,60,-0.11,-0.08965054110168033,0.03455069784953275,-3.721163157023603,0.14169629893750568,0.0026831368775480885,-0.0944092507267065,0.1689811099272803,-6.393206135423894,0.0248448541746648,-23.19798223899052,-23.615081294376147,-25.924241666870536,-30.85278433986389,-0.4170990553856271,-4.9285426729933555,False,False,0.01831563888873418,0.05901285366944784,3.2219926385284996,0.024205796322910117,0.02789056392076876,1.152226662932428,-5.920768692236118,-3.721163157023603,-3.5794668580860973,-1.0283037010624942,0.2788368429763972,-0.18544930215046726,-0.0013168631224519116,1.0283037010624942,0.2788368429763972,0.18544930215046726,0.0013168631224519116,True,True,strong,low,low,low,-0.10665895010815724,0.14708588165291192,0.021062966597505017,0.020250768184578827,0.02735929241484044,1200,500,10,58.01631832122803
-4,1.17,0.22,0.004,28,1026042888,True,,60,-0.11,-0.10849392116359138,0.32742180179743785,-4.401293570011366,1.7584231891416335,0.0025352908790042656,-0.1106978999442188,0.48606673282638835,-4.234445588956973,0.003528409440514915,-34.3870023424429,-34.09722641316055,-48.30228187377529,-51.81707457743269,0.2897759292823494,-3.514792703657399,True,False,0.01831563888873418,0.05901285366944784,3.2219926385284996,0.012261468571902658,0.07115672922816962,5.803279502035046,-5.977446903352378,-4.401293570011366,-2.6428703808697325,0.5884231891416336,-0.401293570011366,0.10742180179743785,-0.0014647091209957345,0.5884231891416336,0.401293570011366,0.10742180179743785,0.0014647091209957345,True,True,strong,low,low,low,-0.1278923741716687,0.1315013799441857,0.020918012193098932,0.020765118857648153,0.026093454669328536,1200,500,10,56.56596040725708
-4,1.17,0.22,0.004,29,424437908,True,,60,-0.11,-0.09093538726958873,-0.026932285783350628,-3.9350442428816335,1.8145289760941954,0.003525791403973834,-0.08428076398194856,0.4445836717806388,-3.610019234046794,0.00274916497075117,-19.50523760550153,-11.242803908481823,-18.53875239989256,-6.108229568075245,8.262433697019707,12.430522831817314,True,True,0.01831563888873418,0.05901285366944784,3.2219926385284996,0.019544834588542368,0.11996979613129667,6.138184264891437,-5.647650356151273,-3.9350442428816335,-2.120515266787438,0.6445289760941955,0.06495575711836654,-0.24693228578335064,-0.0004742085960261662,0.6445289760941955,0.06495575711836654,0.24693228578335064,0.0004742085960261662,True,True,strong,low,low,low,-0.10009259661198223,0.15170561453400921,0.021215860789784893,0.020751742701473487,0.03154572528486738,1200,500,10,58.42605257034302
-4,1.17,0.22,0.004,30,2069655461,True,,60,-0.11,-0.12894710077941018,0.05747747203521199,-4.175532208742975,1.885109688497143,0.0014828927915210626,-0.1305120390574866,0.36839602137403543,-5.407172213303628,0.015804495741054123,-31.012874590969357,-31.018905314200488,-41.55402637082821,-45.66043237951257,-0.006030723231130963,-4.10640600868436,False,False,0.01831563888873418,0.05901285366944784,3.2219926385284996,0.015367011020693358,0.10122368376146777,6.587076928958993,-6.513760510063875,-4.175532208742975,-2.2904225202458326,0.7151096884971431,-0.17553220874297537,-0.162522527964788,-0.0025171072084789374,0.7151096884971431,0.17553220874297537,0.162522527964788,0.0025171072084789374,True,True,strong,low,low,low,-0.13230785687265118,0.133466704099183,0.020879510530802677,0.02038282519144856,0.027438009927003952,1200,500,10,62.72144913673401
-4,1.17,0.22,0.004,31,533148836,True,,60,-0.11,-0.11306165308912011,-0.05387229934504742,-4.379588492095228,1.474749051913516,0.0029468140865341334,-0.1129308056068401,0.06025688109949373,-7.051333741768263,0.01809560829603904,-34.157429073099316,-33.795790121793,-47.84313533508813,-51.21420199469759,0.3616389513063183,-3.371066659609461,True,False,0.01831563888873418,0.05901285366944784,3.2219926385284996,0.012530513965816871,0.05475758176309554,4.369939007487939,-5.827030662885334,-4.379588492095228,-2.9048394401817115,0.3047490519135161,-0.3795884920952277,-0.2738722993450474,-0.0010531859134658666,0.3047490519135161,0.3795884920952277,0.2738722993450474,0.0010531859134658666,True,True,strong,low,low,low,-0.12469137273590268,0.1130842168670918,0.020332880711478932,0.02020533622835752,0.028249034243604462,1200,500,10,69.5918800830841
-4,1.17,0.22,0.004,32,2116600905,True,,60,-0.11,-0.07145120094182678,0.3443075843844688,-3.4889821949021185,-4.450057737332061,0.006643828143362377,-0.09407539159192795,0.3749844787963119,-3.9083784558744403,0.0018864762293393843,-24.043622374855808,-14.947121136248521,-27.615521938601113,-13.51686402360864,9.096501238607287,14.098657914992472,True,True,0.01831563888873418,0.05901285366944784,3.2219926385284996,0.030531931918106246,0.00035654862488050074,0.011677892700561732,-5.014066954007175,-3.4889821949021185,-7.93903993223418,-5.620057737332061,0.5110178050978815,0.12430758438446879,0.0026438281433623766,5.620057737332061,0.5110178050978815,0.12430758438446879,0.0026438281433623766,True,True,strong,low,low,low,-0.09565839537220998,0.15465527922981326,0.021422203193388334,0.021258356146249442,0.030030489578532597,1200,500,10,64.57833433151245
-4,1.17,0.22,0.004,33,542520878,True,,60,-0.11,-0.07323567699992106,0.24490946704926467,-4.119714665440956,4.1390640832185746,0.0027070682650876155,-0.06596181113225168,0.4112285499447327,-3.5017170809102023,0.004025121368001525,-16.54840726453598,-14.244994380480879,-12.62509171796146,-12.112610512073356,2.3034128840551027,0.5124812058881041,True,True,0.01831563888873418,0.05901285366944784,3.2219926385284996,0.01624915022465811,1.0195378310286671,62.74407073186615,-5.91188905068212,-4.119714665440956,0.019349417777618783,2.9690640832185746,-0.11971466544095577,0.024909467049264666,-0.0012929317349123846,2.9690640832185746,0.11971466544095577,0.024909467049264666,0.0012929317349123846,True,True,strong,low,low,low,-0.06994146727506032,0.18037011769370712,0.02198876771831264,0.02135628542893864,0.033576350926508895,1200,500,10,61.52350187301636
-4,1.17,0.22,0.004,34,40254784,True,,60,-0.11,-0.05890208097301906,-0.11992194281175672,-3.55689274616126,-1.5343476219160408,0.001950286866402342,-0.05650192808401863,-0.08279539652822084,-6.75879403142023,0.02451992949457185,-23.07713322890904,-24.076179432210477,-25.68254364670758,-31.774980615532552,-0.999046203301436,-6.092436968824973,False,False,0.01831563888873418,0.05901285366944784,3.2219926385284996,0.02852732879255646,0.006150386411020217,0.21559629559936294,-6.23977880625068,-3.55689274616126,-5.091240368077301,-2.7043476219160407,0.44310725383874017,-0.3399219428117567,-0.002049713133597658,2.7043476219160407,0.44310725383874017,0.3399219428117567,0.002049713133597658,True,True,strong,low,low,low,-0.06669930971337114,0.15361261504334878,0.02105834734166951,0.019984625942097482,0.034674985146019646,1200,500,10,79.59798693656921
-4,1.17,0.22,0.004,35,651231806,True,,60,-0.11,-0.15110337431831877,0.27622238141082855,-3.3574327709082783,-1.7679270030307708,0.002989354635768813,-0.17294370585613106,0.4280944949992669,-3.763873566304073,0.0046213984944485755,-20.303243363658567,-19.536319847027553,-20.13476391620663,-22.695261445166704,0.7669235166310138,-2.5604975289600738,True,False,0.01831563888873418,0.05901285366944784,3.2219926385284996,0.03482454687425618,0.0059440784472162885,0.17068645483540837,-5.812697755756533,-3.3574327709082783,-5.125359773939049,-2.9379270030307705,0.6425672290917217,0.056222381410828554,-0.001010645364231187,2.9379270030307705,0.6425672290917217,0.056222381410828554,0.001010645364231187,True,True,strong,low,low,low,-0.14228841442849244,0.1588572489447571,0.021429754863640113,0.02094784411109686,0.0279750976001864,1200,500,10,61.148223876953125
-4,1.17,0.22,0.004,36,1998517935,True,,60,-0.11,-0.1439342907413726,0.17194536632372204,-2.9352737481608453,-4.999999208109292,0.0033442754217652988,-0.13661721125773374,0.10423292872759861,-3.498117802152938,0.003270655358845904,-19.325855051157223,-17.30902742150615,-18.179987291203943,-18.2406765941239,2.016827629651072,-0.060689302919957555,True,False,0.01831563888873418,0.05901285366944784,3.2219926385284996,0.05311617686027902,0.0003578942678916427,0.006737952334805197,-5.700505224183233,-2.9352737481608453,-7.935272956270138,-6.169999208109292,1.0647262518391547,-0.048054633676277964,-0.0006557245782347013,6.169999208109292,1.0647262518391547,0.048054633676277964,0.0006557245782347013,True,True,strong,low,low,low,-0.11863203073935517,0.15768190901663676,0.02141931475585383,0.021059769853072466,0.030470850545388152,1200,500,10,60.112082719802856
-4,1.17,0.22,0.004,37,353300382,True,,60,-0.11,-0.09960221366812508,0.4352224271561502,-3.52492570947282,-4.521213809043458,0.0021854700647807638,-0.09934764440546556,0.46969842904820197,-4.0485314912659085,0.004412869334690887,-30.821663030758096,-29.37206599044085,-41.17160325040569,-42.3667537319933,1.4495970403172471,-1.1951504815876106,True,False,0.01831563888873418,0.05901285366944784,3.2219926385284996,0.02945399544067863,0.0003203361904457834,0.010875814491482208,-6.1259243409495125,-3.52492570947282,-8.046139518516279,-5.691213809043458,0.47507429052717987,0.21522242715615023,-0.0018145299352192363,5.691213809043458,0.47507429052717987,0.21522242715615023,0.0018145299352192363,True,True,strong,low,low,low,-0.09686078764203722,0.1409808467130305,0.020983290706741115,0.020208302071602083,0.027726208860644183,1200,500,10,54.40606927871704
-4,1.17,0.22,0.004,38,158337754,True,,60,-0.11,-0.0876070335300389,0.10265226808586346,-3.941269517166446,1.6281095429338548,0.0024815374458264997,-0.08806372735124658,0.39217558301101313,-4.951565164812312,0.015682147971259223,-24.720715749334495,-25.33188007017677,-28.969708687558487,-34.28638189146514,-0.6111643208422741,-5.316673203906653,False,False,0.01831563888873418,0.05901285366944784,3.2219926385284996,0.01942354056836894,0.09894808362431866,5.094235176950939,-5.998876973054057,-3.941269517166446,-2.3131599742325912,0.45810954293385486,0.0587304828335542,-0.11734773191413654,-0.0015184625541735004,0.45810954293385486,0.0587304828335542,0.11734773191413654,0.0015184625541735004,True,True,strong,low,low,low,-0.10077306164737683,0.14264925413505675,0.020977553366564056,0.020222898983651483,0.03281394821750027,1200,500,10,56.954524755477905
-4,1.17,0.22,0.004,39,343928340,True,,60,-0.11,-0.1302844746113816,0.011979030496489147,-4.1819899810509185,1.1576189830821506,0.0014539821259570759,-0.1308533661702144,0.17256256385145682,-6.392225146658012,0.016944571837593354,-33.75210164266424,-33.97030403674708,-47.032480474217984,-51.563229824605756,-0.21820239408283726,-4.530749350387772,False,False,0.01831563888873418,0.05901285366944784,3.2219926385284996,0.015268094097710423,0.04858837384602987,3.182347026097783,-6.533449192960759,-4.1819899810509185,-3.024370997968768,-0.012381016917849319,-0.18198998105091846,-0.20802096950351084,-0.0025460178740429242,0.012381016917849319,0.18198998105091846,0.20802096950351084,0.0025460178740429242,True,True,strong,low,low,low,-0.13343788569555318,0.12152247215737422,0.020650764994485427,0.02014567915193108,0.02671171977326539,1200,500,10,54.44533395767212
-4,1.17,0.22,0.004,40,267048682,True,,60,-0.11,-0.15123773220091485,0.3579384896185446,-3.639270467073076,-1.383945441723731,0.0028005540892748083,-0.1526730277715906,0.45109796494575993,-4.023091055210965,0.006229512228511204,-25.234917741265242,-25.43189316593878,-29.99811267141998,-34.48640808298916,-0.19697542467353912,-4.488295411569176,False,False,0.01831563888873418,0.05901285366944784,3.2219926385284996,0.02627150290270784,0.006583321269427586,0.2505879200671476,-5.877937992351712,-3.639270467073076,-5.023215908796807,-2.553945441723731,0.360729532926924,0.13793848961854457,-0.0011994459107251918,2.553945441723731,0.360729532926924,0.13793848961854457,0.0011994459107251918,True,True,strong,low,low,low,-0.14670615689248911,0.14774389945330405,0.021250647005871422,0.02097067589025061,0.027359728749215634,1200,500,10,70.24667000770569
-4,1.17,0.22,0.004,41,235217412,True,,60,-0.11,-0.1025249081295075,0.2428887944200897,-3.522647589412118,-4.874438908852556,0.0017641597502790637,-0.08617332067589187,0.4594615554600988,-4.205582395600673,0.003820186718349921,-32.9040372572442,-30.916890171614615,-45.33635170337789,-45.45640209434083,1.9871470856295836,-0.12005039096293757,True,False,0.01831563888873418,0.05901285366944784,3.2219926385284996,0.029521171667261793,0.00022552343083789337,0.007639379404713563,-6.3400807641152825,-3.522647589412118,-8.397086498264674,-6.044438908852556,0.47735241058788214,0.022888794420089703,-0.0022358402497209364,6.044438908852556,0.47735241058788214,0.022888794420089703,0.0022358402497209364,True,True,strong,low,low,low,-0.10628980971868164,0.13792794059163013,0.020747609432595945,0.01998563424524511,0.027572789790099042,1200,500,10,62.29130458831787
-4,1.17,0.22,0.004,42,836822392,True,,60,-0.11,-0.13902676745902867,0.27929658528409884,-3.4931236348186676,-0.12280213768840612,0.0033756635150797827,-0.1488354332188932,0.4136962555630716,-3.7220294953167596,0.0058538118025084655,-16.304284548246272,-16.00929867833663,-12.136846285382042,-15.64121910778486,0.2949858699096417,-3.504372822402818,True,False,0.01831563888873418,0.05901285366944784,3.2219926385284996,0.030405747230038183,0.02689201779896749,0.8844386423235329,-5.691163376919637,-3.4931236348186676,-3.6159257725070737,-1.292802137688406,0.5068763651813324,0.05929658528409884,-0.0006243364849202173,1.292802137688406,0.5068763651813324,0.05929658528409884,0.0006243364849202173,True,True,strong,low,low,low,-0.14041964950244284,0.18069691267543683,0.0219077998714996,0.021151781142750223,0.02976931797053614,1200,500,10,56.41328310966492
-4,1.17,0.22,0.004,43,225845370,True,,60,-0.11,-0.09592430231342179,-0.04476143154833383,-3.567803624036121,-2.099784849277519,0.0024950941121730207,-0.10015436559504601,0.20323740799191847,-5.701191085998495,0.02258186469460783,-24.686325151840535,-24.48186367690571,-28.900927492570567,-32.586349104923016,0.20446147493482414,-3.6854216123524495,True,False,0.01831563888873418,0.05901285366944784,3.2219926385284996,0.028217762483181624,0.0034561899287541263,0.12248277767644009,-5.99342883018022,-3.567803624036121,-5.66758847331364,-3.269784849277519,0.43219637596387894,-0.2647614315483338,-0.0015049058878269794,3.269784849277519,0.43219637596387894,0.2647614315483338,0.0015049058878269794,True,True,strong,low,low,low,-0.09666624635911568,0.14025227493031273,0.020807445134680063,0.02001169909167109,0.02922102458716132,1200,500,10,69.14248728752136
-4,1.17,0.22,0.004,44,1419372187,True,,60,-0.11,-0.14015848611038828,0.4213276675169198,-4.083001604554884,-0.6440687776389666,0.0019613608886776684,-0.13267425813220848,0.4846762268064546,-4.320428853836333,0.003408341531093967,-34.39602028382758,-34.251861649166926,-48.32031775654466,-52.12634504944545,0.1441586346606556,-3.8060272929007866,True,False,0.01831563888873418,0.05901285366944784,3.2219926385284996,0.016856792215646055,0.008852367140768085,0.5251513471555717,-6.234116715717937,-4.083001604554884,-4.72707038219385,-1.8140687776389666,-0.08300160455488381,0.2013276675169198,-0.0020386391113223316,1.8140687776389666,0.08300160455488381,0.2013276675169198,0.0020386391113223316,True,True,strong,low,low,low,-0.143004556754479,0.1328475631224504,0.020841612416368456,0.020053557321287465,0.0264550995769969,1200,500,10,59.920379638671875
-4,1.17,0.22,0.004,45,117134442,True,,60,-0.11,-0.1309893465762819,0.1566863256782931,-3.382456118158604,-0.6514843616212644,0.00327229506939906,-0.10404346695722283,0.27402554668181556,-3.4014938934702452,0.0015774464683024248,-14.87327943797575,-14.301818995131608,-9.274836064840997,-12.226259741374815,0.5714604428441419,-2.9514236765338175,True,False,0.01831563888873418,0.05901285366944784,3.2219926385284996,0.033963932774659956,0.017704428379195725,0.5212714468804026,-5.722263684173433,-3.382456118158604,-4.033940479779869,-1.8214843616212644,0.6175438818413959,-0.0633136743217069,-0.0007277049306009401,1.8214843616212644,0.6175438818413959,0.0633136743217069,0.0007277049306009401,True,True,strong,low,low,low,-0.11829314819369739,0.1722671621561848,0.021520222568183565,0.02035114537236897,0.03178870677094115,1200,500,10,64.60901427268982
-4,1.17,0.22,0.004,46,718739422,True,,60,-0.11,-0.12731705150456318,-0.015515837498615886,-3.8644221756114643,2.5248763676477157,0.0024956127409536725,-0.12872162868759096,0.1647412010886466,-4.619802212888756,0.023467572716953232,-17.954539830090198,-16.214236093426855,-15.437356849069893,-16.05109393796531,1.7403037366633427,-0.6137370888954159,True,False,0.01831563888873418,0.05901285366944784,3.2219926385284996,0.02097503882512596,0.2619646238099361,12.489351080300706,-5.99322099237376,-3.8644221756114643,-1.3395458079637486,1.3548763676477158,0.13557782438853572,-0.23551583749861588,-0.0015043872590463276,1.3548763676477158,0.13557782438853572,0.23551583749861588,0.0015043872590463276,True,True,strong,low,low,low,-0.12257231518258531,0.15656904446866685,0.02127003563562567,0.020702318600558094,0.028350190116541524,1200,500,10,59.083606004714966
-4,1.17,0.22,0.004,47,107762400,True,,60,-0.11,-0.10545542383920606,0.22967039208124165,-4.209968538762918,2.197967215551668,0.002373567937997905,-0.09930034243834705,0.3859393860074121,-5.171430941914518,0.01660224885450676,-28.489582247780742,-28.40585686135314,-36.50744168445098,-40.43433547381788,0.08372538642760219,-3.9268937893669005,True,False,0.01831563888873418,0.05901285366944784,3.2219926385284996,0.01484683543054854,0.13372078817728608,9.006686226355347,-6.043360996831713,-4.209968538762918,-2.01200132321125,1.027967215551668,-0.20996853876291777,0.009670392081241652,-0.001626432062002095,1.027967215551668,0.20996853876291777,0.009670392081241652,0.001626432062002095,True,True,strong,low,low,low,-0.10376752094789227,0.1392054743986852,0.020967239364202098,0.020336561879452066,0.02760897357259884,1200,500,10,58.43102741241455
-4,1.17,0.22,0.004,48,610028494,True,,60,-0.11,-0.13348832470965766,0.06918149107664735,-3.947473711374695,-1.1066892434830378,0.0013472339731900413,-0.1351204083977497,0.30392484397770886,-5.996676463443024,0.01577318070074098,-33.72713262914269,-33.97780720404579,-46.98254244717487,-51.57823615920317,-0.2506745749031012,-4.5956937120283,False,False,0.01831563888873418,0.05901285366944784,3.2219926385284996,0.019303406204284904,0.006382707140958189,0.33065185871400143,-6.609701697164983,-3.947473711374695,-5.054162954857733,-2.2766892434830375,0.05252628862530484,-0.15081850892335263,-0.0026527660268099587,2.2766892434830375,0.05252628862530484,0.15081850892335263,0.0026527660268099587,True,True,strong,low,low,low,-0.12137431781716992,0.13923303321404543,0.020825145722737384,0.020036290045982556,0.03260737472316329,1200,500,10,58.201515436172485
-4,1.17,0.22,0.004,49,1035189063,True,,60,-0.11,-0.08300769932196193,0.19540202824423275,-4.293171158742992,2.4737537862293486,0.0014260399688229171,-0.07289368822007793,0.32119254538624203,-3.9700276347445813,0.0007449876438422638,-31.94549187805946,-30.020936067947776,-43.41926094500842,-43.664493887007154,1.9245558101116842,-0.24523294199873646,True,False,0.01831563888873418,0.05901285366944784,3.2219926385284996,0.013661533640964533,0.16212017909542242,11.86690918867996,-6.552853928755256,-4.293171158742992,-1.8194173725136435,1.3037537862293487,-0.29317115874299216,-0.02459797175576725,-0.0025739600311770828,1.3037537862293487,0.29317115874299216,0.02459797175576725,0.0025739600311770828,True,True,strong,low,low,low,-0.08656076367733907,0.13158772217617434,0.020842876801632784,0.020294053362796514,0.026473602177271037,1200,500,10,55.247889280319214
-4,1.17,0.22,0.004,50,600656452,True,,60,-0.11,-0.09416837700644073,0.5461291263194434,-4.36130144208331,1.2565232687050283,0.0023768561389719664,-0.08831403874780283,0.45668838625824965,-4.1542460377760815,0.0026961779857754197,-35.81884082336649,-35.29934694887278,-51.16595883562248,-54.22131564885716,0.5194938744937119,-3.055356813234674,True,False,0.01831563888873418,0.05901285366944784,3.2219926385284996,0.012761768135105335,0.044834462933711766,3.513185826529804,-6.041976614534073,-4.36130144208331,-3.104778173378281,0.08652326870502836,-0.3613014420833096,0.32612912631944346,-0.0016231438610280337,0.08652326870502836,0.3613014420833096,0.32612912631944346,0.0016231438610280337,True,True,strong,low,low,low,-0.11514979588171843,0.15118945836177422,0.021195659307250442,0.02074930729235344,0.028597385419365077,1200,500,10,50.79165315628052
-4,1.17,0.22,0.004,51,1044561105,True,,60,-0.11,-0.1031907812812757,0.3878994764731534,-3.6581872545102647,-2.7858011681220356,0.002827390076438673,-0.10838852493211633,0.44419193961151626,-4.203375870355297,0.006420617339108009,-29.63890078012375,-29.057506314794466,-38.806078749136994,-41.73763438070053,0.5813944653292822,-2.9315556315635334,True,False,0.01831563888873418,0.05901285366944784,3.2219926385284996,0.02577920152741585,0.001590052216644534,0.0616796534583716,-5.86840122732081,-3.6581872545102647,-6.4439884226323,-3.9558011681220355,0.3418127454897353,0.16789947647315343,-0.001172609923561327,3.9558011681220355,0.3418127454897353,0.16789947647315343,0.001172609923561327,True,True,strong,low,low,low,-0.12593045864718838,0.1477803415634595,0.02112389690767351,0.020571621395947776,0.02897892087327972,1200,500,10,67.55218315124512
-4,1.17,0.22,0.004,52,491945524,True,,60,-0.11,-0.10368853422334431,0.034473496946339444,-3.6803108386387198,-1.269793356437493,0.0022161939599986825,-0.09919299314238744,0.3228421327217834,-5.558695103484849,0.02033254365027946,-26.847593689261505,-26.90814436411559,-33.223464567412506,-37.43891047934278,-0.06055067485408472,-4.215445911930274,False,False,0.01831563888873418,0.05901285366944784,3.2219926385284996,0.025215135778468952,0.007082670911168495,0.28088965982155617,-6.111963986852152,-3.6803108386387198,-4.950104195076213,-2.4397933564374927,0.3196891613612802,-0.18552650305366056,-0.0017838060400013176,2.4397933564374927,0.3196891613612802,0.18552650305366056,0.0017838060400013176,True,True,strong,low,low,low,-0.12115540747202821,0.14834817483856982,0.02110878091821895,0.02025265193633012,0.029302295347189557,1200,500,10,60.76824688911438
-4,1.17,0.22,0.004,53,1153272033,True,,60,-0.11,-0.14606341919575327,0.1728350821320928,-3.7603736148670164,0.5646645220049656,0.0028847895158382476,-0.14293777640489339,0.30896813825308045,-3.5951966637454635,0.0003836018942873201,-20.625357444851325,-19.64780711296952,-20.778992078592147,-22.91823597705064,0.9775503318818046,-2.139243898458492,True,False,0.01831563888873418,0.05901285366944784,3.2219926385284996,0.023275042848197005,0.04093748660216614,1.7588576257051811,-5.848303339798639,-3.7603736148670164,-3.195709092862051,-0.6053354779950343,0.23962638513298362,-0.04716491786790719,-0.0011152104841617525,0.6053354779950343,0.23962638513298362,0.04716491786790719,0.0011152104841617525,True,True,strong,low,low,low,-0.14074131604814347,0.17095185541699304,0.021704573799640144,0.02137342861280979,0.030546551706523907,1200,500,10,74.32564997673035
-4,1.17,0.22,0.004,54,482573482,True,,60,-0.11,-0.1356105779953156,0.1246964612623632,-4.180505725680147,-1.59333088682075,0.0018195036911848655,-0.1448678659328144,0.408341289697471,-5.629968325875819,0.011807994973984215,-39.884896077654574,-39.737652654647114,-59.298069344198645,-63.09792706040582,0.14724342300745974,-3.7998577162071783,True,False,0.01831563888873418,0.05901285366944784,3.2219926385284996,0.015290772674612738,0.0031078111449349506,0.20324748860434294,-6.309191512233235,-4.180505725680147,-5.773836612500897,-2.76333088682075,-0.18050572568014722,-0.0953035387376368,-0.0021804963088151346,2.76333088682075,0.18050572568014722,0.0953035387376368,0.0021804963088151346,True,True,strong,low,low,low,-0.1381861330883203,0.12363096058375542,0.020756148057691336,0.020415589535976518,0.025624319120385566,1200,500,10,66.95959830284119
-4,1.17,0.22,0.004,55,1162644075,True,,60,-0.11,-0.05786139270080294,0.1910051549689015,-3.2659526693441565,-4.901819695784509,0.002789540482035331,-0.060173776042520714,0.4591947653100283,-3.753410843447325,0.0029488808770595687,-26.5163371398033,-22.68272376433485,-32.5609514684961,-28.988069279781296,3.8336133754684525,3.5728821887148037,True,True,0.01831563888873418,0.05901285366944784,3.2219926385284996,0.03816056336244773,0.00028364917998691423,0.007433044876534559,-5.881878398493141,-3.2659526693441565,-8.167772365128666,-6.071819695784509,0.7340473306558435,-0.028994845031098504,-0.001210459517964669,6.071819695784509,0.7340473306558435,0.028994845031098504,0.001210459517964669,True,True,strong,low,low,low,-0.07069204107617097,0.1555697242154728,0.021402026704350548,0.02058511103039331,0.02872289452426763,1200,500,10,63.41280937194824
-4,1.17,0.22,0.004,56,660377981,True,,60,-0.11,-0.08795490787663085,-0.004369332521544814,-3.8468586125768884,0.05741534080263849,0.00247627429924458,-0.08734197618621628,0.14555438576101773,-6.723324971678053,0.022889652503655378,-26.56155421401673,-27.029068864701124,-32.65138561692296,-37.68075948051384,-0.467514650684393,-5.029373863590884,False,False,0.01831563888873418,0.05901285366944784,3.2219926385284996,0.021346689442394762,0.022608184962811907,1.0590956046754398,-6.001000147079082,-3.8468586125768884,-3.78944327177425,-1.1125846591973614,0.15314138742311156,-0.2243693325215448,-0.00152372570075542,1.1125846591973614,0.15314138742311156,0.2243693325215448,0.00152372570075542,True,True,strong,low,low,low,-0.09581929481525935,0.1430040673557986,0.021179653215897647,0.02080031235081689,0.025660274350767592,1200,500,10,57.43630290031433
-4,1.17,0.22,0.004,57,1271355003,True,,60,-0.11,-0.07823945929493051,0.3285523476548038,-4.064155578082397,0.33810640069482245,0.0021015020567715184,-0.08154833682007574,0.445632656032903,-4.15581090534138,0.0037472532888234308,-32.23041039838377,-32.228076036520825,-43.98909798565703,-48.078773824153245,0.0023343618629425578,-4.089675838496213,True,False,0.01831563888873418,0.05901285366944784,3.2219926385284996,0.0171774881986604,0.024087814773991814,1.402289700066295,-6.165102924803655,-4.064155578082397,-3.726049177387574,-0.8318935993051775,-0.06415557808239658,0.10855234765480379,-0.0018984979432284817,0.8318935993051775,0.06415557808239658,0.10855234765480379,0.0018984979432284817,True,True,strong,low,low,low,-0.07348498444829513,0.1254599597275341,0.0208100700811264,0.020364045972954423,0.02482024603116483,1200,500,10,55.95762014389038
-4,1.17,0.22,0.004,58,1378394738,True,,60,-0.11,-0.12394299972833579,0.6537615382206885,-3.7828088079708375,-3.247086410670381,0.002768363504766993,-0.0825989944163271,0.4905272324771398,-4.112727808944236,0.0023747313274927397,-32.165088199305494,-31.441963970787533,-43.858453587500485,-46.50654969268666,0.7231242285179604,-2.648096105186177,True,False,0.01831563888873418,0.05901285366944784,3.2219926385284996,0.022758676811966427,0.000885024509808276,0.03888734468705727,-5.889498925872437,-3.7828088079708375,-7.029895218641219,-4.417086410670381,0.21719119202916248,0.4337615382206885,-0.0012316364952330069,4.417086410670381,0.21719119202916248,0.4337615382206885,0.0012316364952330069,True,True,strong,low,low,low,-0.09546497820615192,0.1623102724701871,0.021517632261996357,0.021051235533299892,0.02927986784006306,1200,500,10,54.856911182403564
-4,1.17,0.22,0.004,59,1280727045,True,,60,-0.11,-0.10438594326751395,0.08052491439766124,-3.7651548013123577,0.07299360057596521,0.0026887313805921643,-0.11328465566109595,0.15553391870149955,-4.397983535153788,0.012470371892123163,-24.361285126573858,-24.39357009004764,-28.250847442037212,-32.40976193120687,-0.0322849634737814,-4.1589144891696606,False,False,0.01831563888873418,0.05901285366944784,3.2219926385284996,0.023164026136100396,0.024918090810554037,1.0757236528808776,-5.9186858023371665,-3.7651548013123577,-3.6921612007363924,-1.0970063994240347,0.2348451986876423,-0.13947508560233876,-0.0013112686194078358,1.0970063994240347,0.2348451986876423,0.13947508560233876,0.0013112686194078358,True,True,strong,low,low,low,-0.09618570600342524,0.13341285368820677,0.02079697452114571,0.02043691160006649,0.02742291029051737,1200,500,10,55.51157259941101
-4,1.17,0.22,0.004,60,778460951,True,,60,-0.11,-0.10182686060256967,0.34943033660225226,-3.6666957600843917,1.5796849617423034,0.0029943675725014776,-0.08730605879562917,0.4745737800980649,-3.573047601892908,0.00466805698390894,-15.934786825585073,-15.356335393753238,-11.397850840059643,-14.335292538618074,0.5784514318318354,-2.9374416985584304,True,False,0.01831563888873418,0.05901285366944784,3.2219926385284996,0.02556078954496201,0.12405741475239226,4.853426555317176,-5.811022230813712,-3.6666957600843917,-2.0870107983420882,0.4096849617423035,0.3333042399156083,0.12943033660225226,-0.0010056324274985225,0.4096849617423035,0.3333042399156083,0.12943033660225226,0.0010056324274985225,True,True,strong,low,low,low,-0.08991119709844124,0.18101132490134533,0.021723458527915997,0.02109389084276747,0.03101224792987817,1200,500,10,57.24691343307495
-4,1.17,0.22,0.004,61,1871288790,True,,60,-0.11,-0.07140121242530983,0.31293499317979767,-4.541089230357546,3.109831659342953,0.0032422857679466587,-0.07358102024541292,0.4518127036304635,-4.28693785226966,0.004772510536309346,-28.514554763585732,-29.362365143042304,-36.55738671606096,-42.3473520371962,-0.8478103794565719,-5.7899653211352415,False,False,0.01831563888873418,0.05901285366944784,3.2219926385284996,0.010661787084374466,0.23900816343202644,22.41727034507266,-5.731476713980556,-4.541089230357546,-1.431257571014593,1.939831659342953,-0.5410892303575459,0.09293499317979767,-0.0007577142320533414,1.939831659342953,0.5410892303575459,0.09293499317979767,0.0007577142320533414,True,True,strong,low,low,low,-0.08165248305671645,0.13106296337941215,0.020919919645158772,0.02042503659200891,0.029940995527359335,1200,500,10,68.00875616073608
-4,1.17,0.22,0.004,62,887171879,True,,60,-0.11,-0.10691302374564703,0.09455285085897168,-3.620467049532981,-0.31302737402318653,0.0024947670246207735,-0.0980927464587531,0.37935483686619914,-4.857575656635033,0.019554906761592383,-21.552676094830638,-21.88978353133177,-22.633629378550772,-27.402188813775137,-0.33710743650113173,-4.768559435224365,False,False,0.01831563888873418,0.05901285366944784,3.2219926385284996,0.026770170576758727,0.01957514903579103,0.7312298955907941,-5.993559931044051,-3.620467049532981,-3.9334944235561675,-1.4830273740231865,0.37953295046701907,-0.12544714914102834,-0.0015052329753792266,1.4830273740231865,0.37953295046701907,0.12544714914102834,0.0015052329753792266,True,True,strong,low,low,low,-0.1079757643967874,0.15857786279475627,0.021406143313778207,0.020954486860390184,0.029962939247662735,1200,500,10,58.48019599914551
-4,1.17,0.22,0.004,63,1861916748,True,,60,-0.11,-0.15322081087615197,0.30680664866926666,-4.556631266186454,4.2752881635195745,0.001964060991858311,-0.15535222066724874,0.3841232587798416,-5.058687472331536,0.012095046953220726,-33.92610674144605,-33.63279363642947,-47.380490671781594,-50.88820902397053,0.2933131050165798,-3.507718352188938,True,False,0.01831563888873418,0.05901285366944784,3.2219926385284996,0.010497362265510003,0.7547693276804097,71.90085552827591,-6.232741014614383,-4.556631266186454,-0.2813431026668791,3.1052881635195746,-0.5566312661864536,0.08680664866926666,-0.002035939008141689,3.1052881635195746,0.5566312661864536,0.08680664866926666,0.002035939008141689,True,True,strong,low,low,low,-0.166770646290083,0.13617293211476944,0.020986367563155535,0.02024553050742507,0.03006383872895745,1200,500,10,73.27068185806274
-4,1.17,0.22,0.004,64,896543921,True,,60,-0.11,-0.10576035224569923,0.10455635191068621,-3.8124176972467914,0.2292118580744666,0.0024823698115758117,-0.10804114323031104,0.15369957933081824,-3.9698890816293986,0.0037878699971131383,-25.23590699010617,-25.07747569422852,-30.000091169101836,-33.777573139568645,0.15843129587764793,-3.777481970466809,True,False,0.01831563888873418,0.05901285366944784,3.2219926385284996,0.022094696044548372,0.027786476341791162,1.2576084452923342,-5.998541605887045,-3.8124176972467914,-3.583205839172325,-0.9407881419255333,0.18758230275320864,-0.11544364808931379,-0.0015176301884241884,0.9407881419255333,0.18758230275320864,0.11544364808931379,0.0015176301884241884,True,True,strong,low,low,low,-0.11140250245951254,0.1618292097199161,0.021455748815738068,0.020889242370085177,0.030212054426619225,1200,500,10,57.05435490608215
-4,1.17,0.22,0.004,65,1753205820,True,,60,-0.11,-0.11562524881616221,-0.10195191439303042,-3.7716995736160266,-2.6747349621870313,0.0019182875234081654,-0.11734541092738046,0.09565328876173446,-8.307040867776005,0.019816731647758667,-32.537931258500116,-32.192811532024095,-44.60413970588973,-48.008244815159784,0.34511972647602107,-3.4041051092700556,True,False,0.01831563888873418,0.05901285366944784,3.2219926385284996,0.023012917883338237,0.001586167522113431,0.06892509373015426,-6.256322405826782,-3.7716995736160266,-6.446434535803058,-3.8447349621870313,0.2283004263839734,-0.3219519143930304,-0.002081712476591835,3.8447349621870313,0.2283004263839734,0.3219519143930304,0.002081712476591835,True,True,strong,low,low,low,-0.11884079122514175,0.12789718537529274,0.02076410757359402,0.020667712862510956,0.02599190795478538,1200,500,10,82.0291109085083
-4,1.17,0.22,0.004,66,1005254849,True,,60,-0.11,-0.05705924076789188,0.1481678825814997,-3.411972222062567,-4.995841027233089,0.0026105181296090622,-0.07492226340844557,0.3511467597723932,-4.186380945696649,0.009108778675305108,-27.640469296618896,-26.05555060333619,-34.80921578212729,-35.73372295778398,1.584918693282706,-0.9245071756566929,True,False,0.01831563888873418,0.05901285366944784,3.2219926385284996,0.03297610000882354,0.00022311722559800387,0.006766028291347483,-5.948206560257851,-3.411972222062567,-8.407813249295657,-6.165841027233089,0.588027777937433,-0.07183211741850029,-0.0013894818703909378,6.165841027233089,0.588027777937433,0.07183211741850029,0.0013894818703909378,True,True,strong,low,low,low,-0.06383921987310444,0.13341525695997816,0.02085702542462224,0.020034559866326747,0.030464252919041975,1200,500,10,71.1706817150116
-4,1.17,0.22,0.004,67,1743833778,True,,60,-0.11,-0.14921572415358497,0.2434693070964186,-3.533394420723899,-4.780029916956433,0.0018640359605394026,-0.15991343207372996,0.42729278173719343,-4.8723754946496065,0.012781909443610061,-31.34232196657144,-30.218876470390637,-42.21292112203238,-44.060374691892875,1.1234454961808034,-1.8474535698604981,True,False,0.01831563888873418,0.05901285366944784,3.2219926385284996,0.029205611289417368,0.0002452029463953084,0.008395747788513422,-6.285011270769956,-3.533394420723899,-8.313424337680333,-5.950029916956433,0.4666055792761008,0.02346930709641859,-0.0021359640394605977,5.950029916956433,0.4666055792761008,0.02346930709641859,0.0021359640394605977,True,True,strong,low,low,low,-0.14810302264080502,0.13544633340125986,0.020921037118892247,0.020303955032699276,0.028414323422154036,1200,500,10,77.14549899101257
-4,1.17,0.22,0.004,68,98616225,True,,60,-0.11,-0.09583961098535494,0.2199607338824785,-4.321562598550279,1.812564592362994,0.0016300578198342529,-0.10339993705502928,0.45760608740646286,-4.316242123806747,0.002758093941980318,-35.9111501023997,-34.527185255033174,-51.3505773936889,-52.67699226117794,1.3839648473665278,-1.3264148674890421,True,False,0.01831563888873418,0.05901285366944784,3.2219926385284996,0.013279117392504782,0.08134971032372544,6.126138350854716,-6.41913979250164,-4.321562598550279,-2.5089980061872845,0.6425645923629941,-0.3215625985502788,-3.926611752150255e-05,-0.0023699421801657472,0.6425645923629941,0.3215625985502788,3.926611752150255e-05,0.0023699421801657472,True,True,strong,low,low,low,-0.08996616553193525,0.12532414059637403,0.020686460208758566,0.020245154986636836,0.02609118904676088,1200,500,10,53.316386699676514
-4,1.17,0.22,0.004,69,1635122850,True,,60,-0.11,-0.10579340365777588,0.004545090231946067,-4.31609468520345,2.0473232462902176,0.0021334678160306202,-0.11744738264317181,0.27145539197630736,-4.303002526615634,0.0008555205572909888,-32.97048660764936,-28.889855463308162,-45.46925040418822,-41.40233267772793,4.080631144341201,4.0669177264602965,True,True,0.01831563888873418,0.05901285366944784,3.2219926385284996,0.013351925328069334,0.10343918340703574,7.74713615193599,-6.1500065405071265,-4.31609468520345,-2.2687714389132325,0.8773232462902176,-0.3160946852034501,-0.21545490976805393,-0.0018665321839693798,0.8773232462902176,0.3160946852034501,0.21545490976805393,0.0018665321839693798,True,True,strong,low,low,low,-0.10577020942241756,0.13403361024411764,0.020798395788007015,0.020236452558545115,0.02704754262705587,1200,500,10,57.88969802856445
-4,1.17,0.22,0.004,70,2137388944,True,,60,-0.11,-0.14349797236957432,0.08677664784165616,-4.039263742077141,2.827928517635947,0.0026814820629486734,-0.1442608133339147,0.3588766505924774,-3.851723791077504,0.007659983293975333,-22.318547770555078,-20.85464801403299,-24.165372729999653,-25.331917779177576,1.463899756522089,-1.1665450491779232,True,False,0.01831563888873418,0.05901285366944784,3.2219926385284996,0.017610433464863795,0.2977993848325054,16.91039493301925,-5.921385628749319,-4.039263742077141,-1.2113352244411941,1.657928517635947,-0.03926374207714112,-0.13322335215834386,-0.0013185179370513267,1.657928517635947,0.03926374207714112,0.13322335215834386,0.0013185179370513267,True,True,strong,low,low,low,-0.1279772439178225,0.15768694337818043,0.02140871689824845,0.021052375647980102,0.0309938387834848,1200,500,10,78.13127851486206
-4,1.17,0.22,0.004,71,521732839,True,,60,-0.11,-0.09806108813910078,0.17414938189316195,-4.109419632969705,2.920998872931166,0.0025605980681635524,-0.11673885736724998,0.3720696893362444,-5.010026039641076,0.019216513077098853,-23.07489506782672,-23.212913825195034,-25.678067324542937,-30.048449401501667,-0.13801875736831448,-4.37038207695873,False,False,0.01831563888873418,0.05901285366944784,3.2219926385284996,0.0164172998214845,0.3047020820075676,18.559817102738123,-5.967514427399268,-4.109419632969705,-1.188420760038539,1.750998872931166,-0.10941963296970503,-0.04585061810683805,-0.0014394019318364477,1.750998872931166,0.10941963296970503,0.04585061810683805,0.0014394019318364477,True,True,strong,low,low,low,-0.11992723749119734,0.15347107456164813,0.021269019835715153,0.02077514054017355,0.03133812288611616,1200,500,10,68.2705488204956
-4,1.17,0.22,0.004,72,2128016902,True,,60,-0.11,-0.10247319706259636,0.11641649340910316,-3.9138616281929974,-2.771421712134021,0.0035258943370686307,-0.10363436902403562,0.27018790980181917,-5.31044136588274,0.016300540916092954,-30.612906898879288,-31.617668777876013,-40.75409098664807,-46.85795930686362,-1.0047618789967245,-6.103868320215547,False,False,0.01831563888873418,0.05901285366944784,3.2219926385284996,0.019963261329330784,0.0012491607660277619,0.06257298070793907,-5.647621162253932,-3.9138616281929974,-6.685283340327018,-3.941421712134021,0.08613837180700257,-0.10358350659089684,-0.00047410566293136936,3.941421712134021,0.08613837180700257,0.10358350659089684,0.00047410566293136936,True,True,strong,low,low,low,-0.1031166145615353,0.1261065077735456,0.02060438086627827,0.020245269461513556,0.030231067207856423,1200,500,10,69.63947939872742
-4,1.17,0.22,0.004,73,1517039880,True,,60,-0.11,-0.08605304863006222,0.1460654699533995,-3.916550066661726,-0.025521613658712444,0.0020191289371662854,-0.0797476414273934,0.45706808129901194,-4.2866817558556525,0.009323703893692288,-29.840392091915867,-28.80913982934979,-39.20906137272123,-41.24090140981117,1.0312522625660776,-2.0318400370899425,True,False,0.01831563888873418,0.05901285366944784,3.2219926385284996,0.019909663409249306,0.0194079659673256,0.9748013097152296,-6.205089079795382,-3.916550066661726,-3.9420716803204385,-1.1955216136587123,0.08344993333827411,-0.0739345300466005,-0.0019808710628337147,1.1955216136587123,0.08344993333827411,0.0739345300466005,0.0019808710628337147,True,True,strong,low,low,low,-0.09185340740926282,0.13626394334760322,0.020890552336991348,0.020402234618463112,0.026913809104151122,1200,500,10,64.93703985214233
-4,1.17,0.22,0.004,74,2019305974,True,,60,-0.11,-0.17686451712756243,0.11853300883340939,-4.201649818168857,3.2963682672315526,0.00237454935645037,-0.1672823375090161,0.1997246776864521,-4.536193935988881,0.015571154019049528,-24.65503509407349,-24.47185317595186,-28.838347377036477,-32.56632810301532,0.18318191812162965,-3.7279807259788456,True,False,0.01831563888873418,0.05901285366944784,3.2219926385284996,0.014970857242398333,0.4044280019887903,27.014351646038467,-6.042947604151802,-4.201649818168857,-0.9052815509373042,2.1263682672315527,-0.20164981816885685,-0.10146699116659061,-0.0016254506435496299,2.1263682672315527,0.20164981816885685,0.10146699116659061,0.0016254506435496299,True,True,strong,low,low,low,-0.17096828671856817,0.1369751750680741,0.02113637538904012,0.020743159751859565,0.031030582455479523,1200,500,10,69.86541032791138
-4,1.17,0.22,0.004,75,1674056344,True,,60,-0.11,-0.10763586892511866,0.18710143130679857,-3.776577879652565,-1.8558025800260542,0.0025311630893965196,-0.10928847426567082,0.38464954055696016,-5.220143396896081,0.014825773101297563,-31.08050724019197,-30.99385424547854,-41.68929166927344,-45.610330242068684,0.08665299471342891,-3.921038572795247,True,False,0.01831563888873418,0.05901285366944784,3.2219926385284996,0.02290092721158946,0.0035800430278880276,0.15632742704305336,-5.979076362752113,-3.776577879652565,-5.632380459678619,-3.0258025800260544,0.22342212034743492,-0.03289856869320143,-0.0014688369106034805,3.0258025800260544,0.22342212034743492,0.03289856869320143,0.0014688369106034805,True,True,strong,low,low,low,-0.09211088668512832,0.11851720586127448,0.020559087324822457,0.02033074135883685,0.02498992912596302,1200,500,10,63.416468143463135
-4,1.17,0.22,0.004,76,2009933932,True,,60,-0.11,-0.1039348356148089,0.23859504127058964,-4.038689960989977,2.912312138654247,0.002814961528106253,-0.09942468830550448,0.41484905498896407,-4.046306373491432,0.013018617534738815,-20.64563786248312,-18.698126557541745,-20.819552913855738,-21.018874866195087,1.9475113049413757,-0.1993219523393499,True,False,0.01831563888873418,0.05901285366944784,3.2219926385284996,0.01762054089797237,0.32420546195520394,18.399291135978174,-5.872806684231208,-4.038689960989977,-1.12637782233573,1.7423121386542473,-0.038689960989977124,0.01859504127058964,-0.001185038471893747,1.7423121386542473,0.038689960989977124,0.01859504127058964,0.001185038471893747,True,True,strong,low,low,low,-0.11169178862608349,0.16390999999725314,0.021475769632848227,0.02078916157000683,0.032128571984643535,1200,500,10,55.758423805236816
-4,1.17,0.22,0.004,77,1782767272,True,,60,-0.11,-0.06823032085309459,0.32824917361914363,-4.009207678586356,0.6006391443068279,0.0022146222227287897,-0.06586852384676956,0.4719496175538626,-4.040402039990937,0.0038667855704388474,-28.929801588484043,-28.504141523230068,-37.38788036585758,-40.63090479757173,0.42566006525397526,-3.2430244317141472,True,False,0.01831563888873418,0.05901285366944784,3.2219926385284996,0.018147768407482792,0.03308853159001136,1.8232837695001716,-6.112673444103819,-4.009207678586356,-3.408568534279528,-0.5693608556931721,-0.00920767858635596,0.10824917361914363,-0.0017853777772712104,0.5693608556931721,0.00920767858635596,0.10824917361914363,0.0017853777772712104,True,True,strong,low,low,low,-0.08844764097869992,0.1384129202953447,0.02090433174316891,0.020470590357357807,0.028280824848479703,1200,500,10,62.17014837265015
-4,1.17,0.22,0.004,78,1901223004,True,,60,-0.11,-0.1095830134762927,0.2944970237983896,-3.097533569114683,-4.936462037402471,0.004281236261256618,-0.09143578740282093,0.40019261067734757,-4.128624170353581,0.012778414389296576,-21.052088164952572,-19.986900397776477,-21.63245351879464,-23.596422546664552,1.065187767176095,-1.9639690278699113,True,False,0.01831563888873418,0.05901285366944784,3.2219926385284996,0.04516045027390819,0.000324250041585249,0.007179955904305655,-5.453513465008436,-3.097533569114683,-8.033995606517154,-6.106462037402471,0.9024664308853172,0.0744970237983896,0.0002812362612566177,6.106462037402471,0.9024664308853172,0.0744970237983896,0.0002812362612566177,True,True,strong,low,low,low,-0.09348260430315729,0.1628166584514827,0.021503771148520024,0.020801472913012063,0.028837187825959718,1200,500,10,51.313507080078125
-4,1.17,0.22,0.004,79,355344337,True,,60,-0.11,-0.11717169185505809,0.12740262777973616,-4.306701875262944,2.5520796893262467,0.0025432455878614943,-0.12182839004082319,0.38614601096781503,-5.086431663552448,0.014168297588994216,-31.381188665855966,-30.931390442956776,-42.29065452060143,-45.485402637025146,0.44979822289919014,-3.1947481164237175,True,False,0.01831563888873418,0.05901285366944784,3.2219926385284996,0.013477928259427398,0.17297258142174493,12.833766294961237,-5.974314223134546,-4.306701875262944,-1.7546221859366975,1.3820796893262468,-0.30670187526294423,-0.09259737222026385,-0.0014567544121385058,1.3820796893262468,0.30670187526294423,0.09259737222026385,0.0014567544121385058,True,True,strong,low,low,low,-0.12294233170708234,0.1414592855441479,0.020927269894310527,0.02021309719624155,0.026665220389641208,1200,500,10,52.92833638191223
-4,1.17,0.22,0.004,80,1891850962,True,,60,-0.11,-0.12200724635631965,-0.29536177069818276,-4.595838940208013,3.9622357335036438,0.002105029305854559,-0.11852617059430492,-0.08800319592710482,-9.748886194359693,0.02024927571614589,-34.00170667701697,-31.77927342139829,-47.531690542923435,-47.18116859390818,2.2224332556186788,0.3505219490152527,True,True,0.01831563888873418,0.05901285366944784,3.2219926385284996,0.010093749175857395,0.5306762158559649,52.57473775207889,-6.163425889923534,-4.595838940208013,-0.6336032067043695,2.792235733503644,-0.5958389402080133,-0.5153617706981828,-0.001894970694145441,2.792235733503644,0.5958389402080133,0.5153617706981828,0.001894970694145441,True,True,strong,low,low,low,-0.10943674008639598,0.13582061990574087,0.020874004745905013,0.020664985511643214,0.027012202615306544,1200,500,10,88.48139500617981
-4,1.17,0.22,0.004,81,1900850242,True,,60,-0.11,-0.10294109074091301,-0.009909914025706238,-3.8403362997764128,-1.0554883288327024,0.002566182923421782,-0.09621434596662683,0.2196451610503159,-5.572136693471098,0.01996979937766721,-25.852785680938997,-27.549477580431244,-31.23384855076749,-38.72157691197408,-1.6966918994922473,-7.487728361206592,False,False,0.01831563888873418,0.05901285366944784,3.2219926385284996,0.021486374267063735,0.007477740322120588,0.34802243641372044,-5.965335727947685,-3.8403362997764128,-4.895824628609115,-2.2254883288327023,0.15966370022358722,-0.22990991402570624,-0.0014338170765782181,2.2254883288327023,0.15966370022358722,0.22990991402570624,0.0014338170765782181,True,True,strong,low,low,low,-0.09610580658848784,0.13651225231532,0.0207322414805371,0.019740827296273994,0.03082327578591523,1200,500,10,69.14840936660767
-4,1.17,0.22,0.004,82,1398584148,True,,60,-0.11,-0.09546840120293261,0.18029438335430922,-3.4383571159739623,-1.16466119893046,0.0032951610939645822,-0.11155538538316913,0.41223545808984136,-3.6161300966449663,0.00434267618022243,-19.555250444577855,-18.056911024663567,-18.638778078045206,-19.73644380043873,1.4983394199142879,-1.0976657223935256,True,False,0.01831563888873418,0.05901285366944784,3.2219926385284996,0.032117407183274556,0.010021541880198674,0.3120283596683821,-5.715300221793453,-3.4383571159739623,-4.603018314904422,-2.33466119893046,0.5616428840260377,-0.03970561664569078,-0.0007048389060354179,2.33466119893046,0.5616428840260377,0.03970561664569078,0.0007048389060354179,True,True,strong,low,low,low,-0.08956053962917646,0.1665955425121176,0.021718078061445767,0.02163999436687021,0.02853125088975436,1200,500,10,64.40565609931946
-4,1.17,0.22,0.004,83,2009561170,True,,60,-0.11,-0.14608367932427577,0.2901218584271188,-4.242860253044549,2.1123674409484394,0.0019685015795916656,-0.147663624627871,0.44852247212710616,-4.040442926446382,0.0027700239624638013,-32.40645150381621,-31.188844500651424,-44.34118019652191,-46.00031075241445,1.2176070031647832,-1.6591305558925384,True,False,0.01831563888873418,0.05901285366944784,3.2219926385284996,0.014366441363125801,0.11877874382479611,8.267791641823305,-6.230482645146632,-4.242860253044549,-2.1304928120961097,0.9423674409484395,-0.24286025304454917,0.0701218584271188,-0.0020314984204083345,0.9423674409484395,0.24286025304454917,0.0701218584271188,0.0020314984204083345,True,True,strong,low,low,low,-0.14132272971712526,0.13182315691654722,0.020847088824060257,0.020378246681331876,0.0289459291558942,1200,500,10,64.05574774742126
-4,1.17,0.22,0.004,84,1407956190,True,,60,-0.11,-0.1518454486661315,0.3025502209272192,-3.1929892308191565,-4.952196297999006,0.001982919495553693,-0.13280326183216998,0.379909289469889,-3.9260792914750633,0.004583047650052043,-26.698416761689895,-25.593692747727573,-32.92511071226929,-34.81000724656674,1.104724013962322,-1.8848965342974537,True,False,0.01831563888873418,0.05901285366944784,3.2219926385284996,0.04104898247607061,0.00029012881939064725,0.007067868723902646,-6.223185027568776,-3.1929892308191565,-8.145185528818162,-6.122196297999006,0.8070107691808435,0.08255022092721923,-0.0020170805044463073,6.122196297999006,0.8070107691808435,0.08255022092721923,0.0020170805044463073,True,True,strong,low,low,low,-0.1238737910381152,0.14731517239505387,0.021129093802885354,0.020253629919310578,0.026540839937581953,1200,500,10,67.71061038970947
-4,1.17,0.22,0.004,85,128550439,True,,60,-0.11,-0.07224427815044093,0.37968180548163183,-3.8564528402141085,-0.03873762520182097,0.0019229833500674185,-0.06494830784196959,0.4620251019851765,-4.025118497905488,0.005077444286321912,-27.26112735395406,-26.62847733455565,-34.050531896797615,-36.879576420222904,0.6326500193984081,-2.8290445234252886,True,False,0.01831563888873418,0.05901285366944784,3.2219926385284996,0.021142863782967553,0.0203395001088604,0.9620030814011895,-6.253877470724253,-3.8564528402141085,-3.8951904654159293,-1.208737625201821,0.1435471597858915,0.15968180548163183,-0.002077016649932582,1.208737625201821,0.1435471597858915,0.15968180548163183,0.002077016649932582,True,True,strong,low,low,low,-0.060712298127139755,0.15080448300467073,0.02115943536604108,0.02040872293511299,0.030255851578836205,1200,500,10,52.894121170043945
-4,1.17,0.22,0.004,86,1516667118,True,,60,-0.11,-0.15277674118144627,0.31430579283312604,-3.2639559264738143,-4.896344161293419,0.0032682853656754184,-0.16157629865731463,0.41096757972209813,-3.847159534089212,0.0038710614950083415,-23.47876567150436,-21.668461721914213,-26.485808531898215,-26.959545194940024,1.8103039495901463,-0.4737366630418087,True,False,0.01831563888873418,0.05901285366944784,3.2219926385284996,0.038236836318669136,0.00028577662385966636,0.007473856400617955,-5.723489784598546,-3.2639559264738143,-8.160300087767233,-6.066344161293419,0.7360440735261857,0.09430579283312604,-0.0007317146343245816,6.066344161293419,0.7360440735261857,0.09430579283312604,0.0007317146343245816,True,True,strong,low,low,low,-0.14929183826574863,0.147099533025539,0.021018124839217837,0.020374034100463078,0.029909562989484665,1200,500,10,62.72139286994934
-4,1.17,0.22,0.004,87,1133082623,True,,60,-0.11,-0.05853276536226165,0.2800265240898047,-3.9084247599089093,-2.365918981638759,0.0018768532184155796,-0.06987029240219517,0.4651055883610922,-4.963187969100812,0.009898793237891425,-34.96646667198043,-34.83904441014642,-49.46121053285035,-53.30071057140444,0.12742226183400618,-3.8395000385540854,True,False,0.01831563888873418,0.05901285366944784,3.2219926385284996,0.02007209453952543,0.0018840270568463665,0.09386300234568895,-6.278158724533805,-3.9084247599089093,-6.274343741547668,-3.535918981638759,0.09157524009109075,0.06002652408980472,-0.0021231467815844207,3.535918981638759,0.09157524009109075,0.06002652408980472,0.0021231467815844207,True,True,strong,low,low,low,-0.07341762221887713,0.13645413989781877,0.02088415490139183,0.020251279684091926,0.029962616729084356,1200,500,10,68.4679217338562
-4,1.17,0.22,0.004,88,1526039160,True,,60,-0.11,-0.11441488829103044,0.05963822727641184,-3.6663444757434007,-0.018665304750177168,0.002195503329307175,-0.08967933750805573,0.4792684912162541,-4.870994542552773,0.020493883140391342,-22.040881625279976,-21.361277814266597,-23.61004043944945,-26.34517737964479,0.6796038110133793,-2.7351369401953427,True,False,0.01831563888873418,0.05901285366944784,3.2219926385284996,0.02556977022736672,0.025096929261858237,0.9815078132770073,-6.1213439515404335,-3.6663444757434007,-3.6850097804935777,-1.1886653047501772,0.3336555242565993,-0.16036177272358815,-0.0018044966706928251,1.1886653047501772,0.3336555242565993,0.16036177272358815,0.0018044966706928251,True,True,strong,low,low,low,-0.10564889678458353,0.1502258792930472,0.021299732226501063,0.020876529531595356,0.028033556507348432,1200,500,10,53.51445460319519
-4,1.17,0.22,0.004,89,1123710581,True,,60,-0.11,-0.10551628784330476,0.3153083976884718,-4.483119408744871,4.095684074020697,0.0017252327554623595,-0.099168866507578,0.4337865806501435,-4.004722203603025,0.002473431951118315,-32.57727627372137,-31.02375436359488,-44.68282973633223,-45.67013047830136,1.5535219101264879,-0.9873007419691291,True,False,0.01831563888873418,0.05901285366944784,3.2219926385284996,0.011298114690355871,0.6787955273322239,60.08042456071431,-6.362393306898325,-4.483119408744871,-0.3874353347241746,2.9256840740206966,-0.48311940874487114,0.0953083976884718,-0.0022747672445376406,2.9256840740206966,0.48311940874487114,0.0953083976884718,0.0022747672445376406,True,True,strong,low,low,low,-0.10839604603094614,0.13962055073850926,0.020932358563880076,0.020414730050953584,0.027973954976920963,1200,500,10,54.87140989303589
-4,1.17,0.22,0.004,90,1634750088,True,,60,-0.11,-0.12511654423269983,0.30036116095666887,-3.7101512488600763,-2.101541686097227,0.0023014075506903975,-0.1253151906214554,0.42761407529667933,-4.023082046879877,0.002044613973220867,-29.531179101631636,-29.005983533521583,-38.59063539215277,-41.63458881815477,0.5251955681100533,-3.0439534260019983,True,False,0.01831563888873418,0.05901285366944784,3.2219926385284996,0.0244738213541228,0.0029923599111118322,0.12226778433224718,-6.074234364668506,-3.7101512488600763,-5.811692934957303,-3.271541686097227,0.2898487511399237,0.08036116095666887,-0.0016985924493096026,3.271541686097227,0.2898487511399237,0.08036116095666887,0.0016985924493096026,True,True,strong,low,low,low,-0.1284862522512424,0.12657186403420326,0.020784584682580026,0.02054258301563864,0.02781348832595342,1200,500,10,56.75983500480652
-4,1.17,0.22,0.004,91,1014999653,True,,60,-0.11,-0.12216457026250918,0.3036486367530447,-3.6989978536395345,-4.99999995897676,0.001625663840556229,-0.11739499471084631,0.3890533374716196,-4.187211875321124,0.0037894029827374768,-36.31683011938937,-34.740794657693264,-52.16193742766824,-53.104211066498124,1.576035461696108,-0.9422736388298816,True,False,0.01831563888873418,0.05901285366944784,3.2219926385284996,0.024748315481443513,0.00016675284487135456,0.006737947275497889,-6.421839029355524,-3.6989978536395345,-8.698997812616295,-6.16999995897676,0.3010021463604655,0.08364863675304471,-0.002374336159443771,6.16999995897676,0.3010021463604655,0.08364863675304471,0.002374336159443771,True,True,strong,low,low,low,-0.11092762090664103,0.13701037662097656,0.02073154706455495,0.020081420113799743,0.028928596581045955,1200,500,10,70.3893973827362
-4,1.17,0.22,0.004,92,1644122130,True,,60,-0.11,-0.11262799552891448,0.3558409103691592,-3.772422331209081,-1.2672918443544665,0.0026111730258716217,-0.11906341262508574,0.44600472502156563,-3.9042809590378416,0.0035405981394168867,-27.135499310102823,-26.886692370671135,-33.79927580909514,-37.396006492453864,0.24880693943168808,-3.5967306833587216,True,False,0.01831563888873418,0.05901285366944784,3.2219926385284996,0.022996291131479076,0.006475598938217814,0.2815931882751963,-5.947955723413429,-3.772422331209081,-5.039714175563548,-2.4372918443544664,0.22757766879091879,0.1358409103691592,-0.0013888269741283783,2.4372918443544664,0.22757766879091879,0.1358409103691592,0.0013888269741283783,True,True,strong,low,low,low,-0.10766051094057125,0.15478219250822262,0.021302527680538395,0.02067426326672979,0.02978733554845681,1200,500,10,63.40442442893982
-4,1.17,0.22,0.004,93,1141856036,True,,60,-0.11,-0.12141036848682106,0.3324033863334999,-4.07538901905485,-0.40251525790485854,0.002191427595770965,-0.11273597989281887,0.43177714593220706,-4.246920975657679,0.003132275319653482,-35.42218560333551,-35.062955181327425,-50.37264839556051,-53.748532113766444,0.359230422008082,-3.375883718205934,True,False,0.01831563888873418,0.05901285366944784,3.2219926385284996,0.016985605667274334,0.011357189755623654,0.6686361368617674,-6.123202077313775,-4.07538901905485,-4.477904276959708,-1.5725152579048585,-0.07538901905484963,0.11240338633349992,-0.0018085724042290353,1.5725152579048585,0.07538901905484963,0.11240338633349992,0.0018085724042290353,True,True,strong,low,low,low,-0.10962194211616143,0.13724795921344396,0.020990761589674153,0.02056953953877862,0.02751381746704302,1200,500,10,64.57794499397278
-4,1.17,0.22,0.004,94,1507893705,True,,60,-0.11,-0.08983490294708646,0.08026754959532344,-3.881498066065865,-2.0076583421032455,0.0025218008755082248,-0.0854726563897952,0.30970998290819246,-5.32609290544888,0.01398446303694188,-32.99586437235715,-32.61117681943612,-45.52000593360379,-48.84497538998383,0.3846875529210294,-3.324969456380039,True,False,0.01831563888873418,0.05901285366944784,3.2219926385284996,0.02061991204201979,0.0027693118806851186,0.13430279794800987,-5.982781999549292,-3.881498066065865,-5.889156408169111,-3.1776583421032454,0.1185019339341351,-0.13973245040467658,-0.0014781991244917753,3.1776583421032454,0.1185019339341351,0.13973245040467658,0.0014781991244917753,True,True,strong,low,low,low,-0.09420751766062335,0.12887212108282667,0.020875508258598987,0.020631515052861704,0.026686841254894827,1200,500,10,66.22496724128723
-4,1.17,0.22,0.004,95,896916683,True,,60,-0.11,-0.13450054875871564,0.20969911687966408,-3.3962136033775505,-1.7882970085935923,0.002909318148185846,-0.13453078911534672,0.38780128040881173,-4.3826391961655595,0.017459618870115726,-19.570188810907105,-20.22256501034489,-18.668654810703707,-24.06775177180138,-0.6523761994377857,-5.399096961097673,False,False,0.01831563888873418,0.05901285366944784,3.2219926385284996,0.03349987393215166,0.005602677827954016,0.16724474364594002,-5.839836538592592,-3.3962136033775505,-5.184510611971143,-2.9582970085935925,0.6037863966224495,-0.010300883120335919,-0.001090681851814154,2.9582970085935925,0.6037863966224495,0.010300883120335919,0.001090681851814154,True,True,strong,low,low,low,-0.1142438480602809,0.15195509189964246,0.021286793217149956,0.020790462197915364,0.028760319860843687,1200,500,10,69.12342739105225
-4,1.17,0.22,0.004,96,1498521663,True,,60,-0.11,-0.1132643728923149,0.2737733556257775,-4.00479888772666,0.05190652586505539,0.002110292992945788,-0.11953145701203327,0.4208343193460462,-4.296069580449732,0.006223853579367311,-31.63778294884558,-31.52712767570285,-42.803843086580656,-46.676877102517295,0.11065527314272927,-3.873034015936639,True,False,0.01831563888873418,0.05901285366944784,3.2219926385284996,0.01822795475549596,0.019199090672800394,1.0532772837288082,-6.160928481918197,-4.00479888772666,-3.952892361861605,-1.1180934741349446,-0.004798887726660261,0.05377335562577748,-0.0018897070070542123,1.1180934741349446,0.004798887726660261,0.05377335562577748,0.0018897070070542123,True,True,strong,low,low,low,-0.1176161022912796,0.13130953658255784,0.02062180377876881,0.019879946174020804,0.027113068069494477,1200,500,10,64.85029172897339
-4,1.17,0.22,0.004,97,1259939006,True,,60,-0.11,-0.09502525898226276,0.14421947854724654,-3.8244351740533964,-4.361799965250431,0.0015769181894134733,-0.10015495533883456,0.3942959881649913,-5.247652027466048,0.010660472352881424,-38.0519807007238,-38.18054159151868,-55.6322385903371,-59.98370493414896,-0.12856089079487987,-4.3514663438118575,False,False,0.01831563888873418,0.05901285366944784,3.2219926385284996,0.0218307626305501,0.0002784602773962281,0.012755407683584498,-6.452282849700448,-3.8244351740533964,-8.186235139303827,-5.531799965250431,0.1755648259466036,-0.07578052145275346,-0.002423081810586527,5.531799965250431,0.1755648259466036,0.07578052145275346,0.002423081810586527,True,True,strong,low,low,low,-0.09378008331795554,0.11640226335468436,0.020458022953142297,0.020065930217408164,0.027138987421276073,1200,500,10,61.71003723144531
-4,1.17,0.22,0.004,98,1389810735,True,,60,-0.11,-0.08845502159371199,-0.0179215658105296,-3.848622211879646,-1.076503290072082,0.001272937714055446,-0.0693020939635802,0.41547292509987005,-4.043193270374885,0.00158832572535571,-30.234693813796305,-24.812662381185298,-39.99766481648211,-33.24794651348219,5.422031432611007,6.749718302999916,True,True,0.01831563888873418,0.05901285366944784,3.2219926385284996,0.02130907561338841,0.007261814850686173,0.3407850712268157,-6.666427889075667,-3.848622211879646,-4.925125501951728,-2.2465032900720816,0.15137778812035396,-0.2379215658105296,-0.002727062285944554,2.2465032900720816,0.15137778812035396,0.2379215658105296,0.002727062285944554,True,True,strong,low,low,low,-0.09459281641161586,0.13485912156824476,0.020799719233386808,0.020146348572289436,0.029304278284748776,1200,500,10,57.76049256324768
-4,1.17,0.22,0.004,99,1368649934,True,,60,-0.11,-0.09900773569806529,0.4422905364446928,-3.8780906757633065,2.5172365116284934,0.003162146614800342,-0.13632691695097504,0.45204413791955955,-3.6137039399866837,0.007402044608421076,-16.12469056161471,-15.972667695036847,-11.777658312118916,-15.567957141185293,0.15202286657786246,-3.7902988290663764,True,False,0.01831563888873418,0.05901285366944784,3.2219926385284996,0.020690291968195974,0.2564416401258018,12.394297795313394,-5.756504173527763,-3.8780906757633065,-1.360854164134813,1.3472365116284934,0.12190932423669354,0.2222905364446928,-0.0008378533851996581,1.3472365116284934,0.12190932423669354,0.2222905364446928,0.0008378533851996581,True,True,strong,low,low,low,-0.14031882034400386,0.1883084399375991,0.02190496443648144,0.02080149947579324,0.03406240361331733,1200,500,10,49.38388419151306
-1.58,-2.5,0.22,0.004,0,1487978977,True,,60,-0.11,-0.11987639087649804,0.14712869016635086,-1.2884521096024355,-4.999997622653759,0.00851647321581739,-0.07554154592752516,0.30404498111582795,-2.120185071194155,0.01927052448612,14.908571955481941,27.295798255620774,50.28886672207439,70.96897476012995,12.387226300138833,20.680108038055565,True,True,0.20597509820488347,0.016907465652705275,0.0820849986238988,0.2756972020313792,0.0018576375513259902,0.006737963017537476,-4.765752965643943,-1.2884521096024355,-6.288449732256195,-2.4999976226537592,0.29154789039756457,-0.07287130983364914,0.00451647321581739,2.4999976226537592,0.29154789039756457,0.07287130983364914,0.00451647321581739,False,False,ictal_scale,high,low,low,-0.0741189840190886,0.37326074153302435,0.12071389674174647,0.12598523440468765,0.20597509820488347,1200,500,10,64.33301973342896
-1.58,-2.5,0.22,0.004,1,877001955,True,,60,-0.11,-0.1686924190517607,0.09959955712301635,-1.4888569390202757,-3.498300688036184,0.010433307891388322,-0.15293335932726015,0.34774909399565035,-2.0909902888217626,0.01089722934590372,18.860135546281327,25.63156763494941,58.19199390367316,67.64051351878722,6.771432088668082,9.448519615114058,True,True,0.20597509820488347,0.016907465652705275,0.0820849986238988,0.2256304175186472,0.006825036246679262,0.03024874182185657,-4.562751908632193,-1.4888569390202757,-4.98715762705646,-0.998300688036184,0.09114306097972436,-0.12040044287698365,0.006433307891388322,0.998300688036184,0.09114306097972436,0.12040044287698365,0.006433307891388322,False,False,ictal_scale,high,low,low,-0.1520403839560222,0.3522098918103955,0.11525040831361015,0.12199335421884941,0.20597509820488347,1200,500,10,60.69312882423401
-1.58,-2.5,0.22,0.004,2,1478606935,True,,60,-0.11,-0.11861964661180179,0.3694363531977085,-1.4009078730702926,-3.1854512147197065,0.010334058015837718,-0.10707555392024354,0.41227974544614104,-2.0705373296106666,0.019087104099810404,21.556549406094838,26.425866507154364,63.58482162330018,69.22911126319713,4.869317101059526,5.644289639896947,True,True,0.20597509820488347,0.016907465652705275,0.0820849986238988,0.24637318679482104,0.010189891415505511,0.04135957953895214,-4.572310235059193,-1.4009078730702926,-4.586359087789999,-0.6854512147197065,0.17909212692970744,0.1494363531977085,0.006334058015837718,0.6854512147197065,0.17909212692970744,0.1494363531977085,0.006334058015837718,False,False,ictal_scale,high,low,low,-0.1400427345494638,0.3892468606164644,0.11349404179321713,0.11687389465518007,0.20597509820488347,1200,500,10,50.38843894004822
-1.58,-2.5,0.22,0.004,3,867629913,True,,60,-0.11,-0.13175912234376458,0.20573450735750926,-1.829546556489052,-3.7465956878037567,0.011103867621042315,-0.21214473807724332,0.3147385424849763,-2.5674004480806203,0.008487513437644817,13.114502754427068,16.783706854549415,46.70072831996464,49.944791957987235,3.6692041001223465,3.2440636380225953,True,True,0.20597509820488347,0.016907465652705275,0.0820849986238988,0.16048632276043978,0.003787147263272946,0.023597944037424764,-4.5004617970248555,-1.829546556489052,-5.576142244292809,-1.2465956878037567,-0.249546556489052,-0.014265492642490746,0.007103867621042315,1.2465956878037567,0.249546556489052,0.014265492642490746,0.007103867621042315,False,False,ictal_scale,high,low,low,-0.1890469280955032,0.31343553748538516,0.12259424680615386,0.12259504188504913,0.20597509820488347,1200,500,10,63.71410131454468
-1.58,-2.5,0.22,0.004,4,1369896007,True,,60,-0.11,-0.14950534704737264,0.3338318316356794,-1.106055914661427,-4.585313189870196,0.011336058599508158,-0.19997578543048272,0.3724162027983852,-2.328766921404036,0.019340626234788307,19.92907986280489,22.353174139408782,60.329882536720284,61.08372652770596,2.424094276603892,0.7538439909856791,True,True,0.20597509820488347,0.016907465652705275,0.0820849986238988,0.33086133639316817,0.0033749691193165968,0.010200554577057212,-4.479766607278593,-1.106055914661427,-5.691369104531623,-2.085313189870196,0.473944085338573,0.11383183163567942,0.007336058599508158,2.085313189870196,0.473944085338573,0.11383183163567942,0.007336058599508158,False,False,ictal_scale,high,low,low,-0.22924947056034842,0.3556674309507145,0.10602120948391038,0.09950781602712222,0.20597509820488347,1200,500,10,51.57664370536804
-1.58,-2.5,0.22,0.004,5,758918985,True,,60,-0.11,-0.1690988671365695,0.3687556160807865,-1.3801094024082114,-4.9947305056103595,0.008794583202855711,-0.13020503810239276,0.3988511956282335,-2.848069748630852,0.0461761343458258,13.528839724777464,19.556920493593726,47.529402260665435,55.49121923607585,6.028080768816261,7.961816975410414,True,True,0.20597509820488347,0.016907465652705275,0.0820849986238988,0.25155103126570016,0.0017038925535038632,0.006773546285740055,-4.733619292153691,-1.3801094024082114,-6.374839908018571,-2.4947305056103595,0.19989059759178862,0.1487556160807865,0.004794583202855711,2.4947305056103595,0.19989059759178862,0.1487556160807865,0.004794583202855711,False,False,ictal_scale,high,low,low,-0.13821629743346786,0.3486079873053204,0.11458808567122356,0.11699951105696678,0.20597509820488347,1200,500,10,59.24540066719055
-1.58,-2.5,0.22,0.004,6,1360523965,True,,60,-0.11,-0.11235076492230596,0.3798295501680491,-2.010561383318323,-1.488751303192569,0.009345225992794986,-0.07679516437817852,0.47310107020931746,-2.387850349819349,0.013018937642109452,16.571089524981446,17.83326686645586,53.613901861073394,52.04391198180012,1.2621773414744126,-1.5699898792732725,True,False,0.20597509820488347,0.016907465652705275,0.0820849986238988,0.13391347677139917,0.03021814562553426,0.22565425343349874,-4.672889655082379,-2.010561383318323,-3.499312686510892,1.011248696807431,-0.43056138331832283,0.1598295501680491,0.0053452259927949854,1.011248696807431,0.43056138331832283,0.1598295501680491,0.0053452259927949854,False,False,ictal_scale,high,low,low,-0.09033464367547962,0.3184620507141006,0.11976960578538327,0.11929461737802488,0.20597509820488347,1200,500,10,43.516108751297
-1.58,-2.5,0.22,0.004,7,284693592,True,,60,-0.11,-0.15646976003144483,0.09120763441310002,-1.9565659903044073,-1.6279353087207686,0.00852719217294395,-0.20004755662073748,0.026857695530432265,-2.2024875567086557,0.003806392738777839,18.960121081714323,20.06391751645672,58.39196497453915,56.50521328180184,1.1037964347423959,-1.886751692737306,True,False,0.20597509820488347,0.016907465652705275,0.0820849986238988,0.14134296158670673,0.02775050338303098,0.19633452611651592,-4.764495142482635,-1.9565659903044073,-3.5845012990251757,0.8720646912792314,-0.3765659903044072,-0.1287923655869,0.00452719217294395,0.8720646912792314,0.3765659903044072,0.1287923655869,0.00452719217294395,False,False,ictal_scale,high,low,low,-0.1576157347394954,0.3472962013305798,0.1203366445643804,0.12015930247075123,0.20597509820488347,1200,500,10,56.0786919593811
-1.58,-2.5,0.22,0.004,8,1251813037,True,,60,-0.11,-0.09948938474118259,0.252872254384408,-1.3527312055349472,-3.9934184280347647,0.013518499145372983,-0.07705247725374123,0.37438448462502,-2.333327025171133,0.02361167355292421,19.219611028117942,24.53429460956726,58.91094486734639,65.44596746802293,5.314683581449319,6.535022600676541,True,True,0.20597509820488347,0.016907465652705275,0.0820849986238988,0.25853318823071414,0.004766468362275018,0.01843658214596974,-4.303696224487,-1.3527312055349472,-5.346149633569712,-1.4934184280347647,0.22726879446505288,0.03287225438440802,0.009518499145372982,1.4934184280347647,0.22726879446505288,0.03287225438440802,0.009518499145372982,False,False,ictal_scale,high,low,low,-0.08799168430057835,0.3697527032645162,0.11914548583086197,0.1251244449433624,0.20597509820488347,1200,500,10,48.58401298522949
-1.58,-2.5,0.22,0.004,9,393404520,True,,60,-0.11,-0.14699765365182427,0.3444065480079045,-1.7824576829335217,-2.977194948143129,0.010706449771759649,-0.11025800578762246,0.4197931025814933,-2.6474184921644603,0.031984565914304354,15.301240000671195,17.11862440978843,51.074202812452896,50.61462706846527,1.8173844091172366,-0.459575743987628,True,False,0.20597509820488347,0.016907465652705275,0.0820849986238988,0.1682241970596567,0.008568585340857497,0.050935510411851466,-4.536908936707174,-1.7824576829335217,-4.7596526310766505,-0.4771949481431288,-0.20245768293352162,0.12440654800790449,0.006706449771759649,0.4771949481431288,0.20245768293352162,0.12440654800790449,0.006706449771759649,False,False,ictal_scale,high,low,low,-0.13223116358503914,0.3420363655499356,0.113008868898922,0.11206840288353022,0.20597509820488347,1200,500,10,47.78554940223694
-1.58,-2.5,0.22,0.004,10,1143102109,True,,60,-0.11,-0.0859658924575882,0.3811942807210353,-1.3784547618090444,-4.294365868381706,0.011164921786829051,-0.07216776706387326,0.42811716993603455,-2.1831877756741083,0.01594422912046035,15.843921453620306,22.949360869823067,52.15956571835112,62.27609998853454,7.105439416202762,10.116534270183422,True,True,0.20597509820488347,0.016907465652705275,0.0820849986238988,0.25196760235747323,0.0034381538258552446,0.013645221820928567,-4.494978398924669,-1.3784547618090444,-5.672820630190751,-1.794365868381706,0.2015452381909557,0.16119428072103528,0.007164921786829051,1.794365868381706,0.2015452381909557,0.16119428072103528,0.007164921786829051,False,False,ictal_scale,high,low,low,-0.07587339322064898,0.37441636873255874,0.11558193859300984,0.11146286481882223,0.20597509820488347,1200,500,10,75.43078088760376
-1.58,-2.5,0.22,0.004,11,402776562,True,,60,-0.11,-0.03780850295258906,0.1897038766169019,-1.1962058101111124,-3.6698335633769803,0.013433704740010021,-0.0031092822582712877,0.10012098543006391,-1.9403738033044906,0.006851925261221503,23.109756408561136,27.554321466157678,66.69123562823277,71.48602118120375,4.444565057596542,4.794785552970978,True,True,0.20597509820488347,0.016907465652705275,0.0820849986238988,0.3023391706675404,0.007703816885786517,0.025480710517188733,-4.309988450940108,-1.1962058101111124,-4.866039373488093,-1.1698335633769803,0.3837941898888877,-0.03029612338309809,0.009433704740010021,1.1698335633769803,0.3837941898888877,0.03029612338309809,0.009433704740010021,False,False,ictal_scale,high,low,low,-0.010368195215393417,0.3760240357664697,0.10917897240145427,0.10567286445204509,0.20597509820488347,1200,500,10,49.91015005111694
-1.58,-2.5,0.22,0.004,12,2047994115,True,,60,-0.11,-0.19487873790753338,0.30461003292105643,-1.3458312463440523,-4.759243777748779,0.009277906786454305,-0.21093374548189636,0.4575944253549643,-2.204156779579348,0.012917977503153003,15.465903677692648,20.983071563114592,51.4035301664958,58.34352137511759,5.517167885421944,6.939991208621791,True,True,0.20597509820488347,0.016907465652705275,0.0820849986238988,0.260323225168025,0.0022315139464770084,0.008572089351753704,-4.680119319431411,-1.3458312463440523,-6.105075024092831,-2.259243777748779,0.2341687536559478,0.08461003292105643,0.005277906786454305,2.259243777748779,0.2341687536559478,0.08461003292105643,0.005277906786454305,False,False,ictal_scale,high,low,low,-0.23260259761851287,0.3408006898105064,0.11788866055946887,0.11218608769918689,0.20597509820488347,1200,500,10,78.31608581542969
-1.58,-2.5,0.22,0.004,13,511487490,True,,60,-0.11,-0.0851614043147669,0.2772720873025966,-1.7398460603293537,-2.8598236462309226,0.012965703715791097,-0.051160936126240425,0.3796819006715734,-2.3529224840045506,0.011095741346953859,19.559433731647815,20.402691043628884,59.59059027440613,57.182760336146174,0.8432573119810698,-2.407829938259958,True,False,0.20597509820488347,0.016907465652705275,0.0820849986238988,0.1755474222494568,0.010055156348393842,0.0572788607177908,-4.345447583347189,-1.7398460603293537,-4.5996697065602765,-0.35982364623092256,-0.15984606032935367,0.057272087302596614,0.008965703715791097,0.35982364623092256,0.15984606032935367,0.057272087302596614,0.008965703715791097,False,False,ictal_scale,high,low,low,-0.06436380157925953,0.33556291960318185,0.11562915117631707,0.10832065613290437,0.20597509820488347,1200,500,10,50.39526891708374
-1.58,-2.5,0.22,0.004,14,2138262251,True,,60,-0.11,-0.08384183669613468,0.2468445641464661,-1.696239878507302,-4.999465805926962,0.008551178515839686,-0.0487020202562135,-0.055519513310630694,-2.235031732492666,0.00011484273678689729,8.5963558139338,17.653628414557538,37.664434438978105,51.68463507800348,9.057272600623739,14.020200639025376,True,True,0.20597509820488347,0.016907465652705275,0.0820849986238988,0.1833717293548112,0.0012362091927942197,0.006741547331989453,-4.761686167422362,-1.696239878507302,-6.695705684434264,-2.4994658059269623,-0.116239878507302,0.026844564146466104,0.004551178515839686,2.4994658059269623,0.116239878507302,0.026844564146466104,0.004551178515839686,False,False,ictal_scale,high,low,low,-0.06120429645267157,0.2836127180316701,0.12158489688393385,0.1187170373925002,0.20597509820488347,1200,500,10,64.75645446777344
-1.58,-2.5,0.22,0.004,15,1626624119,True,,60,-0.11,-0.1118387369720304,0.053686921296956305,-1.5243841947203407,-3.8219755979064423,0.008604789810463247,-0.15411062900659112,-0.00471426549093921,-2.3130784553360755,0.013130898628991108,16.47173005851725,19.510792113296027,53.415182928145,55.39896247548046,3.0390620547787783,1.983779547335459,True,True,0.20597509820488347,0.016907465652705275,0.0820849986238988,0.2177551103321956,0.004765466751030965,0.021884523140517916,-4.755436276059353,-1.5243841947203407,-5.346359792626783,-1.3219755979064423,0.05561580527965937,-0.16631307870304368,0.004604789810463247,1.3219755979064423,0.05561580527965937,0.16631307870304368,0.004604789810463247,False,False,ictal_scale,high,low,low,-0.1449395976359792,0.3201966682979539,0.12119747958990652,0.12470553586294428,0.20597509820488347,1200,500,10,56.31362581253052
-1.58,-2.5,0.22,0.004,16,18593438,True,,60,-0.11,-0.10163331933249829,0.3211064862002271,-1.3176028742595738,-3.0025810761503835,0.01545187234147069,-0.08303600853622364,0.40864350737276156,-2.039574584211813,0.014137975835703438,24.661055486185493,28.451624023544078,69.79383378348149,73.28062629597656,3.7905685373585847,3.4867925124950716,True,True,0.20597509820488347,0.016907465652705275,0.0820849986238988,0.2677764269960222,0.01329743724841905,0.0496587298500946,-4.170025095830745,-1.3176028742595738,-4.320183950409957,-0.5025810761503835,0.2623971257404263,0.10110648620022708,0.01145187234147069,0.5025810761503835,0.2623971257404263,0.10110648620022708,0.01145187234147069,False,False,ictal_scale,high,low,low,-0.0871742637081625,0.412440141836734,0.11063826060803694,0.11996546691937186,0.20597509820488347,1200,500,10,50.084617614746094
-1.58,-2.5,0.22,0.004,17,629570460,True,,60,-0.11,-0.08061085103107409,0.32502441697619977,-1.6406692121340205,-2.8996677753281794,0.014573236334749148,-0.10040290074383881,0.37915343508805455,-2.3712437698329873,0.013877657626531557,18.325007207770415,19.819045826759982,57.121737226651334,56.01546990240837,1.494038618989567,-1.106267324242964,True,False,0.20597509820488347,0.016907465652705275,0.0820849986238988,0.19385027191962964,0.010669810355306312,0.05504150316451461,-4.228568560259589,-1.6406692121340205,-4.5403369874622,-0.39966777532817943,-0.060669212134020434,0.10502441697619977,0.010573236334749148,0.39966777532817943,0.060669212134020434,0.10502441697619977,0.010573236334749148,False,False,ictal_scale,high,low,low,-0.11751483752800111,0.34693049572735374,0.10832365019621717,0.09506175831314854,0.20597509820488347,1200,500,10,49.06528377532959
-1.58,-2.5,0.22,0.004,18,127304366,True,,60,-0.11,-0.10054265101359161,0.19726444653641334,-1.345399389601533,-4.998585929296632,0.010316962727244874,-0.1799266232500471,0.20860511095034723,-2.4133993612244167,0.030123076620818662,16.237212722173997,21.689017420057255,52.946148255458496,59.755413089002914,5.451804697883258,6.809264833544418,True,True,0.20597509820488347,0.016907465652705275,0.0820849986238988,0.26043567178671573,0.0017572849221939922,0.006747481672299958,-4.573965871621721,-1.345399389601533,-6.343985318898165,-2.498585929296632,0.23460061039846702,-0.02273555346358666,0.006316962727244874,2.498585929296632,0.23460061039846702,0.02273555346358666,0.006316962727244874,False,False,ictal_scale,high,low,low,-0.16286495210580823,0.358714227798469,0.11903239576910711,0.12349158523515252,0.20597509820488347,1200,500,10,49.637823820114136
-1.58,-2.5,0.22,0.004,19,474300614,True,,60,-0.11,-0.13111098733437265,0.14049547468271478,-1.46716346667315,-3.1810652861684523,0.012516697347290436,-0.11718986159956554,0.20163833714413015,-2.1245939640552587,0.014704294691328588,21.37454455500089,26.45164174757566,63.220811921112286,69.28066174403972,5.077097192574769,6.059849822927433,True,True,0.20597509820488347,0.016907465652705275,0.0820849986238988,0.23057860234452968,0.00957855289853795,0.04154137808601038,-4.380691738261447,-1.46716346667315,-4.648228752841602,-0.6810652861684523,0.11283653332685017,-0.07950452531728522,0.008516697347290436,0.6810652861684523,0.11283653332685017,0.07950452531728522,0.008516697347290436,False,False,ictal_scale,high,low,low,-0.10790978589173422,0.3763437866230803,0.11363160461399285,0.111257736896764,0.20597509820488347,1200,500,10,44.60154366493225
-1.58,-2.5,0.22,0.004,20,136676408,True,,60,-0.11,-0.051480527659145195,0.1908032723314935,-0.9868654565283987,-4.999955101826513,0.011889918023701342,-0.06601091551978477,0.1115050704650909,-1.9922103914485811,0.007837879025475813,23.238204521582468,28.93074343603189,66.94813185427543,74.23886512095218,5.692538914449422,7.290733266676753,True,True,0.20597509820488347,0.016907465652705275,0.0820849986238988,0.3727432416597825,0.0025116369719519233,0.006738249527390209,-4.432064462861554,-0.9868654565283987,-5.986820558354912,-2.4999551018265134,0.5931345434716013,-0.029196727668506506,0.007889918023701342,2.4999551018265134,0.5931345434716013,0.029196727668506506,0.007889918023701342,False,False,ictal_scale,high,low,low,-0.0783468685911923,0.38251868011647394,0.11554920533686018,0.10476743075760842,0.20597509820488347,1200,500,10,66.19135999679565
-1.58,-2.5,0.22,0.004,21,365589686,True,,60,-0.11,-0.15065139582578038,0.3588924997172164,-1.5728659521264006,-3.519367429879848,0.01007850344354256,-0.09640308728677259,0.416435363297724,-2.57280926838891,0.020512717448654537,14.64493190756411,17.145326832567296,49.761586626238724,50.66803191402299,2.500394925003185,0.9064452877842655,True,True,0.20597509820488347,0.016907465652705275,0.0820849986238988,0.20744978841705242,0.0061442820230184336,0.029618164809433835,-4.597350495263888,-1.5728659521264006,-5.092233382006249,-1.019367429879848,0.007134047873599503,0.13889249971721637,0.006078503443542559,1.019367429879848,0.007134047873599503,0.13889249971721637,0.006078503443542559,False,False,ictal_scale,high,low,low,-0.10853670335260171,0.342223959985837,0.11549077099611596,0.10805594944518779,0.20597509820488347,1200,500,10,55.020099401474
-1.58,-2.5,0.22,0.004,22,245387336,True,,60,-0.11,-0.07052996746309238,0.30285952366898833,-1.3936192128615585,-3.0140058293793386,0.01071281685202204,-0.057909708003681254,0.3122101721815878,-2.1917255755425704,0.018402859482746135,20.317518694009692,23.521696351464044,61.10676019912989,63.42077095181649,3.204177657454352,2.314010752686606,True,True,0.20597509820488347,0.016907465652705275,0.0820849986238988,0.24817547740100568,0.01218408067233892,0.049094619661602196,-4.536314417710631,-1.3936192128615585,-4.407625042240897,-0.5140058293793386,0.18638078713844153,0.08285952366898833,0.00671281685202204,0.5140058293793386,0.18638078713844153,0.08285952366898833,0.00671281685202204,False,False,ictal_scale,high,low,low,-0.06277980765364191,0.3594927261269208,0.11033530762264059,0.09825055013715536,0.20597509820488347,1200,500,10,51.08209300041199
-1.58,-2.5,0.22,0.004,23,1791266003,True,,60,-0.11,-0.18941937604391312,0.21088842503646954,-1.2658510828371887,-4.640771563470249,0.010627190405153173,-0.13846457811820295,0.44310014331919356,-2.2322377137633156,0.012486251243548107,18.48159489020569,26.585624304773592,57.434912591521886,69.54862685843558,8.1040294145679,12.113714266913696,True,True,0.20597509820488347,0.016907465652705275,0.0820849986238988,0.2819991893094927,0.002721362387518595,0.009650248974765368,-4.544339429639717,-1.2658510828371887,-5.906622646307438,-2.140771563470249,0.31414891716281135,-0.009111574963530461,0.006627190405153173,2.140771563470249,0.31414891716281135,0.009111574963530461,0.006627190405153173,False,False,ictal_scale,high,low,low,-0.16520514158139826,0.3532307646649277,0.11520069089770858,0.10867552386667895,0.20597509820488347,1200,500,10,62.08423662185669
-1.58,-2.5,0.22,0.004,24,254759378,True,,60,-0.11,-0.0555596025583832,0.3392453753964054,-1.4168419146614317,-3.8830883315583073,0.009838792150722139,-0.09351047053193161,0.4169716421836862,-2.313221543258297,0.014860417079143073,16.29312070407689,20.88052147837086,53.057964219264285,58.138421205630124,4.587400774293968,5.080456986365839,True,True,0.20597509820488347,0.016907465652705275,0.0820849986238988,0.24247857702754963,0.004991942101598555,0.02058714696693139,-4.621422324362591,-1.4168419146614317,-5.2999302462197395,-1.3830883315583073,0.16315808533856835,0.11924537539640542,0.0058387921507221385,1.3830883315583073,0.16315808533856835,0.11924537539640542,0.0058387921507221385,False,False,ictal_scale,high,low,low,-0.09535889015564113,0.3434850459337044,0.11625195208739965,0.1181245472794349,0.20597509820488347,1200,500,10,54.667163133621216
-1.58,-2.5,0.22,0.004,25,247506716,True,,60,-0.11,-0.17044446511797662,0.2382429982055174,-1.702638586635673,-2.6889696268994534,0.01655835524252111,-0.17667929515794467,0.07425920191191718,-2.723814391313093,0.06011880052851963,22.736701471806445,22.777344271800434,65.94512575472339,61.932066792489266,0.04064279999398934,-4.013058962234126,True,False,0.20597509820488347,0.016907465652705275,0.0820849986238988,0.1822021331227412,0.01238080222759031,0.06795091811164433,-4.100864456061489,-1.702638586635673,-4.391608213535126,-0.1889696268994534,-0.12263858663567295,0.01824299820551739,0.012558355242521111,0.1889696268994534,0.12263858663567295,0.01824299820551739,0.012558355242521111,False,False,ictal_scale,high,low,low,-0.1971336241631345,0.3439056438320907,0.12160107461399979,0.12882797137441881,0.20597509820488347,1200,500,10,55.40181541442871
-1.58,-2.5,0.22,0.004,26,749772810,True,,60,-0.11,-0.012864880959390309,0.2052261692284441,-1.1905123490298688,-4.9680274220859895,0.013618365821712945,-0.05059992679839431,0.16270099546913439,-2.2188061823190317,0.014031846734217214,20.74974866233184,28.29771225243717,61.97122013577418,72.97280275376274,7.547963590105329,11.001582617988554,True,True,0.20597509820488347,0.016907465652705275,0.0820849986238988,0.304065436519649,0.0021153398980126854,0.006956857452214864,-4.29633596918091,-1.1905123490298688,-6.1585397711158585,-2.4680274220859895,0.38948765097013127,-0.01477383077155589,0.009618365821712944,2.4680274220859895,0.38948765097013127,0.01477383077155589,0.009618365821712944,False,False,ictal_scale,high,low,low,-0.0475929790059635,0.36183046983604356,0.12279303779207591,0.12798544562695102,0.20597509820488347,1200,500,10,67.75461292266846
-1.58,-2.5,0.22,0.004,27,1909348973,True,,60,-0.11,-0.12014245123488033,0.31943587486043323,-1.8510642606771976,-1.9454165805111834,0.011418482251115268,-0.15965639134207116,0.4274079622837601,-2.317205334877162,0.01368231520846296,18.26391637949364,19.180245377644525,56.99955557009778,54.737869004177455,0.9163289981508846,-2.2616865659203285,True,False,0.20597509820488347,0.016907465652705275,0.0820849986238988,0.1570699139963448,0.022449636842880608,0.14292767005273227,-4.472521986291062,-1.8510642606771976,-3.796480841188381,0.5545834194888166,-0.2710642606771976,0.09943587486043323,0.007418482251115268,0.5545834194888166,0.2710642606771976,0.09943587486043323,0.007418482251115268,False,False,ictal_scale,high,low,low,-0.16650417081731456,0.33257882164636726,0.11818828917625372,0.1190121789883904,0.20597509820488347,1200,500,10,52.32933163642883
-1.58,-2.5,0.22,0.004,28,740400768,True,,60,-0.11,-0.15829878912447967,0.3727926832622622,-1.4252853995275554,-2.8942472888683137,0.010803067856786726,-0.11202721544604122,0.39597002952992305,-2.1380787389304956,0.016325111058557065,21.737001307536723,25.471114812091713,63.94572542618395,67.31960787307183,3.7341135045549905,3.373882446887883,True,True,0.20597509820488347,0.016907465652705275,0.0820849986238988,0.24043983200069238,0.01330610018479817,0.05534066495587907,-4.5279251243760115,-1.4252853995275554,-4.319532688395869,-0.39424728886831373,0.15471460047244467,0.15279268326226222,0.006803067856786726,0.39424728886831373,0.15471460047244467,0.15279268326226222,0.006803067856786726,False,False,ictal_scale,high,low,low,-0.12195007583683214,0.3721127728208605,0.11616382706921233,0.11194619142008286,0.20597509820488347,1200,500,10,42.42073726654053
-1.58,-2.5,0.22,0.004,29,129423746,True,,60,-0.11,-0.09929078645983885,0.11496449665530242,-1.6499557413053778,-3.0768064726212736,0.009239593555957477,-0.10885377039780338,0.30037950225767135,-2.6121930036767314,0.028915936282232137,15.605730830841091,19.217485889148474,51.68318447279269,54.812350027185346,3.6117550583073825,3.1291655543926566,True,True,0.20597509820488347,0.016907465652705275,0.0820849986238988,0.19205840868711152,0.008855095579798035,0.046106263403567785,-4.68425738174651,-1.6499557413053778,-4.726762213926651,-0.5768064726212736,-0.06995574130537774,-0.10503550334469758,0.005239593555957477,0.5768064726212736,0.06995574130537774,0.10503550334469758,0.005239593555957477,False,False,ictal_scale,high,low,low,-0.11591685603024368,0.3372686662741539,0.1209026399594586,0.12386660864226667,0.20597509820488347,1200,500,10,48.39450740814209
-1.58,-2.5,0.22,0.004,30,631689840,True,,60,-0.11,-0.16312262537768107,0.09649520462638657,-1.6394752470892813,-2.8287018343282955,0.010008231967928284,-0.20422055969592598,0.33505925239375123,-2.424031699789062,0.021584113732087434,18.14479746890116,21.05981312977877,56.76131774891282,58.49700450844594,2.9150156608776108,1.7356867595331167,True,True,0.20597509820488347,0.016907465652705275,0.0820849986238988,0.1940818605950947,0.011468202406750326,0.05908951187703203,-4.60434732783591,-1.6394752470892813,-4.4681770814175765,-0.3287018343282955,-0.0594752470892812,-0.12350479537361343,0.006008231967928284,0.3287018343282955,0.0594752470892812,0.12350479537361343,0.006008231967928284,False,False,ictal_scale,high,low,low,-0.19222162625919306,0.3342888814122253,0.11357056386212716,0.10175103636048052,0.20597509820488347,1200,500,10,66.75285172462463
-1.58,-2.5,0.22,0.004,31,1013527717,True,,60,-0.11,-0.07008667565604355,0.18121773622141477,-1.0523586960326579,-4.755274452941284,0.009145866262878565,-0.023503999026289548,0.3040988775153024,-2.004335089798203,0.01221298660302548,18.81333575574265,28.575156173876895,58.0983943225958,73.52769059664219,9.761820418134246,15.429296274046386,True,True,0.20597509820488347,0.016907465652705275,0.0820849986238988,0.3491133249958146,0.0030045329451731484,0.008606182377052405,-4.694453276324365,-1.0523586960326579,-5.807633148973942,-2.2552744529412836,0.5276413039673422,-0.038782263778585235,0.005145866262878565,2.2552744529412836,0.5276413039673422,0.038782263778585235,0.005145866262878565,False,False,ictal_scale,high,low,low,-0.03427761686145217,0.3828178343490343,0.11224238796251904,0.11332372186146075,0.20597509820488347,1200,500,10,59.56026649475098
-1.58,-2.5,0.22,0.004,32,622317798,True,,60,-0.11,-0.17460479158148942,0.43425133928944604,-2.250442463503709,-1.249300313856132,0.010303514557274782,-0.19244968835544973,0.38405049373469746,-2.6274676690395635,0.011755197636551327,12.92622949571945,13.268765006146051,46.324181802549404,42.9149082611805,0.34253551042660035,-3.409273541368904,True,False,0.20597509820488347,0.016907465652705275,0.0820849986238988,0.10535259956736638,0.030205151872076036,0.28670533044380864,-4.575270222795671,-2.250442463503709,-3.499742777359841,1.250699686143868,-0.6704424635037087,0.21425133928944604,0.0063035145572747815,1.250699686143868,0.6704424635037087,0.21425133928944604,0.0063035145572747815,False,False,ictal_scale,high,low,low,-0.16382009618823754,0.3207752256596521,0.12290515931152497,0.12701122565835432,0.20597509820488347,1200,500,10,50.34150457382202
-1.58,-2.5,0.22,0.004,33,1022899759,True,,60,-0.11,-0.1373408983334214,0.27015954244276597,-1.7645798394437007,-4.268870132954332,0.009584343772593065,-0.15990330998247532,0.43010771606088355,-2.4154639695022055,0.013489761058896432,11.862091906212765,18.459445309301074,44.19590662353603,53.296268867490554,6.597353403088309,9.100362243954521,True,True,0.20597509820488347,0.016907465652705275,0.0820849986238988,0.1712587275327185,0.002397209389808147,0.013997589637294059,-4.647624368824846,-1.7645798394437007,-6.033449972398032,-1.7688701329543317,-0.1845798394437006,0.050159542442765964,0.0055843437725930645,1.7688701329543317,0.1845798394437006,0.050159542442765964,0.0055843437725930645,False,False,ictal_scale,high,low,low,-0.15766031763365948,0.3247537388463204,0.12206202340376421,0.11943066110557868,0.20597509820488347,1200,500,10,59.777270793914795
-1.58,-2.5,0.22,0.004,34,513606870,True,,60,-0.11,-0.17977654719651473,0.2445656430973368,-1.4635030828867583,-2.8772580720373155,0.017590392058538268,-0.19531994692784993,0.28726735230571143,-2.1318009239548417,0.01408972255506593,23.317430466222568,25.392612785210304,67.10658374355563,67.16260381930901,2.0751823189877356,0.05602007575338064,True,True,0.20597509820488347,0.016907465652705275,0.0820849986238988,0.23142415510175365,0.013026609161245649,0.056288891518338054,-4.040402431763705,-1.4635030828867583,-4.340761154924074,-0.37725807203731554,0.11649691711324173,0.024565643097336803,0.013590392058538268,0.37725807203731554,0.11649691711324173,0.024565643097336803,0.013590392058538268,False,False,ictal_scale,high,low,low,-0.20036619852810575,0.3696418203170838,0.1100927399606955,0.10242712256290594,0.20597509820488347,1200,500,10,47.50004982948303
-1.58,-2.5,0.22,0.004,35,1131610687,True,,60,-0.11,-0.04280909862977549,0.11163185274330008,-1.7084452376948183,-3.3146933075442413,0.008841599714645886,-0.033117854102811636,0.09743779327875965,-3.2938889572388605,0.06869926498044565,16.388184137650686,18.172485228590222,53.248091086411875,52.72234870606884,1.784301090939536,-0.5257423803430328,True,False,0.20597509820488347,0.016907465652705275,0.0820849986238988,0.18114721464927394,0.006583830598284276,0.03634519366489561,-4.7282874555092125,-1.7084452376948183,-5.02313854523906,-0.8146933075442413,-0.1284452376948182,-0.10836814725669992,0.004841599714645886,0.8146933075442413,0.1284452376948182,0.10836814725669992,0.004841599714645886,False,False,ictal_scale,high,low,low,-0.04768887477809997,0.3405420104280803,0.12080200091478818,0.1275566679505723,0.20597509820488347,1200,500,10,47.563881158828735
-1.58,-2.5,0.22,0.004,36,504234828,True,,60,-0.11,-0.1592003800768032,0.19681604963683336,-1.4966427914310387,-3.126654078480984,0.011909784574846672,-0.19954013084070768,0.31208112873549493,-2.2635560974089652,0.0212900294947759,21.43816722270439,24.068561959057355,63.34805725651928,64.51450216700312,2.630394736352965,1.1664449104838326,True,True,0.20597509820488347,0.016907465652705275,0.0820849986238988,0.22388051347562393,0.00982036616225717,0.04386431855904427,-4.430394983532781,-1.4966427914310387,-4.623296869912023,-0.6266540784809842,0.08335720856896134,-0.023183950363166644,0.007909784574846672,0.6266540784809842,0.08335720856896134,0.023183950363166644,0.007909784574846672,False,False,ictal_scale,high,low,low,-0.1748413646398853,0.3479560020798116,0.11839607026585001,0.11681431554938643,0.20597509820488347,1200,500,10,64.66010093688965
-1.58,-2.5,0.22,0.004,37,1140982729,True,,60,-0.11,-0.10127007854954473,0.1417841411488152,-1.6867491343081955,-2.7284853425389586,0.009798097945625975,-0.05006877911917674,0.2753252223329498,-2.280177341675157,0.008386101854276955,16.531202364972536,18.46975936989562,53.534127541055575,53.316896988679645,1.9385570049230836,-0.21723055237593059,True,False,0.20597509820488347,0.016907465652705275,0.0820849986238988,0.1851203482533614,0.012091718564608483,0.06531814940224388,-4.625566999323988,-1.6867491343081955,-4.415234476847154,-0.22848534253895858,-0.10674913430819544,-0.07821585885118479,0.005798097945625975,0.22848534253895858,0.10674913430819544,0.07821585885118479,0.005798097945625975,False,False,ictal_scale,high,low,low,-0.09069462466411946,0.3142825419355021,0.11616781665615515,0.11100158870761567,0.20597509820488347,1200,500,10,51.91427779197693
-1.58,-2.5,0.22,0.004,38,638716635,True,,60,-0.11,-0.12465057483554084,0.2994192709126623,-1.3008702059002388,-3.909496592695784,0.014021908567295075,-0.1596803169229894,0.4211994050269563,-2.1766356393824537,0.01851766578131908,19.517302328486906,23.84575220226393,59.506327468084315,64.06888265341627,4.328449873777025,4.562555185331952,True,True,0.20597509820488347,0.016907465652705275,0.0820849986238988,0.2722947374182688,0.005459670720765393,0.020050592136045785,-4.267134274879362,-1.3008702059002388,-5.210366798596023,-1.4094965926957839,0.27912979409976124,0.0794192709126623,0.010021908567295075,1.4094965926957839,0.27912979409976124,0.0794192709126623,0.010021908567295075,False,False,ictal_scale,high,low,low,-0.1534928771747567,0.3767468529112268,0.11297191492838385,0.11646923743712259,0.20597509820488347,1200,500,10,48.289928674697876
-1.58,-2.5,0.22,0.004,39,1249693657,True,,60,-0.11,-0.10036179521132414,0.19205287661781867,-1.7622616277891192,-2.4213540593101204,0.009191612339842488,-0.10999430975191826,0.2004778219090338,-2.567664334599968,0.029706979261797963,17.482892389234774,19.14605763834078,55.43750758958005,54.66949352556996,1.6631652491060045,-0.7680140640100888,True,False,0.20597509820488347,0.016907465652705275,0.0820849986238988,0.17165620204785453,0.015243292830037187,0.08880129379646672,-4.689463912971394,-1.7622616277891192,-4.183615687099239,0.07864594068987962,-0.18226162778911914,-0.027947123382181333,0.0051916123398424874,0.07864594068987962,0.18226162778911914,0.027947123382181333,0.0051916123398424874,False,False,ictal_scale,high,low,low,-0.08876216282453073,0.3239232332755087,0.12130371751545121,0.12175533968652423,0.20597509820488347,1200,500,10,49.91011095046997
-1.58,-2.5,0.22,0.004,40,648088677,True,,60,-0.11,-0.09324118141033204,0.39411410828612736,-1.7870454180517725,-2.520358582383522,0.01440709465640342,-0.12628971761192387,0.46162900994716394,-2.3974019384230267,0.020268685785491992,17.943985270210625,19.015805991649508,56.35969335153175,54.40899023218742,1.0718207214388826,-1.9507031193443325,True,False,0.20597509820488347,0.016907465652705275,0.0820849986238988,0.16745419663260291,0.013468468388120837,0.08043076052415014,-4.240034509256867,-1.7870454180517725,-4.3074040004352945,-0.020358582383522172,-0.20704541805177246,0.17411410828612736,0.01040709465640342,0.020358582383522172,0.20704541805177246,0.17411410828612736,0.01040709465640342,False,False,ictal_scale,high,low,low,-0.14558869842483135,0.3518412908031625,0.12175055318154289,0.12545129537387995,0.20597509820488347,1200,500,10,52.6463942527771
-1.58,-2.5,0.22,0.004,41,888417952,True,,60,-0.11,-0.1231014615235428,0.14971505396377668,-1.2285610803073859,-4.999999845052519,0.007971536241542985,-0.14320961227201823,0.32439450517703833,-2.251363302926686,0.009751878900920979,13.48259397366908,23.767107223918572,47.43691075844866,63.91159269672555,10.284513250249493,16.474681938276888,True,True,0.20597509820488347,0.016907465652705275,0.0820849986238988,0.2927134659664902,0.0019722881252018714,0.0067379480431134595,-4.831878051737803,-1.2285610803073859,-6.228560925359905,-2.4999998450525194,0.3514389196926142,-0.07028494603622332,0.003971536241542985,2.4999998450525194,0.3514389196926142,0.07028494603622332,0.003971536241542985,False,False,ictal_scale,high,low,low,-0.15893916784302345,0.3449884702936765,0.11894490442343617,0.11835997171626123,0.20597509820488347,1200,500,10,61.10721707344055
-1.58,-2.5,0.22,0.004,42,756799605,True,,60,-0.11,-0.04261433372184938,0.28763916109787907,-1.6173385578659216,-3.0884029678316987,0.008973108123223179,-0.021266634869024637,0.4132247828723917,-2.2123991674196377,0.008715918670886154,18.220977022783174,22.118069094508765,56.91367685667685,60.61351643790593,3.8970920717255915,3.699839581229078,True,True,0.20597509820488347,0.016907465652705275,0.0820849986238988,0.19842609652721566,0.00904320596142862,0.0455746805470634,-4.713523160897828,-1.6173385578659216,-4.70574152569762,-0.5884029678316987,-0.03733855786592155,0.06763916109787907,0.004973108123223179,0.5884029678316987,0.03733855786592155,0.06763916109787907,0.004973108123223179,False,False,ictal_scale,high,low,low,-0.01848538424419034,0.3577489641863821,0.11570033875366133,0.1271192333770037,0.20597509820488347,1200,500,10,53.926892042160034
-1.58,-2.5,0.22,0.004,43,1367776627,True,,60,-0.11,-0.17567799425699226,0.15111080868491528,-1.3259763477626791,-4.8916469820612845,0.009246024559704096,-0.21854368784770714,0.3437457253474278,-2.3682580656161276,0.018047943600676294,14.867863543249365,21.72161960619332,50.20744989760924,59.82061746127505,6.8537560629439565,9.613167563665812,True,True,0.20597509820488347,0.016907465652705275,0.0820849986238988,0.26554356961227954,0.001993978619685967,0.007509045022620495,-4.683561597167836,-1.3259763477626791,-6.217623329823963,-2.3916469820612845,0.25402365223732093,-0.06888919131508472,0.005246024559704096,2.3916469820612845,0.25402365223732093,0.06888919131508472,0.005246024559704096,False,False,ictal_scale,high,low,low,-0.17776957399256618,0.34652055651032154,0.11354650057553418,0.10900795148843698,0.20597509820488347,1200,500,10,56.73403072357178
-1.58,-2.5,0.22,0.004,44,766171647,True,,60,-0.11,-0.12143479617458039,0.15931222991310834,-1.7752710359873025,-1.4124559488307957,0.009960375261973868,-0.10440732801338873,0.4495840543515519,-2.0678345344107996,0.013946199080522187,24.754018396310666,28.48371688278983,69.97975960373184,73.34481201446806,3.7296984864791654,3.365052410736226,True,True,0.20597509820488347,0.016907465652705275,0.0820849986238988,0.1694375196100112,0.041265561666664126,0.24354441543787778,-4.60914053119038,-1.7752710359873025,-3.1877269848180982,1.0875440511692043,-0.19527103598730244,-0.06068777008689166,0.005960375261973868,1.0875440511692043,0.19527103598730244,0.06068777008689166,0.005960375261973868,False,False,ictal_scale,high,low,low,-0.12848217960504169,0.3595102139735787,0.11523314828475133,0.12206612267090851,0.20597509820488347,1200,500,10,52.855854749679565
-1.58,-2.5,0.22,0.004,45,263905553,True,,60,-0.11,-0.07968767855581348,0.3392024162344864,-1.1704394999987715,-4.999914424488767,0.008027120521562176,-0.014934948359408288,0.46454642680997676,-2.236941841992035,0.013249556358943483,12.939937337558638,22.208539636678562,46.351597486227774,60.79445752224552,9.268602299119925,14.442860036017748,True,True,0.20597509820488347,0.016907465652705275,0.0820849986238988,0.31023056496606705,0.0020904959918466247,0.006738523627016836,-4.824929405424151,-1.1704394999987715,-6.1703539244875385,-2.499914424488767,0.40956050000122857,0.11920241623448638,0.004027120521562176,2.499914424488767,0.40956050000122857,0.11920241623448638,0.004027120521562176,False,False,ictal_scale,high,low,low,-0.021281828246977663,0.3891941351314608,0.10762412805808956,0.10376010770173962,0.20597509820488347,1200,500,10,52.740071058273315
-1.58,-2.5,0.22,0.004,46,874882575,True,,60,-0.11,-0.11427800279991471,0.38151213306728904,-2.173121333765098,-1.0027942245642474,0.011751411910040567,-0.09160891879160143,0.38036706030463924,-2.478382770672992,0.009079103376679236,15.19089608333889,15.921584835892327,50.85351497778828,48.220547920673056,0.7306887525534371,-2.6329670571152235,True,False,0.20597509820488347,0.016907465652705275,0.0820849986238988,0.11382178608224103,0.04175585665635507,0.36685293820802206,-4.443781883054267,-2.173121333765098,-3.1759155583293452,1.4972057754357526,-0.5931213337650978,0.16151213306728904,0.007751411910040567,1.4972057754357526,0.5931213337650978,0.16151213306728904,0.007751411910040567,False,False,ictal_scale,high,low,low,-0.08692736592051883,0.3162548185198744,0.1174242683845177,0.1132637168773117,0.20597509820488347,1200,500,10,50.5686731338501
-1.58,-2.5,0.22,0.004,47,1774867166,True,,60,-0.11,-0.09211630644250926,0.25537143797488043,-1.3127558354722009,-3.6659426451225436,0.009184497384652981,-0.06043349669832417,0.3132123828854742,-2.1290624789022035,0.0109814920176848,21.322010950252672,26.851004665516257,63.11574471161585,70.07938757992092,5.528993715263585,6.963642868305072,True,True,0.20597509820488347,0.016907465652705275,0.0820849986238988,0.2690775003532695,0.006883015108003115,0.025580047008636773,-4.690238283134798,-1.3127558354722009,-4.978698480594744,-1.1659426451225436,0.2672441645277992,0.03537143797488043,0.005184497384652981,1.1659426451225436,0.2672441645277992,0.03537143797488043,0.005184497384652981,False,False,ictal_scale,high,low,low,-0.0695334269746942,0.36140627947996595,0.11661262402826904,0.10986216916366907,0.20597509820488347,1200,500,10,49.341756105422974
-1.58,-2.5,0.22,0.004,48,884254617,True,,60,-0.11,-0.16123202296323158,0.1650640835388046,-1.1152868120180122,-3.514833509778696,0.010921725913405648,-0.17546502208923423,0.23866501178462565,-1.9080847839458968,0.009450888581432036,24.555517110000444,30.718986148573844,69.58275703111138,77.81535054603609,6.1634690385734,8.232593514924702,True,True,0.20597509820488347,0.016907465652705275,0.0820849986238988,0.3278212423427623,0.009753585462809878,0.02975275608470715,-4.517001270475897,-1.1152868120180122,-4.630120321796708,-1.014833509778696,0.4647131879819879,-0.05493591646119539,0.006921725913405648,1.014833509778696,0.4647131879819879,0.05493591646119539,0.006921725913405648,False,False,ictal_scale,high,low,low,-0.1503929694203938,0.3978354393223925,0.10911420315287126,0.10719495918854435,0.20597509820488347,1200,500,10,50.31861686706543
-1.58,-2.5,0.22,0.004,49,381988523,True,,60,-0.11,-0.22120716278291103,0.22778960856516867,-1.9330574278297388,-1.7162859101146077,0.015578476349492868,-0.2584469173515793,0.288452589496913,-2.264142983810701,0.006225548155733664,20.492758023874494,20.97381298496509,61.45723885885949,58.32500421881858,0.48105496109059587,-3.132234640040913,True,False,0.20597509820488347,0.016907465652705275,0.0820849986238988,0.14470509606414955,0.026008201771787816,0.17973245227146703,-4.1618650386046765,-1.9330574278297388,-3.6493433379443463,0.7837140898853923,-0.3530574278297387,0.007789608565168665,0.011578476349492868,0.7837140898853923,0.3530574278297387,0.007789608565168665,0.011578476349492868,False,False,ictal_scale,high,low,low,-0.23961054233104032,0.3240735827069346,0.11335680921126463,0.11106494952861823,0.20597509820488347,1200,500,10,50.869791984558105
-1.58,-2.5,0.22,0.004,50,992965545,True,,60,-0.11,-0.1246689767076695,0.10374567143933983,-1.3376027514483315,-3.7381347194036825,0.010419658207778749,-0.06238946861254062,0.37268707640752646,-2.2826061144879377,0.01635634449283686,18.377850585227318,21.686053103529673,57.22742398156514,59.74948445594775,3.3082025183023553,2.522060474382613,True,True,0.20597509820488347,0.016907465652705275,0.0820849986238988,0.26247413071909625,0.006246478145036245,0.023798452548153465,-4.564061044751641,-1.3376027514483315,-5.0757374708520135,-1.2381347194036825,0.24239724855166855,-0.11625432856066018,0.006419658207778749,1.2381347194036825,0.24239724855166855,0.11625432856066018,0.006419658207778749,False,False,ictal_scale,high,low,low,-0.07403023246038262,0.340684686604784,0.11569676368448825,0.11734184574514596,0.20597509820488347,1200,500,10,54.06232213973999
-1.58,-2.5,0.22,0.004,51,1656784196,True,,60,-0.11,-0.2090725006872382,0.30141966139355303,-1.6314641488039459,-3.2470446347821107,0.011547699920784964,-0.1750014754415265,0.36970934528847954,-2.4335629003364607,0.010352716490366638,16.506321949008274,17.365036103710786,53.48436670912705,51.10745045630998,0.8587141547025112,-2.3769162528170753,True,False,0.20597509820488347,0.016907465652705275,0.0820849986238988,0.1956429139830574,0.007608351270633006,0.03888896927435811,-4.461269002903126,-1.6314641488039459,-4.8785087835860566,-0.7470446347821107,-0.051464148803945786,0.08141966139355303,0.007547699920784964,0.7470446347821107,0.051464148803945786,0.08141966139355303,0.007547699920784964,False,False,ictal_scale,high,low,low,-0.16756932416372738,0.3243801751710715,0.11706774080213372,0.1121799751610355,0.20597509820488347,1200,500,10,55.850372076034546
-1.58,-2.5,0.22,0.004,52,110905529,True,,60,-0.11,-0.16480380166478942,0.2317645498053156,-1.3963738399145667,-4.227298997537627,0.011160150296365393,-0.1479904554213667,0.42498019707503093,-2.3609824659813965,0.012424037292458886,16.14083437549933,20.168900812887365,52.753391562109165,56.715179874663136,4.028066437388034,3.9617883125539706,True,True,0.20597509820488347,0.016907465652705275,0.0820849986238988,0.24749278722716053,0.0036113528091705344,0.014591749721804482,-4.495405854703403,-1.3963738399145667,-5.623672837452194,-1.727298997537627,0.18362616008543342,0.011764549805315605,0.007160150296365393,1.727298997537627,0.18362616008543342,0.011764549805315605,0.007160150296365393,False,False,ictal_scale,high,low,low,-0.15049174229997545,0.3530723992290176,0.11139714874669425,0.10790418941887975,0.20597509820488347,1200,500,10,57.498035192489624
-1.58,-2.5,0.22,0.004,53,500071493,True,,60,-0.11,-0.17761463240347042,0.3027349461003356,-1.5781167358616657,-2.2848751950260335,0.010808054926896484,-0.19453662598007682,0.2731522807431602,-2.13587898091032,0.01778838246022172,21.711514026525744,23.403224869848327,63.89475086416199,63.18382798858505,1.691710843322582,-0.7109228755769408,True,False,0.20597509820488347,0.016907465652705275,0.0820849986238988,0.2063633692144005,0.021005059727237218,0.10178676480811907,-4.527463596277893,-1.5781167358616657,-3.8629919308876994,0.21512480497396647,0.001883264138334395,0.08273494610033558,0.006808054926896484,0.21512480497396647,0.001883264138334395,0.08273494610033558,0.006808054926896484,False,False,ictal_scale,high,low,low,-0.17935731143345934,0.34665060881736415,0.11528506905177793,0.11652796563692534,0.20597509820488347,1200,500,10,45.896719455718994
-1.58,-2.5,0.22,0.004,54,2194601,True,,60,-0.11,-0.06476280078564906,0.2968313788112957,-1.222120269820154,-4.999855285757842,0.008161059393516074,-0.058433629764547905,0.4380729727964865,-2.143674870320755,0.013329581721114214,15.518267288682647,26.220853068678867,51.5082573884758,68.81908438624613,10.70258577999622,17.310826997770334,True,True,0.20597509820488347,0.016907465652705275,0.0820849986238988,0.29460486245244283,0.001985319232058047,0.0067389221465362975,-4.808381290796226,-1.222120269820154,-6.2219755555779965,-2.4998552857578424,0.357879730179846,0.07683137881129568,0.004161059393516074,2.4998552857578424,0.357879730179846,0.07683137881129568,0.004161059393516074,False,False,ictal_scale,high,low,low,-0.08064520383455877,0.38256714817491083,0.12186417649760625,0.1256889992271915,0.20597509820488347,1200,500,10,58.867833375930786
-1.58,-2.5,0.22,0.004,55,608782421,True,,60,-0.11,-0.11518887657223643,0.08566680754807836,-1.1255794125210277,-4.879222604873285,0.008015838883232684,-0.11505442190024312,0.16952913899477898,-2.12952524979326,0.013696050957701019,18.14354191590585,25.305558699316972,56.7588066429222,66.98849564752234,7.162016783411122,10.22968900460014,True,True,0.20597509820488347,0.016907465652705275,0.0820849986238988,0.32446441413923577,0.0024668776991397866,0.007602922205456988,-4.826335834238744,-1.1255794125210277,-6.004802017394313,-2.379222604873285,0.4544205874789724,-0.13433319245192166,0.004015838883232684,2.379222604873285,0.4544205874789724,0.13433319245192166,0.004015838883232684,False,False,ictal_scale,high,low,low,-0.11125673325389081,0.36066698999065266,0.11751621917279068,0.12075666960728619,0.20597509820488347,1200,500,10,56.33718681335449
-1.58,-2.5,0.22,0.004,56,2040967320,True,,60,-0.11,-0.11824371802057351,0.21329175736328146,-1.7226541436026155,-3.019927119618636,0.009558024112692538,-0.06411782050860132,0.3355579896690634,-2.7950672610866745,0.04389659642541394,16.126205956215202,17.135999183450117,52.72413472354091,50.64937661578864,1.0097932272349155,-2.0747581077522668,True,False,0.20597509820488347,0.016907465652705275,0.0820849986238988,0.17859151079673066,0.008716118526887816,0.04880477514302642,-4.650374256053402,-1.7226541436026155,-4.742581263221251,-0.5199271196186359,-0.1426541436026154,-0.006708242636718542,0.0055580241126925375,0.5199271196186359,0.1426541436026154,0.006708242636718542,0.0055580241126925375,False,False,ictal_scale,high,low,low,-0.08937692281786384,0.3447683660106053,0.11509507637610153,0.11666285129222279,0.20597509820488347,1200,500,10,63.85141372680664
-1.58,-2.5,0.22,0.004,57,495088653,True,,60,-0.11,-0.17456833265744068,0.12748906066188226,-1.862469872676607,-2.7351102254587687,0.017968062890257642,-0.18180515539334627,0.3149113155245116,-2.2722156610897484,0.006576471278211689,17.186711949563023,20.042131533836525,54.84514671023655,56.461641316561455,2.855419584273502,1.6164946063249062,True,True,0.20597509820488347,0.016907465652705275,0.0820849986238988,0.15528861322369925,0.010076189655847938,0.0648868545263702,-4.019159380866527,-1.862469872676607,-4.597580098135376,-0.2351102254587687,-0.28246987267660684,-0.09251093933811774,0.013968062890257642,0.2351102254587687,0.28246987267660684,0.09251093933811774,0.013968062890257642,False,False,ictal_scale,high,low,low,-0.1687664456933641,0.32462645603834245,0.12343299512474316,0.12942892619583823,0.20597509820488347,1200,500,10,49.16017699241638
-1.58,-2.5,0.22,0.004,58,2031595278,True,,60,-0.11,-0.07538878359058143,0.1904768734511382,-1.3611408467668955,-3.025613263501021,0.010490947680718229,-0.04897350372599278,0.40336584690200017,-2.171799643161585,0.018524039725963847,22.30675436146811,27.558729421321335,65.08523153404673,71.49483709153107,5.251975059853226,6.4096055574843405,True,True,0.20597509820488347,0.016907465652705275,0.0820849986238988,0.2563681332985038,0.012441046016630306,0.04852805165977668,-4.5572425193085895,-1.3611408467668955,-4.386754110267916,-0.5256132635010209,0.21885915323310456,-0.0295231265488618,0.006490947680718229,0.5256132635010209,0.21885915323310456,0.0295231265488618,0.006490947680718229,False,False,ictal_scale,high,low,low,-0.06361294918914467,0.3796176248909455,0.11137599669949087,0.11421476262096036,0.20597509820488347,1200,500,10,44.22228717803955
-1.58,-2.5,0.22,0.004,59,1761105926,True,,60,-0.11,-0.11504101432582457,0.21916826491071678,-1.036647901324645,-4.999907753766182,0.009961438927697498,-0.13271411426936458,0.1818649604649131,-2.0745414511429603,0.026424713973453112,20.305980318504005,30.336540200754097,61.083683448118514,77.05045865039659,10.030559882250092,15.966775202278079,True,True,0.20597509820488347,0.016907465652705275,0.0820849986238988,0.35464148495905584,0.002389775966996278,0.0067385685779885116,-4.609033747168151,-1.036647901324645,-6.036555655090828,-2.4999077537661822,0.543352098675355,-0.0008317350892832198,0.005961438927697498,2.4999077537661822,0.543352098675355,0.0008317350892832198,0.005961438927697498,False,False,ictal_scale,high,low,low,-0.14342448816453987,0.3935197806257149,0.11292540309929916,0.12071005657736149,0.20597509820488347,1200,500,10,48.99539041519165
-1.58,-2.5,0.22,0.004,60,1922884350,True,,60,-0.11,-0.11750632858090408,0.33459011654706755,-1.8469864566226957,-2.516528139179534,0.009203803646709417,-0.07281486695691691,0.4314667721681046,-2.518017204359417,0.011128913973048578,14.195703878237387,15.053159270115875,48.86313056758527,46.48369678912015,0.8574553918784886,-2.3794337784651205,True,False,0.20597509820488347,0.016907465652705275,0.0820849986238988,0.1577117220228079,0.012733555611338598,0.0807394367902286,-4.688138440510133,-1.8469864566226957,-4.36351459580223,-0.016528139179534218,-0.2669864566226956,0.11459011654706755,0.005203803646709417,0.016528139179534218,0.2669864566226956,0.11459011654706755,0.005203803646709417,False,False,ictal_scale,high,low,low,-0.10144165775219953,0.33404788596833795,0.11534978069267396,0.10970045452307489,0.20597509820488347,1200,500,10,48.81075143814087
-1.58,-2.5,0.22,0.004,61,377005683,True,,60,-0.11,-0.12210539043555967,0.2376233698776991,-1.4226169895379437,-4.999999741215673,0.0056813687307279695,-0.13881348703938998,0.15785125394479552,-2.5009632445916816,0.016860878463455513,9.986194516838859,21.284470892426494,40.444111844788225,58.94632003374139,11.298276375587635,18.502208188953162,True,True,0.20597509820488347,0.016907465652705275,0.0820849986238988,0.24108228082752894,0.0016244000510037486,0.0067379487427607744,-5.170563101558868,-1.4226169895379437,-6.422616730753616,-2.4999997412156727,0.15738301046205638,0.017623369877699108,0.0016813687307279694,2.4999997412156727,0.15738301046205638,0.017623369877699108,0.0016813687307279694,False,False,ictal_scale,high,low,low,-0.1649692308738303,0.3333612091202189,0.1197103797977946,0.1257022085939397,0.20597509820488347,1200,500,10,68.43480944633484
-1.58,-2.5,0.22,0.004,62,1913512308,True,,60,-0.11,0.04936045069037258,0.29298682904393836,-2.014215557928047,-2.3541096956015606,0.008086780030140104,-0.004561161463165636,0.21013917129133736,-2.4565219428216736,0.005687615726307879,12.658410656784728,13.557820412311504,45.78854412467996,43.493019073511405,0.8994097555267757,-2.2955250511685534,True,False,0.20597509820488347,0.016907465652705275,0.0820849986238988,0.13342502652943997,0.012672445940347542,0.09497802826032335,-4.817524645666224,-2.014215557928047,-4.3683252535296075,0.14589030439843942,-0.4342155579280469,0.07298682904393836,0.004086780030140104,0.14589030439843942,0.4342155579280469,0.07298682904393836,0.004086780030140104,False,False,ictal_scale,high,low,low,-0.009909939970448355,0.3152008821152817,0.11422678470062785,0.10858734104012728,0.20597509820488347,1200,500,10,59.84060597419739
-1.58,-2.5,0.22,0.004,63,268294755,True,,60,-0.11,-0.14397858241487752,0.03880832904806145,-1.8675219386093047,-2.2079387327209927,0.010189890635969947,-0.15624920999994013,-0.028502927891458883,-4.594746669738285,0.09957021351557556,18.178172073458853,18.961595051023046,56.82806695802821,54.3005683509345,0.783422977564193,-2.5274986070937118,True,False,0.20597509820488347,0.016907465652705275,0.0820849986238988,0.1545060633223863,0.016984388653579832,0.10992700408229854,-4.586359164290872,-1.8675219386093047,-4.075460671330298,0.2920612672790073,-0.28752193860930464,-0.18119167095193855,0.006189890635969947,0.2920612672790073,0.28752193860930464,0.18119167095193855,0.006189890635969947,False,False,ictal_scale,high,low,low,-0.1479047071806657,0.3212169435989113,0.11817471508286163,0.11120855311584163,0.20597509820488347,1200,500,10,54.07384133338928
-1.58,-2.5,0.22,0.004,64,1376922802,True,,60,-0.11,-0.045827013591025284,0.2880066594566517,-1.5924624053052177,-3.8607629107318404,0.008305030596598,-0.04048108251830285,0.3187927304664451,-2.545707656524505,0.012600525636160478,14.62190009763987,20.0929986783391,49.71552300639024,56.563375605566605,5.4710985806992305,6.847852599176363,True,True,0.20597509820488347,0.016907465652705275,0.0820849986238988,0.20342408196420883,0.004282470072833762,0.021051932649681238,-4.7908938518059045,-1.5924624053052177,-5.453225316037058,-1.3607629107318404,-0.012462405305217583,0.06800665945665171,0.004305030596598,1.3607629107318404,0.012462405305217583,0.06800665945665171,0.004305030596598,False,False,ictal_scale,high,low,low,-0.07618717069752702,0.3271536607965187,0.11981101857436306,0.11180503455259684,0.20597509820488347,1200,500,10,70.48396301269531
-1.58,-2.5,0.22,0.004,65,258922713,True,,60,-0.11,-0.030736383006568203,0.3009047231436036,-1.6816126703860472,-2.7203028962225018,0.011294149415774469,-0.014236066251219136,0.444747479906802,-2.2834483883421957,0.013235307397598279,19.836377793790888,22.129380991209544,60.14447839869228,60.63614023130749,2.293003197418656,0.4916618326152147,True,True,0.20597509820488347,0.016907465652705275,0.0820849986238988,0.1860736584692337,0.012253844351539832,0.0658548042337005,-4.483470438159497,-1.6816126703860472,-4.401915566608549,-0.22030289622250177,-0.10161267038604715,0.08090472314360361,0.0072941494157744684,0.22030289622250177,0.10161267038604715,0.08090472314360361,0.0072941494157744684,False,False,ictal_scale,high,low,low,-0.02167296620632623,0.36173539167713964,0.11460106784881062,0.10951156095902301,0.20597509820488347,1200,500,10,44.88830018043518
-1.58,-2.5,0.22,0.004,66,1386294844,True,,60,-0.11,-0.09773354942794601,0.2470276736003879,-0.9880192117745537,-4.999991063024593,0.009403031558635574,-0.13227485205429113,0.3240995442019136,-1.9649577132088423,0.012749411903780575,19.448619232888085,29.14622407732143,59.36896127688667,74.66982640353126,9.697604844433346,15.300865126644588,True,True,0.20597509820488347,0.016907465652705275,0.0820849986238988,0.37231343518266574,0.002508650612956894,0.006738007216221169,-4.66672313546231,-0.9880192117745537,-5.988010274799147,-2.499991063024593,0.5919807882254464,0.027027673600387908,0.005403031558635574,2.499991063024593,0.5919807882254464,0.027027673600387908,0.005403031558635574,False,False,ictal_scale,high,low,low,-0.13154817906344266,0.4105657665227948,0.1164021686319842,0.12844632658459584,0.20597509820488347,1200,500,10,66.83410882949829
-1.58,-2.5,0.22,0.004,67,150211785,True,,60,-0.11,-0.10369020043741946,0.31383511679258635,-1.6612709244425214,-2.71863796951547,0.013470291644536638,-0.10345555999266588,0.38988747064163504,-2.2818832926877413,0.011751115909253243,18.9385896615804,20.53859172407076,58.348902134271306,57.454561697029916,1.6000020624903577,-0.8943404372413895,True,False,0.20597509820488347,0.016907465652705275,0.0820849986238988,0.1898974813200922,0.012526499808906851,0.06596453898086262,-4.307268637380991,-1.6612709244425214,-4.3799088939579915,-0.21863796951546988,-0.08127092444252138,0.09383511679258635,0.009470291644536638,0.21863796951546988,0.08127092444252138,0.09383511679258635,0.009470291644536638,False,False,ictal_scale,high,low,low,-0.11058507812819188,0.3554091374965233,0.1146078646164411,0.11458692765204129,0.20597509820488347,1200,500,10,43.107611417770386
-1.58,-2.5,0.22,0.004,68,1495005772,True,,60,-0.11,-0.033765263229198324,0.3120851298137393,-1.6382149643313366,-2.566200542371843,0.016347808186027837,-0.05111928628188875,0.3587065004321435,-2.2994007076929157,0.012697793259003883,20.693050481629868,23.05052276044992,61.85782377437024,62.478423769788236,2.357472278820051,0.6205999954179973,True,True,0.20597509820488347,0.016907465652705275,0.0820849986238988,0.1943266128137378,0.014929509717717223,0.07682689211501449,-4.113661446525608,-1.6382149643313366,-4.20441550670318,-0.06620054237184281,-0.05821496433133655,0.09208512981373931,0.012347808186027837,0.06620054237184281,0.05821496433133655,0.09208512981373931,0.012347808186027837,False,False,ictal_scale,high,low,low,-0.05108692499133036,0.36682729621947063,0.11432836168076467,0.11317654091103538,0.20597509820488347,1200,500,10,60.39080476760864
-1.58,-2.5,0.22,0.004,69,140839743,True,,60,-0.11,-0.09780367708667193,0.22374838316555554,-0.9209634563751361,-4.999899910306861,0.012253241158391532,-0.10718871304427513,0.37190215721657627,-2.012906774769285,0.02018930616648914,20.645199720348337,31.53278371021046,61.76212225180718,79.44294566930932,10.887583989862122,17.680823417502147,True,True,0.20597509820488347,0.016907465652705275,0.0820849986238988,0.39813527027667006,0.0026828828650754225,0.006738621431884314,-4.401964792629177,-0.9209634563751361,-5.920863366681997,-2.499899910306861,0.659036543624864,0.0037483831655555355,0.008253241158391532,2.499899910306861,0.659036543624864,0.0037483831655555355,0.008253241158391532,False,False,ictal_scale,high,low,low,-0.13656038858711037,0.4102696175800137,0.11281299860019894,0.11401903675758038,0.20597509820488347,1200,500,10,58.09082746505737
-1.58,-2.5,0.22,0.004,70,1504377814,True,,60,-0.11,-0.13285632178981538,0.28208064878485417,-1.8835160686828931,-3.335327329350742,0.008538845529466477,-0.07095652237288289,0.41761664651840974,-2.585918663695862,0.009369712065688816,11.079844786917958,13.724779434703649,42.631412384946415,43.8269371182957,2.644934647785691,1.1955247333492878,True,True,0.20597509820488347,0.016907465652705275,0.0820849986238988,0.15205453057603766,0.005413586872104255,0.035602930419735765,-4.763129464223049,-1.8835160686828931,-5.218843398033635,-0.8353273293507422,-0.30351606868289305,0.06208064878485417,0.004538845529466477,0.8353273293507422,0.30351606868289305,0.06208064878485417,0.004538845529466477,False,False,ictal_scale,high,low,low,-0.06974368218837594,0.30435915544238196,0.12230060180337397,0.11621601142492458,0.20597509820488347,1200,500,10,60.89914083480835
-1.58,-2.5,0.22,0.004,71,1002111720,True,,60,-0.11,-0.06310033950095406,0.3041410746531661,-1.0858087045813725,-4.954804443435137,0.00560887177553557,-0.0015538339676370422,0.2901576124919949,-2.3222947216448167,0.013478082621429304,14.011250804975935,23.012574665357693,48.49422442106237,62.402527579603785,9.001323860381758,13.908303158541415,True,True,0.20597509820488347,0.016907465652705275,0.0820849986238988,0.337628633637034,0.0023800991130754233,0.00704945871277653,-5.183405689202966,-1.0858087045813725,-6.04061314801651,-2.454804443435137,0.4941912954186276,0.08414107465316609,0.0016088717755355702,2.454804443435137,0.4941912954186276,0.08414107465316609,0.0016088717755355702,False,False,ictal_scale,high,low,low,-0.005668885523619175,0.3570339986198793,0.1132970520203325,0.11291679435370627,0.20597509820488347,1200,500,10,65.85010290145874
-1.58,-2.5,0.22,0.004,72,1613088742,True,,60,-0.11,-0.19525986716982885,0.14879733344333398,-2.2745539051057264,-0.8192822980266543,0.007502851495481794,-0.15478826129929282,0.3837786902025621,-2.454565365175688,0.009700190016725688,13.849279752810514,15.238396664479444,48.17028231673153,46.85417157784729,1.3891169116689301,-1.316110738884241,True,False,0.20597509820488347,0.016907465652705275,0.0820849986238988,0.10284277584113362,0.045327734050597805,0.4407478666330226,-4.892472131299776,-2.2745539051057264,-3.0938362031323807,1.6807177019733457,-0.6945539051057263,-0.07120266655666602,0.003502851495481794,1.6807177019733457,0.6945539051057263,0.07120266655666602,0.003502851495481794,False,False,ictal_scale,high,low,low,-0.20532293595324322,0.30884430813532265,0.124737648475062,0.12795119948337685,0.20597509820488347,1200,500,10,56.199042558670044
-1.58,-2.5,0.22,0.004,73,1011483762,True,,60,-0.11,-0.0994005195479398,0.2963506851982851,-1.4103122052870085,-4.9935755155243795,0.012153090111589299,-0.1409127346016133,0.3247610192969998,-2.490927201346503,0.013581496869312846,14.30052171662906,18.91952088020479,49.07276624436862,54.21642000929798,4.6189991635757295,5.143653764929354,True,True,0.20597509820488347,0.016907465652705275,0.0820849986238988,0.24406707222699509,0.001655110142825476,0.006781374184249394,-4.4101718113600565,-1.4103122052870085,-6.4038877208113885,-2.4935755155243795,0.16968779471299156,0.07635068519828511,0.008153090111589299,2.4935755155243795,0.16968779471299156,0.07635068519828511,0.008153090111589299,False,False,ictal_scale,high,low,low,-0.19849690048585714,0.3266472860923236,0.11737254150438445,0.11996898247055873,0.20597509820488347,1200,500,10,71.98971343040466
-1.58,-2.5,0.22,0.004,74,1622460784,True,,60,-0.11,-0.0760954063026548,0.13209972775247683,-0.934666419951188,-4.932303948629253,0.011595353821643431,-0.02970243516439948,0.1850541826128482,-1.8314873858369074,0.004213941914560557,22.951886521019453,32.774766645447095,66.3754958531494,81.9269115397826,9.822880124427641,15.551415686633192,True,True,0.20597509820488347,0.016907465652705275,0.0820849986238988,0.3927168461887577,0.0028314385679609924,0.00720987295411329,-4.457150793721377,-0.934666419951188,-5.866970368580441,-2.4323039486292526,0.645333580048812,-0.08790027224752317,0.007595353821643431,2.4323039486292526,0.645333580048812,0.08790027224752317,0.007595353821643431,False,False,ictal_scale,high,low,low,-0.039303256611439755,0.4112804561823999,0.11564083302550215,0.11294009180739278,0.20597509820488347,1200,500,10,68.44107460975647
-1.58,-2.5,0.22,0.004,75,1120194690,True,,60,-0.11,-0.04074379525126729,0.1914154041458961,-1.1952164246669112,-4.985483753137092,0.00865579728092375,-0.07685795231757929,0.3032479198047567,-2.409875455356477,0.019557445107454996,15.641301608786065,19.825373825451457,51.754326028682634,56.02812589979132,4.184072216665392,4.273799871108686,True,True,0.20597509820488347,0.016907465652705275,0.0820849986238988,0.30263844866844647,0.0020689786944057716,0.006836470063565607,-4.749525976638879,-1.1952164246669112,-6.1807001778040025,-2.4854837531370917,0.3847835753330888,-0.02858459585410389,0.004655797280923749,2.4854837531370917,0.3847835753330888,0.02858459585410389,0.004655797280923749,False,False,ictal_scale,high,low,low,-0.0829578077586499,0.3334306708797966,0.11670915652418067,0.12001078503418852,0.20597509820488347,1200,500,10,61.036335706710815
-1.58,-2.5,0.22,0.004,76,1529555051,True,,60,-0.11,-0.05455560517183581,0.2813448568887219,-1.3136120801657578,-3.9326500871068455,0.01341253868166299,-0.030594866072063652,0.4257412215035863,-2.2647367163313987,0.013618872943865752,19.73476062596859,22.49617259552057,59.941244063047684,61.369723439929544,2.761411969551979,1.4284793768818602,True,True,0.20597509820488347,0.016907465652705275,0.0820849986238988,0.26884720278104385,0.005267169448479684,0.0195916840271885,-4.31156528702851,-1.3136120801657578,-5.2462621672726035,-1.4326500871068455,0.26638791983424226,0.061344856888721905,0.00941253868166299,1.4326500871068455,0.26638791983424226,0.061344856888721905,0.00941253868166299,False,False,ictal_scale,high,low,low,-0.04345871649882652,0.36804352048817157,0.11324156555271198,0.10623637344823153,0.20597509820488347,1200,500,10,46.35861015319824
-1.58,-2.5,0.22,0.004,77,1129566732,True,,60,-0.11,-0.1373558084946449,0.2565935587089615,-1.622106179425544,-3.06870758215197,0.008466528762932002,-0.10424152901122336,0.3834053337792889,-2.6796418064914764,0.033546220809606904,18.99279489485165,21.105394034214335,58.4573126008138,58.588166317317075,2.112599139362686,0.1308537165032746,True,True,0.20597509820488347,0.016907465652705275,0.0820849986238988,0.19748232754576442,0.009179213424949212,0.04648118917284905,-4.771634681601081,-1.622106179425544,-4.690813761577514,-0.56870758215197,-0.042106179425543955,0.0365935587089615,0.004466528762932001,0.56870758215197,0.042106179425543955,0.0365935587089615,0.004466528762932001,False,False,ictal_scale,high,low,low,-0.08667560303074466,0.34138349071237,0.1243259156085193,0.1292137271919105,0.20597509820488347,1200,500,10,50.48326277732849
-1.58,-2.5,0.22,0.004,78,1520183009,True,,60,-0.11,-0.08287322034616001,0.23138903320145296,-1.6856065919669843,-3.4062551590341354,0.006780735229489637,-0.12606820453541712,0.3679475091188998,-3.170291555126054,0.05650378511146884,15.27115462059685,17.253589524264296,51.0140320523042,50.88455729741699,1.9824349036674462,-0.12947475488721238,True,False,0.20597509820488347,0.016907465652705275,0.0820849986238988,0.18533197696382006,0.00614656585306719,0.033165166388243426,-4.99366974198145,-1.6856065919669843,-5.09186175100112,-0.9062551590341354,-0.10560659196698419,0.011389033201452958,0.002780735229489637,0.9062551590341354,0.10560659196698419,0.011389033201452958,0.002780735229489637,False,False,ictal_scale,high,low,low,-0.12147012159121642,0.323000141501294,0.11649749106941333,0.11956037100538082,0.20597509820488347,1200,500,10,57.45899796485901
-1.58,-2.5,0.22,0.004,79,1238277660,True,,60,-0.11,-0.07408781701440013,0.16837896737146468,-1.5835882313710163,-3.9240740257415285,0.01065253009161344,-0.05575572429816348,0.3833538175760335,-2.424664635288842,0.02162534111395936,14.838824389733873,18.763626525223508,50.14937159057825,53.90463129933542,3.924802135489635,3.7552597087571726,True,True,0.20597509820488347,0.016907465652705275,0.0820849986238988,0.20523733631761237,0.004055577206672668,0.019760426048389703,-4.541957847753696,-1.5835882313710163,-5.507662257112544,-1.4240740257415285,-0.0035882313710162705,-0.05162103262853532,0.006652530091613439,1.4240740257415285,0.0035882313710162705,0.05162103262853532,0.006652530091613439,False,False,ictal_scale,high,low,low,-0.055930181214510634,0.32573139908613097,0.123792169031717,0.13038117467228785,0.20597509820488347,1200,500,10,44.257556438446045
-1.58,-2.5,0.22,0.004,80,1411472081,True,,60,-0.11,-0.06876857659017778,0.22677227271028202,-1.9238673996062599,-2.1920928935341637,0.009045663248660702,-0.0791085215568536,0.3831997359759872,-2.5181796765787774,0.017506655741874856,15.662475524470873,18.004394889453252,51.79667386005225,52.38616802779491,2.3419193649823793,0.5894941677426573,True,True,0.20597509820488347,0.016907465652705275,0.0820849986238988,0.1460410693947313,0.01631027024603426,0.1116827637159351,-4.705469835165873,-1.9238673996062599,-4.115960293140423,0.3079071064658363,-0.3438673996062598,0.0067722727102820235,0.005045663248660702,0.3079071064658363,0.3438673996062598,0.0067722727102820235,0.005045663248660702,False,False,ictal_scale,high,low,low,-0.10695810366835642,0.3243443569376183,0.12289952727932947,0.12294658160829278,0.20597509820488347,1200,500,10,62.549925327301025
-1.58,-2.5,0.22,0.004,81,1346988588,True,,60,-0.11,-0.16946987912337655,0.2586697105979287,-1.2992773970027964,-4.661883977746507,0.009046106942046996,-0.22630822346262688,0.38683857658616116,-2.2870309723016886,0.008335832686116878,14.712503434655408,21.444407863171314,49.896729680421316,59.26619397523103,6.7319044285159055,9.369464294809717,True,True,0.20597509820488347,0.016907465652705275,0.0820849986238988,0.27272879649356524,0.002576917466615506,0.009448644586661047,-4.705420785970388,-1.2992773970027964,-5.961161374749304,-2.1618839777465073,0.28072260299720364,0.0386697105979287,0.005046106942046996,2.1618839777465073,0.28072260299720364,0.0386697105979287,0.005046106942046996,False,False,ictal_scale,high,low,low,-0.22236608429198082,0.3411107199815925,0.11730287050871557,0.122844664643799,0.20597509820488347,1200,500,10,68.20809483528137
-1.58,-2.5,0.22,0.004,82,1402100039,True,,60,-0.11,-0.08121043898852134,0.1802973006098081,-1.8097630577083472,-2.7564209188776907,0.01307487840503119,-0.06342414400778915,0.2441000032372198,-2.737211858335689,0.040226730990783,17.546651814532545,18.063214887141264,55.56502644017559,52.50380802317093,0.5165630726087187,-3.0612184170046604,True,False,0.20597509820488347,0.016907465652705275,0.0820849986238988,0.163692917983186,0.010397561446923331,0.06351870059516766,-4.337062568880803,-1.8097630577083472,-4.5661839765860375,-0.2564209188776907,-0.22976305770834715,-0.039702699390191915,0.00907487840503119,0.2564209188776907,0.22976305770834715,0.039702699390191915,0.00907487840503119,False,False,ictal_scale,high,low,low,-0.05611287173899394,0.32724804053352013,0.11959336661522242,0.12156568370600361,0.20597509820488347,1200,500,10,57.69852566719055
-1.58,-2.5,0.22,0.004,83,1904366133,True,,60,-0.11,-0.14122557040452247,0.22128479696467976,-2.3217662692079344,-0.8668164854174556,0.015078241110123356,-0.09962075712428602,0.4100005621828463,-2.3682004038035016,0.011305192967244356,15.985125653307582,17.592673567196808,52.441974117725664,51.562725383282014,1.607547913889226,-0.8792487344436495,True,False,0.20597509820488347,0.016907465652705275,0.0820849986238988,0.09810016119833548,0.0412302629508507,0.4202874128564661,-4.194502560464706,-2.3217662692079344,-3.18858275462539,1.6331835145825444,-0.7417662692079343,0.0012847969646797575,0.011078241110123356,1.6331835145825444,0.7417662692079343,0.0012847969646797575,0.011078241110123356,False,False,ictal_scale,high,low,low,-0.14943303988121387,0.3244666189854519,0.1184131530950435,0.11642543383967449,0.20597509820488347,1200,500,10,56.37033796310425
-1.58,-2.5,0.22,0.004,84,1293389111,True,,60,-0.11,-0.17604824154670082,0.31123138877681417,-1.2915420025069186,-3.039535269915118,0.009990240958580109,-0.14297298691099908,0.3536789506404105,-2.1860649127309113,0.006826523550871964,22.62216158276795,24.205736389715316,65.7160459766464,64.78885102831903,1.5835748069473645,-0.9271949483273687,True,False,0.20597509820488347,0.016907465652705275,0.0820849986238988,0.2748466419495398,0.013153370092133835,0.04785712497280106,-4.606146566634568,-1.2915420025069186,-4.3310772724220366,-0.5395352699151181,0.28845799749308143,0.09123138877681417,0.0059902409585801085,0.5395352699151181,0.28845799749308143,0.09123138877681417,0.0059902409585801085,False,False,ictal_scale,high,low,low,-0.15723070796087765,0.37970208774278097,0.10288597747953124,0.0957131870853101,0.20597509820488347,1200,500,10,49.30148983001709
-1.58,-2.5,0.22,0.004,85,1795655205,True,,60,-0.11,-0.18771873023826396,0.32330562998890716,-1.9973136279737935,-2.283625449022388,0.00903794313010188,-0.2186202690509181,0.37630767183982694,-2.540965553028328,0.014576941336631203,15.381078796122733,16.212081106158394,51.23388040335597,48.80154046120519,0.8310023100356609,-2.432339942150776,True,False,0.20597509820488347,0.016907465652705275,0.0820849986238988,0.1356993329231721,0.013829668862721797,0.10191405193238236,-4.706323660322883,-1.9973136279737935,-4.280939076996182,0.21637455097761205,-0.41731362797379346,0.10330562998890716,0.00503794313010188,0.21637455097761205,0.41731362797379346,0.10330562998890716,0.00503794313010188,False,False,ictal_scale,high,low,low,-0.2116809110917662,0.30983241232918435,0.12420090558014452,0.12767454960931557,0.20597509820488347,1200,500,10,64.44832253456116
-1.58,-2.5,0.22,0.004,86,863466578,True,,60,-0.11,-0.10175347186436685,0.21749577130691902,-1.358074959607836,-3.9526327179973295,0.010726254666779244,-0.08037960633497335,0.34481259949336335,-2.503822953204333,0.03984699632445645,19.078724902049366,23.723054940501783,58.629172615209235,63.82348812989197,4.644330038452416,5.194315514682735,True,True,0.20597509820488347,0.016907465652705275,0.0820849986238988,0.25715533518583533,0.0049384306640007,0.019204076246102007,-4.535060835762815,-1.358074959607836,-5.310707677605166,-1.4526327179973295,0.22192504039216399,-0.0025042286930809787,0.006726254666779244,1.4526327179973295,0.22192504039216399,0.0025042286930809787,0.006726254666779244,False,False,ictal_scale,high,low,low,-0.0765784284516779,0.3582167732958128,0.11676291082000416,0.11086342881787815,0.20597509820488347,1200,500,10,64.90948486328125
-1.58,-2.5,0.22,0.004,87,1786283163,True,,60,-0.11,-0.17782519155499932,0.2645958941009523,-1.3709598984241977,-3.108141931852427,0.011427134640305524,-0.12247185150846834,0.36877620065493083,-2.5902765659668847,0.06437263183237107,23.226592474709545,25.277152238379486,66.92490776052959,66.93168272564738,2.0505597636699413,0.006774965117784859,True,True,0.20597509820488347,0.016907465652705275,0.0820849986238988,0.25386315971300877,0.011343597055976713,0.04468390399300393,-4.471764520240128,-1.3709598984241977,-4.479101830276624,-0.608141931852427,0.20904010157580233,0.0445958941009523,0.007427134640305524,0.608141931852427,0.20904010157580233,0.0445958941009523,0.007427134640305524,False,False,ictal_scale,high,low,low,-0.1512023744895991,0.3747371001704586,0.11128191176957218,0.10750768629785157,0.20597509820488347,1200,500,10,47.69764757156372
-1.58,-2.5,0.22,0.004,88,1175306141,True,,60,-0.11,-0.04756242411578403,0.16938658321122504,-1.2734289730747046,-3.5624429344346527,0.012653466442818891,-0.11058853950205466,0.10889738360413208,-2.0695697175362335,0.017085186125357008,24.386302852304226,27.829002512267085,69.24432851571896,72.03538327342257,3.4426996599628588,2.7910547577036056,True,True,0.20597509820488347,0.016907465652705275,0.0820849986238988,0.27987030681226044,0.007939762567487142,0.02836943532138695,-4.369824074246869,-1.2734289730747046,-4.8358719075093575,-1.0624429344346527,0.3065710269252955,-0.050613416788774956,0.008653466442818891,1.0624429344346527,0.3065710269252955,0.050613416788774956,0.008653466442818891,False,False,ictal_scale,high,low,low,-0.11461916597461333,0.3703159792643303,0.11422451159588452,0.11229617484506739,0.20597509820488347,1200,500,10,47.54907536506653
-1.58,-2.5,0.22,0.004,89,1677572235,True,,60,-0.11,-0.04826370983511584,0.3169201384063732,-1.4605088261414039,-4.381103459446544,0.008556158830664592,-0.031089612109354743,0.3958377835473098,-2.5127219272688732,0.01251648536397476,13.271531125784653,17.33149789724404,47.014785062679806,51.04037404337649,4.059966771459388,4.025588980696682,True,True,0.20597509820488347,0.016907465652705275,0.0820849986238988,0.23211813690055083,0.0029041565194553617,0.012511545018559342,-4.761103924275492,-1.4605088261414039,-5.841612285587948,-1.8811034594465443,0.1194911738585962,0.09692013840637317,0.004556158830664592,1.8811034594465443,0.1194911738585962,0.09692013840637317,0.004556158830664592,False,False,ictal_scale,high,low,low,-0.018626966630942175,0.33106369083015963,0.11661699616706601,0.12049075054208133,0.20597509820488347,1200,500,10,42.556596755981445
-1.58,-2.5,0.22,0.004,90,2015790083,True,,60,-0.11,-0.07095066579744505,0.030260099656966705,-2.1269239876170953,-1.598327183940922,0.007411791837760491,-0.06545182205345093,0.10093162045147729,-3.4500304643154367,0.06012339201578984,13.767376210391626,13.998436182525626,48.00647523189376,44.37425061393965,0.2310599721340001,-3.6322246179541082,True,False,0.20597509820488347,0.016907465652705275,0.0820849986238988,0.11920340162720348,0.02410704466236376,0.20223453637469252,-4.90468305544335,-2.1269239876170953,-3.7252511715580177,0.9016728160590779,-0.5469239876170953,-0.18973990034303329,0.003411791837760491,0.9016728160590779,0.5469239876170953,0.18973990034303329,0.003411791837760491,False,False,ictal_scale,high,low,low,-0.06579074337909421,0.2926340444789865,0.12212345801145459,0.1147130952479469,0.20597509820488347,1200,500,10,56.44805645942688
-1.58,-2.5,0.22,0.004,91,1668200193,True,,60,-0.11,-0.14745379279105017,0.2101606427320546,-1.1557947553271746,-4.6391987862298745,0.011147580767250989,-0.052603342023245826,0.5334737630294483,-3.0126370768219854,0.07138337204342676,20.241167417446487,24.452873789475984,60.95405764600348,65.28312582784037,4.2117063720294965,4.329068181836888,True,True,0.20597509820488347,0.016907465652705275,0.0820849986238988,0.3148072427220844,0.0030427500780543246,0.009665438608540846,-4.496532776164737,-1.1557947553271746,-5.794993541557049,-2.1391987862298745,0.4242052446728255,-0.009839357267945409,0.007147580767250989,2.1391987862298745,0.4242052446728255,0.009839357267945409,0.007147580767250989,False,False,ictal_scale,high,low,low,-0.08202253723815331,0.3822776606675925,0.11402317137577503,0.11720327714757356,0.20597509820488347,1200,500,10,58.31974530220032
-1.58,-2.5,0.22,0.004,92,2124501011,True,,60,-0.11,-0.12793678779092232,0.11552996577230534,-1.9516636246045769,-3.2300613136918668,0.008816637649420684,-0.10730716312602914,0.3530378487728696,-3.3619855385741912,0.05768824987176896,10.339707645013977,12.809729771657626,41.15113810113846,41.99683779220365,2.4700221266436486,0.8456996910651924,True,True,0.20597509820488347,0.016907465652705275,0.0820849986238988,0.1420375777134862,0.005618306818614369,0.039555073446461086,-4.731114700532373,-1.9516636246045769,-5.181724938296444,-0.7300613136918668,-0.3716636246045768,-0.10447003422769466,0.004816637649420684,0.7300613136918668,0.3716636246045768,0.10447003422769466,0.004816637649420684,False,False,ictal_scale,high,low,low,-0.1228504659254959,0.29144163708764725,0.12476970485718461,0.12711153853238621,0.20597509820488347,1200,500,10,56.77826523780823
-1.58,-2.5,0.22,0.004,93,1559489265,True,,60,-0.11,-0.12614453668017817,0.22859190993311643,-1.407339219045233,-4.609142305356472,0.01322193385530328,-0.08306108782019675,0.3556587124850383,-2.0873081863661866,0.008195844512826529,17.30340140277112,25.669463901175146,55.07852561665274,67.71630605123869,8.366062498404027,12.637780434585949,True,True,0.20597509820488347,0.016907465652705275,0.0820849986238988,0.24479375995586178,0.0024382333851151014,0.009960357590629493,-4.325878172707429,-1.407339219045233,-6.016481524401705,-2.109142305356472,0.1726607809547671,0.008591909933116426,0.00922193385530328,2.109142305356472,0.1726607809547671,0.008591909933116426,0.00922193385530328,False,False,ictal_scale,high,low,low,-0.12823598365096026,0.3719464349970017,0.12191118625684806,0.13276739536928533,0.20597509820488347,1200,500,10,58.97549915313721
-1.58,-2.5,0.22,0.004,94,13610598,True,,60,-0.11,-0.11900054287135431,0.1093200457264366,-1.2560359114297532,-4.708253687579505,0.013454836203263567,-0.11857161290265354,0.2416839801538035,-3.0103114497134804,0.08224305620532524,18.590842209616728,23.782916638221792,57.65340723034396,63.94321152533199,5.192074428605064,6.289804294988031,True,True,0.20597509820488347,0.016907465652705275,0.0820849986238988,0.28478068780135424,0.0025688688863260713,0.009020516475885329,-4.308416668547856,-1.2560359114297532,-5.964289599009259,-2.2082536875795054,0.32396408857024683,-0.1106799542735634,0.009454836203263567,2.2082536875795054,0.32396408857024683,0.1106799542735634,0.009454836203263567,False,False,ictal_scale,high,low,low,-0.14216102822861917,0.359755034652103,0.11433792453937082,0.10883950741052842,0.20597509820488347,1200,500,10,63.042768716812134
-1.58,-2.5,0.22,0.004,95,1550117223,True,,60,-0.11,-0.018595839357343755,-0.02286226564065387,-1.7056740949798712,-3.461463442844628,0.009354068353318826,-7.427311559543759e-06,-0.43281859005305784,-5.0220408168903425,0.09294279513501548,15.73126306624514,16.72281346707817,51.93424894360078,49.82300518304474,0.9915504008330291,-2.111243760556036,True,False,0.20597509820488347,0.016907465652705275,0.0820849986238988,0.18164989561214273,0.0057008639934821624,0.031383799997631696,-4.671943912315915,-1.7056740949798712,-5.167137537824499,-0.9614634428446278,-0.12567409497987114,-0.24286226564065388,0.005354068353318826,0.9614634428446278,0.12567409497987114,0.24286226564065388,0.005354068353318826,False,False,ictal_scale,high,low,low,0.0013476865565646946,0.3130665666205554,0.1208210009517064,0.12109011120588808,0.20597509820488347,1200,500,10,62.460575103759766
-1.58,-2.5,0.22,0.004,96,95100334,True,,60,-0.11,-0.11609655234649092,0.12306615730907412,-1.5267446709452717,-4.062287030511021,0.010724166663005042,-0.11522900504582811,0.06076566739686611,-2.288617149094353,0.006622192084870482,16.196262628096544,20.309043112956196,52.86424806730359,56.9954644748008,4.112780484859652,4.131216407497206,True,True,0.20597509820488347,0.016907465652705275,0.0820849986238988,0.2172417107435427,0.0037386462382803754,0.01720961515854525,-4.535255517606,-1.5267446709452717,-5.5890317014562925,-1.5622870305110208,0.053255329054728406,-0.09693384269092588,0.006724166663005042,1.5622870305110208,0.053255329054728406,0.09693384269092588,0.006724166663005042,False,False,ictal_scale,high,low,low,-0.13937205138427672,0.33283007979047535,0.12358307945127626,0.11958760643358994,0.20597509820488347,1200,500,10,58.54944467544556
-1.58,-2.5,0.22,0.004,97,1740317887,True,,60,-0.11,-0.1766507299360889,0.32587505265350114,-1.4217981458093294,-4.9999996932551625,0.008120189114843936,-0.1951266981415425,0.2513744221330587,-2.3531955578807278,0.004732614279544605,14.997398038809038,29.666026040397192,50.46651888872858,75.70943032968279,14.668628001588154,25.24291144095421,True,True,0.20597509820488347,0.016907465652705275,0.0820849986238988,0.2412797703867733,0.0016257308035020437,0.006737949065916241,-4.813401835074347,-1.4217981458093294,-6.421797839064492,-2.4999996932551625,0.15820185419067068,0.10587505265350114,0.004120189114843936,2.4999996932551625,0.15820185419067068,0.10587505265350114,0.004120189114843936,False,False,ictal_scale,high,low,low,-0.2058089583878307,0.349394178956033,0.11872888853424507,0.11350843452864996,0.20597509820488347,1200,500,10,73.56944155693054
-1.58,-2.5,0.22,0.004,98,2043011275,True,,60,-0.11,-0.1145630617347865,0.1945697394339224,-1.3599286945225901,-3.519195644930746,0.009856215474771623,-0.02267869854092687,0.39011579860775913,-2.218688543965288,0.013053404872358376,19.508229450625244,23.89706727552108,59.48818171236099,64.17151279993057,4.3888378248958375,4.683331087569577,True,True,0.20597509820488347,0.016907465652705275,0.0820849986238988,0.2566790789252966,0.007603669346508814,0.029623253201410186,-4.6196530101357505,-1.3599286945225901,-4.879124339453336,-1.019195644930746,0.22007130547740994,-0.02543026056607761,0.005856215474771623,1.019195644930746,0.22007130547740994,0.02543026056607761,0.005856215474771623,False,False,ictal_scale,high,low,low,-0.03655062306016832,0.3741835835723544,0.11385989421191074,0.11183923179378341,0.20597509820488347,1200,500,10,48.139408826828
-1.58,-2.5,0.22,0.004,99,1749689929,True,,60,-0.11,-0.12256420098706178,0.31368606892817935,-2.509024820331904,-1.4051007546478949,0.008045195061489907,-0.12322579759480246,0.37529402546748064,-3.085881363248796,0.021023840857424567,5.522382635120843,5.808922222586515,31.51648808135219,27.995222694061432,0.286539587465672,-3.5212653872907573,True,False,0.20597509820488347,0.016907465652705275,0.0820849986238988,0.08134752903007297,0.019957992785986964,0.24534233582692835,-4.8226802525309305,-2.509024820331904,-3.9141255749797987,1.0948992453521051,-0.9290248203319038,0.09368606892817935,0.004045195061489907,1.0948992453521051,0.9290248203319038,0.09368606892817935,0.004045195061489907,False,False,ictal_scale,high,low,low,-0.1352558924004756,0.2789833410102141,0.12528029985314643,0.12123641014270858,0.20597509820488347,1200,500,10,45.292776107788086
-1.58,-0.06,0.22,0.004,0,1480817471,True,,60,-0.11,-0.09177337876273499,0.3426958991401824,-1.8284162685926866,0.22493999669247305,0.021465982633950463,-0.09952604142141813,0.2781502236796078,-1.6723738078407409,0.019481438050518444,37.41049012761316,37.8538089513242,95.29270306633683,92.0849961515368,0.4433188237110386,-3.2077069148000277,True,False,0.20597509820488347,0.19398004229089186,0.9417645335842487,0.16066782106193203,0.2011958892958888,1.2522475749411859,-3.8412857999257186,-1.8284162685926866,-1.6034762719002136,0.28493999669247305,-0.2484162685926865,0.12269589914018239,0.017465982633950463,0.28493999669247305,0.2484162685926865,0.12269589914018239,0.017465982633950463,False,False,ictal_scale,high,low,low,-0.10635505891669773,0.4683622756058144,0.2013186898615572,0.20208709838151184,0.20597509820488347,1200,500,10,44.285831689834595
-1.58,-0.06,0.22,0.004,1,55689158,True,,60,-0.11,-0.1933008054739489,0.1585180704796202,-1.7648140427600272,0.5313572536914377,0.02223339098911021,-0.1869361744092946,0.21626580105431906,-1.8057129072120754,0.04263597545008562,40.31506897155275,40.383077766917,101.101860754216,97.1435337827224,0.06800879536424986,-3.958326971493605,True,False,0.20597509820488347,0.19398004229089186,0.9417645335842487,0.17121862286728662,0.29128392824207466,1.7012397563076531,-3.806160021518678,-1.7648140427600272,-1.2334567890685895,0.5913572536914378,-0.1848140427600271,-0.06148192952037981,0.01823339098911021,0.5913572536914378,0.1848140427600271,0.06148192952037981,0.01823339098911021,False,False,ictal_scale,high,low,low,-0.1862924305675522,0.4759537059543711,0.2013296682502662,0.20202061393035106,0.20597509820488347,1200,500,10,45.35662603378296
-1.58,-0.06,0.22,0.004,2,1589528399,True,,60,-0.11,-0.11747177683249782,-0.03453825719101901,-1.9041282011389191,0.14070430368289794,0.02351771720637482,-0.12043452846144219,-0.06938111061732356,-2.261314355771759,0.07900761592198008,34.398808746199464,34.19639984325183,89.26934030350944,84.77017793539207,-0.20240890294763147,-4.499162368117368,False,False,0.20597509820488347,0.19398004229089186,0.9417645335842487,0.14895244260399856,0.17145680714884654,1.1510842262901155,-3.750001218214191,-1.9041282011389191,-1.7634238974560212,0.20070430368289793,-0.32412820113891905,-0.254538257191019,0.01951771720637482,0.20070430368289793,0.32412820113891905,0.254538257191019,0.01951771720637482,False,False,ictal_scale,high,low,low,-0.11834309616207915,0.4309677917500004,0.2016232626462841,0.2018354534007683,0.20597509820488347,1200,500,10,43.059908866882324
-1.58,-0.06,0.22,0.004,3,46317116,True,,60,-0.11,-0.20716880762505885,0.23582130700766862,-0.9610661463885475,-1.7903928553355146,0.01899687619346359,-0.18689312771674477,0.31214603208223335,-1.858949969268571,0.08097721456571608,39.432796370767264,41.236526622581614,99.33731555264504,98.85043149405163,1.8037302518143505,-0.4868840585934038,True,False,0.20597509820488347,0.19398004229089186,0.9417645335842487,0.38248488364128347,0.06383465835508527,0.16689459135580673,-3.9634807242029826,-0.9610661463885475,-2.7514590017240623,-1.7303928553355146,0.6189338536114526,0.015821307007668622,0.014996876193463592,1.7303928553355146,0.6189338536114526,0.015821307007668622,0.014996876193463592,False,False,ictal_scale,high,low,low,-0.23061530081577253,0.4739071961311762,0.20100405238583066,0.20125496004517587,0.20597509820488347,1200,500,10,47.497817039489746
-1.58,-0.06,0.22,0.004,4,548583210,True,,60,-0.11,-0.22575996145760505,0.3093878613793465,-1.5089193965231897,-0.4939261089606187,0.03388991995164674,-0.1553849196766705,0.3104436433430945,-1.6828805973238232,0.03961737113625437,39.88588647559182,40.44503329996505,100.24349576229415,97.2674448488185,0.5591468243732294,-2.976050913475646,True,False,0.20597509820488347,0.19398004229089186,0.9417645335842487,0.22114882307481257,0.13495073332492327,0.6102258716487525,-3.384637655371079,-1.5089193965231897,-2.0028455054838084,-0.43392610896061873,0.07108060347681033,0.08938786137934648,0.029889919951646738,0.43392610896061873,0.07108060347681033,0.08938786137934648,0.029889919951646738,False,False,ictal_scale,high,low,low,-0.23701353649419094,0.4700817131303981,0.201331711125688,0.20255493264577062,0.20597509820488347,1200,500,10,49.93902850151062
-1.58,-0.06,0.22,0.004,5,1096634347,True,,60,-0.11,-0.050907759209620936,0.2931612756365123,-1.3529843335943754,-0.06126991136368323,0.025238943255955444,-0.04660331095343434,0.29164364064334236,-1.354828351496102,0.021933751975531643,46.482859039393574,47.30545470180487,113.43744088989766,110.98828765249814,0.8225956624112953,-2.449153237399514,True,False,0.20597509820488347,0.19398004229089186,0.9417645335842487,0.25846775450838444,0.24310684401819474,0.940569335159789,-3.679367110016215,-1.3529843335943754,-1.4142542449580586,-0.0012699113636832349,0.22701566640562465,0.07316127563651229,0.021238943255955444,0.0012699113636832349,0.22701566640562465,0.07316127563651229,0.021238943255955444,False,False,ictal_scale,high,low,low,-0.07585616282935247,0.5314658766050262,0.20136816321882703,0.2028355023620197,0.20597509820488347,1200,500,10,45.23777532577515
-1.58,-0.06,0.22,0.004,6,1707611369,True,,60,-0.11,0.03197032480727754,0.3119109169401965,-1.180040305389032,-0.7909162647147938,0.022640351387779173,0.0283166808920159,0.3650541053565103,-1.4119014898300002,0.013435777893444445,43.57252999364512,44.53534653505846,107.61678279840075,105.44807131900532,0.9628165414133392,-2.1687114793954265,True,False,0.20597509820488347,0.19398004229089186,0.9417645335842487,0.30726635386161816,0.13932351973863283,0.4534291437629359,-3.7880215051059745,-1.180040305389032,-1.9709565701038259,-0.7309162647147938,0.39995969461096803,0.09191091694019651,0.018640351387779173,0.7309162647147938,0.39995969461096803,0.09191091694019651,0.018640351387779173,False,False,ictal_scale,high,low,low,0.06178463221795472,0.5289344826556612,0.20052813297342398,0.20131942723232188,0.20597509820488347,1200,500,10,45.49622941017151
-1.58,-0.06,0.22,0.004,7,1106006389,True,,60,-0.11,-0.1213931367767571,0.024813005740896267,-2.655906304460871,1.2505636712302595,0.011699184560717602,-0.07254500341274556,0.09216425611708114,-2.2975405018001887,0.004222148950718743,19.46572709688444,19.986602060954297,59.40317700487938,56.350582370797,0.5208749640698578,-3.052594634082382,True,False,0.20597509820488347,0.19398004229089186,0.9417645335842487,0.07023515537673539,0.2452829999467867,3.4923109179599527,-4.448236135272444,-2.655906304460871,-1.4053426332306116,1.3105636712302595,-1.075906304460871,-0.19518699425910374,0.007699184560717602,1.3105636712302595,1.075906304460871,0.19518699425910374,0.007699184560717602,False,False,ictal_scale,high,low,low,-0.09745361691552894,0.35026928357549486,0.2024990384447499,0.2029008518269385,0.20597509820488347,1200,500,10,52.565290451049805
-1.58,-0.06,0.22,0.004,8,430500240,True,,60,-0.11,0.022679197665740305,0.13685247909946352,-0.9456677938280527,-2.0221609527089837,0.019688567926817148,-0.05927287047285663,0.16757660815343622,-1.7472394418875985,0.07718086011483208,39.87014562231002,42.613054467431226,100.21201405573055,101.60348718375086,2.7429088451212067,1.3914731280203085,True,True,0.20597509820488347,0.19398004229089186,0.9417645335842487,0.38842009972948094,0.051414823840375094,0.132369112402225,-3.927717119965609,-0.9456677938280527,-2.9678287465370365,-1.9621609527089836,0.6343322061719474,-0.08314752090053648,0.015688567926817148,1.9621609527089836,0.6343322061719474,0.08314752090053648,0.015688567926817148,False,False,ictal_scale,high,low,low,-0.06964256750414216,0.4912653109458243,0.20143954381515564,0.2029595032136957,0.20597509820488347,1200,500,10,39.549752950668335
-1.58,-0.06,0.22,0.004,9,1214717317,True,,60,-0.11,-0.07163954203250023,0.08837576953706056,-1.7346417231460458,-0.5867892522897239,0.015111378379673317,-0.07605162040858807,0.1104301784865261,-1.910729144011116,0.004319278219380345,30.924400891033617,31.32427661203555,82.32052459317774,79.0259314729595,0.39987572100193347,-3.294593120218238,True,False,0.20597509820488347,0.19398004229089186,0.9417645335842487,0.17646341171805577,0.0981330590863539,0.5561099501076513,-4.192307283848569,-1.7346417231460458,-2.32143097543577,-0.526789252289724,-0.15464172314604574,-0.13162423046293945,0.011111378379673317,0.526789252289724,0.15464172314604574,0.13162423046293945,0.011111378379673317,False,False,ictal_scale,high,low,low,-0.07278734585047088,0.393223443110082,0.202081163530119,0.20260450095456212,0.20597509820488347,1200,500,10,38.35172486305237
-1.58,-0.06,0.22,0.004,10,321789312,True,,60,-0.11,-0.19377004778997725,0.31201187605925146,-2.062777382395563,1.1209784568643861,0.021084697536455244,-0.1646539096759046,0.3132689790808168,-1.6538188499034678,0.02504815164053446,40.02198926187644,40.74891859327904,100.5157013348634,97.87521543544649,0.7269293314026015,-2.640485899416902,True,False,0.20597509820488347,0.19398004229089186,0.9417645335842487,0.12710047260839585,0.3899257566552934,3.0678544985169176,-3.8592077368494992,-2.062777382395563,-0.9417989255311767,1.1809784568643862,-0.4827773823955628,0.09201187605925146,0.017084697536455244,1.1809784568643862,0.4827773823955628,0.09201187605925146,0.017084697536455244,False,False,ictal_scale,high,low,low,-0.14235346820535946,0.49727791329841864,0.20133425387393872,0.201416733081952,0.20597509820488347,1200,500,10,50.49909210205078
-1.58,-0.06,0.22,0.004,11,1224089359,True,,60,-0.11,-0.033366124051488144,0.09197726410974674,-1.5957259719011176,-0.5894948758742483,0.020973431604069528,-0.03169256559534676,0.03309608381299218,-2.1276539791683815,0.0906800827080105,37.170922402868776,37.33304028428596,94.81356761684805,91.04345881746032,0.1621178814171813,-3.770108799387728,True,False,0.20597509820488347,0.19398004229089186,0.9417645335842487,0.20276127606938577,0.11245289593981175,0.5546073595499069,-3.864498803962428,-1.5957259719011176,-2.185220847775366,-0.5294948758742484,-0.015725971901117575,-0.12802273589025326,0.016973431604069528,0.5294948758742484,0.015725971901117575,0.12802273589025326,0.016973431604069528,False,False,ictal_scale,high,low,low,-0.029594865106025527,0.447003912822017,0.20201001809989455,0.2029564627481858,0.20597509820488347,1200,500,10,54.542391300201416
-1.58,-0.06,0.22,0.004,12,721823265,True,,60,-0.11,-0.04451674646723132,0.2777683775851012,-1.0279899157679675,-1.3829895482876242,0.02953710227548683,-0.03878592517158321,0.12415926209953551,-1.223873646651359,0.014434033402943918,44.70225954208824,45.49691729203283,109.876241895287,107.37121283295407,0.7946577499445908,-2.505029062332923,True,False,0.20597509820488347,0.19398004229089186,0.9417645335842487,0.35772529634715766,0.08972736678765347,0.25082756993672806,-3.522108101630038,-1.0279899157679675,-2.4109794640555915,-1.3229895482876242,0.5520100842320326,0.0577683775851012,0.02553710227548683,1.3229895482876242,0.5520100842320326,0.0577683775851012,0.02553710227548683,False,False,ictal_scale,high,low,low,-0.05490914339763328,0.4976698255120801,0.20115301450417228,0.20192903889583408,0.20597509820488347,1200,500,10,52.53851842880249
-1.58,-0.06,0.22,0.004,13,1332800287,True,,60,-0.11,-0.11468410366625745,0.1872067718683352,-1.0135218014320375,-2.8636282799036934,0.014565664841244974,-0.12399032958616509,0.18815284814612027,-1.781720652864593,0.011173559641874296,31.42420707554095,33.17338142189682,83.32013696219241,82.72414109268205,1.749174346355872,-0.5959958695103609,True,False,0.20597509820488347,0.19398004229089186,0.9417645335842487,0.36293852871797944,0.020709762296932048,0.05706134967286574,-4.229088243114399,-1.0135218014320375,-3.877150081335731,-2.8036282799036933,0.5664781985679626,-0.0327932281316648,0.010565664841244974,2.8036282799036933,0.5664781985679626,0.0327932281316648,0.010565664841244974,False,False,ictal_scale,high,low,low,-0.14991008381509782,0.4148850078240706,0.20194965804805615,0.20242636586454615,0.20597509820488347,1200,500,10,51.04963684082031
-1.58,-0.06,0.22,0.004,14,1316949454,True,,60,-0.11,0.026265480771419374,0.2721065928292202,-1.8322759200913497,0.3658630643794951,0.017313148674468065,0.026436154669938046,0.23758621296604157,-1.6774407412037124,0.01873895295133117,37.62684541175854,38.0244511793972,95.72541363462759,92.4262806076828,0.39760576763865885,-3.299133026944787,True,False,0.20597509820488347,0.19398004229089186,0.9417645335842487,0.1600488944544285,0.23075174214307578,1.44175780113732,-4.056289027175176,-1.8322759200913497,-1.4664128557118545,0.4258630643794951,-0.2522759200913496,0.05210659282922017,0.013313148674468065,0.4258630643794951,0.2522759200913496,0.05210659282922017,0.013313148674468065,False,False,ictal_scale,high,low,low,0.020297437650551215,0.46219972858544073,0.2012998993038952,0.2021823473639725,0.20597509820488347,1200,500,10,40.405731201171875
-1.58,-0.06,0.22,0.004,15,1441511215,True,,60,-0.11,-0.17339389974798805,0.07313365441347949,-1.936058642044304,1.1757290342098095,0.027374250460912453,-0.14496206773544876,0.03328797679313011,-1.2779612670132021,0.0021950555348672694,43.88052640031469,45.93280408529809,108.2327756117399,108.24298641948458,2.0522776849833946,0.010210807744684303,True,True,0.20597509820488347,0.19398004229089186,0.9417645335842487,0.1442714561215948,0.46751230589279585,3.2405045215511463,-3.598152471643612,-1.936058642044304,-0.7603296078344945,1.2357290342098095,-0.35605864204430393,-0.1468663455865205,0.023374250460912453,1.2357290342098095,0.35605864204430393,0.1468663455865205,0.023374250460912453,False,False,ictal_scale,high,low,low,-0.1556282823240924,0.5094638446997156,0.20123898130316828,0.20159221144840495,0.20597509820488347,1200,500,10,46.656819581985474
-1.58,-0.06,0.22,0.004,16,839906235,True,,60,-0.11,-0.1406657580700991,0.24348049565084634,-2.433787963960453,1.473591477043577,0.013683417868909746,-0.12481660794467975,0.1963278368370093,-1.780981202291374,0.01083860849980382,31.92518050971275,34.05912231217395,84.322083830536,84.4956228732363,2.133941802461198,0.1735390427002983,True,True,0.20597509820488347,0.19398004229089186,0.9417645335842487,0.08770398304238458,0.3828176599231626,4.364883402594827,-4.291570553775053,-2.433787963960453,-0.960196486916876,1.533591477043577,-0.8537879639604529,0.02348049565084634,0.009683417868909746,1.533591477043577,0.8537879639604529,0.02348049565084634,0.009683417868909746,False,False,ictal_scale,high,low,low,-0.13346219353218747,0.4232553587878997,0.20201736504753928,0.20262394853347804,0.20597509820488347,1200,500,10,42.83625841140747
-1.58,-0.06,0.22,0.004,17,1450883257,True,,60,-0.11,-0.2206593775824206,0.4525848835678298,-1.446345065789349,-1.2098165180514608,0.0209804924894685,-0.12220905388057879,0.43728769507885956,-1.905333297247261,0.025226710103186743,32.10879230804676,33.414136232131455,84.68930742720403,83.20565071315131,1.3053439240846956,-1.4836567140527137,True,False,0.20597509820488347,0.19398004229089186,0.9417645335842487,0.2354291957338666,0.0702172280781531,0.2982519982675722,-3.8641622020536337,-1.446345065789349,-2.65616158384081,-1.1498165180514608,0.133654934210651,0.23258488356782978,0.0169804924894685,1.1498165180514608,0.133654934210651,0.23258488356782978,0.0169804924894685,False,False,ictal_scale,high,low,low,-0.1855961709499697,0.4615266185253508,0.20119572988370762,0.20105498866068242,0.20597509820488347,1200,500,10,46.797515630722046
-1.58,-0.06,0.22,0.004,18,948617163,True,,60,-0.11,-0.1839669315775679,0.17087598439475207,-0.9895718004528997,-2.330321380318537,0.01928113159472878,-0.1618121194716018,0.19967225613871864,-1.7603592998546636,0.018979100318351587,35.84216042066545,39.4361563374754,92.15604365244141,95.24969092383921,3.593995916809952,3.093647271397799,True,True,0.20597509820488347,0.19398004229089186,0.9417645335842487,0.3717358340629117,0.03615669377791029,0.09726448317541325,-3.9486282988494303,-0.9895718004528997,-3.319893180771437,-2.270321380318537,0.5904281995471004,-0.04912401560524793,0.01528113159472878,2.270321380318537,0.5904281995471004,0.04912401560524793,0.01528113159472878,False,False,ictal_scale,high,low,low,-0.13954799109080293,0.46351887804475406,0.2015534320904445,0.20253615725907786,0.20597509820488347,1200,500,10,42.925052642822266
-1.58,-0.06,0.22,0.004,19,1701132578,True,,60,-0.11,-0.11694701085469703,0.21848628922437538,-2.0649259477472968,0.09791479709860004,0.0132420233773612,-0.11493927167226417,0.24777938180374448,-2.0624230982060014,0.014201818000115636,27.758402861659185,27.826207103341666,75.98852853442887,72.02979245557174,0.06780424168248089,-3.958736078857129,True,False,0.20597509820488347,0.19398004229089186,0.9417645335842487,0.12682768209582324,0.1398742952697518,1.1028688134824647,-4.324359917085995,-2.0649259477472968,-1.9670111506486967,0.15791479709860004,-0.4849259477472967,-0.0015137107756246215,0.0092420233773612,0.15791479709860004,0.4849259477472967,0.0015137107756246215,0.0092420233773612,False,False,ictal_scale,high,low,low,-0.1331678921256556,0.3950661418929523,0.20207442738070883,0.20256185408693916,0.20597509820488347,1200,500,10,40.89527249336243
-1.58,-0.06,0.22,0.004,20,957989205,True,,60,-0.11,-0.0769051360798329,0.23047313967800698,-0.9376289928754769,-2.543524300740831,0.01720130586932274,-0.1645033258621184,0.14034387173262053,-1.8163817995994957,0.050801013607051713,36.10001459281237,37.91656828467931,92.67175199673525,92.21051481824702,1.816553691866936,-0.46123717848823276,True,False,0.20597509820488347,0.19398004229089186,0.9417645335842487,0.3915551155988157,0.030771901522653574,0.07858894009236296,-4.062769975409664,-0.9376289928754769,-3.481153293616308,-2.483524300740831,0.6423710071245232,0.010473139678006976,0.013201305869322739,2.483524300740831,0.6423710071245232,0.010473139678006976,0.013201305869322739,False,False,ictal_scale,high,low,low,-0.14769260623036728,0.45344948914981525,0.2016298765297784,0.20198902346019088,0.20597509820488347,1200,500,10,51.15288019180298
-1.58,-0.06,0.22,0.004,21,1691760536,True,,60,-0.11,-0.10505699157345173,-0.03527900616242155,-1.7946558416853302,0.24022485376334912,0.02580565907676339,-0.12099381463673464,-0.1414324498151184,-2.8014751905873014,0.14696764025747777,38.25615978125857,37.91071988020905,96.98404237362763,92.1988180093065,-0.3454399010495166,-4.785224364321124,False,False,0.20597509820488347,0.19398004229089186,0.9417645335842487,0.1661846363304604,0.21130958614582301,1.271535027616097,-3.65716146704636,-1.7946558416853302,-1.554430987921981,0.3002248537633491,-0.21465584168533014,-0.25527900616242155,0.02180565907676339,0.3002248537633491,0.21465584168533014,0.25527900616242155,0.02180565907676339,False,False,ictal_scale,high,low,low,-0.11971488498468684,0.4387112237722993,0.20161229301550515,0.2021386760931064,0.20597509820488347,1200,500,10,46.66850543022156
-1.58,-0.06,0.22,0.004,22,1066700133,True,,60,-0.11,-0.0362433515953171,0.24886626919966603,-2.234880646215321,0.735840276525471,0.016510035819879636,-0.035686526427496104,0.25012867491841034,-2.0152245551240293,0.014939198670406507,28.709297909688637,28.9761025344714,77.89031863048777,74.32958331783121,0.2668046247827647,-3.5607353126565613,True,False,0.20597509820488347,0.19398004229089186,0.9417645335842487,0.10700490053084252,0.22334438538529236,2.087235110516427,-4.103786851465559,-2.234880646215321,-1.4990403696898498,0.7958402765254711,-0.6548806462153207,0.028866269199666034,0.012510035819879636,0.7958402765254711,0.6548806462153207,0.028866269199666034,0.012510035819879636,False,False,ictal_scale,high,low,low,-0.04188910518104958,0.3825089620747549,0.20196781496125185,0.20249844099691125,0.20597509820488347,1200,500,10,43.687034130096436
-1.58,-0.06,0.22,0.004,23,1583049608,True,,60,-0.11,-0.11860040010669176,0.09914683574107278,-1.6191806422662525,-0.48487760655474854,0.018824969239220453,-0.09283663937543614,0.1637050599232791,-2.1136505637550353,0.06734368615112506,35.07537013105879,35.12947390728365,90.62246307322809,86.63632606345571,0.05410377622486351,-3.986137009772378,True,False,0.20597509820488347,0.19398004229089186,0.9417645335842487,0.1980609153607127,0.12196047662562172,0.6157725586772368,-3.972571139336269,-1.6191806422662525,-2.104058248821001,-0.42487760655474854,-0.0391806422662524,-0.12085316425892723,0.014824969239220453,0.42487760655474854,0.0391806422662524,0.12085316425892723,0.014824969239220453,False,False,ictal_scale,high,low,low,-0.10143274304235633,0.43650774451226665,0.20184884396107394,0.20288600724956124,0.20597509820488347,1200,500,10,46.32601356506348
-1.58,-0.06,0.22,0.004,24,1076072175,True,,60,-0.11,-0.16013917691806248,0.17579604856042685,-1.7189392479634404,-0.1341339333933729,0.01793463236125462,-0.0958756971351451,0.2025255484348477,-1.7284602475132795,0.020622577373884867,37.816109971060335,37.9447534356258,96.10394275323117,92.26688512014,0.12864346456546372,-3.837057633091163,True,False,0.20597509820488347,0.19398004229089186,0.9417645335842487,0.17925619347035618,0.1567546897342557,0.8744729356320868,-4.021021666604717,-1.7189392479634404,-1.8530731813568133,-0.0741339333933729,-0.13893924796344037,-0.04420395143957315,0.013934632361254619,0.0741339333933729,0.13893924796344037,0.04420395143957315,0.013934632361254619,False,False,ictal_scale,high,low,low,-0.15008306090114434,0.4567593892606699,0.2016847178636402,0.20280649898564232,0.20597509820488347,1200,500,10,45.548567056655884
-1.58,-0.06,0.22,0.004,25,1573677566,True,,60,-0.11,-0.05491211879108718,0.1936087169253105,-1.6409735836398416,-0.8049682368013088,0.021484885122699342,-0.05288532463340896,0.19132800887733037,-1.8415576313373856,0.022039190053258943,33.36818003002523,33.80188333842948,87.20808287116097,83.98114492574736,0.4337033084042474,-3.22693794541361,True,False,0.20597509820488347,0.19398004229089186,0.9417645335842487,0.19379127839889046,0.08664449290718325,0.44710212772753627,-3.840405608630104,-1.6409735836398416,-2.4459418204411505,-0.7449682368013089,-0.06097358363984151,-0.026391283074689492,0.017484885122699342,0.7449682368013089,0.06097358363984151,0.026391283074689492,0.017484885122699342,False,False,ictal_scale,high,low,low,-0.06062096378128639,0.4214562267577541,0.20198241810403728,0.20309619922277217,0.20597509820488347,1200,500,10,45.42550182342529
-1.58,-0.06,0.22,0.004,26,2075943660,True,,60,-0.11,-0.0917591584679727,0.4108258679689399,-2.203269488825842,0.2572334208028417,0.016283957258801364,-0.08595663188603686,0.3943659074902986,-2.403318762110148,0.031759281149378024,25.06445174850893,25.137456388032938,70.60062630812837,66.65229102495428,0.07300463952400804,-3.9483352831740888,True,False,0.20597509820488347,0.19398004229089186,0.9417645335842487,0.11044148024765897,0.14283915556568189,1.2933469856196504,-4.117574873080702,-2.203269488825842,-1.9460360680230004,0.31723342080284167,-0.6232694888258421,0.19082586796893988,0.012283957258801364,0.31723342080284167,0.6232694888258421,0.19082586796893988,0.012283957258801364,False,False,ictal_scale,high,low,low,-0.10217571678987275,0.3804831929323285,0.20227324013468653,0.20280565957399338,0.20597509820488347,1200,500,10,39.4541974067688
-1.58,-0.06,0.22,0.004,27,1464966638,True,,60,-0.11,-0.1744726044525497,0.26095427668215054,-1.4898498249310927,-1.304199995121479,0.013689912375166988,-0.10856072286434636,0.3834194149065424,-1.8575490615785049,0.017554459229630105,30.313547559314475,31.54631588057587,81.09881792973945,79.47001001004014,1.2327683212613962,-1.6288079196993124,True,False,0.20597509820488347,0.19398004229089186,0.9417645335842487,0.2254065034350056,0.0611729720579445,0.27138956119597185,-4.29109604034748,-1.4898498249310927,-2.794049820052572,-1.244199995121479,0.09015017506890732,0.04095427668215054,0.009689912375166988,1.244199995121479,0.09015017506890732,0.04095427668215054,0.009689912375166988,False,False,ictal_scale,high,low,low,-0.15288164596713452,0.4293484278765865,0.20184242886101217,0.20251385526139642,0.20597509820488347,1200,500,10,63.55546283721924
-1.58,-0.06,0.22,0.004,28,2066571618,True,,60,-0.11,-0.20598872553989195,0.1355667391602301,-1.4715970426454594,-0.2496726101469278,0.021463930709091694,-0.21498365776404488,0.136989124818715,-1.6096479427503967,0.025880026146002523,40.658656921959484,41.549580744872706,101.78903665502946,99.47653973863382,0.8909238229132228,-2.312496916395645,True,False,0.20597509820488347,0.19398004229089186,0.9417645335842487,0.2295585774432439,0.17883894034465814,0.7790557962874389,-3.8413813941023918,-1.4715970426454594,-1.7212696527923872,-0.1896726101469278,0.10840295735454064,-0.0844332608397699,0.017463930709091694,0.1896726101469278,0.10840295735454064,0.0844332608397699,0.017463930709091694,False,False,ictal_scale,high,low,low,-0.19250686220068242,0.4679727956578217,0.20136461088090557,0.2017556090356306,0.20597509820488347,1200,500,10,37.98557257652283
-1.58,-0.06,0.22,0.004,29,1455594596,True,,60,-0.11,-0.14187705320620816,0.11557790772096752,-1.6396473992778813,-1.6940708818160561,0.013470303324714815,-0.10646846632986412,0.21225004059658364,-2.451846571667007,0.0513684855181062,26.186264921616946,26.894613774026034,72.84425265434439,70.16660579694047,0.7083488524090882,-2.6776468574039143,True,False,0.20597509820488347,0.19398004229089186,0.9417645335842487,0.19404845185380215,0.035660263366233826,0.18376989368150487,-4.307267770274812,-1.6396473992778813,-3.3337182810939376,-1.634070881816056,-0.05964739927788121,-0.10442209227903249,0.009470303324714815,1.634070881816056,0.05964739927788121,0.10442209227903249,0.009470303324714815,False,False,ictal_scale,high,low,low,-0.09805165906541448,0.37871178768827524,0.20241052463596293,0.2027958823294858,0.20597509820488347,1200,500,10,42.71885132789612
-1.58,-0.06,0.22,0.004,30,1957860690,True,,60,-0.11,-0.20310502157324203,0.2786963214834123,-1.6905640637869566,-0.5625137514833303,0.023300847379159162,-0.2041407774260428,0.3355611387252889,-1.8555907412959334,0.013697427567582843,34.00180728590196,34.146997450562594,88.47533738291443,84.6713731500136,0.14519016466063306,-3.8039642329008387,True,False,0.20597509820488347,0.19398004229089186,0.9417645335842487,0.18441547256009982,0.10507532392788116,0.5697749894257804,-3.7592655508675334,-1.6905640637869566,-2.253077815270287,-0.5025137514833302,-0.11056406378695649,0.05869632148341228,0.019300847379159162,0.5025137514833302,0.11056406378695649,0.05869632148341228,0.019300847379159162,False,False,ictal_scale,high,low,low,-0.1918727522969776,0.440143457865316,0.2015510120406925,0.20209175263551776,0.20597509820488347,1200,500,10,45.192145347595215
-1.58,-0.06,0.22,0.004,31,1834840514,True,,60,-0.11,-0.26070032647363095,0.3594322380413682,-1.2359221636294762,-0.8950604183730613,0.022289653100184253,-0.1443890530272844,0.31745284880068336,-1.487099076801996,0.047364269040112525,43.50129344740995,43.492876241777125,107.47430970593041,103.36313073244266,-0.00841720563282422,-4.111178973487753,False,False,0.20597509820488347,0.19398004229089186,0.9417645335842487,0.29056668875067565,0.11872058381422153,0.40858291198028956,-3.8036326947299486,-1.2359221636294762,-2.130982582002537,-0.8350604183730612,0.3440778363705239,0.1394322380413682,0.018289653100184253,0.8350604183730612,0.3440778363705239,0.1394322380413682,0.018289653100184253,False,False,ictal_scale,high,low,low,-0.20891302531653796,0.5072054188945839,0.2010577166104097,0.20115319034826407,0.20597509820488347,1200,500,10,64.43014645576477
-1.58,-0.06,0.22,0.004,32,1948488648,True,,60,-0.11,-0.1589993396678448,0.3336860886291377,-1.002749998620379,-3.8758369388584133,0.017363418073406436,-0.1517905791382389,0.2966626855616037,-1.94751380263057,0.011219745505387905,26.35349167672357,29.093734336323507,73.17870616455764,74.56484692153542,2.740242659599936,1.386140756977781,True,True,0.20597509820488347,0.19398004229089186,0.9417645335842487,0.3668691629842506,0.007607756671599326,0.020736975028685954,-4.0533896955015365,-1.002749998620379,-4.878586937478792,-3.8158369388584132,0.5772500013796211,0.11368608862913768,0.013363418073406436,3.8158369388584132,0.5772500013796211,0.11368608862913768,0.013363418073406436,False,False,ictal_scale,high,low,low,-0.16963600211710822,0.41003287112379266,0.20194138721802282,0.20222489849880482,0.20597509820488347,1200,500,10,54.12701153755188
-1.58,-0.06,0.22,0.004,33,1844212556,True,,60,-0.11,-0.16218317301213125,0.41083617028697605,-1.1111066572062147,-1.4168336152691383,0.03081989584772776,-0.09048871272965933,0.41888105225606787,-1.6071302962655656,0.036061431133063884,41.53017297971704,42.53286692115636,103.53206877054458,101.44311209120113,1.0026939414393254,-2.088956679343454,True,False,0.20597509820488347,0.19398004229089186,0.9417645335842487,0.329194454005431,0.07982326525444142,0.2424805894607341,-3.47959482846876,-1.1111066572062147,-2.527940272475353,-1.3568336152691383,0.46889334279378536,0.19083617028697605,0.02681989584772776,1.3568336152691383,0.46889334279378536,0.19083617028697605,0.02681989584772776,False,False,ictal_scale,high,low,low,-0.10354613702336367,0.5290398023078111,0.20117201635859253,0.20181940331124115,0.20597509820488347,1200,500,10,47.93324899673462
-1.58,-0.06,0.22,0.004,34,1839777720,True,,60,-0.11,-0.07071289349915685,0.11879581248189748,-2.047906433759361,0.5776184316342158,0.01592246327569884,-0.03680803326886223,0.1424611284152504,-1.8566549445733345,0.01235999959024703,33.37502549748753,33.62110465788418,87.22177380608557,83.61958756465677,0.24607916039665412,-3.6021862414287966,True,False,0.20597509820488347,0.19398004229089186,0.9417645335842487,0.12900470095673533,0.22985927569306006,1.7817899191917714,-4.140024382162057,-2.047906433759361,-1.4702880021251454,0.6376184316342157,-0.46790643375936103,-0.10120418751810252,0.01192246327569884,0.6376184316342157,0.46790643375936103,0.10120418751810252,0.01192246327569884,False,False,ictal_scale,high,low,low,-0.048566289356988146,0.41866819464207533,0.20188273237264015,0.20292169745073185,0.20597509820488347,1200,500,10,45.256428480148315
-1.58,-0.06,0.22,0.004,35,1952923484,True,,60,-0.11,-0.20223748757969856,0.2500407941317698,-1.7200711235880135,-0.7559432729599121,0.01925354579714729,-0.17926385830419783,0.25614892823159574,-2.0529682291870723,0.036522062843129754,30.37083468608963,30.546983334423203,81.21339218328976,77.47134491773481,0.17614864833357302,-3.7420472655549446,True,False,0.20597509820488347,0.19398004229089186,0.9417645335842487,0.17905341253746013,0.08407765889776568,0.469567475460294,-3.9500600379561703,-1.7200711235880135,-2.4760143965479258,-0.6959432729599122,-0.14007112358801344,0.03004079413176977,0.01525354579714729,0.6959432729599122,0.14007112358801344,0.03004079413176977,0.01525354579714729,False,False,ictal_scale,high,low,low,-0.2025957259813384,0.41034403607951914,0.20169329033611966,0.20201304758431848,0.20597509820488347,1200,500,10,48.87011694908142
-1.58,-0.06,0.22,0.004,36,1830405678,True,,60,-0.11,-0.16425104079866265,0.35932841933581233,-1.8891593854393738,0.27223251177050783,0.01610904335061622,-0.13906869777011657,0.4073297984105341,-1.7694857974589318,0.020475792600918613,33.16417573711974,33.84306345336845,86.80007428534998,84.06350515562531,0.6788877162487097,-2.7365691297246713,True,False,0.20597509820488347,0.19398004229089186,0.9417645335842487,0.15119885538968886,0.19850780223275924,1.3128922287218363,-4.128374465889402,-1.8891593854393738,-1.616926873668866,0.33223251177050783,-0.3091593854393737,0.13932841933581233,0.01210904335061622,0.33223251177050783,0.3091593854393737,0.13932841933581233,0.01210904335061622,False,False,ictal_scale,high,low,low,-0.20057623390128157,0.4410571245887827,0.20169085320239424,0.2023751530766418,0.20597509820488347,1200,500,10,43.663411140441895
-1.58,-0.06,0.22,0.004,37,1962295526,True,,60,-0.11,-0.1745973108199486,0.0689355930150664,-1.9903346399883595,-0.23949105166816975,0.014852326994807458,-0.17657660009342624,0.08401065987895107,-2.3736922691801965,0.04603088814485499,27.32888315983675,27.177446622781236,75.12948913078401,70.73227149445087,-0.1514365370555133,-4.397217636333139,False,False,0.20597509820488347,0.19398004229089186,0.9417645335842487,0.1366496893429352,0.10754717487196241,0.7870283159009803,-4.209598726022555,-1.9903346399883595,-2.2298256916565293,-0.17949105166816975,-0.4103346399883594,-0.15106440698493362,0.010852326994807458,0.17949105166816975,0.4103346399883594,0.15106440698493362,0.010852326994807458,False,False,ictal_scale,high,low,low,-0.1747213479802671,0.3646873924532284,0.2024349060954406,0.20314365831589187,0.20597509820488347,1200,500,10,46.017109394073486
-1.58,-0.06,0.22,0.004,38,1460029432,True,,60,-0.11,-0.0899758507436491,0.1905312671961394,-1.4832979124916883,-0.8524399406107297,0.023555993954450145,-0.06829041071964279,0.12629208090298139,-1.6402603659222996,0.018158423742692283,38.88780238644287,38.854925963037005,98.24732758399625,94.08723017496241,-0.03287642340586672,-4.160097409033838,False,False,0.20597509820488347,0.19398004229089186,0.9417645335842487,0.2268881957675477,0.09673907695823108,0.42637333613134526,-3.7483749705457043,-1.4832979124916883,-2.335737853102418,-0.7924399406107296,0.09670208750831177,-0.029468732803860614,0.019555993954450145,0.7924399406107296,0.09670208750831177,0.029468732803860614,0.019555993954450145,False,False,ictal_scale,high,low,low,-0.07866259495105947,0.45723431110784374,0.20135874344426463,0.20175469086105816,0.20597509820488347,1200,500,10,38.489386796951294
-1.58,-0.06,0.22,0.004,39,2071006454,True,,60,-0.11,-0.23255544057578645,-0.04406447300437204,-1.7821670171476998,0.14878547695123698,0.02446556142614308,-0.23361765873678433,-0.08622780724506757,-1.4711546668999906,0.014296717902669998,41.71781078065853,40.952399750675845,103.90734437242756,98.2821777502401,-0.7654110299826868,-5.625166622187464,False,False,0.20597509820488347,0.19398004229089186,0.9417645335842487,0.168273101185123,0.19526814934384112,1.1604240248060795,-3.7104888063685246,-1.7821670171476998,-1.6333815401964629,0.20878547695123698,-0.2021670171476997,-0.264064473004372,0.02046556142614308,0.20878547695123698,0.2021670171476997,0.264064473004372,0.02046556142614308,False,False,ictal_scale,high,low,low,-0.20359681605090874,0.4587357023179194,0.20149502344252765,0.2018484224697056,0.20597509820488347,1200,500,10,40.04724144935608
-1.58,-0.06,0.22,0.004,40,1568740360,True,,60,-0.11,-0.2182701961783024,0.3208450585411141,-1.3831884406395676,-1.3071338256483902,0.016946948875983817,-0.2299900911349147,0.2829401081934497,-1.7500579846073547,0.029957595093872916,35.98167142939083,36.66105473098405,92.43506566989217,89.6994877108565,0.6793833015932194,-2.735577959035666,True,False,0.20597509820488347,0.19398004229089186,0.9417645335842487,0.2507776872122217,0.06785906715793487,0.27059451704931325,-4.0776674686755285,-1.3831884406395676,-2.690322266287958,-1.2471338256483901,0.1968115593604325,0.10084505854111411,0.012946948875983817,1.2471338256483901,0.1968115593604325,0.10084505854111411,0.012946948875983817,False,False,ictal_scale,high,low,low,-0.25782991799337324,0.47013629285321556,0.2012560547243666,0.2019398181522044,0.20597509820488347,1200,500,10,52.41988182067871
-1.58,-0.06,0.22,0.004,41,67105155,True,,60,-0.11,-0.11565200658680522,0.18869892824732465,-1.6407832772586846,-0.9662495234491818,0.015033803822781525,-0.10137117795017599,0.37119159302551497,-2.573082735851979,0.07726779752038371,30.40966940602842,30.899855337341563,81.29106162316734,78.17708892357153,0.4901859313131425,-3.1139726995958057,True,False,0.20597509820488347,0.19398004229089186,0.9417645335842487,0.19382816162522767,0.07375305943871466,0.38050744958990185,-4.197454025215714,-1.6407832772586846,-2.6070328007078665,-0.9062495234491819,-0.06078327725868449,-0.03130107175267535,0.011033803822781525,0.9062495234491819,0.06078327725868449,0.03130107175267535,0.011033803822781525,False,False,ictal_scale,high,low,low,-0.12439084710819782,0.4168152559204094,0.20211607954978822,0.20280854332502032,0.20597509820488347,1200,500,10,45.62688446044922
-1.58,-0.06,0.22,0.004,42,1578112402,True,,60,-0.11,-0.24105490177336147,0.23763885567058685,-1.3431776193701919,-0.6047355567024129,0.019334791253506498,-0.29348274543048575,0.19460706305427167,-1.8804163313663413,0.07240411347294201,40.738865056885714,41.11751555676704,101.94945292488194,98.61240936242248,0.37865049988132427,-3.3370435624594563,True,False,0.20597509820488347,0.19398004229089186,0.9417645335842487,0.261014943275259,0.14257128252894263,0.5462188514570638,-3.945849150282864,-1.3431776193701919,-1.9479131760726047,-0.5447355567024128,0.2368223806298082,0.017638855670586845,0.015334791253506497,0.5447355567024128,0.2368223806298082,0.017638855670586845,0.015334791253506497,False,False,ictal_scale,high,low,low,-0.2747440268637514,0.48900329271713766,0.20097028239439238,0.20164763555586937,0.20597509820488347,1200,500,10,45.00119423866272
-1.58,-0.06,0.22,0.004,43,41605777,True,,60,-0.11,0.07699111715381886,0.004947263314537817,-1.2485352951578255,-0.5676704298890595,0.0261884837824879,0.05565841371684044,0.04080158442381459,-1.4243316909167083,0.02140295774206355,44.67520372043418,44.89584809686279,109.82213025197888,106.16907444261399,0.22064437642860923,-3.6530558093648864,True,False,0.20597509820488347,0.19398004229089186,0.9417645335842487,0.28692474930156553,0.16264168896257938,0.5668444055749219,-3.6424355151323513,-1.2485352951578255,-1.8162057250468848,-0.5076704298890595,0.3314647048421746,-0.21505273668546218,0.0221884837824879,0.5076704298890595,0.3314647048421746,0.21505273668546218,0.0221884837824879,False,False,ictal_scale,high,low,low,0.06051005652696205,0.49803751507225624,0.2013353884800049,0.20285118865238572,0.20597509820488347,1200,500,10,41.34275507926941
-1.58,-0.06,0.22,0.004,44,1686823330,True,,60,-0.11,-0.03634438692049295,0.11403198506780018,-1.5468512710595985,-1.0926607437647755,0.025564163306058343,-0.048990873830154796,0.09226912791654768,-1.8870361353535057,0.01843211191503862,33.34374405382228,34.723421095949995,87.15921091875506,85.8242204407884,1.3796770421277174,-1.3349904779666701,True,False,0.20597509820488347,0.19398004229089186,0.9417645335842487,0.212917338435296,0.07139610129603852,0.33532309684462475,-3.6665637790882992,-1.5468512710595985,-2.639512014824374,-1.0326607437647755,0.03314872894040155,-0.10596801493219982,0.021564163306058343,1.0326607437647755,0.03314872894040155,0.10596801493219982,0.021564163306058343,False,False,ictal_scale,high,low,low,-0.05725703268132903,0.4076702805119781,0.20196178635543532,0.20273625061884132,0.20597509820488347,1200,500,10,49.33267831802368
-1.58,-0.06,0.22,0.004,45,1062265297,True,,60,-0.11,-0.18232739011466315,-0.04638167040188265,-2.3580562752433467,1.4343880033500862,0.0346682207410884,-0.2073461146310252,0.24988421850923997,-1.6304276315239923,0.015572773398009214,41.52820189037031,40.632425560182945,103.52812659185113,97.6422293692543,-0.8957763301873669,-5.885897222596839,False,False,0.20597509820488347,0.19398004229089186,0.9417645335842487,0.09460392860019087,0.3970598428913079,4.197075626418614,-3.361931840443809,-2.3580562752433467,-0.9236682718932605,1.4943880033500863,-0.7780562752433466,-0.26638167040188265,0.0306682207410884,1.4943880033500863,0.7780562752433466,0.26638167040188265,0.0306682207410884,False,False,ictal_scale,high,low,low,-0.18095148838239358,0.46037982469833155,0.20178594114937623,0.20239115516696612,0.20597509820488347,1200,500,10,47.42550182342529
-1.58,-0.06,0.22,0.004,46,1696195372,True,,60,-0.11,-0.07003427671899075,0.142397660856334,-1.7307221968031525,-0.07911883044200502,0.01865084689778282,-0.029245128714406543,0.3564290035672238,-1.7809873873056077,0.012602523025598208,35.84420943271281,37.8524959197761,92.16014167653611,92.08237008844061,2.0082864870632946,-0.07777158809550144,True,False,0.20597509820488347,0.19398004229089186,0.9417645335842487,0.17715642195757833,0.1636801554197438,0.9239301268962096,-3.9818637238545342,-1.7307221968031525,-1.8098410272451575,-0.01911883044200502,-0.15072219680315246,-0.07760233914366599,0.014650846897782819,0.01911883044200502,0.15072219680315246,0.07760233914366599,0.014650846897782819,False,False,ictal_scale,high,low,low,-0.060708364804886256,0.436915044955932,0.2016237119828777,0.20206983529072525,0.20597509820488347,1200,500,10,45.754956007003784
-1.58,-0.06,0.22,0.004,47,953554369,True,,60,-0.11,-0.15527102617712635,-0.013623235963073346,-0.7872845369962447,-3.0669349522794507,0.020981361815902537,-0.13274843710024356,0.0665869526410501,-1.740152412282268,0.04939825086327666,37.340102611995086,39.641377646193035,95.15192803510067,95.66013354127448,2.3012750341979498,0.5082055061738089,True,True,0.20597509820488347,0.19398004229089186,0.9417645335842487,0.4550788688155924,0.02119013598569824,0.04656365618743974,-3.8641207679250162,-0.7872845369962447,-3.854219489275695,-3.0069349522794506,0.7927154630037554,-0.23362323596307336,0.016981361815902537,3.0069349522794506,0.7927154630037554,0.23362323596307336,0.016981361815902537,False,False,ictal_scale,high,low,low,-0.13152736341846227,0.4657307898107246,0.2015971425257742,0.2024419730309754,0.20597509820488347,1200,500,10,54.567187547683716
-1.58,-0.06,0.22,0.004,48,1804906300,True,,60,-0.11,0.015386739958692129,0.3322631470456415,-1.6439451164193857,-0.2756308315667107,0.03429211140712764,0.03868996511315956,0.43196080686646704,-1.6618629194725791,0.023412174525999675,41.598000522714116,41.47427091079313,103.66772385653874,99.32592007047467,-0.12372961192098586,-4.341803786064077,False,False,0.20597509820488347,0.19398004229089186,0.9417645335842487,0.19321627600507538,0.14666914429119726,0.7590931122559499,-3.372839939391958,-1.6439451164193857,-1.9195759479860963,-0.2156308315667107,-0.0639451164193856,0.11226314704564153,0.030292111407127637,0.2156308315667107,0.0639451164193856,0.11226314704564153,0.030292111407127637,False,False,ictal_scale,high,low,low,0.059903928011544164,0.5053127962074713,0.2009705094952969,0.2018732976200701,0.20597509820488347,1200,500,10,35.785359144210815
-1.58,-0.06,0.22,0.004,49,1203301320,True,,60,-0.11,-0.11833792140084681,0.43003931662401823,-1.4803760795255108,-0.7381099848584769,0.02527198207206947,-0.10917611362418896,0.3972959626068703,-1.6062828955509107,0.02353988274717632,38.01864134595051,39.02686533297432,96.50900550301154,94.43110891483704,1.0082239870238041,-2.0778965881744966,True,False,0.20597509820488347,0.19398004229089186,0.9417645335842487,0.2275520946060195,0.10877366055196216,0.47801652074568396,-3.678058924881565,-1.4803760795255108,-2.2184860643839874,-0.6781099848584768,0.09962392047448931,0.21003931662401823,0.02127198207206947,0.6781099848584768,0.09962392047448931,0.21003931662401823,0.02127198207206947,False,False,ictal_scale,high,low,low,-0.12455582516868594,0.49478471071424135,0.20130896416113797,0.20214953058499624,0.20597509820488347,1200,500,10,40.73137068748474
-1.58,-0.06,0.22,0.004,50,1446448421,True,,60,-0.11,-0.0337051760407203,0.1886591834209486,-2.1710473681893054,0.5010007059756083,0.012837845051489967,-0.0489283147151488,0.20569506324168238,-2.154798579177739,0.02893557948971779,28.714727977477725,27.992624208023592,77.90117876606595,72.36262666493559,-0.722103769454133,-5.538552101130364,False,False,0.20597509820488347,0.19398004229089186,0.9417645335842487,0.11405809351038336,0.18823828181887992,1.6503719817282716,-4.355357825686344,-2.1710473681893054,-1.6700466622136971,0.5610007059756084,-0.5910473681893054,-0.03134081657905141,0.008837845051489967,0.5610007059756084,0.5910473681893054,0.03134081657905141,0.008837845051489967,False,False,ictal_scale,high,low,low,-0.04553762917201565,0.39106122715085884,0.20224527637736772,0.20291091912315296,0.20597509820488347,1200,500,10,56.51357817649841
-1.58,-0.06,0.22,0.004,51,835471399,True,,60,-0.11,-0.04540100876358189,0.14042862928389366,-1.9409736514752367,-0.7731881303472107,0.013496427744991974,-0.027651237888586967,0.09893521663618537,-2.010372843127472,0.0029735105614335728,24.990910518058413,25.754444138734897,70.45354384722734,67.8862665263582,0.7635336206764833,-2.567277320869138,True,False,0.20597509820488347,0.19398004229089186,0.9417645335842487,0.14356410030837363,0.0662604704667491,0.46153927287129975,-4.305330240035625,-1.9409736514752367,-2.7141617818224475,-0.7131881303472107,-0.36097365147523663,-0.07957137071610634,0.009496427744991974,0.7131881303472107,0.36097365147523663,0.07957137071610634,0.009496427744991974,False,False,ictal_scale,high,low,low,-0.05172567928471642,0.36861533255003603,0.20223294384668505,0.20275685252010325,0.20597509820488347,1200,500,10,47.43909573554993
-1.58,-0.06,0.22,0.004,52,1337737493,True,,60,-0.11,-0.14114174606075414,0.19958966344346973,-1.8077773072986367,0.32312711737847777,0.018167266108854788,-0.15322878993679817,0.28625406015570926,-1.7850029569012447,0.020933656056936575,36.362637249570454,37.42501860080936,93.19699731025142,91.22741545050712,1.0623813512389049,-1.9695818597442951,True,False,0.20597509820488347,0.19398004229089186,0.9417645335842487,0.16401829421321013,0.22658158733817743,1.3814409448963068,-4.008133869707737,-1.8077773072986367,-1.484650189920159,0.38312711737847777,-0.22777730729863666,-0.020410336556530267,0.014167266108854788,0.38312711737847777,0.22777730729863666,0.020410336556530267,0.014167266108854788,False,False,ictal_scale,high,low,low,-0.13915217376540373,0.4527333514280117,0.20169017182328003,0.2022793424283172,0.20597509820488347,1200,500,10,40.345489501953125
-1.58,-0.06,0.22,0.004,53,1321384290,True,,60,-0.11,-0.0864364357401936,0.04111220023413575,-1.4542071581517562,-0.9202982154834822,0.02787303412462411,-0.042352335251607545,-0.05101123749405162,-1.8823639109561454,0.0007035562290959422,37.910369703471616,99.51166604181262,96.29246221805374,215.40071033251363,61.601296338341,119.10824811445988,True,True,0.20597509820488347,0.19398004229089186,0.9417645335842487,0.23358548685396222,0.09306050800944926,0.3984002142548811,-3.580095576365998,-1.4542071581517562,-2.3745053736352384,-0.8602982154834822,0.1257928418482439,-0.17888779976586425,0.02387303412462411,0.8602982154834822,0.1257928418482439,0.17888779976586425,0.02387303412462411,False,False,ictal_scale,high,low,low,-0.0638438069635469,0.44903720057676494,0.20180188505631041,0.20270440022998604,0.20597509820488347,1200,500,10,44.151503801345825
-1.58,-0.06,0.22,0.004,54,1328365451,True,,60,-0.11,-0.047885408616113914,0.4343463948136628,-1.7211931695124636,-0.4526156992208574,0.015580663267948922,-0.02766114934360686,0.4553443509966037,-1.8494133115219107,0.020688603976719636,33.581180587966,33.75661617635152,87.63408398704252,83.89061060159145,0.17543558838551832,-3.7434733854510682,True,False,0.20597509820488347,0.19398004229089186,0.9417645335842487,0.17885261905648345,0.11374355652002527,0.6359624875501763,-4.1617246676903,-1.7211931695124636,-2.173808868733321,-0.39261569922085743,-0.14119316951246352,0.21434639481366277,0.011580663267948921,0.39261569922085743,0.14119316951246352,0.21434639481366277,0.011580663267948921,False,False,ictal_scale,high,low,low,-0.03275164222391484,0.4704468587692476,0.20140867744345475,0.20221591372128173,0.20597509820488347,1200,500,10,45.23451328277588
-1.58,-0.06,0.22,0.004,55,717388429,True,,60,-0.11,0.06160369775786566,0.020288071133259013,-1.7961099372820797,-0.7886378217403517,0.011671985889780597,0.04250159507743076,0.05140906470933981,-2.7411858701538487,0.08176586472187727,27.52309033510438,27.492219762577257,75.51790348131927,71.36181777404292,-0.03087057252712455,-4.156085707276347,False,False,0.20597509820488347,0.19398004229089186,0.9417645335842487,0.16594316358729852,0.07541509998070993,0.45446343404822415,-4.450563676657123,-1.7961099372820797,-2.5847477590224313,-0.7286378217403517,-0.2161099372820796,-0.199711928866741,0.007671985889780597,0.7286378217403517,0.2161099372820796,0.199711928866741,0.007671985889780597,False,False,ictal_scale,high,low,low,0.04239026118792445,0.3771098352482837,0.20180516673403645,0.2020933909124477,0.20597509820488347,1200,500,10,46.021628856658936
-1.58,-0.06,0.22,0.004,56,1219654523,True,,60,-0.11,-0.14288103830180418,0.3339284884636567,-1.0690328453738405,-1.293160594248067,0.029813473511199257,-0.09955613408461003,0.3173176312827071,-1.3827913316060454,0.021969188129901344,43.41992965830924,44.46320749915983,107.311582127729,105.30379324720806,1.0432778408505854,-2.007788880520934,True,False,0.20597509820488347,0.19398004229089186,0.9417645335842487,0.34334042016790844,0.0942133451078762,0.27440213727763757,-3.5127948564030156,-1.0690328453738405,-2.3621934396219073,-1.233160594248067,0.5109671546261596,0.11392848846365669,0.025813473511199257,1.233160594248067,0.5109671546261596,0.11392848846365669,0.025813473511199257,False,False,ictal_scale,high,low,low,-0.1535458653631106,0.5195795378721539,0.20096574267830178,0.20129592462316626,0.20597509820488347,1200,500,10,38.21775960922241
-1.58,-0.06,0.22,0.004,57,1821259503,True,,60,-0.11,-0.07646446445743942,0.2082985095345009,-1.1393368844551521,-1.9858993119947872,0.015949617541443424,-0.07797080066907114,0.332599034210806,-1.820363728212968,0.02572500887130561,33.99356978946252,36.63087599700358,88.45886239003553,89.63913024289556,2.6373062075410587,1.1802678528600268,True,True,0.20597509820488347,0.19398004229089186,0.9417645335842487,0.32003116911251944,0.04392655710116146,0.1372571216202924,-4.138320428631663,-1.1393368844551521,-3.125236196449939,-1.9258993119947871,0.44066311554484794,-0.011701490465499093,0.011949617541443424,1.9258993119947871,0.44066311554484794,0.011701490465499093,0.011949617541443424,False,False,ictal_scale,high,low,low,-0.09863148173692005,0.4581726787100622,0.20160505646058532,0.2024550485293084,0.20597509820488347,1200,500,10,47.01746153831482
-1.58,-0.06,0.22,0.004,58,1210282481,True,,60,-0.11,-0.08980059149444197,-0.023275084749386988,-1.9446520279942012,0.2927888799428034,0.015059325373477504,-0.07126977350562734,0.08138392087012386,-1.8185936339321187,0.0002024314737494585,31.89753674011113,36.66813855199476,84.26679629133275,89.71365535287792,4.77060181188363,5.446859061545169,True,True,0.20597509820488347,0.19398004229089186,0.9417645335842487,0.14303698754677505,0.19169242433422404,1.3401598259438872,-4.1957578535315845,-1.9446520279942012,-1.651863148051398,0.3527888799428034,-0.36465202799420116,-0.243275084749387,0.011059325373477504,0.3527888799428034,0.36465202799420116,0.243275084749387,0.011059325373477504,False,False,ictal_scale,high,low,low,-0.09460822118283624,0.41346688621854405,0.2019850717353922,0.20239163340401667,0.20597509820488347,1200,500,10,40.237611532211304
-1.58,-0.06,0.22,0.004,59,434935076,True,,60,-0.11,-0.07265555895795933,0.22400132798301348,-1.6011909326878313,0.08762490854339477,0.029460865380288425,-0.07521950139309527,0.23142694571981995,-1.791760864916445,0.06528120560812853,41.765560938911335,41.91244915350202,104.00284468893318,100.20227655589244,0.1468882145906818,-3.8005681330407413,True,False,0.20597509820488347,0.19398004229089186,0.9417645335842487,0.20165621595199715,0.22012361058008031,1.0915786034211772,-3.5246924936238746,-1.6011909326878313,-1.5135660241444366,0.14762490854339477,-0.021190932687831232,0.004001327983013475,0.025460865380288425,0.14762490854339477,0.021190932687831232,0.004001327983013475,0.025460865380288425,False,False,ictal_scale,high,low,low,-0.08015183210579038,0.489696273378063,0.20107150284850678,0.20162474877508024,0.20597509820488347,1200,500,10,36.3797345161438
-1.58,-0.06,0.22,0.004,60,1101571553,True,,60,-0.11,-0.1425671191685644,0.299760278668386,-0.8939771176461124,-2.112439698137101,0.031888891072613,-0.11952058789608083,0.060975202522819474,-1.300541906967442,0.009120019445375027,42.51825967924789,44.286930237681744,105.50824216960629,104.9512387242519,1.768670558433854,-0.5570034453543968,True,False,0.20597509820488347,0.19398004229089186,0.9417645335842487,0.4090257699767421,0.049468616737186395,0.12094254291116979,-3.445497572079584,-0.8939771176461124,-3.0064168157832136,-2.052439698137101,0.6860228823538876,0.079760278668386,0.027888891072613,2.052439698137101,0.6860228823538876,0.079760278668386,0.027888891072613,False,False,ictal_scale,high,low,low,-0.17543977271489228,0.4881932323985941,0.20100170366011402,0.2012211088763351,0.20597509820488347,1200,500,10,47.40647220611572
-1.58,-0.06,0.22,0.004,61,1703176533,True,,60,-0.11,-0.15363810738284767,0.08214053575804392,-1.6149691659483476,0.05526622180999571,0.025913294063746938,-0.17559246725454364,-0.06240553468507048,-1.4278950244736928,0.0013611900736740972,41.785551121412645,43.05866747123371,104.04282505393579,102.49471319135583,1.2731163498210663,-1.5481118625799581,True,False,0.20597509820488347,0.19398004229089186,0.9417645335842487,0.19889680314057268,0.21019850262480977,1.056821926274247,-3.6529991576474257,-1.6149691659483476,-1.5597029441383519,0.11526622180999571,-0.034969165948347536,-0.13785946424195608,0.021913294063746938,0.11526622180999571,0.034969165948347536,0.13785946424195608,0.021913294063746938,False,False,ictal_scale,high,low,low,-0.15296432387059306,0.4889968437770705,0.20137897333693403,0.20170754406858127,0.20597509820488347,1200,500,10,39.84275507926941
-1.58,-0.06,0.22,0.004,62,1092199511,True,,60,-0.11,-0.1489070262080312,0.3634035762004515,-1.1172565523541365,-1.6296923057319788,0.029811061615400133,-0.07373967646306105,0.43890805908998903,-1.7190812917485694,0.033960894508641905,39.537532328702525,39.97371687204602,99.54678746851556,96.32481199298044,0.43618454334349366,-3.2219754755351175,True,False,0.20597509820488347,0.19398004229089186,0.9417645335842487,0.3271761551543806,0.0641232120535277,0.1959898698096463,-3.5128757591989976,-1.1172565523541365,-2.746948858086115,-1.5696923057319787,0.4627434476458636,0.1434035762004515,0.025811061615400133,1.5696923057319787,0.4627434476458636,0.1434035762004515,0.025811061615400133,False,False,ictal_scale,high,low,low,-0.09879698987599679,0.482193113321894,0.20117175076091431,0.2012383227148715,0.20597509820488347,1200,500,10,45.46341037750244
-1.58,-0.06,0.22,0.004,63,1594465605,True,,60,-0.11,-0.11269611462670355,0.14159098352614657,-1.4075783662254029,-0.5117230924728248,0.022083595324991937,-0.09313494993556322,0.10483138746650601,-1.50521642861859,0.0034821925163048646,40.45738506436022,41.11964067344747,101.38649293983093,98.61665959578335,0.6622556090872536,-2.7698333440475835,True,False,0.20597509820488347,0.19398004229089186,0.9417645335842487,0.24473522521793287,0.14670940892601872,0.5994617603386531,-3.8129202390810693,-1.4075783662254029,-1.9193014586982278,-0.45172309247282477,0.17242163377459718,-0.07840901647385343,0.018083595324991937,0.45172309247282477,0.17242163377459718,0.07840901647385343,0.018083595324991937,False,False,ictal_scale,high,low,low,-0.1060714409822137,0.46538898169720067,0.20116630889513235,0.20046668646840146,0.20597509820488347,1200,500,10,45.77076578140259
-1.58,-0.06,0.22,0.004,64,50751952,True,,60,-0.11,-0.19447738107433257,0.16204139589937605,-1.6878464170723784,-0.3795531211829988,0.020262702373408062,-0.25161253235203407,0.20854001428910252,-1.8551996725973043,0.03851343264717563,35.66404210242713,36.05277054126005,91.79980701596477,88.48291933140851,0.38872843883292063,-3.3168876845562636,True,False,0.20597509820488347,0.19398004229089186,0.9417645335842487,0.18491733029034924,0.12651435003260197,0.6841670806838633,-3.8989734043868465,-1.6878464170723784,-2.067399538255377,-0.3195531211829988,-0.1078464170723783,-0.05795860410062395,0.016262702373408062,0.3195531211829988,0.1078464170723783,0.05795860410062395,0.016262702373408062,False,False,ictal_scale,high,low,low,-0.2217784789354714,0.4318620303206403,0.20162099999241093,0.20201990042855456,0.20597509820488347,1200,500,10,52.41069555282593
-1.58,-0.06,0.22,0.004,65,661728974,True,,60,-0.11,-0.12676675409027466,0.05564804311628521,-2.1775960279755444,-0.11211523254564933,0.015854566269697997,-0.12777793149340713,0.13561074365749948,-2.520204193566567,0.0409942736544979,23.251161425330004,23.074933006547358,66.9740456617705,62.527244261983114,-0.17622841878264595,-4.44680139978739,False,False,0.20597509820488347,0.19398004229089186,0.9417645335842487,0.1133136062177204,0.10129570570102309,0.8939412404402154,-4.144297727424163,-2.1775960279755444,-2.2897112605211936,-0.05211523254564933,-0.5975960279755443,-0.1643519568837148,0.011854566269697997,0.05211523254564933,0.5975960279755443,0.1643519568837148,0.011854566269697997,False,False,ictal_scale,high,low,low,-0.139051531214969,0.35680193251223336,0.20275647891767765,0.20366518385806814,0.20597509820488347,1200,500,10,46.57280135154724
-1.58,-0.06,0.22,0.004,66,60123994,True,,60,-0.11,-0.038625183114237044,0.4000906852403272,-2.492571352254536,1.4371155394449602,0.01648238284662033,-0.08788601324689482,0.4011353277724132,-2.0753931649635864,0.017442794139677944,27.68240455956149,28.95221588855726,75.83653193023349,74.28181002600292,1.2698113289957682,-1.5547219042305755,True,False,0.20597509820488347,0.19398004229089186,0.9417645335842487,0.08269704970514755,0.34803375290329397,4.208538927860087,-4.105463174745424,-2.492571352254536,-1.055455812809576,1.4971155394449602,-0.912571352254536,0.1800906852403272,0.01248238284662033,1.4971155394449602,0.912571352254536,0.1800906852403272,0.01248238284662033,False,False,ictal_scale,high,low,low,-0.0913704498803085,0.4177358608198827,0.20220313143662003,0.2032543328383376,0.20597509820488347,1200,500,10,45.75188326835632
-1.58,-0.06,0.22,0.004,67,1476382635,True,,60,-0.11,-0.02601918756874332,0.43703737007948856,-1.4792213938262984,-0.10145491315592849,0.034165651872459596,-0.016361045424706646,0.39183333270974674,-1.4771625739254213,0.03761911366536815,44.56287963400379,44.37973569307612,109.5974820791181,105.13684963504065,-0.18314394092767117,-4.460632444077447,False,False,0.20597509820488347,0.19398004229089186,0.9417645335842487,0.22781499751138876,0.20583584290277704,0.9035219153755979,-3.3765344708067415,-1.4792213938262984,-1.580676306982227,-0.04145491315592849,0.10077860617370171,0.21703737007948856,0.030165651872459596,0.04145491315592849,0.10077860617370171,0.21703737007948856,0.030165651872459596,False,False,ictal_scale,high,low,low,-0.013020988392521997,0.554128603892513,0.20059650903409837,0.2023286736747742,0.20597509820488347,1200,500,10,38.459938049316406
-1.58,-0.06,0.22,0.004,68,168834922,True,,60,-0.11,-0.051971994935329724,-0.05248441514039648,-1.9098039384123422,0.9495721185859607,0.03053307754800009,-0.03652012953649178,-0.055825569230085456,-1.445155745089584,0.01394443150816561,43.510056477771585,43.91774722195629,107.49183576665368,104.21287269280099,0.4076907441847055,-3.278963073852694,True,False,0.20597509820488347,0.19398004229089186,0.9417645335842487,0.14810942231746121,0.3828041341003821,2.584603518875867,-3.488944673254157,-1.9098039384123422,-0.9602318198263815,1.0095721185859607,-0.3298039384123421,-0.27248441514039645,0.02653307754800009,1.0095721185859607,0.3298039384123421,0.27248441514039645,0.02653307754800009,False,False,ictal_scale,high,low,low,-0.050400676091638,0.48575467715990245,0.20124318855436396,0.20222479605835353,0.20597509820488347,1200,500,10,37.54793167114258
-1.58,-0.06,0.22,0.004,69,333431172,True,,60,-0.11,-0.18063692592679448,0.27415650594650404,-1.6007044164191735,0.03984517043970577,0.026792161982419644,-0.207926943541796,0.2565256087573318,-1.5804590327299337,0.015610170108949063,41.332568778913426,41.23148281690751,103.13686036893736,98.84034388270342,-0.1010859620059179,-4.296516486233941,False,False,0.20597509820488347,0.19398004229089186,0.9417645335842487,0.20175434885142413,0.2099555901763458,1.040649638392485,-3.6196458975836205,-1.6007044164191735,-1.5608592459794677,0.09984517043970577,-0.02070441641917342,0.054156505946504035,0.022792161982419644,0.09984517043970577,0.02070441641917342,0.054156505946504035,0.022792161982419644,False,False,ictal_scale,high,low,low,-0.18540048947699567,0.4746198525558447,0.20138252413466218,0.20174365678567008,0.20597509820488347,1200,500,10,36.42977690696716
-1.58,-0.06,0.22,0.004,70,178206964,True,,60,-0.11,-0.10314283694412082,0.3930213354971954,-2.567560548982915,1.651338347276968,0.016440522543375698,-0.09628922641270773,0.25818221491468957,-2.065121582983944,0.010633659521273589,29.816858503463543,32.020033609624946,80.10543981803758,80.4174454681383,2.203175106161403,0.31200565010071557,True,True,0.20597509820488347,0.19398004229089186,0.9417645335842487,0.0767224780518319,0.4000274130065815,5.21395323983582,-4.108006104982365,-2.567560548982915,-0.9162222017059469,1.711338347276968,-0.9875605489829149,0.17302133549719542,0.012440522543375698,1.711338347276968,0.9875605489829149,0.17302133549719542,0.012440522543375698,False,False,ictal_scale,high,low,low,-0.1256213159101266,0.4201032271242488,0.2020503629656363,0.20269599423064538,0.20597509820488347,1200,500,10,47.75739049911499
-1.58,-0.06,0.22,0.004,71,1823424517,True,,60,-0.11,-0.23693381679107536,0.19769536059804768,-1.964026983157038,0.7580296185658533,0.0190690547314519,-0.22699158447106693,0.18291708135857934,-1.5947093459455448,0.014570270069970763,38.962160623637274,39.02106162521688,98.39604405838506,94.41950149932217,0.058901001579606316,-3.9765425590628922,True,False,0.20597509820488347,0.19398004229089186,0.9417645335842487,0.14029232702277514,0.29939324633235753,2.1340671488309826,-3.9596884289543177,-1.964026983157038,-1.2059973645911848,0.8180296185658533,-0.384026983157038,-0.02230463940195232,0.015069054731451901,0.8180296185658533,0.384026983157038,0.02230463940195232,0.015069054731451901,False,False,ictal_scale,high,low,low,-0.2200110773953959,0.46133917134350794,0.20140887540849578,0.2021347318302602,0.20597509820488347,1200,500,10,45.448622941970825
-1.58,-0.06,0.22,0.004,72,286917892,True,,60,-0.11,-0.10946886966071809,0.27990142235369614,-1.4640193362800917,-1.1103797182329254,0.02072347442285194,-0.1147101200621204,0.3146497539413594,-1.755950249645627,0.012505004546266246,33.593730721528864,34.95487683598023,87.65918425416822,86.28713192084886,1.3611461144513655,-1.3720523333193597,True,False,0.20597509820488347,0.19398004229089186,0.9417645335842487,0.23130471243037806,0.07619960084841622,0.32943384528472164,-3.876488191147753,-1.4640193362800917,-2.574399054513017,-1.0503797182329253,0.11598066371990834,0.05990142235369614,0.01672347442285194,1.0503797182329253,0.11598066371990834,0.05990142235369614,0.01672347442285194,False,False,ictal_scale,high,low,low,-0.1353525342853216,0.4372333739939047,0.20169430353107368,0.20219864304202817,0.20597509820488347,1200,500,10,44.575610876083374
-1.58,-0.06,0.22,0.004,73,215348202,True,,60,-0.11,-0.035658054208016605,0.1945689951746722,-1.1880243359530485,-1.0699508799489017,0.0194200973224497,-0.03032736424634941,0.21239658665422542,-1.5325684472804437,0.01029951838335,40.106612062563315,41.59192050012141,100.68494693623714,99.56121924913123,1.4853084375580963,-1.1237276871059123,True,False,0.20597509820488347,0.19398004229089186,0.9417645335842487,0.3048228971972179,0.1045619860068477,0.34302536642841813,-3.941446804676845,-1.1880243359530485,-2.25797521590195,-1.0099508799489016,0.3919756640469516,-0.025431004825327813,0.0154200973224497,1.0099508799489016,0.3919756640469516,0.025431004825327813,0.0154200973224497,False,False,ictal_scale,high,low,low,-0.04944234812499706,0.4823849059819979,0.2012252916412658,0.2014727151472067,0.20597509820488347,1200,500,10,48.85479402542114
-1.58,-0.06,0.22,0.004,74,296289934,True,,60,-0.11,-0.07426042628751738,0.24448585104023207,-2.161878026666503,1.2327025505686466,0.030641240559365582,-0.10031076674162104,0.20167281770944137,-1.7417520717400947,0.06869080610231083,43.36627090262541,41.555203559646685,107.20426461636131,99.48778536818178,-1.811067342978724,-7.716479248179539,False,False,0.20597509820488347,0.19398004229089186,0.9417645335842487,0.11510874063311817,0.39487916348998153,3.4304880873344388,-3.4854084466994255,-2.161878026666503,-0.9291754760978563,1.2927025505686467,-0.5818780266665029,0.02448585104023207,0.02664124055936558,1.2927025505686467,0.5818780266665029,0.02448585104023207,0.02664124055936558,False,False,ictal_scale,high,low,low,-0.12748545278229068,0.46059739013480083,0.20165633465696162,0.20253309311958528,0.20597509820488347,1200,500,10,48.53540015220642
-1.58,-0.06,0.22,0.004,75,1941507487,True,,60,-0.11,-0.015818537649772285,0.20430940694891409,-1.811588243964965,-0.16253814516878412,0.016016977857727082,-0.006649000324973031,0.19539075742908038,-1.9297747511050103,0.0386877515591517,32.701708518631165,32.71092285160981,85.87513984837284,81.79922395210802,0.009214332978643824,-4.075915896264817,True,False,0.20597509820488347,0.19398004229089186,0.9417645335842487,0.16339442040867827,0.13888258859960428,0.849983666836569,-4.134106003220166,-1.811588243964965,-1.9741263891337493,-0.10253814516878412,-0.23158824396496502,-0.015690593051085916,0.012016977857727082,0.10253814516878412,0.23158824396496502,0.015690593051085916,0.012016977857727082,False,False,ictal_scale,high,low,low,-0.01641125799095681,0.40947730599930454,0.20179047258903238,0.20234802739550267,0.20597509820488347,1200,500,10,41.60503935813904
-1.58,-0.06,0.22,0.004,76,708242254,True,,60,-0.11,-0.1528801780626292,0.42098231964578176,-1.3382380174499866,-0.47538047184453847,0.019744323782658266,-0.11599584190563214,0.39157367292268025,-1.5009133932141872,0.025306837637627925,41.92243232234331,42.36758706917341,104.31658745579713,101.11255238723523,0.4451547468300987,-3.2040350685619075,True,False,0.20597509820488347,0.19398004229089186,0.9417645335842487,0.2623074427787329,0.1630630261694017,0.6216484917164627,-3.924889232352989,-1.3382380174499866,-1.813618489294525,-0.41538047184453847,0.24176198255001347,0.20098231964578175,0.015744323782658266,0.41538047184453847,0.24176198255001347,0.20098231964578175,0.015744323782658266,False,False,ictal_scale,high,low,low,-0.12538167318474144,0.5256283827789496,0.2008233246900423,0.20115480730470597,0.20597509820488347,1200,500,10,39.952829360961914
-1.58,-0.06,0.22,0.004,77,97265232,True,,60,-0.11,-0.05929144333039642,0.24975753630285163,-1.649665463064962,0.17157438450764192,0.02906046780842588,-0.04045203028854047,0.3164442851902137,-1.8224020951015696,0.06824865884325758,41.08125602650825,41.101158600464146,102.634234864127,98.5796954498167,0.01990257395589623,-4.054539414310298,True,False,0.20597509820488347,0.19398004229089186,0.9417645335842487,0.1921141671563859,0.22807264586608153,1.1871724466859568,-3.538376522950787,-1.649665463064962,-1.4780910785573202,0.23157438450764192,-0.06966546306496202,0.029757536302851634,0.02506046780842588,0.23157438450764192,0.06966546306496202,0.029757536302851634,0.02506046780842588,False,False,ictal_scale,high,low,low,-0.0663019609573413,0.48358034145457207,0.20159927606136124,0.2023215423298361,0.20597509820488347,1200,500,10,40.259459495544434
-1.58,-0.06,0.22,0.004,78,698870212,True,,60,-0.11,-0.07686446487956014,-0.13828603019460986,-1.2431034077607601,-2.43150410871268,0.015314662607565635,-0.06576134558211777,-0.18352166974289422,-1.702864764003825,0.0026686430104989832,30.466352367014444,33.155348846155015,81.40442754513938,82.68807594119843,2.6889964791405703,1.28364839605905,True,True,0.20597509820488347,0.19398004229089186,0.9417645335842487,0.28848753282070955,0.025359356699509436,0.08790451515029549,-4.1789445691349325,-1.2431034077607601,-3.67460751647344,-2.37150410871268,0.33689659223923996,-0.35828603019460986,0.011314662607565635,2.37150410871268,0.33689659223923996,0.35828603019460986,0.011314662607565635,False,False,ictal_scale,high,low,low,-0.05147492140593378,0.40787528815216845,0.20206768553667945,0.20286364613162033,0.20597509820488347,1200,500,10,50.75280690193176
-1.58,-0.06,0.22,0.004,79,2059590457,True,,60,-0.11,-0.030633678946807144,0.22859712285499592,-1.6922048925872468,0.5519010538983312,0.025466717436994305,-0.02760677072674523,0.2644224933617768,-1.4948274105532926,0.025167336740297117,43.479032773769596,43.61496711334706,107.42978835864969,103.60731247558253,0.13593433957746726,-3.822475883067156,True,False,0.20597509820488347,0.19398004229089186,0.9417645335842487,0.18411312645843406,0.319721863185048,1.7365511592527834,-3.670382877880506,-1.6922048925872468,-1.1403038386889155,0.6119010538983312,-0.11220489258724675,0.00859712285499592,0.021466717436994305,0.6119010538983312,0.11220489258724675,0.00859712285499592,0.021466717436994305,False,False,ictal_scale,high,low,low,-0.02480438636549603,0.5061509393856656,0.20129429216649145,0.20287770706979488,0.20597509820488347,1200,500,10,34.1503791809082
-1.58,-0.06,0.22,0.004,80,590159284,True,,60,-0.11,-0.17637970060418848,0.16195574165178586,-1.970680456254169,-0.1006486232361187,0.02039262601475244,-0.2021690714564531,0.18209071495099655,-1.9655928888902738,0.014915543825719996,30.88967228733343,31.874968384542438,82.25106738577736,80.12731501797327,0.9852960972090088,-2.1237523678040873,True,False,0.20597509820488347,0.19398004229089186,0.9417645335842487,0.13936199420343745,0.12601818217183114,0.9042507097585921,-3.892581913343022,-1.970680456254169,-2.0713290794902877,-0.0406486232361187,-0.39068045625416903,-0.05804425834821414,0.01639262601475244,0.0406486232361187,0.39068045625416903,0.05804425834821414,0.01639262601475244,False,False,ictal_scale,high,low,low,-0.19150672322511605,0.4004106120533247,0.202045812343901,0.2025517618716594,0.20597509820488347,1200,500,10,47.39666771888733
-1.58,-0.06,0.22,0.004,81,20817738,True,,60,-0.11,-0.07632453972550589,0.22556381792507857,-1.1511867864696292,-0.9057850409641566,0.028032569568792402,-0.15684513457508087,0.2351639556165611,-1.4188053741082753,0.009680871834712671,45.593076146569295,46.68627351701037,111.65787510424909,109.74992528290915,1.0931973704410751,-1.9079498213399404,True,False,0.20597509820488347,0.19398004229089186,0.9417645335842487,0.31626121204262964,0.12784050746577183,0.4042244277763025,-3.574388245913156,-1.1511867864696292,-2.056971827433786,-0.8457850409641565,0.42881321353037083,0.005563817925078568,0.024032569568792402,0.8457850409641565,0.42881321353037083,0.005563817925078568,0.024032569568792402,False,False,ictal_scale,high,low,low,-0.14373336197429787,0.5343739110685028,0.20098317293045478,0.20200082346145093,0.20597509820488347,1200,500,10,46.24898910522461
-1.58,-0.06,0.22,0.004,82,580787242,True,,60,-0.11,-0.21044710708036377,0.06705851722132068,-1.9826444597483297,-0.06688184668121537,0.013742455467545857,-0.20716737024353185,0.13669648479560756,-2.0311967837758145,0.013093264928844633,27.801914643617458,27.58184882382986,76.07555209834541,71.54107589654812,-0.22006581978759954,-4.53447620179729,False,False,0.20597509820488347,0.19398004229089186,0.9417645335842487,0.13770460111570884,0.12879589892933693,0.9353057042815422,-4.2872652987261874,-1.9826444597483297,-2.049526306429545,-0.006881846681215373,-0.40264445974832963,-0.1529414827786793,0.009742455467545857,0.006881846681215373,0.40264445974832963,0.1529414827786793,0.009742455467545857,False,False,ictal_scale,high,low,low,-0.22702276554571715,0.36881199664269004,0.20242754077651093,0.20331848050553925,0.20597509820488347,1200,500,10,49.75433540344238
-1.58,-0.06,0.22,0.004,83,1083053336,True,,60,-0.11,-0.13416952766140977,0.17875107294041104,-1.6092863528838788,-0.2942779598256554,0.020104311965981916,-0.09433843168698983,0.2835177170023843,-1.6969205829882816,0.01403689392121071,38.095280459970525,38.195876090018004,96.66228373105156,92.76913042892441,0.10059563004747929,-3.8931533021271463,True,False,0.20597509820488347,0.19398004229089186,0.9417645335842487,0.20003031420719009,0.14903645884857947,0.7450693633076458,-3.906820961253706,-1.6092863528838788,-1.903564312709534,-0.2342779598256554,-0.029286352883878708,-0.04124892705958896,0.016104311965981916,0.2342779598256554,0.029286352883878708,0.04124892705958896,0.016104311965981916,False,False,ictal_scale,high,low,low,-0.1322789637237832,0.45941330739085096,0.20162154969746984,0.20270953894332333,0.20597509820488347,1200,500,10,42.19500994682312
-1.58,-0.06,0.22,0.004,84,472076314,True,,60,-0.11,-0.028672067689005487,0.09097820740157732,-1.390937562928058,0.13495574405723565,0.02330323957577692,-0.037791543062673384,0.05737809537540356,-1.5097035093712947,0.08323507659036883,49.27192050501752,48.129788263807605,119.01556382114555,112.63695477650361,-1.1421322412099144,-6.378609044641934,False,False,0.20597509820488347,0.19398004229089186,0.9417645335842487,0.24884189029716233,0.2847960927341338,1.1444861329177163,-3.7591628904883194,-1.390937562928058,-1.2559818188708225,0.19495574405723565,0.18906243707194204,-0.12902179259842267,0.01930323957577692,0.19495574405723565,0.18906243707194204,0.12902179259842267,0.01930323957577692,False,False,ictal_scale,high,low,low,-0.021794163657908084,0.5296343763165162,0.20102451470917765,0.202350110877288,0.20597509820488347,1200,500,10,40.79324698448181
-1.58,-0.06,0.22,0.004,85,1173141243,True,,60,-0.11,-0.09279854616575206,0.2887247550144564,-1.344194438775297,-0.29858471783252605,0.021349887852325385,-0.11083560380052399,0.20193247070521395,-1.6970901794333666,0.05468201879996963,42.808921665948596,42.88438789949941,106.08956614300769,102.14615404788722,0.07546623355081294,-3.9434120951204648,True,False,0.20597509820488347,0.19398004229089186,0.9417645335842487,0.2607496731046985,0.19344168980401552,0.7418674297871244,-3.8467087921397827,-1.344194438775297,-1.6427791566078231,-0.23858471783252605,0.23580556122470298,0.06872475501445638,0.017349887852325385,0.23858471783252605,0.23580556122470298,0.06872475501445638,0.017349887852325385,False,False,ictal_scale,high,low,low,-0.09910248610981097,0.486571275143979,0.20131695376325529,0.2022793220150806,0.20597509820488347,1200,500,10,41.211183071136475
-1.58,-0.06,0.22,0.004,86,363365386,True,,60,-0.11,-0.0834091042218717,0.3114938398015169,-2.593147305496978,1.8318850582231305,0.013797881130233353,-0.07173414140229256,0.35101663527189153,-2.042174403883521,0.02957748943065283,28.293558556415825,30.239733919779148,77.05883992394214,76.8568460884467,1.9461753633633236,-0.20199383549544336,True,False,0.20597509820488347,0.19398004229089186,0.9417645335842487,0.07478430026798837,0.4670764887396601,6.245648980680421,-4.283240239895086,-2.593147305496978,-0.7612622472738475,1.8918850582231306,-1.013147305496978,0.0914938398015169,0.009797881130233353,1.8918850582231306,1.013147305496978,0.0914938398015169,0.009797881130233353,False,False,ictal_scale,high,low,low,-0.09736955994358615,0.41578542230155907,0.20204829814001882,0.2029797305666914,0.20597509820488347,1200,500,10,42.19539761543274
-1.58,-0.06,0.22,0.004,87,964970366,True,,60,-0.11,-0.06624349305397167,0.37381502429944513,-1.7158193752538207,-0.18421935731283318,0.024295648548898582,-0.04785810146722376,0.36858975414686806,-1.7073954740577717,0.02581115140843951,36.31968536954388,36.74060600053472,93.11109355019826,89.85859024995784,0.4209206309908353,-3.25250330024042,True,False,0.20597509820488347,0.19398004229089186,0.9417645335842487,0.1798163232889219,0.1495628261583125,0.831753332638221,-3.7174580167327367,-1.7158193752538207,-1.900038732566654,-0.12421935731283318,-0.1358193752538206,0.15381502429944513,0.020295648548898582,0.12421935731283318,0.1358193752538206,0.15381502429944513,0.020295648548898582,False,False,ictal_scale,high,low,low,-0.04388984999377131,0.47474453040406667,0.2014875658882197,0.20209453570916858,0.20597509820488347,1200,500,10,41.13361716270447
-1.58,-0.06,0.22,0.004,88,353993344,True,,60,-0.11,-0.1824390144763,0.1934386892871596,-1.6074188307161639,-0.47389566759833646,0.02181462502847187,-0.16894891603693424,0.34871667208610896,-1.7469585283079128,0.03197845452540911,36.95408284203921,37.522950089825656,94.37988849518894,91.42327842853972,0.5688672477864429,-2.956610066649219,True,False,0.20597509820488347,0.19398004229089186,0.9417645335842487,0.20040422428719662,0.12476609953176014,0.6225722036325915,-3.8251746612560162,-1.6074188307161639,-2.0813144983145,-0.41389566759833646,-0.0274188307161638,-0.026561310712840402,0.01781462502847187,0.41389566759833646,0.0274188307161638,0.026561310712840402,0.01781462502847187,False,False,ictal_scale,high,low,low,-0.198232369854594,0.445299297944669,0.2013931542143513,0.20224726338669524,0.20597509820488347,1200,500,10,36.70067811012268
-1.58,-0.06,0.22,0.004,89,856259438,True,,60,-0.11,-0.005463690890970598,0.06867573198606412,-1.4629702381746046,-0.6061007725737604,0.021336169703555282,-0.02100357122941576,0.11236978443931742,-1.6300743969085747,0.023142122335759345,38.58256986542524,38.72189855547161,97.636862541961,93.82117535983163,0.13932869004636927,-3.8156871821293663,True,False,0.20597509820488347,0.19398004229089186,0.9417645335842487,0.23154750109827688,0.12630306140730874,0.5454736536055351,-3.8473515382741343,-1.4629702381746046,-2.069071010748365,-0.5461007725737603,0.11702976182539548,-0.1513242680139359,0.017336169703555282,0.5461007725737603,0.11702976182539548,0.1513242680139359,0.017336169703555282,False,False,ictal_scale,high,low,low,-0.023644975767353953,0.46175008798357914,0.20167870244117525,0.20285128502178024,0.20597509820488347,1200,500,10,43.05315566062927
-1.58,-0.06,0.22,0.004,90,788958119,True,,60,-0.11,-0.05182414417656232,0.27797250553309577,-1.0638361800009566,-1.394087767911766,0.02498496790747322,0.025475167654194997,0.28118115628192863,-1.6210061116274725,0.03141301461486442,41.47743858430412,42.69783299998104,103.42659997971873,101.77304424885048,1.220394415676921,-1.6535557308682485,True,False,0.20597509820488347,0.19398004229089186,0.9417645335842487,0.34512928949239513,0.08561250261506731,0.24805922076617543,-3.689480918658548,-1.0638361800009566,-2.4579239479127226,-1.334087767911766,0.5161638199990435,0.05797250553309577,0.02098496790747322,1.334087767911766,0.5161638199990435,0.05797250553309577,0.02098496790747322,False,False,ictal_scale,high,low,low,0.03982845096583192,0.5100561540894879,0.20086037453943353,0.20159823772086471,0.20597509820488347,1200,500,10,53.085148334503174
-1.58,-0.06,0.22,0.004,91,846887396,True,,60,-0.11,-0.17117083550986387,-0.012224676399151018,-1.2982909809891638,-0.7066008904653182,0.01736294906324897,-0.19770457468069091,-0.054564529514821866,-1.5132852423023986,0.018238364263596225,42.480476800401746,42.14549527864298,105.432676411914,100.66836880617437,-0.3349815217587633,-4.764307605739631,False,False,0.20597509820488347,0.19398004229089186,0.9417645335842487,0.27299795327426,0.1346748571046562,0.49331819337619276,-4.053416707262119,-1.2982909809891638,-2.004891871454482,-0.6466008904653182,0.2817090190108362,-0.232224676399151,0.013362949063248971,0.6466008904653182,0.2817090190108362,0.232224676399151,0.013362949063248971,False,False,ictal_scale,high,low,low,-0.19700122593985292,0.4866025505511344,0.20160162452248478,0.20293032054993232,0.20597509820488347,1200,500,10,47.21837592124939
-1.58,-0.06,0.22,0.004,92,798330161,True,,60,-0.11,-0.05208146400797912,0.28580103422928343,-2.159801437894866,-0.5150767059273,0.015679887231152944,-0.059750665924027516,0.3995600865000967,-2.607821288098349,0.04464075703621483,21.951550554211245,21.597506612601876,64.37482391953299,59.57239147409216,-0.35404394160936903,-4.802432445440829,False,False,0.20597509820488347,0.19398004229089186,0.9417645335842487,0.11534802251047771,0.06891522562901443,0.5974547645388067,-4.155376455976493,-2.159801437894866,-2.6748781438221663,-0.45507670592730004,-0.5798014378948659,0.06580103422928343,0.011679887231152944,0.45507670592730004,0.5798014378948659,0.06580103422928343,0.011679887231152944,False,False,ictal_scale,high,low,low,-0.07042635062751128,0.357609514210841,0.20243813083504578,0.20298229592471034,0.20597509820488347,1200,500,10,45.665323972702026
-1.58,-0.06,0.22,0.004,93,738176468,True,,60,-0.11,-0.015168304066867954,0.1387828452993176,-1.1403247429226646,-1.9184785100878363,0.020640947442023237,-0.012193383194657521,0.2009444104289291,-1.6826685115585756,0.01459114198948092,36.98983159719873,37.94454125947702,94.45138600550797,92.26646076784245,0.9547096622782902,-2.1849252376655244,True,False,0.20597509820488347,0.19398004229089186,0.9417645335842487,0.31971517971434193,0.04694384151784296,0.14683019292292024,-3.8804784362234943,-1.1403247429226646,-3.0588032530105007,-1.8584785100878363,0.43967525707733546,-0.08121715470068241,0.016640947442023237,1.8584785100878363,0.43967525707733546,0.08121715470068241,0.016640947442023237,False,False,ictal_scale,high,low,low,0.005690830083107483,0.4686927817760964,0.2015309491645133,0.20275729955405392,0.20597509820488347,1200,500,10,49.543259143829346
-1.58,-0.06,0.22,0.004,94,907041089,True,,60,-0.11,-0.03511557380387213,0.08362043812953407,-1.5851089026946443,-1.0251753500277405,0.01946949393732465,-0.012233813134125839,-0.03918534843600582,-1.787969522577288,0.00027089202144756026,32.02208229489101,35.62034201098773,84.51588740089252,87.61806227086386,3.5982597160967202,3.1021748699713356,True,True,0.20597509820488347,0.19398004229089186,0.9417645335842487,0.20492547496514096,0.07351364433930288,0.35873355595153794,-3.938906451855462,-1.5851089026946443,-2.610284252722385,-0.9651753500277405,-0.005108902694644257,-0.13637956187046593,0.01546949393732465,0.9651753500277405,0.005108902694644257,0.13637956187046593,0.01546949393732465,False,False,ictal_scale,high,low,low,-0.06607773451798465,0.40072745937869,0.2020660733647688,0.20257442739253848,0.20597509820488347,1200,500,10,41.848259925842285
-1.58,-0.06,0.22,0.004,95,305436109,True,,60,-0.11,-0.10404187545447546,0.28347902787281754,-1.6452421981429217,-0.18355043189174094,0.014607818189763196,-0.11592809373917476,0.2992695845401933,-1.902825022751319,0.013560569726953365,37.3890222171607,38.6347051993484,95.24976724543191,93.64678864758521,1.2456829821877022,-1.6029785978467004,True,False,0.20597509820488347,0.19398004229089186,0.9417645335842487,0.1929658211700882,0.16060736326682315,0.8323098997166811,-4.22619840114323,-1.6452421981429217,-1.8287926300346626,-0.12355043189174095,-0.06524219814292165,0.06347902787281753,0.010607818189763196,0.12355043189174095,0.06524219814292165,0.06347902787281753,0.010607818189763196,False,False,ictal_scale,high,low,low,-0.12491897616409858,0.44940699313916094,0.20189782503269588,0.20225168253955728,0.20597509820488347,1200,500,10,44.81593632698059
-1.58,-0.06,0.22,0.004,96,916413131,True,,60,-0.11,-0.015290415115606033,0.20902334187234506,-0.9407886226293507,-2.8973482771434025,0.020906473978998287,-0.06614978974164437,0.35909647505703973,-1.8535659396139748,0.01913006439262825,33.81207598997546,37.31570805050818,88.09587479106142,91.00879434990476,3.5036320605327163,2.912919558843342,True,True,0.20597509820488347,0.19398004229089186,0.9417645335842487,0.39031989884671336,0.02153368340549402,0.055169320009356586,-3.8676964082163376,-0.9407886226293507,-3.838136899772753,-2.8373482771434024,0.6392113773706494,-0.010976658127654942,0.016906473978998287,2.8373482771434024,0.6392113773706494,0.010976658127654942,0.016906473978998287,False,False,ictal_scale,high,low,low,-0.07172565344853127,0.4661190295460164,0.20162948261408906,0.20228943470101246,0.20597509820488347,1200,500,10,52.88141894340515
-1.58,-0.06,0.22,0.004,97,414147037,True,,60,-0.11,-0.1780576827544551,0.23505646807054703,-1.64182422177346,-0.9377123841513587,0.027637817357402693,-0.15011929907499538,0.24473843945584328,-1.7905925240592881,0.04398166577462171,37.10560636953069,37.621879242628665,94.68293555017189,91.62113673414574,0.5162728730979751,-3.0617988160261547,True,False,0.20597509820488347,0.19398004229089186,0.9417645335842487,0.19362650223989966,0.07580912538424933,0.39152246467956764,-3.5885702500095853,-1.64182422177346,-2.579536605924819,-0.8777123841513588,-0.06182422177345992,0.01505646807054703,0.023637817357402693,0.8777123841513588,0.06182422177345992,0.01505646807054703,0.023637817357402693,False,False,ictal_scale,high,low,low,-0.1633754993118545,0.45576170688636586,0.2016902724570805,0.20257142744820428,0.20597509820488347,1200,500,10,51.67326259613037
-1.58,-0.06,0.22,0.004,98,1025124059,True,,60,-0.11,-0.01319595406519847,0.04263195876001391,-0.8347210562237175,-2.282725070756268,0.02465241523918993,0.0333598445940422,0.09425532385114942,-1.542403888280885,0.0172513388210686,41.043136828605476,42.6097037754015,102.55799646832145,101.5967857996914,1.5665669467960228,-0.961210668630045,True,False,0.20597509820488347,0.19398004229089186,0.9417645335842487,0.4339955249006505,0.04427008434585651,0.10200585445204935,-3.702880401987413,-0.8347210562237175,-3.117446126979986,-2.222725070756268,0.7452789437762826,-0.1773680412399861,0.02065241523918993,2.222725070756268,0.7452789437762826,0.1773680412399861,0.02065241523918993,False,False,ictal_scale,high,low,low,0.029375934215839374,0.47590616857432244,0.2013599315663878,0.202179939047269,0.20597509820488347,1200,500,10,40.085803747177124
-1.58,-0.06,0.22,0.004,99,423519079,True,,60,-0.11,-0.2579125664908793,-0.09677303616933482,-2.3324604040144403,0.9817336809070529,0.012177903014900663,-0.25623954781483693,-0.06670754716702545,-1.6531905359412944,0.0008119864637959424,29.580940018161584,30.69983820143179,79.63360284743368,77.77705465175198,1.118898183270204,-1.8565481956816967,True,False,0.20597509820488347,0.19398004229089186,0.9417645335842487,0.09705665449560866,0.2590519331973577,2.6690795653695085,-4.408132197787012,-2.3324604040144403,-1.3507267231073874,1.041733680907053,-0.7524604040144403,-0.31677303616933483,0.008177903014900663,1.041733680907053,0.7524604040144403,0.31677303616933483,0.008177903014900663,False,False,ictal_scale,high,low,low,-0.259034371970474,0.38543682709618454,0.20186613403005665,0.20239861001535642,0.20597509820488347,1200,500,10,38.52554702758789
-1.58,1.17,0.22,0.004,0,1144631085,True,,60,-0.11,-0.016291401268825237,0.09057824871771958,-1.3891175849657678,0.5390550308738252,0.03354003609727817,-0.019367659115263426,0.03260673198542437,-0.8648348781312518,0.002996413311469013,53.71558270212877,55.59372325247134,127.90288821536805,127.56482475383109,1.8781405503425717,-0.33806346153696154,True,False,0.20597509820488347,0.6636502501363193,3.2219926385284996,0.2492951894256873,0.42738819623199886,1.7143860546069605,-3.3950154463420312,-1.3891175849657678,-0.8500625540919425,-0.6309449691261747,0.1908824150342323,-0.12942175128228042,0.029540036097278167,0.6309449691261747,0.1908824150342323,0.12942175128228042,0.029540036097278167,True,True,strong,high,low,low,-0.05489489276124486,0.5833897629941952,0.39095116855519846,0.32147906944654203,1.475566900594036,1200,500,10,47.95970797538757
-1.58,1.17,0.22,0.004,1,1505118656,True,,60,-0.11,-0.09554090371359045,-0.19614942363891408,-2.0872429808935933,1.731957038406693,0.03621579587694072,0.056333672832388985,0.020756045019358644,-0.4932884361656814,0.003733575057903688,54.97071974624011,63.98663538947615,130.41316230359072,144.3506490278407,9.015915643236042,13.937486724249965,True,True,0.20597509820488347,0.6636502501363193,3.2219926385284996,0.12402861412893243,0.7009729765928,5.651703693666303,-3.3182599051317387,-2.0872429808935933,-0.3552859424869004,0.561957038406693,-0.5072429808935932,-0.41614942363891405,0.03221579587694072,0.561957038406693,0.5072429808935932,0.41614942363891405,0.03221579587694072,True,True,strong,high,low,low,-0.1262719175669048,0.6272389017202962,0.4122099194154832,0.3503259197387623,1.7102740895773143,1200,500,10,43.87773084640503
-1.58,1.17,0.22,0.004,2,1154003127,True,,60,-0.11,-0.22524880913785886,-0.015511598515734918,-1.7619418340423314,1.1915658181251643,0.02874050048876118,-0.13699875465739497,0.1407256841033952,-1.2223378804500165,0.04058179577489811,51.64066030119801,53.204944852630945,123.75304341350653,122.7872679541503,1.5642845514329338,-0.9657754593562373,True,False,0.20597509820488347,0.6636502501363193,3.2219926385284996,0.17171110540627424,0.5653128321072596,3.2922322104310635,-3.54944798412098,-1.7619418340423314,-0.5703760159171671,0.021565818125164338,-0.18194183404233133,-0.23551159851573492,0.02474050048876118,0.021565818125164338,0.18194183404233133,0.23551159851573492,0.02474050048876118,True,True,strong,high,low,low,-0.1646893521098394,0.584829625159023,0.3894941481576711,0.3249188272322707,0.8995918552048174,1200,500,10,43.2381477355957
-1.58,1.17,0.22,0.004,3,651737033,True,,60,-0.11,-0.10123535213658773,0.17821769993485764,-1.6719223430214707,1.0065636193956944,0.031750546634921134,-0.04193532563068322,0.22425177439636348,-1.3485115378971626,0.09707498871777424,52.74317358455977,54.082469721209726,125.95806998023005,124.54231769130786,1.3392961366499563,-1.4157522889221923,True,False,0.20597509820488347,0.6636502501363193,3.2219926385284996,0.1878855378073882,0.5140890787272135,2.7361822773939872,-3.449845336943735,-1.6719223430214707,-0.6653587236257763,-0.16343638060430554,-0.09192234302147062,-0.04178230006514236,0.027750546634921134,0.16343638060430554,0.09192234302147062,0.04178230006514236,0.027750546634921134,True,True,strong,high,low,low,-0.05161756230470298,0.6123868854703649,0.4055573505883857,0.3115493707274227,1.5475681133188683,1200,500,10,46.16059756278992
-1.58,1.17,0.22,0.004,4,1262714055,True,,60,-0.11,-0.007272143138868848,-0.4689528521896136,0.42217881595863277,0.5342230356033706,144.18312437600233,1.314165644325498,0.7711041230764409,-4.414903923410253,752.6063446876587,279.24608582170976,283.8703793255039,578.96389445453,584.1181368998962,4.624293503794149,5.154242445366208,True,True,0.20597509820488347,0.6636502501363193,3.2219926385284996,1.525281244927183,2.6023160879667837,1.70612213099822,4.971084188709754,0.42217881595863277,0.9564018515620034,-0.6357769643966293,2.002178815958633,-0.6889528521896136,144.17912437600233,0.6357769643966293,2.002178815958633,0.6889528521896136,144.17912437600233,True,True,strong,high,low,low,1.2322923621033985,27.44488974957238,1103.2556374679255,0.3497248434621238,22026.465794806718,1200,500,10,68.12576723098755
-1.58,1.17,0.22,0.004,5,1387035686,True,,60,-0.11,-0.17104413310313332,0.13267316829019185,-1.36365854855831,-0.009386273057409612,0.023472368345663498,-0.09398154706537731,0.1381411926053028,-1.318839069814064,0.04297236530254277,47.951065438198995,47.79372579891364,116.3738536875085,111.96482984671569,-0.15733963928535388,-4.409023840792813,False,False,0.20597509820488347,0.6636502501363193,3.2219926385284996,0.25572348664457933,0.2533344259000741,0.9906576405012588,-3.7519313647230708,-1.36365854855831,-1.3730448216157196,-1.1793862730574096,0.21634145144169015,-0.08732683170980815,0.019472368345663498,1.1793862730574096,0.21634145144169015,0.08732683170980815,0.019472368345663498,True,True,strong,high,low,low,-0.1470685616764698,0.528485733635258,0.36330757003330844,0.3349785235997982,1.1329059797845973,1200,500,10,39.64512276649475
-1.58,1.17,0.22,0.004,6,1988640666,True,,60,-0.11,-0.11446481027258537,0.1680152939936608,-1.9848690087785241,1.635296270160459,0.02593416756350362,-0.12531777838922797,0.05010632811969909,-1.0267663382999705,0.013169620010861832,51.38626860171975,56.100859467624595,123.24426001455001,128.5790971841376,4.714590865904846,5.334837169587587,True,True,0.20597509820488347,0.6636502501363193,3.2219926385284996,0.13739861095009237,0.7049892400561331,5.130977927514914,-3.6521939687247937,-1.9848690087785241,-0.34957273861806515,0.46529627016045905,-0.40486900877852405,-0.0519847060063392,0.02193416756350362,0.46529627016045905,0.40486900877852405,0.0519847060063392,0.02193416756350362,True,True,strong,high,low,low,-0.1437590748272885,0.5844245477283632,0.3950274553854083,0.3367773247932123,1.9603131519942796,1200,500,10,41.760668992996216
-1.58,1.17,0.22,0.004,7,769820003,True,,60,-0.11,-0.07527598170381294,0.12791784646623378,-1.6922563872867964,1.5550123504814546,0.05226810294037484,-0.09871361706145967,-0.03560662010835595,-0.25975450707290504,0.000237510195263897,62.68404600548937,84.24196372626379,145.83981482208924,184.86130570141597,21.55791772077442,39.021490879326734,True,True,0.20597509820488347,0.6636502501363193,3.2219926385284996,0.18410364585240654,0.8717574592663,4.735145006118872,-2.9513689803849408,-1.6922563872867964,-0.1372440368053418,0.38501235048145466,-0.11225638728679632,-0.09208215353376623,0.04826810294037484,0.38501235048145466,0.11225638728679632,0.09208215353376623,0.04826810294037484,True,True,strong,high,low,low,-0.06482295963043967,0.7478617916683272,0.4834964586748922,0.32555962825934204,2.720515123827161,1200,500,10,42.189943075180054
-1.58,1.17,0.22,0.004,8,1879929738,True,,60,-0.11,-0.08106602018448832,0.2137238558505912,-1.278333871954649,0.7670043316372652,0.046080532806530364,-0.002103793801338322,0.2360488212190085,-0.7810478127232716,0.06086763903066253,62.8237334520897,63.468194470920274,146.1191897152899,143.31376719072895,0.6444610188305759,-2.805422524560953,True,False,0.20597509820488347,0.6636502501363193,3.2219926385284996,0.27850093232491213,0.5996977262359369,2.153305991580314,-3.07736470001963,-1.278333871954649,-0.5113295403173839,-0.4029956683627347,0.301666128045351,-0.006276144149408802,0.04208053280653036,0.4029956683627347,0.301666128045351,0.006276144149408802,0.04208053280653036,True,True,strong,high,low,low,-0.058760483517611324,0.7120736307953296,0.45583677940573364,0.3782380152166377,1.2926778716613403,1200,500,10,34.803184509277344
-1.58,1.17,0.22,0.004,9,878530931,True,,60,-0.11,-0.12176808717984061,-0.06669053731407149,-1.862945218123886,1.490025432422128,0.04254876029939451,-0.09690654053041449,-0.13980948627592021,-0.01915734682049642,0.012075917414870492,55.66425079681503,67.77680265530424,131.80022440474056,151.93098355949687,12.112551858489205,20.130759154756305,True,True,0.20597509820488347,0.6636502501363193,3.2219926385284996,0.15521481502959647,0.6887204758579423,4.437208366524914,-3.1571045595365557,-1.862945218123886,-0.3729197857017579,0.3200254324221281,-0.28294521812388584,-0.28669053731407146,0.03854876029939451,0.3200254324221281,0.28294521812388584,0.28669053731407146,0.03854876029939451,True,True,strong,high,low,low,-0.061679667126402736,0.6576486441612351,0.4304774314224039,0.32421647758073036,1.6466368928636832,1200,500,10,36.731189489364624
-1.58,1.17,0.22,0.004,10,1870557696,True,,60,-0.11,-0.11089065631739699,0.05293135070914237,-2.2928149938993814,1.9435677540875105,0.023748006405406162,-0.2040291134996844,0.07645692392736805,-1.678845578651741,0.08762694625641411,45.050715580801565,46.70217855954958,110.57315397271364,109.78173536798757,1.6514629787480146,-0.7914186047260756,True,False,0.20597509820488347,0.6636502501363193,3.2219926385284996,0.10098179823270866,0.7052187505628227,6.9836224240894715,-3.7402566928497185,-2.2928149938993814,-0.3492472398118709,0.7735677540875106,-0.7128149938993813,-0.16706864929085763,0.019748006405406162,0.7735677540875106,0.7128149938993813,0.16706864929085763,0.019748006405406162,True,True,strong,high,low,low,-0.21259434127602192,0.5264547450698658,0.3612742530359148,0.2991465149297543,1.2457466839723481,1200,500,10,45.39824557304382
-1.58,1.17,0.22,0.004,11,887902973,True,,60,-0.11,-0.2379366877493022,0.35217655564138545,-1.2631329105015912,0.23634833102664443,0.05353190078445612,-0.19477863893493913,0.329710116362944,-1.0193028148384116,0.03950400214199294,55.30521602375052,55.50665559608875,131.08215485861155,127.3906894410659,0.20143957233823073,-3.6914654175456434,True,False,0.20597509820488347,0.6636502501363193,3.2219926385284996,0.28276675441906435,0.35815673559223243,1.266615434788487,-2.9274775264373054,-1.2631329105015912,-1.0267845794749468,-0.9336516689733555,0.3168670894984089,0.13217655564138545,0.049531900784456115,0.9336516689733555,0.3168670894984089,0.13217655564138545,0.049531900784456115,True,True,strong,high,low,low,-0.27193343901166317,0.6182974415336976,0.4130259521264913,0.32860353682953036,1.6189911675947128,1200,500,10,39.75191283226013
-1.58,1.17,0.22,0.004,12,1761846768,True,,60,-0.11,-0.224568997680326,0.07347268768006522,-1.6553871321458589,1.273935196066238,0.0391754344113997,-0.3026567370802665,0.45636979825404816,0.02750474063304023,0.07098603779901232,58.14623781951669,74.6897208246853,136.76419845014388,165.75681989825898,16.543483005168603,28.992621448115102,True,True,0.20597509820488347,0.6636502501363193,3.2219926385284996,0.1910180921456424,0.6828692066405229,3.574892822821553,-3.2397054018060096,-1.6553871321458589,-0.3814519360796209,0.10393519606623802,-0.07538713214585879,-0.14652731231993477,0.0351754344113997,0.10393519606623802,0.07538713214585879,0.14652731231993477,0.0351754344113997,True,True,strong,high,low,low,-0.291247244736215,0.6680898901272647,0.4655759481563214,0.33520604265334175,3.736796203419626,1200,500,10,42.903573751449585
-1.58,1.17,0.22,0.004,13,2030854436,True,,60,-0.11,0.005659773836455507,0.20415989111259594,-1.5844550731337124,1.2730388471591785,0.05148789674191508,0.03408604138575161,0.47934845832192485,-0.10786497547619134,0.10225776644785042,62.98172297049082,72.65167474508152,146.43516875209215,161.68072773905143,9.6699517745907,15.245558986959281,True,True,0.20597509820488347,0.6636502501363193,3.2219926385284996,0.20505950511012186,0.7324089647826534,3.5716899072263546,-2.9664085136528286,-1.5844550731337124,-0.3114162259745339,0.10303884715917855,-0.004455073133712295,-0.01584010888740406,0.04748789674191509,0.10303884715917855,0.004455073133712295,0.01584010888740406,0.04748789674191509,True,True,strong,high,low,low,0.02652916094598062,0.7312449183355584,0.4709244389154385,0.35786947810325975,1.6675042119417445,1200,500,10,42.451500415802
-1.58,1.17,0.22,0.004,14,1752474726,True,,60,-0.11,-0.1299611510381197,0.43311952043356094,-2.3421898884605485,1.985761618973746,0.02921146571390706,-0.05028782321850801,0.37989779393281065,-1.0740359233023873,0.06705760086696617,51.10139877438541,56.13284588235084,122.67452035988131,128.6430700135901,5.031447107965434,5.968549653708777,True,True,0.20597509820488347,0.6636502501363193,3.2219926385284996,0.09611692225355267,0.7001726934150019,7.284593357743747,-3.533193985344054,-2.3421898884605485,-0.3564282694868026,0.815761618973746,-0.7621898884605485,0.21311952043356094,0.02521146571390706,0.815761618973746,0.7621898884605485,0.21311952043356094,0.02521146571390706,True,True,strong,high,low,low,-0.06105964033202962,0.6756681032973434,0.4445048876216006,0.3163864207640086,2.0963568948167897,1200,500,10,47.64706802368164
-1.58,1.17,0.22,0.004,15,107257173,True,,60,-0.11,-0.09026815031811894,0.06281560044439996,-1.4725609085660214,1.0216429667062865,0.04171032758552244,-0.04997831325061432,0.5203168356278508,-0.1183088323626425,0.09772920214655983,61.56272794096769,72.22052766963583,143.5971786930459,160.81843358816005,10.657799728668138,17.221254895114157,True,True,0.20597509820488347,0.6636502501363193,3.2219926385284996,0.22933742035368646,0.6370431146065174,2.7777547755794196,-3.1770065169196258,-1.4725609085660214,-0.4509179418597349,-0.14835703329371341,0.10743909143397867,-0.15718439955560004,0.03771032758552244,0.14835703329371341,0.10743909143397867,0.15718439955560004,0.03771032758552244,True,True,strong,high,low,low,-0.05944624770177843,0.6823048430398165,0.44589363851059943,0.3521147114602081,2.0856990298339237,1200,500,10,42.73216009140015
-1.58,1.17,0.22,0.004,16,1643763798,True,,60,-0.11,-0.3394779100971962,-0.19162972555130692,-1.073080989301038,-0.2000380052653764,0.025827333014964857,-0.2632281226124401,-0.314369375482498,-0.6810527138243487,0.03096171433930114,52.942017113668896,56.562350271517474,126.3557570384483,129.50207879192334,3.6203331578485773,3.1463217534750356,True,True,0.20597509820488347,0.6636502501363193,3.2219926385284996,0.34195333817903895,0.27995707403977393,0.8186996375897192,-3.656321928658347,-1.073080989301038,-1.2731189945664143,-1.3700380052653762,0.5069190106989621,-0.41162972555130695,0.021827333014964857,1.3700380052653762,0.5069190106989621,0.41162972555130695,0.021827333014964857,True,True,strong,high,low,low,-0.3054620791934325,0.5929354148534991,0.404435295254138,0.3375643866510747,1.0029704870476417,1200,500,10,41.96263933181763
-1.58,1.17,0.22,0.004,17,2146029892,True,,60,-0.11,-0.033135630420104124,-0.06632591410088598,-1.4210197531303232,1.1348476363727091,0.04436964174359613,-0.0745253043095567,-0.07138037284680859,-0.19513672909333957,0.0006351750919051666,65.10527477991398,72.56333038841417,150.68227237093848,161.50403902571674,7.458055608500189,10.821766654778258,True,True,0.20597509820488347,0.6636502501363193,3.2219926385284996,0.24146765390772681,0.751133322188443,3.1106995493296057,-3.1151997879174447,-1.4210197531303232,-0.2861721167576141,-0.035152363627290795,0.15898024686967682,-0.286325914100886,0.04036964174359613,0.035152363627290795,0.15898024686967682,0.286325914100886,0.04036964174359613,True,True,strong,high,low,low,-0.023008460180247707,0.7343013526993164,0.47622996600376793,0.3474983361893241,1.961185228590055,1200,500,10,37.310503005981445
-1.58,1.17,0.22,0.004,18,513091891,True,,60,-0.11,-0.029745568972507883,0.1670856126473902,-2.3734646950313563,2.161137782860366,0.023142767186211742,-0.014663851969316997,-0.06552752337517084,-1.1899016986242283,0.05646792377498702,46.12504233337639,54.5684102134587,112.72180747786328,125.5141986758058,8.443367880082306,12.792391197942521,True,True,0.20597509820488347,0.6636502501363193,3.2219926385284996,0.093157404499308,0.8087002803839164,8.6810091450103,-3.7660729798281625,-2.3734646950313563,-0.2123269121709903,0.991137782860366,-0.7934646950313562,-0.05291438735260981,0.019142767186211742,0.991137782860366,0.7934646950313562,0.05291438735260981,0.019142767186211742,True,True,strong,high,low,low,-0.07123929443633308,0.5930683695691173,0.3960385293949209,0.30754511721628136,1.5790533742885948,1200,500,10,35.761170625686646
-1.58,1.17,0.22,0.004,19,2136657850,True,,60,-0.11,-0.0868963886471021,-0.04946798937346256,-2.7551305826195596,2.2589110591577337,0.016040188646456392,-0.09065683569663496,-0.07259641746369039,-1.6864369424001233,0.0009924243701467828,28.392908686464967,31.995330626192732,77.25754018404044,80.36803950127387,3.6024219397277655,3.110499317233433,True,True,0.20597509820488347,0.6636502501363193,3.2219926385284996,0.06360071397865703,0.608827974377354,9.57265942928979,-4.132657915611906,-2.7551305826195596,-0.49621952346182585,1.0889110591577338,-1.1751305826195595,-0.26946798937346256,0.012040188646456392,1.0889110591577338,1.1751305826195595,0.26946798937346256,0.012040188646456392,True,True,strong,high,low,low,-0.08745618984211327,0.39835854431646045,0.3101906702774304,0.2783755442359833,0.6015818729900405,1200,500,10,38.91161799430847
-1.58,1.17,0.22,0.004,20,1656043354,True,,60,-0.11,-0.07688520367923977,0.37516930505505697,-2.0233992721891663,1.6450180748412624,0.03741505971570455,-0.01481047327389761,0.40661883476984384,-1.0793832577345666,0.05136430285419394,53.80767892043764,58.1059696520735,128.0870806519858,132.5893175530354,4.298290731635859,4.502236901049599,True,True,0.20597509820488347,0.6636502501363193,3.2219926385284996,0.13220529859960745,0.684969342395896,5.181103553726476,-3.285681989414618,-2.0233992721891663,-0.3783811973479039,0.47501807484126246,-0.4433992721891662,0.15516930505505697,0.03341505971570455,0.47501807484126246,0.4433992721891662,0.15516930505505697,0.03341505971570455,True,True,strong,high,low,low,-0.05643207651030988,0.6788418618133154,0.43787705474194066,0.32009146655504783,1.502200780616646,1200,500,10,44.77412676811218
-1.58,1.17,0.22,0.004,21,2027946922,True,,60,-0.11,-0.16249426190699204,0.1273918236496635,-1.4107457659431586,0.317303673533957,0.02766892479176034,-0.16903646983532286,0.15415396435028472,-1.5005999073221155,0.06700738632263564,48.45356045731717,48.131117947149555,117.37884372574484,112.63961414318752,-0.32244251016761183,-4.7392295825573285,False,False,0.20597509820488347,0.6636502501363193,3.2219926385284996,0.24396127728293565,0.33506119492913816,1.3734195797825275,-3.587445344205007,-1.4107457659431586,-1.0934420924092016,-0.852696326466043,0.16925423405684148,-0.0926081763503365,0.02366892479176034,0.852696326466043,0.16925423405684148,0.0926081763503365,0.02366892479176034,True,True,strong,high,low,low,-0.17412682514828576,0.52740807150535,0.3660569054455067,0.31923587035304424,1.2734849090191869,1200,500,10,43.413813829422
-1.58,1.17,0.22,0.004,22,1764754282,True,,60,-0.11,-0.08758513916209436,0.203187815606497,-1.5024732731375854,1.3040628844554565,0.05406525268692905,-0.05262208683634052,0.09265069322464123,0.11210351851455672,0.011432940277015434,68.667929749127,78.13344496447073,157.8075823093645,172.64426817782984,9.465515215343729,14.836685868465338,True,True,0.20597509820488347,0.6636502501363193,3.2219926385284996,0.22257898020738828,0.8200332517083762,3.684234921663802,-2.917563578833808,-1.5024732731375854,-0.1984103886821289,0.13406288445545655,0.07752672686241469,-0.016812184393502988,0.050065252686929046,0.13406288445545655,0.07752672686241469,0.016812184393502988,0.050065252686929046,True,True,strong,high,low,low,-0.0675803772643678,0.8510682716079129,0.5471690322808073,0.35920405662266175,3.7207558368428906,1200,500,10,42.7044575214386
-1.58,1.17,0.22,0.004,23,2018574880,True,,60,-0.11,-0.1389855817913679,0.41578770166360524,-1.749855922951334,1.1094387446949265,0.03730143715311878,-0.20595968198474507,0.30217248759576537,-1.1592349601313052,0.02528451281746429,52.17771493535707,55.931648603036805,124.82715268182466,128.240675454962,3.753933667679732,3.4135227731373448,True,True,0.20597509820488347,0.6636502501363193,3.2219926385284996,0.17379898209105593,0.5270724949869692,3.032655822522757,-3.288723423500382,-1.749855922951334,-0.6404171782564074,-0.06056125530507339,-0.1698559229513339,0.19578770166360523,0.033301437153118785,0.06056125530507339,0.1698559229513339,0.19578770166360523,0.033301437153118785,True,True,strong,high,low,low,-0.24438016117246678,0.6300580921340653,0.4336454220207287,0.31582030630581726,3.398766573395465,1200,500,10,45.12317705154419
-1.58,1.17,0.22,0.004,24,1774126324,True,,60,-0.11,-0.058823280982407605,0.506575352385822,-2.126073677475884,1.2301598540212302,0.01997619982820944,-0.0987714500533602,0.41110950125096385,-1.4960772891694003,0.025128993259637605,40.2586808863155,40.903594251226195,100.98908458374152,98.1845667513408,0.6449133649106926,-2.8045178324007196,True,False,0.20597509820488347,0.6636502501363193,3.2219926385284996,0.11930480459434986,0.40823437399015294,3.4217764773027963,-3.9132137226401293,-2.126073677475884,-0.895913823454654,0.06015985402123025,-0.5460736774758841,0.286575352385822,0.01597619982820944,0.06015985402123025,0.5460736774758841,0.286575352385822,0.01597619982820944,True,True,strong,high,low,low,-0.1407969167652811,0.5119035660462207,0.35424692303408023,0.31458240677971455,1.0326421802665595,1200,500,10,42.86734390258789
-1.58,1.17,0.22,0.004,25,1909863952,True,,60,-0.11,-0.16604407168910856,0.19766492444383527,-1.3666943705039523,0.5124210059562827,0.029588939435523216,-0.13487940734225196,0.13061016043720655,-1.0501342193596246,0.03781168290165482,53.7966623778864,54.26978483036648,128.0650475668833,124.91694790962137,0.47312245248008367,-3.1480996572619233,True,False,0.20597509820488347,0.6636502501363193,3.2219926385284996,0.25494833288154195,0.4255923292279608,1.669327759149169,-3.520354655202111,-1.3666943705039523,-0.8542733645476696,-0.6575789940437172,0.2133056294960478,-0.022335075556164735,0.025588939435523216,0.6575789940437172,0.2133056294960478,0.022335075556164735,0.025588939435523216,True,True,strong,high,low,low,-0.1900806606054901,0.5895267938433677,0.39497500293548854,0.34494954748074164,0.9526404560651226,1200,500,10,38.40173411369324
-1.58,1.17,0.22,0.004,26,1882837252,True,,60,-0.11,-0.154991160811017,0.17205025752032777,-1.3938706840491093,0.7261774031944722,0.051891665889833086,-0.14837690910821527,0.19380281829193347,-0.8962220811105039,0.04580372309889777,60.2592214576798,60.87340740003863,140.9901657264701,138.12419304896565,0.6141859423588301,-2.865972677504459,True,False,0.20597509820488347,0.6636502501363193,3.2219926385284996,0.24811307626535536,0.5128903081958548,2.0671635526670986,-2.9585970818620266,-1.3938706840491093,-0.6676932808546371,-0.4438225968055277,0.18612931595089077,-0.047949742479672236,0.04789166588983308,0.4438225968055277,0.18612931595089077,0.047949742479672236,0.04789166588983308,True,True,strong,high,low,low,-0.15520808312546552,0.6775254421493553,0.44333430255315837,0.3561171810468884,2.079054254589087,1200,500,10,37.64126133918762
-1.58,1.17,0.22,0.004,27,1281232272,True,,60,-0.11,-0.11668667022612964,0.2041974258879623,-1.9110217486878465,1.429838302633774,0.027941929453305526,-0.1841421244923929,0.49185958415109937,-0.6055390686134444,0.0614086412953836,49.298463738991494,57.8910456080975,119.06865028909348,132.1594694650834,8.592581869106006,13.090819175989907,True,True,0.20597509820488347,0.6636502501363193,3.2219926385284996,0.14792916292421265,0.6180515281887546,4.178023561894931,-3.5776268705116805,-1.9110217486878465,-0.4811834460540725,0.25983830263377405,-0.3310217486878464,-0.0158025741120377,0.023941929453305526,0.25983830263377405,0.3310217486878464,0.0158025741120377,0.023941929453305526,True,True,strong,high,low,low,-0.19776549517625558,0.5782000304126025,0.39084649781208536,0.2910571013406056,2.1112228255638845,1200,500,10,44.729352951049805
-1.58,1.17,0.22,0.004,28,1892209294,True,,60,-0.11,-0.03309483301603302,0.626356070068026,-2.7674809635472037,2.28344403687517,0.0665097990396102,0.11209741544389606,0.4498799863912928,0.0761056104701387,0.1478484502539742,56.27005596997384,78.9182846641681,133.0118347510582,174.2139475772246,22.64822869419426,41.2021128261664,True,True,0.20597509820488347,0.6636502501363193,3.2219926385284996,0.06282005159562205,0.6162904439370032,9.810409706507668,-2.710405988196759,-2.7674809635472037,-0.4840369266720339,1.11344403687517,-1.1874809635472037,0.406356070068026,0.0625097990396102,1.11344403687517,1.1874809635472037,0.406356070068026,0.0625097990396102,True,True,strong,high,low,low,0.11798725940170364,0.8969224453514495,0.7773276840862444,0.2980362997742908,9.356066799203951,1200,500,10,38.60681629180908
-1.58,1.17,0.22,0.004,29,1389943200,True,,60,-0.11,-0.2090663388967865,0.26797364272627944,-1.780863667818427,0.9509273162233953,0.038995830499223144,-0.24114162819240467,0.08667429435028438,-1.09310408215892,0.020353648488791426,50.49836394186657,51.90658947540078,121.46845069484365,120.19055719968996,1.4082255335342069,-1.277893495153691,True,False,0.20597509820488347,0.6636502501363193,3.2219926385284996,0.16849256280519798,0.4360770410463601,2.588108541921396,-3.244300548844131,-1.780863667818427,-0.8299363515950318,-0.2190726837766046,-0.20086366781842702,0.047973642726279436,0.03499583049922314,0.2190726837766046,0.20086366781842702,0.047973642726279436,0.03499583049922314,True,True,strong,high,low,low,-0.24883489821666382,0.5856388126543396,0.39901556296096596,0.35030362493861633,0.9491763496291767,1200,500,10,36.363794803619385
-1.58,1.17,0.22,0.004,30,2000920222,True,,60,-0.11,-0.13352893117268014,0.21964187469710103,-1.8033973257779787,1.3560335884036574,0.030496273335650265,-0.14220923200421987,0.2002533070602658,-1.0473374423932054,0.026951996591222306,53.14585966444868,56.249983356646496,126.76344214000787,128.87734496218138,3.104123692197817,2.1139028221735146,True,True,0.20597509820488347,0.6636502501363193,3.2219926385284996,0.16473826689342094,0.6393113245551019,3.880770003296871,-3.4901507885504386,-1.8033973257779787,-0.44736373737432134,0.18603358840365747,-0.22339732577797866,-0.0003581253028989706,0.026496273335650265,0.18603358840365747,0.22339732577797866,0.0003581253028989706,0.026496273335650265,True,True,strong,high,low,low,-0.1319928065198736,0.616037837400571,0.4048432030180492,0.31081232102096573,1.2640889481733995,1200,500,10,43.96133899688721
-1.58,1.17,0.22,0.004,31,1399315242,True,,60,-0.11,0.07736294762261013,0.18433624235552495,-1.3199050169800108,0.08193237150406349,0.028832308452148618,0.07324642292581685,0.21911210924939656,-1.30858179880771,0.011860385820814034,49.98684715062684,50.23174170347711,120.4454171123642,116.84086165584263,0.24489455285026906,-3.6045554565215667,True,False,0.20597509820488347,0.6636502501363193,3.2219926385284996,0.2671606764886321,0.2899714974532174,1.0853824045678964,-3.5462586993563385,-1.3199050169800108,-1.2379726454759474,-1.0880676284959365,0.26009498301998923,-0.03566375764447505,0.024832308452148618,1.0880676284959365,0.26009498301998923,0.03566375764447505,0.024832308452148618,True,True,strong,high,low,low,0.09266191290615813,0.5696638400353445,0.4004415017508543,0.36558933495805224,1.0273813704589714,1200,500,10,43.786179065704346
-1.58,1.17,0.22,0.004,32,1250434499,True,,60,-0.11,-0.07927395014069553,0.35583815962858867,-2.737538139151775,2.404851079182276,0.016262051643351882,-0.11629351204454214,0.40034972045071726,-1.7402141873630006,0.02035350948073459,32.10270714445802,36.564083188567736,84.67713710002656,89.50554462602388,4.461376044109713,4.828407525997321,True,True,0.20597509820488347,0.6636502501363193,3.2219926385284996,0.06472950593546316,0.7169945353429586,11.076780596129051,-4.118921005494248,-2.737538139151775,-0.33268705996949866,1.2348510791822762,-1.1575381391517747,0.13583815962858867,0.012262051643351882,1.2348510791822762,1.1575381391517747,0.13583815962858867,0.012262051643351882,True,True,strong,high,low,low,-0.12573097837988734,0.4460526291617189,0.32392064246740065,0.2663825003317294,0.8061988468286656,1200,500,10,50.57071113586426
-1.58,1.17,0.22,0.004,33,1508026170,True,,60,-0.11,-0.0958680710230165,0.12652438911829209,-1.3066599581208564,0.4450380066155664,0.026997996877366523,-0.05706888777684277,0.11828378433473734,-0.9988993282690085,0.02992914472996357,54.60584922915784,55.35064239210195,129.6834212694262,127.07866303309231,0.7447931629441129,-2.604758236333879,True,False,0.20597509820488347,0.6636502501363193,3.2219926385284996,0.2707227733899291,0.42247629025243244,1.5605495059107153,-3.611992605457168,-1.3066599581208564,-0.8616219515052901,-0.7249619933844336,0.2733400418791436,-0.09347561088170792,0.022997996877366523,0.7249619933844336,0.2733400418791436,0.09347561088170792,0.022997996877366523,True,True,strong,high,low,low,-0.12384987627034261,0.5972717956532692,0.39765215393155307,0.3611963412592103,0.9205163513482987,1200,500,10,43.281853914260864
-1.58,1.17,0.22,0.004,34,1141723571,True,,60,-0.11,0.02904078746146413,0.346231704746215,-1.6148051617954877,0.829634457474461,0.03829380891105948,0.022291215170503406,0.35575984110644915,-1.143586793037264,0.011735379076006745,52.745465321669464,54.4212184410355,125.96265345444942,125.2198151309594,1.6757531193660355,-0.7428383234900195,True,False,0.20597509820488347,0.6636502501363193,3.2219926385284996,0.1989294257173242,0.456041846826917,2.292480587939492,-3.2624670430926814,-1.6148051617954877,-0.7851707043210268,-0.34036554252553897,-0.03480516179548765,0.126231704746215,0.03429380891105949,0.34036554252553897,0.03480516179548765,0.126231704746215,0.03429380891105949,True,True,strong,high,low,low,0.03871129855933721,0.6177946172095711,0.41561721339285346,0.35217864575291746,1.3922125899670676,1200,500,10,49.61149311065674
-1.58,1.17,0.22,0.004,35,1517398212,True,,60,-0.11,-0.049771597121495204,0.5420853668176073,-2.39995176245712,1.8639908632807505,0.018795966188800424,0.0012892141772000351,0.4608925223371693,-1.525826386451818,0.05017554422164604,42.29005670683874,45.87343868132469,105.05183622478799,108.12425561153779,3.5833819744859525,3.0724193867498,True,True,0.20597509820488347,0.6636502501363193,3.2219926385284996,0.09072232940612002,0.5851067913018871,6.449424250149562,-3.9741129965939823,-2.39995176245712,-0.5359608991763694,0.6939908632807505,-0.8199517624571198,0.32208536681760735,0.014795966188800424,0.6939908632807505,0.8199517624571198,0.32208536681760735,0.014795966188800424,True,True,strong,high,low,low,0.0019671667758637498,0.5640679755782764,0.3828275747847754,0.2881575608767427,1.3890575539905439,1200,500,10,47.96376156806946
-1.58,1.17,0.22,0.004,36,1132351529,True,,60,-0.11,-0.2241458803934731,0.17506570640350538,-1.927938956592989,1.0934093454732998,0.034383893157630324,-0.1718311735772799,0.1491701571360857,-1.341759668029916,0.011180992225669586,45.03010969013791,46.72662150056868,110.53194219138632,109.83062125002577,1.6965118104307706,-0.7013209413605495,True,False,0.20597509820488347,0.6636502501363193,3.2219926385284996,0.14544766372056586,0.434078619172805,2.9844317060104664,-3.3701670464149185,-1.927938956592989,-0.8345296111196892,-0.07659065452670011,-0.3479389565929889,-0.04493429359649462,0.030383893157630324,0.07659065452670011,0.3479389565929889,0.04493429359649462,0.030383893157630324,True,True,strong,high,low,low,-0.232078065975427,0.5235410321319296,0.3660224705855206,0.2995668367265605,1.038069498343536,1200,500,10,40.11755180358887
-1.58,1.17,0.22,0.004,37,1626109140,True,,60,-0.11,-0.15841958938294734,0.6863059920670836,-2.693867865466047,1.7562407323782563,0.14209564189466692,-0.16721748755067595,0.5008735421382943,2.5404655110627905,0.8972522961217674,61.51241074895533,162.65830943541718,143.49654430902117,341.6939971197228,101.14589868646185,198.1974528107016,True,True,0.20597509820488347,0.6636502501363193,3.2219926385284996,0.0676188921389775,0.3915558438088753,5.790627906238221,-1.9512549136339339,-2.693867865466047,-0.9376271330877906,0.5862407323782564,-1.1138678654660468,0.4663059920670837,0.13809564189466692,0.5862407323782564,1.1138678654660468,0.4663059920670837,0.13809564189466692,True,True,strong,high,low,low,-0.16678136732382123,2.1124486894539865,369.150607346132,0.3115877541910781,22026.465794806718,1200,500,10,43.295708417892456
-1.58,1.17,0.22,0.004,38,1023640601,True,,60,-0.11,-0.017143671898862338,-0.02300577155337174,-1.841131869625941,0.9608664943273635,0.026009990708522654,-0.002954658709252554,0.02651138845907726,-1.4612705041128313,0.03676932796451272,45.7337932013597,46.79291851196585,111.93930921382992,109.96321527282011,1.0591253106061487,-1.9760939410098075,True,False,0.20597509820488347,0.6636502501363193,3.2219926385284996,0.15863776718066147,0.4146728531466032,2.6139604743324534,-3.649274556748759,-1.841131869625941,-0.8802653752985776,-0.20913350567263644,-0.26113186962594104,-0.24300577155337175,0.022009990708522654,0.20913350567263644,0.26113186962594104,0.24300577155337175,0.022009990708522654,True,True,strong,high,low,low,-0.00032783370580986203,0.5128179477076003,0.3590960705836637,0.2856859180457396,1.689795313637098,1200,500,10,38.57125544548035
-1.58,1.17,0.22,0.004,39,1625245581,True,,60,-0.11,-0.1744383818789328,-0.06063934639812807,-1.9456915665683618,0.6113224581763161,0.020905001382314155,-0.14837457303852397,-0.14309088127553726,-1.7325059674582555,0.01638163159859188,37.342045563233604,37.60814603430562,95.1558139375777,91.59367031749964,0.26610047107201495,-3.5621436200780607,True,False,0.20597509820488347,0.6636502501363193,3.2219926385284996,0.14288837233969198,0.2633242521231677,1.842866902403791,-3.8677668480499965,-1.9456915665683618,-1.3343691083920457,-0.5586775418236838,-0.36569156656836177,-0.28063934639812804,0.016905001382314155,0.5586775418236838,0.36569156656836177,0.28063934639812804,0.016905001382314155,True,True,strong,high,low,low,-0.17446852999707824,0.43897080497826346,0.3290171462137083,0.30888640414582547,0.9869788842825566,1200,500,10,35.678213119506836
-1.58,1.17,0.22,0.004,40,1133215088,True,,60,-0.11,-0.07060986509063968,0.40139549031801236,-1.5336695760321688,-0.5390399784420018,0.022457433310075728,-0.05181650418809724,0.41078489786214734,-1.8510754341608409,0.050766651615453635,35.85042195781257,36.33509106000912,92.17256672673565,89.04756036890664,0.48466910219654835,-3.125006357829008,True,False,0.20597509820488347,0.6636502501363193,3.2219926385284996,0.21574252935116633,0.12584433724572247,0.5833079718875658,-3.7961336144712114,-1.5336695760321688,-2.0727095544741707,-1.7090399784420018,0.04633042396783127,0.18139549031801236,0.018457433310075728,1.7090399784420018,0.04633042396783127,0.18139549031801236,0.018457433310075728,True,True,strong,high,low,low,-0.05857212480434497,0.4769045728549219,0.3436697211725435,0.2995826656341199,0.8355416943070391,1200,500,10,46.01763677597046
-1.58,1.17,0.22,0.004,41,1516534653,True,,60,-0.11,-0.06042005816385506,0.5199137114612398,-2.3093981870706184,1.7252649933673467,0.033196312131468,-0.12906693179351536,0.1964319872276246,-1.1595305672739116,0.03264193612533192,43.95077033234804,53.37620872801415,108.3732634758066,123.1297957049167,9.425438395666106,14.756532229110107,True,True,0.20597509820488347,0.6636502501363193,3.2219926385284996,0.09932100624298787,0.5575889740332456,5.6140085076173065,-3.405316489607046,-2.3093981870706184,-0.5841331937032717,0.5552649933673468,-0.7293981870706183,0.2999137114612398,0.029196312131468,0.5552649933673468,0.7293981870706183,0.2999137114612398,0.029196312131468,True,True,strong,high,low,low,-0.14718384825452788,0.5932831676974651,0.39417474802380664,0.31042029194471904,1.6630167193798573,1200,500,10,41.06161022186279
-1.58,1.17,0.22,0.004,42,905557631,True,,60,-0.11,-0.16411371968854585,0.3206483648462083,-1.911661519956795,1.3533421352063397,0.03543719330295391,-0.22644277210588137,0.49660502748413976,-1.2810332437831984,0.05618879692885697,49.80019159644837,53.187269341887585,120.07210600400725,122.75191693266358,3.387077745439214,2.679810928656323,True,True,0.20597509820488347,0.6636502501363193,3.2219926385284996,0.14783455236372037,0.5721698536450456,3.870339135855902,-3.339993352121983,-1.911661519956795,-0.5583193847504553,0.1833421352063398,-0.33166151995679494,0.10064836484620829,0.031437193302953914,0.1833421352063398,0.33166151995679494,0.10064836484620829,0.031437193302953914,True,True,strong,high,low,low,-0.33528323734030163,0.6240795443215044,0.4390186934498794,0.30423634334285277,3.134188850033906,1200,500,10,45.55206489562988
-1.58,1.17,0.22,0.004,43,1507162611,True,,60,-0.11,-0.07295406338399386,0.41297784976992374,-1.7933302308234644,1.3294057229298375,0.11143952995974822,-0.12835053941912625,0.49979480083462136,1.206695737009536,0.3294162396276688,75.93131760012025,112.09075475172172,172.33435801135101,240.55888775233183,36.159437151601466,68.22452974098081,True,True,0.20597509820488347,0.6636502501363193,3.2219926385284996,0.1664050785674863,0.6288110229439609,3.7787970677165594,-2.194273167396831,-1.7933302308234644,-0.46392450789362694,0.15940572292983757,-0.21333023082346436,0.19297784976992374,0.10743952995974822,0.15940572292983757,0.21333023082346436,0.19297784976992374,0.10743952995974822,True,True,strong,high,low,low,-0.13888078251110067,1.2999739858261465,3.2052306024534016,0.3757947954443351,104.49074153631891,1200,500,10,49.72837448120117
-1.58,1.17,0.22,0.004,44,1251298058,True,,60,-0.11,-0.07755045498794376,0.3435071630809899,-1.4004274512499655,1.2175301396417466,0.0766743825266231,-0.09672037586085083,0.2168678615330398,0.16959243025116333,0.11013100035117857,72.43917435780267,81.8181089665655,165.35007152671585,180.0135961820194,9.378934608762833,14.663524655303547,True,True,0.20597509820488347,0.6636502501363193,3.2219926385284996,0.24649157828635163,0.8328536757506113,3.378832175690308,-2.568187622139477,-1.4004274512499655,-0.18289731160821887,0.04753013964174668,0.1795725487500346,0.12350716308098988,0.0726743825266231,0.04753013964174668,0.1795725487500346,0.12350716308098988,0.0726743825266231,True,True,strong,high,low,low,-0.07935224484650014,0.9326072337490873,0.6706136826247885,0.3372821281590371,6.531555150944075,1200,500,10,38.63203191757202
-1.58,1.17,0.22,0.004,45,1398451683,True,,60,-0.11,-0.04568087754645423,0.5885184410513756,-1.6316719539915472,1.351771476629765,0.07636787032080038,0.02890421299889448,0.27709653730185746,0.350984425341774,0.1388009885625524,75.29167766926214,94.95828159066446,171.0550781496348,206.2939414302173,19.666603921402313,35.23886328058251,True,True,0.20597509820488347,0.6636502501363193,3.2219926385284996,0.19560226259454527,0.7558589627906481,3.86426492600156,-2.572193216803,-1.6316719539915472,-0.27990047736178214,0.18177147662976512,-0.051671953991547115,0.36851844105137566,0.07236787032080037,0.18177147662976512,0.051671953991547115,0.36851844105137566,0.07236787032080037,True,True,strong,high,low,low,0.008614896817290526,1.228083795605933,1.2458419899426445,0.3905642664568296,11.346407933304684,1200,500,10,52.681063175201416
-1.58,1.17,0.22,0.004,46,246765874,True,,60,-0.11,-0.049388339904734485,0.23542880878365458,-2.610486483845074,1.9713568010016929,0.016713237639224325,-0.11216611661017753,0.20548043934185015,-1.9108985806470171,0.008422050294798974,30.163285516197448,40.61088106091838,80.7982938435054,97.59914037072517,10.447595544720933,16.80084652721976,True,True,0.20597509820488347,0.6636502501363193,3.2219926385284996,0.07349877909563328,0.527751535443533,7.180412272656212,-4.091554200551309,-2.610486483845074,-0.6391296828433812,0.8013568010016929,-1.030486483845074,0.015428808783654574,0.012713237639224325,0.8013568010016929,1.030486483845074,0.015428808783654574,0.012713237639224325,True,True,strong,high,low,low,-0.1146447079329733,0.45374081636100094,0.3306836854212847,0.27056949386690526,1.474164317605706,1200,500,10,40.21005463600159
-1.58,1.17,0.22,0.004,47,1289740755,True,,60,-0.11,-0.15427804713846976,0.3090046817161433,-1.8499327766685478,1.5898983653283716,0.056754990444748965,-0.11651572860012879,0.5042509199630497,0.4112256453723473,0.15614385052334231,65.19310547974219,88.84362098625603,150.85793377059488,194.06462022140045,23.65051550651384,43.20668645080556,True,True,0.20597509820488347,0.6636502501363193,3.2219926385284996,0.15724773667505879,0.7710250533416652,4.903250562740584,-2.8690116891344823,-1.8499327766685478,-0.26003441134017624,0.41989836532837166,-0.26993277666854776,0.08900468171614331,0.05275499044474896,0.41989836532837166,0.26993277666854776,0.08900468171614331,0.05275499044474896,True,True,strong,high,low,low,-0.12007014782658541,0.8694438468276466,0.6928656998766269,0.38961055938816136,10.560990342866745,1200,500,10,45.55926847457886
-1.58,1.17,0.22,0.004,48,1891345735,True,,60,-0.11,0.02125364139371528,0.35056501421469977,-1.8018676903477953,1.4398820928475864,0.055392601792725746,0.054927211415790815,0.4950448595398789,-0.015496930336209792,0.13074361228459253,60.99104067398927,76.05963240928143,142.45380415908903,168.49664306745126,15.068591735292166,26.042838908362228,True,True,0.20597509820488347,0.6636502501363193,3.2219926385284996,0.16499044920749834,0.6962923961206443,4.220198196108674,-2.8933092357939283,-1.8018676903477953,-0.36198559750020887,0.26988209284758646,-0.2218676903477952,0.13056501421469976,0.05139260179272574,0.26988209284758646,0.2218676903477952,0.13056501421469976,0.05139260179272574,True,True,strong,high,low,low,0.0586892809522717,0.8177438355912451,0.6061988657271103,0.36174665119741173,7.429920214814707,1200,500,10,34.06999063491821
-1.58,1.17,0.22,0.004,49,1280368713,True,,60,-0.11,-0.017363359999662528,-0.013243603338047992,-1.2471249081842213,0.1701545813389033,0.027873036118265537,0.03625283167790646,-0.07635863337097283,-0.8149170544265592,5.7663309809594727e-05,52.84943341257622,63.10402272548875,126.17058963626295,142.58542369986588,10.254589312912529,16.41483406360294,True,True,0.20597509820488347,0.6636502501363193,3.2219926385284996,0.28732970973871913,0.34062594922758777,1.1854880914936818,-3.5800955048401875,-1.2471249081842213,-1.076970326845318,-0.9998454186610967,0.3328750918157788,-0.233243603338048,0.023873036118265537,0.9998454186610967,0.3328750918157788,0.233243603338048,0.023873036118265537,True,True,strong,high,low,low,-0.017433899862802815,0.5804883580329866,0.39041027131206946,0.3371605366955176,0.9226754014330818,1200,500,10,35.66646337509155
-1.58,1.17,0.22,0.004,50,364848844,True,,60,-0.11,-0.0686417126184006,0.24896945143601618,-1.7181949246821873,1.3345973223306817,0.03533998697238694,0.0356737782983399,0.3318349815052899,-0.8896702112622723,0.028544424782618392,58.094012690350084,63.23334276256115,136.65974819181068,142.8440637740107,5.139330072211067,6.184315582200014,True,True,0.20597509820488347,0.6636502501363193,3.2219926385284996,0.17938966769628964,0.6814055680172749,3.7984660809501496,-3.3427401807271306,-1.7181949246821873,-0.38359760235150553,0.1645973223306818,-0.1381949246821872,0.028969451436016175,0.031339986972386935,0.1645973223306818,0.1381949246821872,0.028969451436016175,0.031339986972386935,True,True,strong,high,low,low,-0.1725665096054966,0.6705374336566843,0.4428019665665524,0.3487068715502669,2.047771131398275,1200,500,10,47.10986042022705
-1.58,1.17,0.22,0.004,51,2010066397,True,,60,-0.11,-0.21718469797452641,0.25145793515945436,-1.7732051843371481,0.8963415149365184,0.03262586112054661,-0.17459629778111968,0.28012168559151046,-1.1413450866645403,0.025837686735656673,48.133238403695415,49.823479154715635,116.73819961850134,116.02433655831967,1.6902407510202195,-0.7138630601816658,True,False,0.20597509820488347,0.6636502501363193,3.2219926385284996,0.16978791419649678,0.41608585017447947,2.450621130152646,-3.422650019188095,-1.7732051843371481,-0.8768636694006298,-0.27365848506348156,-0.19320518433714806,0.03145793515945436,0.028625861120546613,0.27365848506348156,0.19320518433714806,0.03145793515945436,0.028625861120546613,True,True,strong,high,low,low,-0.24384185010772808,0.5589098780586772,0.38730469249930355,0.3482113084174592,0.8355443150763214,1200,500,10,43.35690188407898
-1.58,1.17,0.22,0.004,52,1773262765,True,,60,-0.11,-0.10907246026322426,0.39813259320736016,-2.221293300757216,2.2648112420932263,0.03560275348855342,-0.16004462304146733,0.45962769527982694,-0.11956763090925071,0.09585110669005019,55.374447034547906,72.90672195640528,131.2206168802063,162.19082216169895,17.532274921857372,30.97020528149264,True,True,0.20597509820488347,0.6636502501363193,3.2219926385284996,0.10846873537438508,1.0444787334878356,9.629306821756211,-3.3353322989310517,-2.221293300757216,0.04351794133601006,1.0948112420932263,-0.6412933007572161,0.17813259320736016,0.03160275348855342,1.0948112420932263,0.6412933007572161,0.17813259320736016,0.03160275348855342,True,True,strong,high,low,low,-0.16822931447666656,0.7240822872653205,0.48544050744335,0.29325089664194903,6.249977436125042,1200,500,10,58.38537955284119
-1.58,1.17,0.22,0.004,53,2019438439,True,,60,-0.11,-0.05397782969333631,0.1632879544856397,-1.6030781987089275,1.3910260668745427,0.04531240317287265,-0.063215546051128,0.49082818555267355,0.19778369166379642,0.12325164540202638,66.61971441996828,81.21237937788825,153.71115165104706,178.8021370046649,14.592664957919979,25.09098535361784,True,True,0.20597509820488347,0.6636502501363193,3.2219926385284996,0.20127599592870812,0.8089225258521171,4.018971671806494,-3.0941744832440614,-1.6030781987089275,-0.21205213183438487,0.22102606687454274,-0.023078198708927466,-0.05671204551436029,0.041312403172872644,0.22102606687454274,0.023078198708927466,0.05671204551436029,0.041312403172872644,True,True,strong,high,low,low,-0.0591132297584819,0.8040759737427078,0.5264177211955875,0.3559561947480814,1.932792286128205,1200,500,10,43.445730209350586
-1.58,1.17,0.22,0.004,54,1664551837,True,,60,-0.11,-0.0357532278702615,0.32953728859044695,-0.8980482140979327,0.6613201893525887,0.08599447420372337,0.042196460947452136,0.1884123300054377,-0.10368604116487262,0.016849810604589698,76.28505555519857,77.71858639466382,173.04183392150765,171.81455103821602,1.4335308394652486,-1.2272828832916218,True,False,0.20597509820488347,0.6636502501363193,3.2219926385284996,0.4073639715818571,0.7892059033077908,1.9373483134583127,-2.4534722382380476,-0.8980482140979327,-0.23672802474534393,-0.5086798106474112,0.6819517859020674,0.10953728859044695,0.08199447420372337,0.5086798106474112,0.6819517859020674,0.10953728859044695,0.08199447420372337,True,True,strong,high,low,low,0.03418528257474618,0.9094798720709687,0.6260447537973418,0.44986858037438404,3.992034067083423,1200,500,10,38.21774339675903
-1.58,1.17,0.22,0.004,55,2128149367,True,,60,-0.11,-0.059504207426449296,0.013345957599163795,-1.8588132219891378,1.4311449671518772,0.03821047189434727,-0.04926129662748882,0.29813358884949615,-1.0358220980509287,0.03038359719278506,54.1027608208998,56.955506751772006,128.67724445291012,130.2883917524324,2.852745930872203,1.6111472995222869,True,True,0.20597509820488347,0.6636502501363193,3.2219926385284996,0.15585748889393108,0.6520276859540811,4.183486405313631,-3.2646456675774154,-1.8588132219891378,-0.42766825483726056,0.2611449671518773,-0.2788132219891377,-0.2066540424008362,0.03421047189434727,0.2611449671518773,0.2788132219891377,0.2066540424008362,0.03421047189434727,True,True,strong,high,low,low,-0.1512936307740458,0.6077406651691944,0.40369159707528074,0.32849521331610076,1.5647389555291513,1200,500,10,43.760984897613525
-1.58,1.17,0.22,0.004,56,1655179795,True,,60,-0.11,-0.1748192694989859,0.4159363538087781,-1.5651449853809352,0.29417199707911273,0.035737727460262395,-0.1524798290993408,0.6390319634968842,-2.233067932562931,0.1586850306369475,46.90456837330454,46.17981470629708,114.2808595577196,108.73700766148256,-0.7247536670074624,-5.54385189623703,False,False,0.20597509820488347,0.6636502501363193,3.2219926385284996,0.20905770066553236,0.2805585087850279,1.3420147064273338,-3.3315483566037023,-1.5651449853809352,-1.2709729883018224,-0.8758280029208871,0.01485501461906491,0.19593635380877808,0.03173772746026239,0.8758280029208871,0.01485501461906491,0.19593635380877808,0.03173772746026239,True,True,strong,high,low,low,-0.1773870268204779,0.5592170381154076,0.3829523872158141,0.34411373964375536,1.0160815897283604,1200,500,10,35.187082290649414
-1.58,1.17,0.22,0.004,57,2137521409,True,,60,-0.11,-0.21798162388021047,0.3004315259111998,-1.6951785445834435,1.0774885139423065,0.03513444105439663,-0.19525215023421094,0.3588101419067643,-0.9787912287101745,0.032150578319080435,54.04315571703644,56.49397653274017,128.5580342451834,129.36533131436875,2.450820815703729,0.8072970691853527,True,True,0.20597509820488347,0.6636502501363193,3.2219926385284996,0.18356645130608,0.5391885090926164,2.9372933085336483,-3.3485734029774923,-1.6951785445834435,-0.617690030641137,-0.09251148605769344,-0.11517854458344345,0.08043152591119981,0.03113444105439663,0.09251148605769344,0.11517854458344345,0.08043152591119981,0.03113444105439663,True,True,strong,high,low,low,-0.2766864113145935,0.638425825499038,0.4309841595359178,0.3499719159549791,1.952056402601165,1200,500,10,44.58605766296387
-1.58,1.17,0.22,0.004,58,512228332,True,,60,-0.11,-0.09422915555084202,0.14078199884622566,-1.3635202142247715,1.1290852958867887,0.05939391706266864,-0.04770912104186737,0.22647930867854918,0.04688297312739827,0.023044763764760397,69.19258041453489,75.12675058127601,158.85688364018029,166.63087941144042,5.934170166741126,7.773995771260132,True,True,0.20597509820488347,0.6636502501363193,3.2219926385284996,0.25575886442959916,0.7910177129636331,3.0928261850387235,-2.823563464209806,-1.3635202142247715,-0.2344349183379828,-0.04091470411321119,0.21647978577522853,-0.07921800115377434,0.055393917062668635,0.04091470411321119,0.21647978577522853,0.07921800115377434,0.055393917062668635,True,True,strong,high,low,low,-0.02253160459281639,0.8025271234570759,0.5280934662560972,0.4027009111364961,3.8891655884286136,1200,500,10,33.645938873291016
-1.58,1.17,0.22,0.004,59,98748690,True,,60,-0.11,-0.17691078470766675,0.5113829156182503,-1.5567414561133455,1.2026031218060753,0.16377534591185255,-0.3883603621610173,0.49999752589979085,3.348745216130566,2.6650608900784145,88.39378946722813,190.16630525803976,197.25930174556677,396.70998876496793,101.77251579081162,199.45068701940116,True,True,0.20597509820488347,0.6636502501363193,3.2219926385284996,0.21082192564747584,0.7017778806833582,3.3287708502237585,-1.8092596322500938,-1.5567414561133455,-0.35413833430727015,0.032603121806075386,0.023258543886654603,0.29138291561825036,0.15977534591185255,0.032603121806075386,0.023258543886654603,0.29138291561825036,0.15977534591185255,True,True,strong,high,low,low,-0.374452825370266,3.5568871972612772,444.9761738466346,0.44429252676556896,22026.465794806718,1200,500,10,45.50027894973755
-1.58,1.17,0.22,0.004,60,1644627357,True,,60,-0.11,-0.041451830802603035,0.17647978893983762,-1.281673202075205,0.8787750451085402,0.043254638795729286,0.0001864327397779733,-0.04675822661210161,-0.08009785094523558,0.00935296901815073,63.68909506299665,69.80985058539275,147.8499129371038,155.9970794196739,6.120755522396102,8.1471664825701,True,True,0.20597509820488347,0.6636502501363193,3.2219926385284996,0.2775724768454475,0.6683801657209554,2.407948271085644,-3.1406507959631123,-1.281673202075205,-0.40289815696666487,-0.2912249548914597,0.298326797924795,-0.04352021106016238,0.03925463879572928,0.2912249548914597,0.298326797924795,0.04352021106016238,0.03925463879572928,True,True,strong,high,low,low,0.01851187602965804,0.7049292690329589,0.46529070001258244,0.3738217568772828,1.6301400062940072,1200,500,10,43.30149960517883
-1.58,1.17,0.22,0.004,61,108120732,True,,60,-0.11,0.062201567273712684,0.10397797151714008,-2.258602566077382,2.037335610441897,0.0417773076999889,0.10520105817625358,0.26094942838230767,-0.6554312977427558,0.005283700201753513,54.968570247044724,62.485254549648445,130.40886330519996,141.34788734818528,7.516684302603721,10.939024042985324,True,True,0.20597509820488347,0.6636502501363193,3.2219926385284996,0.10449640959841919,0.801502686069082,7.670145693514882,-3.1754019648537324,-2.258602566077382,-0.22126695563548493,0.8673356104418972,-0.678602566077382,-0.11602202848285992,0.037777307699988896,0.8673356104418972,0.678602566077382,0.11602202848285992,0.037777307699988896,True,True,strong,high,low,low,0.18386136353243518,0.6857939564576111,0.4917217814861095,0.33907924892650215,4.0551545452732185,1200,500,10,59.395583391189575
-1.58,1.17,0.22,0.004,62,1753338285,True,,60,-0.11,-0.20429556693300688,0.3249399479790132,-1.8463322515294502,1.1531454755096069,0.026637064771360866,-0.07882835562872452,0.3304131338227913,-1.2404250364548561,0.02036949158549881,47.363088911262246,48.89393700654191,115.19790063363499,114.16525226197223,1.5308480952796657,-1.0326483716627592,True,False,0.20597509820488347,0.6636502501363193,3.2219926385284996,0.15781493159105134,0.49998020266199594,3.1681425681418003,-3.625451620635572,-1.8463322515294502,-0.6931867760198434,-0.01685452449039304,-0.26633225152945017,0.10493994797901321,0.022637064771360866,0.01685452449039304,0.26633225152945017,0.10493994797901321,0.022637064771360866,True,True,strong,high,low,low,-0.10312214729401444,0.5760918081335704,0.37604780336222543,0.29950668227060484,1.3851700268414846,1200,500,10,45.44162392616272
-1.58,1.17,0.22,0.004,63,216831660,True,,60,-0.11,-0.11920533941518535,0.009451539044096156,-1.9265739891150873,1.2567652756859617,0.03813983865970768,-0.14367094019814866,0.07378488504448187,-1.301148012897285,0.03738110076317796,47.56161486597486,49.06116373804946,115.59495254306023,114.49970572498732,1.4995488720745982,-1.0952468180729085,True,False,0.20597509820488347,0.6636502501363193,3.2219926385284996,0.14564633060735563,0.511806470128121,3.5140361449124833,-3.2664959090309855,-1.9265739891150873,-0.6698087134291255,0.08676527568596182,-0.3465739891150872,-0.21054846095590385,0.03413983865970768,0.08676527568596182,0.3465739891150872,0.21054846095590385,0.03413983865970768,True,True,strong,high,low,low,-0.14955501728452442,0.5473370264198207,0.3736326098129371,0.30760479423524373,1.434890745699852,1200,500,10,42.979219913482666
-1.58,1.17,0.22,0.004,64,1762710327,True,,60,-0.11,0.05441389418320406,0.17214712118630632,-1.479266575908939,0.835495120669261,0.03767170181619703,0.03739591797061803,-0.030125211636255575,-0.96126763885423,0.00014767260042383576,55.4695517618851,74.366196508998,131.4108263348807,165.1097712668844,18.8966447471129,33.698944932003684,True,True,0.20597509820488347,0.6636502501363193,3.2219926385284996,0.22780470458787405,0.5253075096282478,2.3059554919139704,-3.278846081335614,-1.479266575908939,-0.6437714552396779,-0.3345048793307389,0.10073342409106112,-0.04785287881369368,0.033671701816197025,0.3345048793307389,0.10073342409106112,0.04785287881369368,0.033671701816197025,True,True,strong,high,low,low,0.02277111524594204,0.6053574002232754,0.39709886270085964,0.3107129233549017,1.2537396808064687,1200,500,10,41.512710094451904
-1.58,1.17,0.22,0.004,65,887039414,True,,60,-0.11,-0.03300819273993028,0.44168874778011497,-1.1958258325307787,0.11931371364517411,0.04309737938306558,0.02027655079042337,0.43609267055460504,-1.0605759740129093,0.02524154561940491,56.72976091962378,56.91034354121948,133.93124465035805,130.19806533132737,0.18058262159570404,-3.7331793190306826,True,False,0.20597509820488347,0.6636502501363193,3.2219926385284996,0.30245407460312795,0.3407820625122522,1.1267233313335825,-3.1442930868981556,-1.1958258325307787,-1.0765121188856046,-1.0506862863548259,0.3841741674692214,0.22168874778011496,0.03909737938306558,1.0506862863548259,0.3841741674692214,0.22168874778011496,0.03909737938306558,True,True,strong,high,low,low,-0.0429752383314914,0.670396175230446,0.4395198238590264,0.39410886694932,1.0982410807019682,1200,500,10,39.17036032676697
-1.58,1.17,0.22,0.004,66,1871421255,True,,60,-0.11,-0.13685714343871522,0.3127704892755433,-1.5941011000761807,1.2149678360505176,0.04826847761730285,-0.14626330476460414,0.18780113084165545,-0.845334995161525,0.04911348223591767,58.82377814466694,61.11220273858843,138.11927910044437,138.60178372606526,2.2884245939214907,0.4825046256208907,True,True,0.20597509820488347,0.6636502501363193,3.2219926385284996,0.20309100496510937,0.6844543934404399,3.3701856640968804,-3.0309765687069756,-1.5941011000761807,-0.37913326402566305,0.044967836050517684,-0.014101100076180595,0.0927704892755433,0.04426847761730285,0.044967836050517684,0.014101100076180595,0.0927704892755433,0.04426847761730285,True,True,strong,high,low,low,-0.22327686748974612,0.670394058684986,0.41888599518331715,0.3469146645575022,1.464143892847507,1200,500,10,37.292346477508545
-1.58,1.17,0.22,0.004,67,778328486,True,,60,-0.11,0.027504867067247803,0.26942400278444084,-1.5248756728513513,0.9736176415172129,0.04174493082171239,-3.477580115834792e-07,0.19748556083415195,-0.9379671439584192,0.04578214919691954,58.693539707344904,59.7109259140549,137.8588022258003,135.79923007699819,1.0173862067099932,-2.0595721488021184,True,False,0.20597509820488347,0.6636502501363193,3.2219926385284996,0.217648114752699,0.5762244458021529,2.647504879409976,-3.1761772525009815,-1.5248756728513513,-0.5512580313341384,-0.19638235848278707,0.05512432714864879,0.04942400278444084,0.03774493082171239,0.19638235848278707,0.05512432714864879,0.04942400278444084,0.03774493082171239,True,True,strong,high,low,low,0.0007184331199942661,0.6683063537673293,0.4428488246708805,0.3605427068803142,1.8560359457482882,1200,500,10,41.47406768798828
-1.58,1.17,0.22,0.004,68,167351464,True,,60,-0.11,-0.09575276463487328,0.18380934078641722,-1.077526752322931,0.827997562536669,0.07493543635527339,-0.13747312352841198,0.5052138317649932,0.2671583370467637,0.14187776721594175,72.4617522999001,83.61217387782875,165.3952274109107,183.6017260045459,11.150421577928654,18.20649859363519,True,True,0.20597509820488347,0.6636502501363193,3.2219926385284996,0.34043646899180546,0.7791675367634594,2.2887311076599564,-2.5911283847851188,-1.077526752322931,-0.24952918978626204,-0.3420024374633309,0.502473247677069,-0.036190659213582776,0.07093543635527338,0.3420024374633309,0.502473247677069,0.036190659213582776,0.07093543635527338,True,True,strong,high,low,low,-0.14367528149581135,0.8577351746732466,0.5785810789253236,0.415536342385044,4.982194410427203,1200,500,10,29.902125597000122
-1.58,1.17,0.22,0.004,69,768956444,True,,60,-0.11,-0.027729204179155982,0.7505722362510971,-2.6578959641093887,2.1777618103125116,0.027044425771100597,-0.07072787537793679,0.48418031082501867,-1.0705495934211182,0.03243762532721922,45.1786174963694,51.59574137677407,110.8289578038493,119.56886100243655,6.417123880404674,8.739903198587243,True,True,0.20597509820488347,0.6636502501363193,3.2219926385284996,0.07009555025157216,0.6187003852326336,8.82652868851339,-3.6102743662339214,-2.6578959641093887,-0.4801341537968771,1.0077618103125117,-1.0778959641093886,0.5305722362510972,0.023044425771100597,1.0077618103125117,1.0778959641093886,0.5305722362510972,0.023044425771100597,True,True,strong,high,low,low,-0.07821131108734386,0.636794814387691,0.4246885998876863,0.3387161588878018,2.4677962069259567,1200,500,10,36.23005533218384
-1.58,1.17,0.22,0.004,70,1989504225,True,,60,-0.11,-0.09796622933122039,0.3637204428939033,-2.326038756079004,2.09542172498725,0.022583416334868777,-0.063551969441965,0.15105730028069048,-0.9878237884919421,0.01031285064489821,45.72134725579982,59.07854013143266,111.91441732271014,134.5344585117537,13.35719287563284,22.620041189043576,True,True,0.20597509820488347,0.6636502501363193,3.2219926385284996,0.09768192364101597,0.7940435017863862,8.128868394366599,-3.7905394325524475,-2.326038756079004,-0.2306170310917537,0.9254217249872503,-0.7460387560790038,0.14372044289390332,0.018583416334868777,0.9254217249872503,0.7460387560790038,0.14372044289390332,0.018583416334868777,True,True,strong,high,low,low,-0.15200267862308456,0.607704183705048,0.40990635102851747,0.31469369760034993,2.8038275816677487,1200,500,10,43.91236352920532
-1.58,1.17,0.22,0.004,71,660245516,True,,60,-0.11,-0.10166137341751746,0.21150697599361334,-1.477859726655475,1.3499130451875891,0.0605407187365352,-0.24709745902151337,0.135723794152293,-0.25191160732740137,0.011489323845905277,71.6696163088298,80.70833395040903,163.81095542877011,177.79404614970645,9.038717641579225,13.983090720936332,True,True,0.20597509820488347,0.6636502501363193,3.2219926385284996,0.22812541701057848,0.8799002928859704,3.8570901235664072,-2.8044391033656244,-1.477859726655475,-0.1279466814678858,0.17991304518758922,0.10214027334452513,-0.008493024006386657,0.0565407187365352,0.17991304518758922,0.10214027334452513,0.008493024006386657,0.0565407187365352,True,True,strong,high,low,low,-0.23937282864249745,0.8870705624896269,0.5965749390947008,0.42704710015707015,3.2934531723341185,1200,500,10,44.48432922363281
-1.58,1.17,0.22,0.004,72,984972041,True,,60,-0.11,-0.1701413985047173,0.35532521756496444,-2.027158555038636,1.5276388278317348,0.042009187633301893,-0.10187773233861236,0.3401911720237671,-1.3392608778977548,0.08067874831964708,50.645572588843656,52.503898605661774,121.76286798879781,121.38517546021195,1.8583260168181184,-0.3776925285858539,True,False,0.20597509820488347,0.6636502501363193,3.2219926385284996,0.1317092344948202,0.6068220298496477,4.6072853750699805,-3.169866931447901,-2.027158555038636,-0.4995197272069012,0.35763882783173484,-0.4471585550386359,0.13532521756496443,0.0380091876333019,0.35763882783173484,0.4471585550386359,0.13532521756496443,0.0380091876333019,True,True,strong,high,low,low,-0.13352453007774562,0.5933584591942468,0.3734860981159534,0.2830174216740173,1.133861125950969,1200,500,10,51.01381206512451
-1.58,1.17,0.22,0.004,73,650873474,True,,60,-0.11,-0.0019992287173328472,0.18116300496199986,-1.3728709151268887,0.45588736766290533,0.033750006361353765,0.0024042582840751925,0.1487566505408196,-1.2170766111039162,0.06527855034076824,53.642682769711215,53.80913485244717,127.75708835053294,123.99564795378275,0.16645208273595813,-3.7614403967501886,True,False,0.20597509820488347,0.6636502501363193,3.2219926385284996,0.2533784862316601,0.399722969740591,1.5775726490651238,-3.38877467317906,-1.3728709151268887,-0.9169835474639834,-0.7141126323370945,0.20712908487311132,-0.038836995038000144,0.029750006361353765,0.7141126323370945,0.20712908487311132,0.038836995038000144,0.029750006361353765,True,True,strong,high,low,low,0.00866429002163491,0.5964012800455843,0.4009838443024946,0.34076494353037,1.2878759533003643,1200,500,10,43.69870042800903
-1.58,1.17,0.22,0.004,74,1153139568,True,,60,-0.11,-0.10712543089857775,0.00330476866360887,-1.953554014673832,1.6604520235083777,0.023533744991920184,0.021220941595091997,0.12376041014007517,-1.136641692629544,7.428441900114855e-05,48.89229080372878,510.9290901908271,118.25630441856805,1038.2355586305425,462.0367993870983,919.9792542119744,True,True,0.20597509820488347,0.6636502501363193,3.2219926385284996,0.14176932491821082,0.7459460569096401,5.261688713972429,-3.7493199307295315,-1.953554014673832,-0.2931019911654542,0.4904520235083778,-0.37355401467383187,-0.21669523133639113,0.019533744991920184,0.4904520235083778,0.37355401467383187,0.21669523133639113,0.019533744991920184,True,True,strong,high,low,low,-0.10550604042621746,0.5738563588300204,0.38478907624189923,0.2979892984809408,1.490243422794984,1200,500,10,41.14024043083191
-1.58,1.17,0.22,0.004,75,542162546,True,,60,-0.11,-0.2171984358481623,0.2787308265038337,-1.3158131033822649,0.6961507401654565,0.04144804115766624,-0.08943480267736335,0.2441808473180078,-0.782359443259854,0.017675094918570833,58.80858044338106,60.10788801694919,138.08888369787263,136.59315428278677,1.2993075735681288,-1.4957294150858615,True,False,0.20597509820488347,0.6636502501363193,3.2219926385284996,0.2682561145840794,0.5381260980900266,2.006016149620187,-3.183314656474914,-1.3158131033822649,-0.6196623632168083,-0.4738492598345434,0.2641868966177352,0.05873082650383368,0.03744804115766624,0.4738492598345434,0.2641868966177352,0.05873082650383368,0.03744804115766624,True,True,strong,high,low,low,-0.18547960053226772,0.6729296339714063,0.4335928198500438,0.3413025614392917,1.3587415923900774,1200,500,10,34.510210275650024
-1.58,1.17,0.22,0.004,76,1103055011,True,,60,-0.11,-0.04982395344767463,0.3498085804862079,-1.41613511635203,1.0399516837659823,0.09418090477714541,-0.19880925729655077,0.4887693252720042,-0.022649250330269325,0.05411486318441572,70.64523698259799,77.96980977058413,161.7621967763065,172.31699779005666,7.324572787986142,10.554801013750165,True,True,0.20597509820488347,0.6636502501363193,3.2219926385284996,0.24265002105689662,0.6864763993512891,2.829080320542499,-2.3625378273202706,-1.41613511635203,-0.3761834325860476,-0.13004831623401758,0.16386488364797014,0.1298085804862079,0.09018090477714541,0.13004831623401758,0.16386488364797014,0.1298085804862079,0.09018090477714541,True,True,strong,high,low,low,-0.2078620350946089,0.9895711772673609,0.844993493782734,0.3737225217059612,9.854645106971947,1200,500,10,49.55874061584473
-1.58,1.17,0.22,0.004,77,501450031,True,,60,-0.11,-0.2302151978112995,0.4011779353066355,-1.6478026006896573,1.17815405526809,0.05816415347181252,-0.3469259235983793,0.49811063570089065,-0.1515000264529821,0.10227449101991855,61.0267938730049,71.60025364624826,142.5253105571203,159.57788554138492,10.573459773243364,17.052574984264623,True,True,0.20597509820488347,0.6636502501363193,3.2219926385284996,0.19247238295992417,0.6252219667961824,3.2483723492235437,-2.8444860337295284,-1.6478026006896573,-0.4696485454215673,0.008154055268090099,-0.06780260068965727,0.18117793530663548,0.054164153471812526,0.008154055268090099,0.06780260068965727,0.18117793530663548,0.054164153471812526,True,True,strong,high,low,low,-0.3449213958902904,0.7411403353762948,0.5483809479458521,0.3381457689524045,6.78927458616602,1200,500,10,42.91506290435791
-1.58,1.17,0.22,0.004,78,1035056598,True,,60,-0.11,-0.14405531736791982,0.15413915883184653,-1.736181275918931,1.0970883280546566,0.02534238666119829,-0.06455626640295686,0.08243250878367955,-1.0666418154321362,0.009145237965916536,48.42366913226915,52.3850822244284,117.31906107564879,121.14754269774521,3.9614130921592547,3.828481622096419,True,True,0.20597509820488347,0.6636502501363193,3.2219926385284996,0.1761919460047478,0.5277709227412549,2.995431600074576,-3.6752769229995277,-1.736181275918931,-0.6390929478642744,-0.07291167194534331,-0.15618127591893094,-0.06586084116815347,0.02134238666119829,0.07291167194534331,0.15618127591893094,0.06586084116815347,0.02134238666119829,True,True,strong,high,low,low,-0.15060559515195832,0.5675126099878252,0.3767153504447558,0.31658297453131684,1.279592802192688,1200,500,10,38.21891689300537
-1.58,1.17,0.22,0.004,79,610160959,True,,60,-0.11,-0.15227775568957017,-0.09334906134727915,-2.32065568021795,1.9201925273628955,0.027846162573591054,-0.15058698255265374,-0.03171714826906885,-1.396300007248363,0.013365739827372042,41.972739156878944,45.542939585433565,104.4172011248684,107.46325741975554,3.570200428554621,3.046056294887137,True,True,0.20597509820488347,0.6636502501363193,3.2219926385284996,0.09820917067843783,0.6700096572767861,6.822271816860877,-3.5810601112016984,-2.32065568021795,-0.4004631528550544,0.7501925273628955,-0.7406556802179498,-0.31334906134727913,0.023846162573591054,0.7501925273628955,0.7406556802179498,0.31334906134727913,0.023846162573591054,True,True,strong,high,low,low,-0.14952630050309595,0.511585046571889,0.3544376549954155,0.3100633335400846,1.2289834759341247,1200,500,10,37.206642389297485
-1.58,1.17,0.22,0.004,80,926345670,True,,60,-0.11,-0.12239991790036683,0.01603753871666986,-1.6626964585541057,1.071074384284286,0.04154397904711699,-0.12282389977800925,-0.025059675506276552,-1.1248698708775566,0.057009005490184596,56.491518863585824,57.264873014188446,133.45476053828216,130.9071242772653,0.7733541506026214,-2.547636261016862,True,False,0.20597509820488347,0.6636502501363193,3.2219926385284996,0.1896269688409599,0.5534288535669106,2.9185134211108514,-3.1810026767942565,-1.6626964585541057,-0.5916220742698197,-0.0989256157157139,-0.08269645855410568,-0.20396246128333015,0.037543979047116996,0.0989256157157139,0.08269645855410568,0.20396246128333015,0.037543979047116996,True,True,strong,high,low,low,-0.12181888345949729,0.62577189631085,0.4125260235807576,0.3474599890721456,1.3256399116539055,1200,500,10,40.46876001358032
-1.58,1.17,0.22,0.004,81,619533001,True,,60,-0.11,0.042509604755675154,-0.10539882378947528,-1.8512597437151537,1.5892771299063302,0.039785396355493226,-0.021484583912023677,0.21710549709428256,-0.5893572335324097,0.0013999559312887534,58.656373771230065,66.14623336750205,137.78447035357064,148.6698449838925,7.489859596271984,10.885374630321849,True,True,0.20597509820488347,0.6636502501363193,3.2219926385284996,0.1570392124932946,0.7695244026896509,4.900205435776167,-3.2242553597668424,-1.8512597437151537,-0.2619826138088235,0.41927712990633026,-0.2712597437151536,-0.32539882378947527,0.03578539635549323,0.41927712990633026,0.2712597437151536,0.32539882378947527,0.03578539635549323,True,True,strong,high,low,low,0.07158212481604267,0.6779270630121746,0.4566566956518296,0.3349113584127844,1.6835415635152855,1200,500,10,44.978121280670166
-1.58,1.17,0.22,0.004,82,916973628,True,,60,-0.11,0.08664270547106691,0.44028008194207474,-0.4787259493605116,-0.6438141421055035,0.04406981824825479,0.022268647924150665,0.38826109550842314,-0.5472415490360276,0.01138412732818611,61.727948396643924,63.41609383697481,143.92761960439836,143.209565922838,1.688145440330885,-0.7180536815603489,True,False,0.20597509820488347,0.6636502501363193,3.2219926385284996,0.6195722556016806,0.3254520657996911,0.5252850863756597,-3.1219801242970635,-0.4787259493605116,-1.122540091466015,-1.8138141421055034,1.1012740506394885,0.22028008194207474,0.040069818248254785,1.8138141421055034,1.1012740506394885,0.22028008194207474,0.040069818248254785,True,True,strong,high,low,low,0.058472803080245335,0.7475707755559634,0.4928848262986489,0.41006602384362,1.7670135525362927,1200,500,10,39.263102531433105
-1.58,1.17,0.22,0.004,83,728243929,True,,60,-0.11,-0.1224416552309844,0.22231845923474441,-1.6442090816344068,0.9546887911807709,0.03855650201050728,-0.017422594626893752,0.20800858673279998,-1.141489245316178,0.012064763304520255,52.17518773243641,53.13316236410314,124.82209827598334,122.64370297709469,0.9579746316667297,-2.1783952988886455,True,False,0.20597509820488347,0.6636502501363193,3.2219926385284996,0.19316528036006841,0.5018167376154994,2.5978619795446227,-3.2556305288498346,-1.6442090816344068,-0.6895202904536359,-0.21531120881922905,-0.06420908163440675,0.0023184592347444133,0.03455650201050728,0.21531120881922905,0.06420908163440675,0.0023184592347444133,0.03455650201050728,True,True,strong,high,low,low,-0.053338897904002626,0.5950094911921225,0.3932098394968131,0.2926504172184191,1.3383073612405971,1200,500,10,45.28447985649109
-1.58,1.17,0.22,0.004,84,225977835,True,,60,-0.11,-0.06439199293370289,0.27092647783111956,-1.969619951872213,1.3342123667416874,0.02580509015434968,-0.09267571401767632,0.1876619878197915,-1.3970053554086759,0.043957077806064525,45.75781737176216,47.12302295649768,111.98735755463483,110.62342416188376,1.36520558473552,-1.3639333927510648,True,False,0.20597509820488347,0.6636502501363193,3.2219926385284996,0.13950986660477416,0.5297195385043484,3.797004121615445,-3.6571835137099797,-1.969619951872213,-0.6354075851305256,0.1642123667416875,-0.389619951872213,0.05092647783111956,0.02180509015434968,0.1642123667416875,0.389619951872213,0.05092647783111956,0.02180509015434968,True,True,strong,high,low,low,-0.12053944198105686,0.5423795053292199,0.36801164224850397,0.30100293631542163,1.135617852215753,1200,500,10,48.2541446685791
-1.58,1.17,0.22,0.004,85,1409867680,True,,60,-0.11,-0.21281983129686366,0.31439588683021247,-1.4304801530079663,0.7872576884069815,0.033923888867477305,-0.19995093718914442,0.21038022736531453,-0.7882151542766103,0.011319187237603801,57.52848054743764,58.796843265163375,135.5286839059858,133.97106477921514,1.2683627177257364,-1.5576191267706463,True,False,0.20597509820488347,0.6636502501363193,3.2219926385284996,0.2391940449264578,0.5255959777093618,2.1973623041951598,-3.3836358264143165,-1.4304801530079663,-0.6432224646009848,-0.3827423115930184,0.1495198469920338,0.09439588683021247,0.029923888867477304,0.3827423115930184,0.1495198469920338,0.09439588683021247,0.029923888867477304,True,True,strong,high,low,low,-0.2813069394242028,0.6515501963242981,0.4365697208335424,0.33213604586873013,1.9432613926318318,1200,500,10,44.28198432922363
-1.58,1.17,0.22,0.004,86,235349877,True,,60,-0.11,-0.010719594406475796,0.05415413802871354,-1.113045973757734,0.42387438507234454,0.02971442682376176,0.03948162576570803,0.05597813587256461,-1.3194268039906143,0.18888308073444454,61.5025528809997,61.27707941407766,143.4768285731099,138.9315370770437,-0.22547346692203973,-4.5452914960661985,False,False,0.20597509820488347,0.6636502501363193,3.2219926385284996,0.32855666039385595,0.50199175251147,1.527869658492722,-3.5161225994708105,-1.113045973757734,-0.6891715886853895,-0.7461256149276554,0.466954026242266,-0.16584586197128645,0.02571442682376176,0.7461256149276554,0.466954026242266,0.16584586197128645,0.02571442682376176,True,True,strong,high,low,low,0.01232852403719414,0.6713126135786728,0.44206983034270225,0.3536898579289174,1.4385372588991474,1200,500,10,37.231757164001465
-1.58,1.17,0.22,0.004,87,846326899,True,,60,-0.11,-0.09202709529680182,0.2924975032277901,-2.1110082717582035,1.7924260915377261,0.036587549763532304,-0.1959231176980198,0.19028848539541932,-0.9046612381278545,0.024757312377506925,54.38103266902105,61.77817059183677,129.23378814915262,139.93371943256193,7.397137922815716,10.699931283409313,True,True,0.20597509820488347,0.6636502501363193,3.2219926385284996,0.12111578722108021,0.7271793157434837,6.004001067310225,-3.3080472668411818,-2.1110082717582035,-0.31858218022047735,0.6224260915377262,-0.5310082717582034,0.07249750322779011,0.0325875497635323,0.6224260915377262,0.5310082717582034,0.07249750322779011,0.0325875497635323,True,True,strong,high,low,low,-0.2099529511867622,0.6728802420256771,0.44216937661219774,0.35027330644814564,2.0981799922677458,1200,500,10,40.22944951057434
-1.58,1.17,0.22,0.004,88,344060805,True,,60,-0.11,0.08897930946685177,0.27646776616138335,-1.810495167441733,1.1843364069358246,0.024376845064347268,0.05303482085417732,0.13810133054806015,-1.221024819437865,0.012318444221189249,48.13835941834755,51.868577079254024,116.7484416478056,120.11453240739645,3.730217660906476,3.366090759590847,True,True,0.20597509820488347,0.6636502501363193,3.2219926385284996,0.16357312066238727,0.5346415479312188,3.2685171363497543,-3.714121570015364,-1.810495167441733,-0.6261587605059085,0.01433640693582472,-0.23049516744173304,0.056467766161383354,0.020376845064347268,0.01433640693582472,0.23049516744173304,0.056467766161383354,0.020376845064347268,True,True,strong,high,low,low,0.10169942843820443,0.5861505225221066,0.40992893103348355,0.3174321513002132,1.5522923293907926,1200,500,10,33.164387941360474
-1.58,1.17,0.22,0.004,89,1291784710,True,,60,-0.11,-0.06998373451224502,0.2804991683974817,-1.5704898643600202,1.1368321882052,0.03110231859921298,-0.02514245891935011,0.2998255604970812,-0.9225705381645134,0.05455443904645342,56.709809134583814,59.39869966603843,133.89134108027812,135.17477758096527,2.688890531454618,1.283436500687145,True,True,0.20597509820488347,0.6636502501363193,3.2219926385284996,0.20794329339483297,0.6481340892673176,3.116879023535859,-3.470472909546531,-1.5704898643600202,-0.4336576761548203,-0.033167811794799995,0.009510135639979822,0.06049916839748168,0.02710231859921298,0.033167811794799995,0.009510135639979822,0.06049916839748168,0.02710231859921298,True,True,strong,high,low,low,-0.06887132174508105,0.6624383905282223,0.41178338265102166,0.3111103116113323,1.1867190584856453,1200,500,10,33.20777630805969
-1.58,1.17,0.22,0.004,90,353432847,True,,60,-0.11,-0.00781572771258122,-0.0820071081198022,-2.2804954005870686,1.8905677652508939,0.032428333556033286,-0.03250852544415661,-0.31307197126254177,-0.3057011749098054,0.006971058773003758,47.01346971653701,59.341615480150004,114.49866224418452,135.0606092091884,12.328145763612994,20.561946965003898,True,True,0.20597509820488347,0.6636502501363193,3.2219926385284996,0.10223354760879443,0.6771058712640742,6.623127995666147,-3.4287227458594574,-2.2804954005870686,-0.3899276353361747,0.7205677652508939,-0.7004954005870685,-0.3020071081198022,0.028428333556033285,0.7205677652508939,0.7004954005870685,0.3020071081198022,0.028428333556033285,True,True,strong,high,low,low,-0.03192041827203516,0.5679701985007325,0.3857458908299053,0.32052403517673056,1.742767151984184,1200,500,10,53.29311442375183
-1.58,1.17,0.22,0.004,91,148833247,True,,60,-0.11,-0.19366944470406516,0.29707905198963647,-1.9772574718421607,1.5041771065620184,0.043092088064314096,-0.027319424286350858,0.5279507593931463,-0.9827092163149804,0.032948285217405913,50.75136155351745,55.44569870760279,121.97444591814539,127.26877566409398,4.694337154085339,5.294329745948588,True,True,0.20597509820488347,0.6636502501363193,3.2219926385284996,0.13844841579812373,0.6230799951671359,4.500448716406186,-3.1444158703174026,-1.9772574718421607,-0.4730803652801423,0.3341771065620185,-0.39725747184216065,0.07707905198963647,0.03909208806431409,0.3341771065620185,0.39725747184216065,0.07707905198963647,0.03909208806431409,True,True,strong,high,low,low,-0.043661899301995225,0.653053637230358,0.4089597708884944,0.29722088376895583,3.131246242562853,1200,500,10,42.033979415893555
-1.58,1.17,0.22,0.004,92,462143775,True,,60,-0.11,-0.06138739743392212,-0.07020413396887779,-1.8686515019324208,1.3763666975669224,0.03197575779383252,0.037618651121948954,0.0005623726709919753,-0.6170788125333396,0.0015436029322198855,53.05357783218536,62.75756571657382,126.57887847548122,141.89250968203604,9.70398788438846,15.313631206554817,True,True,0.20597509820488347,0.6636502501363193,3.2219926385284996,0.1543316374711264,0.6112282605636907,3.960485812107347,-3.4427772322255037,-1.8686515019324208,-0.4922848043654984,0.2063666975669225,-0.28865150193242073,-0.2902041339688778,0.02797575779383252,0.2063666975669225,0.28865150193242073,0.2902041339688778,0.02797575779383252,True,True,strong,high,low,low,-0.029548317057456412,0.5880588252236653,0.40563447219315124,0.32514657459305263,2.8825962503408653,1200,500,10,51.21955227851868
-1.58,1.17,0.22,0.004,93,40122319,True,,60,-0.11,-0.24459753056851197,-0.03582471523577086,-2.10697818106881,1.6586668471972585,0.017367010165010525,-0.2573447223026587,-0.018932619718216328,-1.2037115462852523,0.00021915258756028948,41.0763835449561,57.28199223860931,102.62448990102271,130.94136272610703,16.20560869365321,28.316872825084317,True,True,0.20597509820488347,0.6636502501363193,3.2219926385284996,0.12160487970906804,0.6387058023239967,5.252304051055022,-4.05318283991126,-2.10697818106881,-0.4483113338715514,0.4886668471972586,-0.5269781810688099,-0.2558247152357709,0.013367010165010525,0.4886668471972586,0.5269781810688099,0.2558247152357709,0.013367010165010525,True,True,strong,high,low,low,-0.2897375155823672,0.5149631600880578,0.36295696048305714,0.2804778127587896,1.1463075796765514,1200,500,10,43.54792261123657
-1.58,1.17,0.22,0.004,94,471515817,True,,60,-0.11,-0.3272806017701766,0.2176394751701344,-1.6080115822550665,1.3876335437654446,0.0506421753893212,-0.3316320238787681,0.08203692509988308,0.05933871587514745,0.04780261973441007,65.8717813738808,74.47006669903931,152.2152855588721,165.317511646967,8.598285325158514,13.102226088094909,True,True,0.20597509820488347,0.6636502501363193,3.2219926385284996,0.2002854695743443,0.8022154723062025,4.005360319004204,-2.9829705441438974,-1.6080115822550665,-0.2203780384896219,0.21763354376544464,-0.028011582255066392,-0.0023605248298655956,0.046642175389321194,0.21763354376544464,0.028011582255066392,0.0023605248298655956,0.046642175389321194,True,True,strong,high,low,low,-0.278947164855811,0.7786726336123556,0.5178780754699672,0.36533335860552757,1.7899977429720697,1200,500,10,45.65961742401123
-1.58,1.17,0.22,0.004,95,30750277,True,,60,-0.11,-0.12035995364115354,0.3632010000406923,-2.2252221471368157,1.7131366856347774,0.02767014941169218,-0.0401709664763535,0.2974397622304999,-1.5095930859726514,0.022520804690804863,43.72286544465992,50.529481723239925,107.91745370043034,117.43634169536826,6.806616278580009,9.518887994937913,True,True,0.20597509820488347,0.6636502501363193,3.2219926385284996,0.1080434144335275,0.5992445733158104,5.546331319290996,-3.587401085425847,-2.2252221471368157,-0.5120854615020383,0.5431366856347775,-0.6452221471368156,0.14320100004069228,0.02367014941169218,0.5431366856347775,0.6452221471368156,0.14320100004069228,0.02367014941169218,True,True,strong,high,low,low,-0.10101879720376648,0.5401236945978564,0.36342086049249356,0.3006160393702957,1.0246239650987903,1200,500,10,39.38371300697327
-1.58,1.17,0.22,0.004,96,533016371,True,,60,-0.11,0.007807119045802753,-0.027481521371738597,-1.7097036131321004,0.6079786637964029,0.031183007043933064,0.01632102238971194,-0.017630514205144974,-1.2897932419744973,0.0013755994356292698,45.99570433692878,47.061261850109815,112.46313148496807,110.49990194910804,1.0655575131810338,-1.9632295358600373,True,False,0.20597509820488347,0.6636502501363193,3.2219926385284996,0.18091940680778462,0.33229739287942894,1.8367150254503866,-3.467881978568011,-1.7097036131321004,-1.1017249493356975,-0.5620213362035971,-0.12970361313210033,-0.2474815213717386,0.027183007043933064,0.5620213362035971,0.12970361313210033,0.2474815213717386,0.027183007043933064,True,True,strong,high,low,low,0.013441148744819305,0.5319412773070334,0.37556793011361234,0.3412623781501969,1.062384292403663,1200,500,10,38.91897010803223
-1.58,1.17,0.22,0.004,97,2069522996,True,,60,-0.11,-0.03076488072056499,0.2330622695569627,-1.7543293019320165,1.4779921853986084,0.0365872511020256,-0.12171394027624621,0.1918839051810817,-0.0809727630535999,0.03668450927413921,58.93034302564788,71.14409587650344,138.33240886240625,158.66557000189528,12.213752850855563,20.33316113948902,True,True,0.20597509820488347,0.6636502501363193,3.2219926385284996,0.17302324974370004,0.758557165490291,4.384134309198009,-3.3080554298017413,-1.7543293019320165,-0.2763371165334081,0.3079921853986085,-0.17432930193201646,0.013062269556962686,0.032587251102025594,0.3079921853986085,0.17432930193201646,0.013062269556962686,0.032587251102025594,True,True,strong,high,low,low,-0.10043888397109785,0.7294570055792792,0.5240107200749511,0.36757993689394064,7.448601267375557,1200,500,10,40.461326360702515
-1.58,1.17,0.22,0.004,98,523644329,True,,60,-0.11,-0.11139639776526838,0.24024241997248702,-1.462464688928072,0.8742516678493775,0.03815449999032876,-0.16399710470015255,0.20449637962799888,-1.100512094037054,0.07013316870714241,57.765147871467704,58.74292688865039,136.00201855404592,133.86323202618917,0.9777790171826837,-2.1387865278567517,True,False,0.20597509820488347,0.6636502501363193,3.2219926385284996,0.23166458935744044,0.5553187415001686,2.3970808099780623,-3.266111573022286,-1.462464688928072,-0.5882130210786944,-0.29574833215062246,0.11753531107192816,0.02024241997248702,0.034154499990328754,0.29574833215062246,0.11753531107192816,0.02024241997248702,0.034154499990328754,True,True,strong,high,low,low,-0.16393712151450357,0.6324748854109769,0.4113061509545291,0.3479977225340771,0.8817101351157289,1200,500,10,38.12500858306885
-1.58,1.17,0.22,0.004,99,2060150954,True,,60,-0.11,-0.16133467111103256,0.261789278866139,-1.4054944919745245,-0.10688609738907752,0.02815848820161721,-0.11568531961190326,0.2407568749060446,-1.3776832041842209,0.02209698445318942,46.343898026224835,47.012715666983794,113.15951886356018,110.402809582856,0.6688176407589594,-2.756709280704186,True,False,0.20597509820488347,0.6636502501363193,3.2219926385284996,0.24524575440661364,0.2203847074902484,0.8986280232393097,-3.5699064351555574,-1.4054944919745245,-1.512380589363602,-1.2768860973890774,0.1745055080254756,0.04178927886613901,0.02415848820161721,1.2768860973890774,0.1745055080254756,0.04178927886613901,0.02415848820161721,True,True,strong,high,low,low,-0.1610813947516782,0.5196312253141933,0.3635221385804966,0.3204494342014647,1.096281396909012,1200,500,10,39.47807312011719
