alpha_true,gamma_true,phi_true,r_true,rep,seed,success,error,T,mu_true,mu_est,phi_est,alpha_est,gamma_est,r_est,gamma0_mu_est,gamma0_phi_est,gamma0_alpha_est,gamma0_r_est,joint_nll,gamma0_nll,bic_joint,bic_gamma0,delta_nll_gamma0,delta_bic_gamma0,joint_wins_nll,joint_wins_bic,q_center_true,q_dist_1_true,q_multiplier_1_true,q_center_est,q_dist_1_est,q_multiplier_1_est,log_r_est,log_q_center_est,log_q_dist_1_est,gamma_error,alpha_error,phi_error,r_error,abs_gamma_error,abs_alpha_error,abs_phi_error,abs_r_error,true_positive_coupling,true_ictal_scale_coupling,gamma_regime,alpha_regime,phi_regime,r_regime,mean_x,sd_x,mean_q,median_q,max_q,N_particles_fit,N_particles_eval,N_eval_repeats,runtime_sec
-5,-0.55,0.58,0.048,0,1639958665,True,,60,-0.15,-0.08131171274647751,0.17611219313801357,-2.5524982366607953,-3.938765042943009,0.005318155996955386,-0.07118104434979225,0.27061694213879667,-4.042441012283804,0.03266053700032848,-6.353664457948275,-4.894501396705103,7.764393895213953,6.588375455478195,1.4591630612431716,-1.176018439735758,True,False,0.006737946999085467,0.0038874572434761303,0.5769498103804866,0.07788684297894853,0.0015166318672760032,0.019472247291958195,-5.23662865282783,-2.5524982366607953,-6.491263279603805,-3.3887650429430094,2.4475017633392047,-0.4038878068619864,-0.04268184400304462,3.3887650429430094,2.4475017633392047,0.4038878068619864,0.04268184400304462,False,False,ictal_scale,low,high,mid,-0.13187001010634722,0.08950059943091435,0.0064622482619018885,0.006456721192572481,0.006737946999085467,1200,500,10,72.62907242774963
-5,-0.55,0.58,0.048,1,94079998,True,,60,-0.15,-0.12168490883042427,0.05490031103490364,-3.0398904120812604,1.0139471315056527,0.004811473222218362,-0.11448072802297544,0.1695384531678817,-2.7841572652023427,0.001216499064672287,2.1837316047818573,2.786574619460329,24.83918602067422,21.95052748780906,0.6028430146784718,-2.8886585328651577,True,False,0.006737946999085467,0.0038874572434761303,0.5769498103804866,0.04784013190742851,0.1318693946636167,2.756459679475515,-5.336751958554112,-3.0398904120812604,-2.025943280575608,1.5639471315056528,1.9601095879187396,-0.5250996889650963,-0.043188526777781636,1.5639471315056528,1.9601095879187396,0.5250996889650963,0.043188526777781636,False,False,ictal_scale,low,high,mid,-0.16036180889591484,0.09428937610893749,0.006460646022116619,0.0064917314807566694,0.006737946999085467,1200,500,10,79.33650422096252
-5,-0.55,0.58,0.048,2,1630586623,True,,60,-0.15,-0.1570004918870024,-0.12786281557019083,-3.2406504099117566,1.4556703777994064,0.006066578515975332,-0.16305353775495113,-0.2764509357732941,-5.659264030570254,0.05436381216390552,-0.36556597702134397,-0.03873476145058573,19.740590857067815,16.29990872598723,0.3268312155707582,-3.4406821310805853,True,False,0.006737946999085467,0.0038874572434761303,0.5769498103804866,0.03913843079544709,0.16780041158649986,4.287356651151681,-5.1049605040068,-3.2406504099117566,-1.7849800321123501,2.0056703777994063,1.7593495900882434,-0.7078628155701908,-0.041933421484024666,2.0056703777994063,1.7593495900882434,0.7078628155701908,0.041933421484024666,False,False,ictal_scale,low,high,mid,-0.18992626954048486,0.09993295569971596,0.00642569477883941,0.006441111032694296,0.006737946999085467,1200,500,10,70.84240055084229
-5,-0.55,0.58,0.048,3,2132852717,True,,60,-0.15,-0.17987822049527133,0.1892122708039727,-3.563789797762613,1.6984789610966033,0.004819563856088565,-0.20484471955183395,0.34140851472539535,-4.060840773433457,0.026091460539930705,-8.849351030846192,-8.390143090718334,2.7730207494181194,-0.40290793254826696,0.4592079401278575,-3.1759286819663863,True,False,0.006737946999085467,0.0038874572434761303,0.5769498103804866,0.02833125128942609,0.15484806994566558,5.465627633731047,-5.3350718413024385,-3.563789797762613,-1.8653108366660098,2.2484789610966036,1.4362102022373868,-0.3907877291960272,-0.043180436143911434,2.2484789610966036,1.4362102022373868,0.3907877291960272,0.043180436143911434,False,False,ictal_scale,low,high,mid,-0.1716248281084214,0.08971426694229481,0.006469471887024712,0.006493681219983179,0.006737946999085467,1200,500,10,74.85040497779846
-5,-0.55,0.58,0.048,4,1521875695,True,,60,-0.15,-0.17622528064829418,-0.030517383473472492,-2.7046846454765774,-1.7972192401282936,0.005653318600819765,-0.16600401930118996,0.271531170095777,-4.595767910943793,0.045053922657814716,-1.9323827346177076,-1.9730862727297016,16.606957341875088,12.431205703428999,-0.04070353811199401,-4.175751638446089,False,False,0.006737946999085467,0.0038874572434761303,0.5769498103804866,0.066891415031127,0.011087866400713598,0.16575918442679094,-5.175512543276955,-2.7046846454765774,-4.501903885604871,-1.2472192401282935,2.2953153545234226,-0.6105173834734725,-0.042346681399180235,1.2472192401282935,2.2953153545234226,0.6105173834734725,0.042346681399180235,False,False,ictal_scale,low,high,mid,-0.15420669456896458,0.09584629869033552,0.006454492355306949,0.006463060144009141,0.006737946999085467,1200,500,10,72.59689474105835
-5,-0.55,0.58,0.048,5,2123480675,True,,60,-0.15,-0.1813349580954963,0.04693034855643701,-2.1470313966920953,-4.98768582263644,0.007727235190112969,-0.16047350815101374,0.3217122499792206,-2.855176453747847,0.00691575434458475,1.0637152468587758,3.99282801526842,22.599153304828054,24.363034279425243,2.9291127684096443,1.763880974597189,True,True,0.006737946999085467,0.0038874572434761303,0.5769498103804866,0.11683046680232241,0.0007969511133962538,0.00682143224459334,-4.863004153052077,-2.1470313966920953,-7.134717219328535,-4.43768582263644,2.8529686033079047,-0.533069651443563,-0.040272764809887035,4.43768582263644,2.8529686033079047,0.533069651443563,0.040272764809887035,False,False,ictal_scale,low,high,mid,-0.12795772237205827,0.10831825378759799,0.006427880641662654,0.006500064653660398,0.006737946999085467,1200,500,10,83.34913969039917
-5,-0.55,0.58,0.048,6,634979994,True,,60,-0.15,-0.13586267266012841,0.06924576030975156,-2.7101720520382133,-1.9516190564125893,0.005160759584041573,-0.12944922834427358,0.3416800927245379,-4.20050912193367,0.037319958412582226,-3.22586230382261,-3.3501040164941953,14.019998203465283,9.677170215900011,-0.12424171267158535,-4.342827987565272,False,False,0.006737946999085467,0.0038874572434761303,0.5769498103804866,0.06652535990655693,0.009449522116376324,0.1420439082125876,-5.266671504112829,-2.7101720520382133,-4.661791108450803,-1.4016190564125892,2.2898279479617867,-0.5107542396902484,-0.04283924041595843,1.4016190564125892,2.2898279479617867,0.5107542396902484,0.04283924041595843,False,False,ictal_scale,low,high,mid,-0.1505508185582552,0.11049485360804152,0.006423236028635841,0.006433519538437929,0.006737946999085467,1200,500,10,76.01994347572327
-5,-0.55,0.58,0.048,7,2014769747,True,,60,-0.15,-0.2326856595832621,0.16777959485727462,-2.062910323720632,-4.39537039950965,0.005677287775207514,-0.2125446823193072,0.2891999748747228,-3.2040847416558966,0.023665933754162906,2.011061877231487,5.21207758634686,24.493846565573477,26.80153342158212,3.2010157091153726,2.307686856008644,True,True,0.006737946999085467,0.0038874572434761303,0.5769498103804866,0.12708357682624907,0.0015674883413340484,0.012334310856525123,-5.171281664655465,-2.062910323720632,-6.458280723230282,-3.84537039950965,2.937089676279368,-0.41222040514272534,-0.04232271222479249,3.84537039950965,2.937089676279368,0.41222040514272534,0.04232271222479249,False,False,ictal_scale,low,high,mid,-0.18108178921494023,0.11593059873377434,0.0064005567064085,0.006423025058555378,0.006737946999085467,1200,500,10,75.46375012397766
-5,-0.55,0.58,0.048,8,1777931457,True,,60,-0.15,-0.17187799027628792,0.17687478936826814,-2.3447896425366244,-3.232996802433029,0.006274562052711168,-0.15787441079306483,0.3670810993002728,-3.555642713345895,0.03488231944196485,0.56760499098501,2.350029239685717,21.606932793080524,21.077436728259837,1.7824242487007071,-0.5294960648206875,True,False,0.006737946999085467,0.0038874572434761303,0.5769498103804866,0.09586736642559111,0.003780925549454044,0.039439130231961335,-5.071251588796518,-2.3447896425366244,-5.577786444969654,-2.6829968024330286,2.6552103574633756,-0.4031252106317318,-0.041725437947288835,2.6829968024330286,2.6552103574633756,0.4031252106317318,0.041725437947288835,False,False,ictal_scale,low,high,mid,-0.14847324706429293,0.09247956912518135,0.006470858383468814,0.006480412884055351,0.006737946999085467,1200,500,10,63.00029921531677
-5,-0.55,0.58,0.048,9,1906058819,True,,60,-0.15,-0.13297607199428668,0.2583205987872716,-2.7412434288910026,-2.4683327338025145,0.005077215895658324,-0.12679317667112844,0.45494898530551275,-3.0996137292448402,0.005424663992174839,-5.047049898658143,-3.193056403373739,10.377623013794217,9.991265442140923,1.8539934952844037,-0.3863575716532939,True,False,0.006737946999085467,0.0038874572434761303,0.5769498103804866,0.06449010815426073,0.005463989039336987,0.08472600210666564,-5.28299221966292,-2.7412434288910026,-5.2095761626935175,-1.9183327338025145,2.2587565711089974,-0.32167940121272837,-0.04292278410434168,1.9183327338025145,2.2587565711089974,0.32167940121272837,0.04292278410434168,False,False,ictal_scale,low,high,mid,-0.13925190674625307,0.08292175608189334,0.006521174877917487,0.006579654556617241,0.006737946999085467,1200,500,10,66.35169339179993
-5,-0.55,0.58,0.048,10,1787303499,True,,60,-0.15,-0.07595169065783544,-0.02715397008313171,-3.0199966662866182,0.6579722350631537,0.005922398304488537,-0.08877892970644863,-0.19896867016436737,-5.293452209012557,0.05579365895959274,1.5416531602485823,1.0614161690433863,23.555029131607668,18.500210586975175,-0.48023699120519603,-5.054818544632493,False,False,0.006737946999085467,0.0038874572434761303,0.5769498103804866,0.04880138105155884,0.09422926930006803,1.9308730054281547,-5.1290137931233275,-3.0199966662866182,-2.3620244312234644,1.2079722350631537,1.9800033337133818,-0.6071539700831317,-0.04207760169551146,1.2079722350631537,1.9800033337133818,0.6071539700831317,0.04207760169551146,False,False,ictal_scale,low,high,mid,-0.15698835560702104,0.09880896631662558,0.006451840729275253,0.006460466229504634,0.006737946999085467,1200,500,10,66.99571871757507
-5,-0.55,0.58,0.048,11,1896686777,True,,60,-0.15,-0.13954279697534683,0.1373814650063137,-2.7398122540488044,-2.0689504956123184,0.004518628153954148,-0.13187699587644675,0.33389353158329044,-4.1284543822172095,0.032269489754740914,-4.770378352179703,-4.417528323747289,10.930966106751097,7.542321601393823,0.35285002843241386,-3.3886445053572736,True,False,0.006737946999085467,0.0038874572434761303,0.5769498103804866,0.0645824708524415,0.008157946878749388,0.1263182837551806,-5.3995468369675494,-2.7398122540488044,-4.808762749661122,-1.5189504956123183,2.2601877459511956,-0.44261853499368625,-0.04348137184604585,1.5189504956123183,2.2601877459511956,0.44261853499368625,0.04348137184604585,False,False,ictal_scale,low,high,mid,-0.13786425823198176,0.10553984201894119,0.006431812976181066,0.00642075316266761,0.006737946999085467,1200,500,10,72.90039587020874
-5,-0.55,0.58,0.048,12,1896014427,True,,60,-0.15,-0.2533007030874945,0.1682905651105551,-2.606430583558055,-3.690864692035181,0.004656725682502401,-0.19764979654957252,0.401814868215335,-3.058011961015355,0.0059167328849814085,-6.402593458759979,-3.4803669134746906,7.666535893590545,9.41664442193902,2.9222265452852882,1.7501085283484752,True,True,0.006737946999085467,0.0038874572434761303,0.5769498103804866,0.07379748817248973,0.0018412781982124898,0.02495041828400444,-5.369442721053866,-2.606430583558055,-6.297295275593235,-3.140864692035181,2.393569416441945,-0.4117094348894449,-0.0433432743174976,3.140864692035181,2.393569416441945,0.4117094348894449,0.0433432743174976,False,False,ictal_scale,low,high,mid,-0.19939236093487533,0.1215550208125272,0.006368985463467788,0.006399390993509564,0.006737946999085467,1200,500,10,87.04095411300659
-5,-0.55,0.58,0.048,13,1787975849,True,,60,-0.15,-0.11637542338760559,0.15792739654910112,-2.955741834914074,0.3789706281036058,0.004301023578431928,-0.13247509230010213,0.18182728250333974,-2.8271066408674095,0.0012727832657267295,1.9246863103317806,2.4096093132927967,24.321095431774065,21.196596875473993,0.4849230029610161,-3.124498556300072,True,False,0.006737946999085467,0.0038874572434761303,0.5769498103804866,0.05204004113366865,0.07601905801241152,1.4607801292307017,-5.448902243114205,-2.955741834914074,-2.5767712068104682,0.9289706281036059,2.044258165085926,-0.4220726034508988,-0.04369897642156807,0.9289706281036059,2.044258165085926,0.4220726034508988,0.04369897642156807,False,False,ictal_scale,low,high,mid,-0.14917856235814322,0.10216735073502681,0.006453642356999561,0.006492797207345189,0.006737946999085467,1200,500,10,71.86472415924072
-5,-0.55,0.58,0.048,14,242097182,True,,60,-0.15,-0.12801401873979137,-0.03928827228360407,-2.4111279555039973,-2.7299037678823774,0.005620683402725621,-0.16935033934289379,-0.0766714276554971,-2.7884802706873906,0.00022269127683855126,0.4356507169455375,3.868912139630851,21.34302424500158,24.115202528150103,3.4332614226853133,2.7721782831485235,True,True,0.006737946999085467,0.0038874572434761303,0.5769498103804866,0.0897140440301798,0.005851649314414471,0.06522556616047737,-5.1813020205609766,-2.4111279555039973,-5.141031723386375,-2.1799037678823776,2.5888720444960027,-0.6192882722836041,-0.04237931659727438,2.1799037678823776,2.5888720444960027,0.6192882722836041,0.04237931659727438,False,False,ictal_scale,low,high,mid,-0.15859643466059553,0.08170202014935635,0.0064894417370405105,0.006501664502736181,0.006737946999085467,1200,500,10,68.95717215538025
-5,-0.55,0.58,0.048,15,1403120375,True,,60,-0.15,-0.18200216881586018,0.11368402091150712,-3.7166301158528796,3.4629336786206744,0.005783457649049991,-0.1699088081322872,0.3425332748898885,-4.044833838873798,0.037740434164690966,-3.7169706393386512,-2.718694586156248,13.0377815324332,10.939989076575905,0.9982760531824031,-2.097792455857295,True,False,0.006737946999085467,0.0038874572434761303,0.5769498103804866,0.024315771266367296,0.7759273089406148,31.910454348361537,-5.152753565975437,-3.7166301158528796,-0.25369643723220525,4.012933678620675,1.2833698841471204,-0.46631597908849287,-0.04221654235095001,4.012933678620675,1.2833698841471204,0.46631597908849287,0.04221654235095001,False,False,ictal_scale,low,high,mid,-0.17763048038059095,0.10385163826078532,0.00643340822237907,0.006488453913287586,0.006737946999085467,1200,500,10,82.24189329147339
-5,-0.55,0.58,0.048,16,2014097397,True,,60,-0.15,-0.15473167635932983,-0.150064231427629,-2.996473625110979,-1.0029716644049471,0.004128499837632137,-0.15040072001640953,-0.36510827288017805,-7.5726032027870955,0.04691864159779793,-7.108631789970114,-6.666544730546116,6.254459231170275,3.0442887877961695,0.44208705942399806,-3.210170443374105,True,False,0.006737946999085467,0.0038874572434761303,0.5769498103804866,0.049962946158809106,0.018325801584064504,0.3667878496559281,-5.4898411734353285,-2.996473625110979,-3.999445289515926,-0.45297166440494707,2.003526374889021,-0.730064231427629,-0.04387150016236786,0.45297166440494707,2.003526374889021,0.730064231427629,0.04387150016236786,False,False,ictal_scale,low,high,mid,-0.15180961380931818,0.09383182947165052,0.006482926386659616,0.0065298424440806205,0.006737946999085467,1200,500,10,73.65830826759338
-5,-0.55,0.58,0.048,17,1511831303,True,,60,-0.15,-0.08586757921503617,0.17776522404883313,-2.5327460077050565,-4.999319989579596,0.006235306433138781,-0.1260364282315481,0.4281941159046362,-3.7991176498184607,0.025491552583501022,-6.600330005461029,-4.467084090215456,7.271062800188444,7.443210068457489,2.133245915245573,0.17214726826904503,True,True,0.006737946999085467,0.0038874572434761303,0.5769498103804866,0.07944057606443926,0.000535630501608088,0.006742530431471248,-5.077527553802206,-2.5327460077050565,-7.532065997284652,-4.449319989579596,2.4672539922949435,-0.40223477595116686,-0.041764693566861216,4.449319989579596,2.4672539922949435,0.40223477595116686,0.041764693566861216,False,False,ictal_scale,low,high,mid,-0.09938768268151495,0.0875179026139277,0.006452158119557817,0.006522947422581001,0.006737946999085467,1200,500,10,71.42537212371826
-5,-0.55,0.58,0.048,18,124014212,True,,60,-0.15,-0.18474191854480781,0.01767487988777243,-2.494276812419413,-1.0176058122775662,0.00697808807770396,-0.17904757132344723,0.057776576566769024,-2.896671452394156,0.018829861051968492,8.650195369152739,8.974085035900483,37.77211354941598,34.325548320689364,0.32388966674774444,-3.4465652287266124,True,False,0.006737946999085467,0.0038874572434761303,0.5769498103804866,0.08255613337886882,0.02984068271566588,0.36145930646630725,-4.964980314098309,-2.494276812419413,-3.511882624696979,-0.46760581227756615,2.505723187580587,-0.5623251201122276,-0.04102191192229604,0.46760581227756615,2.505723187580587,0.5623251201122276,0.04102191192229604,False,False,ictal_scale,low,high,mid,-0.15495227735569184,0.1164853921624949,0.006385266682067998,0.0064276174991403316,0.006737946999085467,1200,500,10,61.24694895744324
-5,-0.55,0.58,0.048,19,1521203345,True,,60,-0.15,-0.17171577346884034,-0.09711715519914778,-2.9654931261270705,-1.575024244202453,0.0063001748718857,-0.16417717648330887,-0.2445483883248961,-4.783848687606314,0.039888801702812574,-6.72428358449328,-6.2809480167080824,7.0231556421239425,3.8154822154722368,0.4433355677851978,-3.2076734266517057,True,False,0.006737946999085467,0.0038874572434761303,0.5769498103804866,0.051535049698641776,0.010667885877897226,0.20700253400897325,-5.067177888527706,-2.9654931261270705,-4.540517370329523,-1.0250242442024529,2.0345068738729295,-0.6771171551991477,-0.0416998251281143,1.0250242442024529,2.0345068738729295,0.6771171551991477,0.0416998251281143,False,False,ictal_scale,low,high,mid,-0.13757298607878607,0.0846189332554694,0.006491486371168902,0.006524899145987001,0.006737946999085467,1200,500,10,70.63063049316406
-5,-0.55,0.58,0.048,20,2132180367,True,,60,-0.15,-0.11494475750666527,0.17735489334191112,-2.8063977713937316,-0.6347378691768066,0.0052054652435991906,-0.13592259778622745,0.22041903641012583,-3.005861228807217,0.007476406279577571,-0.24419787513299065,0.018426312917079968,19.983327060844523,16.414230874722563,0.2626241880500706,-3.5690961861219606,True,False,0.006737946999085467,0.0038874572434761303,0.5769498103804866,0.06042225561918003,0.03202829203907984,0.5300744189515657,-5.258046196932924,-2.8063977713937316,-3.441135640570538,-0.08473786917680659,2.1936022286062684,-0.40264510665808884,-0.04279453475640081,0.08473786917680659,2.1936022286062684,0.40264510665808884,0.04279453475640081,False,False,ictal_scale,low,high,mid,-0.14261215682414938,0.13250969934328638,0.0063695692666559224,0.006474666012402405,0.006737946999085467,1200,500,10,71.91010999679565
-5,-0.55,0.58,0.048,21,1629914273,True,,60,-0.15,-0.1046238406548819,0.09568643693597854,-2.957510114885307,-1.0769843296574533,0.00478030800871018,-0.09398292826479945,0.16191838518694548,-2.918470933742947,0.00035212951308832553,-5.043477886933478,-3.9009169728118898,10.384767037243547,8.575544303264621,1.1425609141215882,-1.8092227339789257,True,False,0.006737946999085467,0.0038874572434761303,0.5769498103804866,0.05194810108306148,0.017694623465765523,0.3406211795398069,-5.343250297586088,-2.957510114885307,-4.03449444454276,-0.5269843296574532,2.042489885114693,-0.4843135630640214,-0.04321969199128982,0.5269843296574532,2.042489885114693,0.4843135630640214,0.04321969199128982,False,False,ictal_scale,low,high,mid,-0.10832371010405623,0.09998423465405343,0.00641700246132779,0.006439453008302433,0.006737946999085467,1200,500,10,79.57234597206116
-5,-0.55,0.58,0.048,22,1028309293,True,,60,-0.15,-0.11678030783114651,0.14730071422940869,-2.582587940598616,-2.5768586429040172,0.005535893165768571,-0.14228569577771574,0.21485548871316232,-3.460270938803342,0.022342236897206515,-1.5631827126680817,-1.2696513030215464,17.34535738577434,13.83807564284531,0.29353140964653535,-3.5072817429290293,True,False,0.006737946999085467,0.0038874572434761303,0.5769498103804866,0.07557815892855534,0.00574487811640005,0.0760124114935207,-5.196502358943916,-2.582587940598616,-5.159446583502634,-2.026858642904017,2.417412059401384,-0.43269928577059125,-0.04246410683423143,2.026858642904017,2.417412059401384,0.43269928577059125,0.04246410683423143,False,False,ictal_scale,low,high,mid,-0.13243579022017782,0.10108009769400533,0.0064519821012419265,0.006502349826440464,0.006737946999085467,1200,500,10,74.29039597511292
-5,-0.55,0.58,0.048,23,1639286315,True,,60,-0.15,-0.11359868154556256,-0.09101345601829479,-2.4270999284722765,-3.3279272695401363,0.005494898482401734,-0.12087630382429182,-0.06541699785826205,-2.6666551688037075,0.0001775678542094559,-1.7901953568612428,5.991951017996042,16.891332097388016,28.361280284880486,7.782146374857285,11.46994818749247,True,True,0.006737946999085467,0.0038874572434761303,0.5769498103804866,0.08829251626521956,0.0031668204786679463,0.035867371467307806,-5.203935165837384,-2.4270999284722765,-5.755027198012413,-2.777927269540136,2.5729000715277235,-0.6710134560182948,-0.042505101517598266,2.777927269540136,2.5729000715277235,0.6710134560182948,0.042505101517598266,False,False,ictal_scale,low,high,mid,-0.1318230786468772,0.08702141072975811,0.006480484004465203,0.006498192400524032,0.006737946999085467,1200,500,10,69.02132654190063
-5,-0.55,0.58,0.048,24,1010463426,True,,60,-0.15,-0.1285394884784891,-0.2057879533422759,-3.1049781532279317,-1.1428563259834812,0.003954348783561687,-0.16412983847135798,-0.026698391236868763,-3.327882551433123,0.00010548129767126711,-9.040582056748603,-2.9272598356266597,2.3905586976132973,10.522858577635082,6.113322221121943,8.132299880021785,True,True,0.006737946999085467,0.0038874572434761303,0.5769498103804866,0.04482549784100394,0.014295156874140005,0.318906817830444,-5.532939347815038,-3.1049781532279317,-4.247834479211413,-0.5928563259834811,1.8950218467720683,-0.7857879533422758,-0.04404565121643832,0.5928563259834811,1.8950218467720683,0.7857879533422758,0.04404565121643832,False,False,ictal_scale,low,high,mid,-0.10401451407858124,0.09304910614519685,0.006450054885889066,0.006485250959527063,0.006737946999085467,1200,500,10,85.4161913394928
-5,-0.55,0.58,0.048,25,1747997243,True,,60,-0.15,-0.18324115927036638,-0.20424166439302519,-2.717407676252994,-1.0898889630400743,0.005363031913152427,-0.1840485515949436,-0.36308293227434746,-3.6796177749495227,0.030382436039293272,0.1259405489656211,0.7093398910369263,20.723603909041746,17.796058030962254,0.5833993420713052,-2.927545878079492,True,False,0.006737946999085467,0.0038874572434761303,0.5769498103804866,0.06604574465188517,0.022208134477945854,0.3362538282367894,-5.228225808383274,-2.717407676252994,-3.8072966392930683,-0.5398889630400743,2.282592323747006,-0.7842416643930251,-0.042636968086847575,0.5398889630400743,2.282592323747006,0.7842416643930251,0.042636968086847575,False,False,ictal_scale,low,high,mid,-0.146300606806011,0.10211227043373369,0.0064409718240166745,0.006433289425870918,0.006737946999085467,1200,500,10,78.66917514801025
-5,-0.55,0.58,0.048,26,1146392263,True,,60,-0.15,-0.14964891009977843,0.16195675583401553,-3.604455327158324,2.1090776699161218,0.009437984603991149,-0.17390687686575418,0.37870978082078416,-3.259819944341052,0.004923485184979395,-5.648494037239331,-1.9514158414273122,9.17473473663184,12.474546566033776,3.697078195812019,3.2998118294019356,True,True,0.006737946999085467,0.0038874572434761303,0.5769498103804866,0.027202257109439132,0.22416393161061993,8.240637190832059,-4.663012816958023,-3.604455327158324,-1.4953776572422024,2.6590776699161216,1.3955446728416758,-0.41804324416598443,-0.038562015396008856,2.6590776699161216,1.3955446728416758,0.41804324416598443,0.038562015396008856,False,False,ictal_scale,low,high,mid,-0.17362623346977965,0.0862256995403317,0.006490890537411495,0.006526506801556773,0.006737946999085467,1200,500,10,70.11654686927795
-5,-0.55,0.58,0.048,27,1503357478,True,,60,-0.15,-0.13021747636015218,-0.331173458951954,-3.3197280565298617,1.6148494239912168,0.006923861846294598,-0.13601716290095534,-0.23985521739102666,-2.8422911825251944,0.0010042089346707806,-0.4073278466083707,0.39546074468659753,19.65706711789376,17.168299738261595,0.8027885912949682,-2.488767379632165,True,False,0.006737946999085467,0.0038874572434761303,0.5769498103804866,0.03616266461749985,0.18179444876723538,5.027130901168753,-4.972781594742077,-3.3197280565298617,-1.704878632538645,2.1648494239912166,1.6802719434701383,-0.911173458951954,-0.0410761381537054,2.1648494239912166,1.6802719434701383,0.911173458951954,0.0410761381537054,False,False,ictal_scale,low,high,mid,-0.1510794102272741,0.08373856103958707,0.006505797300737637,0.006555621541095418,0.006737946999085467,1200,500,10,74.18014025688171
-5,-0.55,0.58,0.048,28,1255103191,True,,60,-0.15,-0.13211494151200062,0.06871087336284357,-3.1617879380652933,-1.446982104469165,0.003418878623718233,-0.12734192591632226,0.31864576434752995,-4.9554735135628425,0.029900269419749083,-12.821796733290764,-12.996411557070479,-5.171870655471025,-9.615444865252556,-0.1746148237797147,-4.443574209781531,False,False,0.006737946999085467,0.0038874572434761303,0.5769498103804866,0.04234995425435005,0.00996406615169132,0.2352792659904194,-5.678442669476268,-3.1617879380652933,-4.608770042534458,-0.896982104469165,1.8382120619347067,-0.5112891266371564,-0.04458112137628177,0.896982104469165,1.8382120619347067,0.5112891266371564,0.04458112137628177,False,False,ictal_scale,low,high,mid,-0.10407674722626,0.0909696073363732,0.006455307154299144,0.006494195483803179,0.006737946999085467,1200,500,10,73.22123074531555
-5,-0.55,0.58,0.048,29,1394646550,True,,60,-0.15,-0.16432646889743485,-0.3771618548420431,-3.0168203890952183,0.32421272908831045,0.007014725730475993,-0.1598669429905612,-0.47966443224041816,-3.2177138590701304,0.017198383872461684,0.8296710905911262,0.6380598255540442,22.131064992292757,17.65349789999649,-0.19161126503708203,-4.477567092296265,False,False,0.006737946999085467,0.0038874572434761303,0.5769498103804866,0.048956634198090175,0.06770415955193705,1.3829414677077254,-4.959743663772087,-3.0168203890952183,-2.692607660006908,0.8742127290883105,1.9831796109047817,-0.9571618548420431,-0.04098527426952401,0.8742127290883105,1.9831796109047817,0.9571618548420431,0.04098527426952401,False,False,ictal_scale,low,high,mid,-0.12427287994594334,0.08243293089933099,0.006496902054481215,0.006520051152429553,0.006737946999085467,1200,500,10,66.15052533149719
-5,-0.55,0.58,0.048,30,783669528,True,,60,-0.15,-0.11778477513302371,-0.07078756914063476,-3.43677563187044,1.6090792183412668,0.0037854352318324566,-0.11420636254740438,-0.4739668170014128,-7.7173018717365025,0.046625451868184,-7.41092944950435,-6.9929971038785705,5.649863912101804,2.3913840411312606,0.4179323456257791,-3.258479870970543,True,False,0.006737946999085467,0.0038874572434761303,0.5769498103804866,0.032168240537657294,0.16078352024479228,4.998206851151007,-5.576594410108306,-3.43677563187044,-1.8276964135291731,2.159079218341267,1.5632243681295601,-0.6507875691406347,-0.04421456476816754,2.159079218341267,1.5632243681295601,0.6507875691406347,0.04421456476816754,False,False,ictal_scale,low,high,mid,-0.1504145108056692,0.09208168232362525,0.006468958082793786,0.006498303883441905,0.006737946999085467,1200,500,10,70.15023040771484
-5,-0.55,0.58,0.048,31,1385274508,True,,60,-0.15,-0.13979381243128286,0.042783376444515825,-2.8425552185271084,-1.7515701935782593,0.005351346402940421,-0.14103644233440538,0.2942184035754269,-4.578143971828061,0.03659655329794151,-5.855455029249833,-6.025288645831389,8.760812752610837,4.326800957225624,-0.16983361658155616,-4.434011795385214,False,False,0.006737946999085467,0.0038874572434761303,0.5769498103804866,0.058276566192743726,0.01011105992572385,0.17350129882880475,-5.230407085635306,-2.8425552185271084,-4.594125412105368,-1.2015701935782592,2.1574447814728916,-0.5372166235554842,-0.04264865359705958,1.2015701935782592,2.1574447814728916,0.5372166235554842,0.04264865359705958,False,False,ictal_scale,low,high,mid,-0.14146818530285563,0.10491680746129727,0.00644360570054639,0.006498691168418712,0.006737946999085467,1200,500,10,72.91499137878418
-5,-0.55,0.58,0.048,32,1373186161,True,,60,-0.15,-0.10481638393111686,0.4254025786505301,-4.0993087896727385,3.755768187744298,0.005562692559998969,-0.11760546012579665,0.43227973616877907,-3.5732185806675263,0.010608175122785422,-11.403779918486679,-9.829126923776748,-2.3358370258628547,-3.2808755986650944,1.5746529947099308,-0.9450385728022397,True,False,0.006737946999085467,0.0038874572434761303,0.5769498103804866,0.016584134566039403,0.7092546834519022,42.76706032669905,-5.191673014561046,-4.0993087896727385,-0.3435406019284404,4.305768187744298,0.9006912103272615,-0.15459742134946985,-0.04243730744000103,4.305768187744298,0.9006912103272615,0.15459742134946985,0.04243730744000103,False,False,ictal_scale,low,high,mid,-0.1272021167520579,0.09818838947721346,0.006459396278522878,0.0065101947769824154,0.006737946999085467,1200,500,10,68.64868783950806
-5,-0.55,0.58,0.048,33,1276563580,True,,60,-0.15,-0.1377727751192597,-0.0683032528609927,-2.8973516997062276,-1.2818936185491816,0.005499539650308233,-0.1439429304600617,-0.08899006688414014,-5.55768107673378,0.047925611856564625,-3.797745984843337,-3.69631806814033,12.87623084142383,8.98474211260774,0.10142791670300699,-3.891488728816089,True,False,0.006737946999085467,0.0038874572434761303,0.5769498103804866,0.05516913118921595,0.01531005742879245,0.27751130204104335,-5.203090890190706,-2.8973516997062276,-4.1792453182554095,-0.7318936185491816,2.1026483002937724,-0.6483032528609927,-0.042500460349691765,0.7318936185491816,2.1026483002937724,0.6483032528609927,0.042500460349691765,False,False,ictal_scale,low,high,mid,-0.11557128894095703,0.10804990691967067,0.006433663318440169,0.006500502078662325,0.006737946999085467,1200,500,10,84.96056056022644
-5,-0.55,0.58,0.048,34,368653977,True,,60,-0.15,-0.12477297569779225,0.011486561453725983,-2.6524230902093815,-0.8839158888561837,0.006329794706008209,-0.1248842671287293,0.038874910547978515,-3.9879546208552634,0.04793734843453141,4.1244653103622495,3.9335982394502325,28.720653431835004,24.244574727788866,-0.19086707091201705,-4.476078704046138,False,False,0.006737946999085467,0.0038874572434761303,0.5769498103804866,0.07048022603993019,0.02911974015140445,0.41316184393203875,-5.0624874752622135,-2.6524230902093815,-3.5363389790655653,-0.3339158888561836,2.3475769097906185,-0.568513438546274,-0.04167020529399179,0.3339158888561836,2.3475769097906185,0.568513438546274,0.04167020529399179,False,False,ictal_scale,low,high,mid,-0.13349626651767024,0.09693118762285392,0.006457276135419079,0.006501613535170306,0.006737946999085467,1200,500,10,80.31644344329834
-5,-0.55,0.58,0.048,35,1267191538,True,,60,-0.15,-0.15486434823163886,0.054882645703290905,-3.247393940179195,-0.8464951748424734,0.0038551374939182555,-0.15704940973127723,0.24438753750190056,-4.609527662747105,0.026973602255749022,-13.543759027679963,-13.50145753107003,-6.615795244249423,-10.62553681325166,0.04230149660993199,-4.009741569002237,True,False,0.006737946999085467,0.0038874572434761303,0.5769498103804866,0.03887538751973171,0.016674259182204266,0.42891557476413644,-5.558348606216816,-3.247393940179195,-4.0938891150216685,-0.29649517484247334,1.7526060598208049,-0.525117354296709,-0.044144862506081746,0.29649517484247334,1.7526060598208049,0.525117354296709,0.044144862506081746,False,False,ictal_scale,low,high,mid,-0.15166553357917364,0.09869926613039072,0.006449686125751316,0.006471089263650104,0.006737946999085467,1200,500,10,87.16379714012146
-5,-0.55,0.58,0.048,36,1769457632,True,,60,-0.15,-0.11716315614818387,0.024814495533322496,-2.2722482751953947,-3.5039373411733576,0.005317681120806454,-0.13876249518278222,0.01669238757601364,-2.6811448298905365,4.600048108065775e-06,1.423537409070501,46.289413109569345,23.318797629251506,108.9562044680271,44.86587570049885,85.63740683877559,True,True,0.006737946999085467,0.0038874572434761303,0.5769498103804866,0.10308016678384067,0.003100519451995248,0.030078719784156382,-5.236717950199346,-2.2722482751953947,-5.776185616368752,-2.953937341173358,2.7277517248046053,-0.5551855044666775,-0.04268231887919355,2.953937341173358,2.7277517248046053,0.5551855044666775,0.04268231887919355,False,False,ictal_scale,low,high,mid,-0.1444176997001767,0.10357586493899124,0.00644651719435854,0.0065206735332149456,0.006737946999085467,1200,500,10,71.17300820350647
-5,-0.55,0.58,0.048,37,1158480610,True,,60,-0.15,-0.14271472264188614,0.22085006309195548,-2.7980124176522776,-0.909325319831962,0.005321994414065763,-0.15839685304265896,0.39058330185782025,-3.0853330620272086,0.006495127738830773,-0.47036966339696484,0.338491949438467,19.53098348431657,17.054362147765335,0.8088616128354318,-2.4766213365512364,True,False,0.006737946999085467,0.0038874572434761303,0.5769498103804866,0.06093104782645173,0.024542775685324456,0.40279589077852385,-5.235907156020245,-2.7980124176522776,-3.70733773748424,-0.3593253198319619,2.2019875823477224,-0.3591499369080445,-0.04267800558593424,0.3593253198319619,2.2019875823477224,0.3591499369080445,0.04267800558593424,False,False,ictal_scale,low,high,mid,-0.1488594884661644,0.10837662104772948,0.006412919059410436,0.006403781176390719,0.006737946999085467,1200,500,10,64.46249890327454
-5,-0.55,0.58,0.048,38,486736947,True,,60,-0.15,-0.13971409443594573,0.10534475820692302,-2.9608358072582086,0.03710756003497989,0.007350515735899961,-0.15384531227980314,0.37886506044798596,-2.9799149338428386,0.006389218576484019,0.9952624781334519,3.448458536670543,22.462247767377406,23.274295322229488,2.4531960585370913,0.8120475548520822,True,True,0.006737946999085467,0.0038874572434761303,0.5769498103804866,0.05177562464026704,0.053732983549519754,1.0378046411386108,-4.912984800069407,-2.9608358072582086,-2.9237282472232287,0.58710756003498,2.0391641927417914,-0.47465524179307694,-0.04064948426410004,0.58710756003498,2.0391641927417914,0.47465524179307694,0.04064948426410004,False,False,ictal_scale,low,high,mid,-0.17723066362979106,0.08852274161866422,0.006473380880669697,0.0065016528390178935,0.006737946999085467,1200,500,10,61.70938420295715
-5,-0.55,0.58,0.048,39,1149108568,True,,60,-0.15,-0.17708747441630693,-0.17584093776154297,-2.638685797000678,-3.508464280547101,0.0034652830150983015,-0.1671330633703547,0.021901028911099372,-7.347637089859847,0.044282068920351664,-8.4024063689337,-7.553941287638077,3.666910073243102,1.2694956736122478,0.8484650812956236,-2.397414399630854,True,False,0.006737946999085467,0.0038874572434761303,0.5769498103804866,0.07145511440295504,0.002139570700003432,0.029942862983016235,-5.664960971436709,-2.638685797000678,-6.14715007754778,-2.9584642805471013,2.361314202999322,-0.7558409377615429,-0.0445347169849017,2.9584642805471013,2.361314202999322,0.7558409377615429,0.0445347169849017,False,False,ictal_scale,low,high,mid,-0.16950822194842904,0.07395515779186845,0.006518784328008217,0.006534239493895016,0.006737946999085467,1200,500,10,70.01201462745667
-5,-0.55,0.58,0.048,40,1651374662,True,,60,-0.15,-0.2331865799781164,-0.1631027675382371,-2.686340033913954,-2.854380613006331,0.003317063489119894,-0.22738789218655137,-0.19456797966392145,-4.769211198779438,0.03839833771312665,-6.969052013702599,-6.581728436007663,6.533618783705306,3.213921376873076,0.38732357769493575,-3.31969740683223,True,False,0.006737946999085467,0.0038874572434761303,0.5769498103804866,0.06812983650745015,0.003923698218172794,0.057591481490546784,-5.708675378675861,-2.686340033913954,-5.540720646920285,-2.304380613006331,2.313659966086046,-0.7431027675382371,-0.04468293651088011,2.304380613006331,2.313659966086046,0.7431027675382371,0.04468293651088011,False,False,ictal_scale,low,high,mid,-0.18899681099322554,0.07447832983182144,0.006499250147921213,0.0065421787573440235,0.006737946999085467,1200,500,10,74.00765800476074
-5,-0.55,0.58,0.048,41,2141326542,True,,60,-0.15,-0.12434670555095922,-0.24271911181607547,-2.957748460422498,-1.440511963839887,0.004818969279326789,-0.1250267958802735,-0.2798342196533118,-3.239391813736743,0.006010407646173677,-6.092847658583453,-6.069697985079811,8.286027493943598,4.237982278728779,0.023149673503641388,-4.0480452152148185,True,False,0.006737946999085467,0.0038874572434761303,0.5769498103804866,0.05193572096043489,0.012298715852837545,0.2368064912819217,-5.33519521625051,-2.957748460422498,-4.398260424262385,-0.8905119638398871,2.042251539577502,-0.8227191118160755,-0.04318103072067321,0.8905119638398871,2.042251539577502,0.8227191118160755,0.04318103072067321,False,False,ictal_scale,low,high,mid,-0.14573888652387573,0.09090088516933495,0.006466746639521532,0.006465120110329722,0.006737946999085467,1200,500,10,76.88862895965576
-5,-0.55,0.58,0.048,42,604819917,True,,60,-0.15,-0.03781533101483979,0.05413045250956178,-2.549699884558908,-4.846568590351235,0.003870185540397268,-0.05898994641689581,0.3757711589305518,-3.2615851051890097,0.007466089592813908,-8.769074356084527,-3.620467880428103,2.933574098941449,9.136442488032195,5.148606475656424,6.202868389090746,True,True,0.006737946999085467,0.0038874572434761303,0.5769498103804866,0.07810510303151774,0.000613537927069385,0.007855286060141343,-5.55445282983458,-2.549699884558908,-7.396268474910142,-4.296568590351235,2.450300115441092,-0.5258695474904382,-0.044129814459602734,4.296568590351235,2.450300115441092,0.5258695474904382,0.044129814459602734,False,False,ictal_scale,low,high,mid,-0.09341786477900471,0.08922400941065414,0.006456048975457854,0.006518627835917303,0.006737946999085467,1200,500,10,79.51902794837952
-5,-0.55,0.58,0.048,43,3214937,True,,60,-0.15,-0.1431716155226694,0.07662664395275232,-2.5533582358756117,-2.7974266286254,0.004752920990182388,-0.14121379198271672,-0.20805742092417223,-5.357119557811339,0.05125301196562649,-1.9227151184330544,-1.4011679735791849,16.626292574244395,13.575042301730033,0.5215471448538695,-3.0512502725143626,True,False,0.006737946999085467,0.0038874572434761303,0.5769498103804866,0.07781988914938912,0.00474442580632373,0.06096675102191373,-5.348995904635414,-2.5533582358756117,-5.350784864501012,-2.2474266286253997,2.4466417641243883,-0.5033733560472476,-0.04324707900981761,2.2474266286253997,2.4466417641243883,0.5033733560472476,0.04324707900981761,False,False,ictal_scale,low,high,mid,-0.14836322416358871,0.08672945717414873,0.006484762290433088,0.006517278897858456,0.006737946999085467,1200,500,10,82.87132811546326
-5,-0.55,0.58,0.048,44,1533291692,True,,60,-0.15,-0.2162874646836609,0.040759049348903925,-2.612526379029716,0.16349498327244089,0.0076086888417384565,-0.24442543978472137,0.33477553442020513,-2.7293860577590734,0.0067833375579832746,10.721741390966955,13.89913341619238,41.91520559304441,44.17564508127316,3.1773920252254246,2.260439488228748,True,True,0.006737946999085467,0.0038874572434761303,0.5769498103804866,0.07334900210669562,0.0863772113265169,1.1776194473766675,-4.878464416073976,-2.612526379029716,-2.449031395757275,0.7134949832724409,2.387473620970284,-0.539240950651096,-0.04039131115826154,0.7134949832724409,2.387473620970284,0.539240950651096,0.04039131115826154,False,False,ictal_scale,low,high,mid,-0.16738333267728725,0.09527947140929387,0.006475218035850954,0.006521185733265787,0.006737946999085467,1200,500,10,70.37366938591003
-5,-0.55,0.58,0.048,45,111925865,True,,60,-0.15,-0.1471971458580348,0.20612906975709355,-2.7731861759378353,-0.5631080894600676,0.008452575043485941,-0.12071305438055605,0.38424416050836496,-3.0268513450845047,0.006927294134294729,2.4167425077589977,3.839933241533847,25.305207826628497,24.057244731956096,1.4231907337748493,-1.2479630946724,True,False,0.006737946999085467,0.0038874572434761303,0.5769498103804866,0.06246267029636677,0.03556852130131779,0.5694364511244195,-4.773284145162438,-2.7731861759378353,-3.336294265397903,-0.013108089460067585,2.2268138240621647,-0.3738709302429064,-0.03954742495651406,0.013108089460067585,2.2268138240621647,0.3738709302429064,0.03954742495651406,False,False,ictal_scale,low,high,mid,-0.14449725341812608,0.1200251232197888,0.006400165734568857,0.006426785677172479,0.006737946999085467,1200,500,10,75.68310379981995
-5,-0.55,0.58,0.048,46,390340229,True,,60,-0.15,-0.17512374413764675,-0.12277364932954632,-2.788899983452288,-2.242687517547464,0.0046057752461168226,-0.18168520988086362,-0.028493304422683084,-3.10844450189414,0.0015532951506840743,-4.516952010339498,-3.106967807776083,11.437818790431507,10.163442633336235,1.409984202563415,-1.274376157095272,True,False,0.006737946999085467,0.0038874572434761303,0.5769498103804866,0.06148881544126928,0.006528438437295371,0.10617277939808378,-5.380444274667206,-2.788899983452288,-5.031587500999752,-1.692687517547464,2.211100016547712,-0.7027736493295462,-0.04339422475388318,1.692687517547464,2.211100016547712,0.7027736493295462,0.04339422475388318,False,False,ictal_scale,low,high,mid,-0.154413459103024,0.08863370061496201,0.00650276378466502,0.006553609877906001,0.006737946999085467,1200,500,10,76.14068508148193
-5,-0.55,0.58,0.048,47,121297907,True,,60,-0.15,-0.14660201852241384,0.2172719974237694,-2.7742984468353034,-3.536072085349258,0.004550912162662546,-0.1276915020593763,0.37096010674111274,-3.7015137550037798,0.018036382629122952,-10.418399030218053,-8.426703117771122,-0.36507524932560287,-0.47602798665384327,1.9916959124469304,-0.1109527373282404,True,False,0.006737946999085467,0.0038874572434761303,0.5769498103804866,0.06239323350943526,0.001817359724169747,0.029127513064296017,-5.392427590801318,-2.7742984468353034,-6.310370532184562,-2.9860720853492584,2.2257015531646966,-0.36272800257623056,-0.043449087837337454,2.9860720853492584,2.2257015531646966,0.36272800257623056,0.043449087837337454,False,False,ictal_scale,low,high,mid,-0.13440396976503607,0.12013244412606829,0.006390802031215866,0.006390113750139609,0.006737946999085467,1200,500,10,73.5175929069519
-5,-0.55,0.58,0.048,48,1766515460,True,,60,-0.15,-0.10137301651613792,0.2833767154888488,-3.2325100029630938,0.5860923169663247,0.004708894814590943,-0.12214297005543218,0.25887732233560445,-3.0407072036464444,0.0020745966633536864,-5.610303968010674,-5.189689888883811,9.251114875089154,5.997998471120779,0.4206140791268629,-3.2531164039683755,True,False,0.006737946999085467,0.0038874572434761303,0.5769498103804866,0.0394583338534301,0.07090476176470953,1.796952755990375,-5.358302045071292,-3.2325100029630938,-2.646417685996769,1.1360923169663248,1.7674899970369062,-0.29662328451115116,-0.04329110518540906,1.1360923169663248,1.7674899970369062,0.29662328451115116,0.04329110518540906,False,False,ictal_scale,low,high,mid,-0.11773714417870325,0.08508990756521986,0.006482419802808437,0.006546006464909466,0.006737946999085467,1200,500,10,69.87176513671875
-5,-0.55,0.58,0.048,49,230008835,True,,60,-0.15,-0.16986720431331945,0.27046784776786714,-2.7492610956320522,-1.2331194182386869,0.005052566957529317,-0.16757190831787905,0.42612268245370233,-3.3392145160597675,0.018530875207071307,-0.9435825889735605,-0.9285282500673718,18.58455763316338,14.520321748753657,0.01505433890618868,-4.064235884409724,True,False,0.006737946999085467,0.0038874572434761303,0.5769498103804866,0.06397511523854205,0.01864121081644207,0.29138221552138127,-5.287858856418186,-2.7492610956320522,-3.982380513870739,-0.6831194182386868,2.2507389043679478,-0.3095321522321328,-0.04294743304247069,0.6831194182386868,2.2507389043679478,0.3095321522321328,0.04294743304247069,False,False,ictal_scale,low,high,mid,-0.15733419046816605,0.09288651072466264,0.006458283018224734,0.006478956046631953,0.006737946999085467,1200,500,10,62.0489296913147
-5,-0.55,0.58,0.048,50,272257259,True,,60,-0.15,-0.07400302067900355,-0.16786870478645763,-2.774028018115394,-2.8929670349506607,0.0033429979690146566,-0.0706846608290323,-0.9698906216544783,-7.648860284903339,0.039831528768029735,-9.177487464123622,-9.969277759800148,2.116747882863258,-3.5611772707118945,-0.7917902956765257,-5.677925153575153,False,False,0.006737946999085467,0.0038874572434761303,0.5769498103804866,0.06241010871337128,0.0034582415105022194,0.055411560431416075,-5.700887279078115,-2.774028018115394,-5.666995053066055,-2.342967034950661,2.225971981884606,-0.7478687047864576,-0.04465700203098535,2.342967034950661,2.225971981884606,0.7478687047864576,0.04465700203098535,False,False,ictal_scale,low,high,mid,-0.04739544939545583,0.08327316526918875,0.006364214260095408,0.006449895826980404,0.006737946999085467,1200,500,10,76.43051528930664
-5,-0.55,0.58,0.048,51,239380877,True,,60,-0.15,-0.12251475326344799,0.23821614447937672,-2.33312137253657,-4.129779827983925,0.00633281378824394,-0.1297543250377684,0.10945229034229552,-2.7408415410588396,0.0013192723594305606,-1.2198484613613343,1.3506908475665367,18.032025888387835,19.078759944021474,2.570539308927871,1.0467340556336389,True,True,0.006737946999085467,0.0038874572434761303,0.5769498103804866,0.09699252429847943,0.0015602625033157237,0.016086420212286238,-5.0620106252839,-2.33312137253657,-6.462901200520495,-3.5797798279839252,2.66687862746343,-0.34178385552062324,-0.04166718621175606,3.5797798279839252,2.66687862746343,0.34178385552062324,0.04166718621175606,False,False,ictal_scale,low,high,mid,-0.16509796162148774,0.09409287749901406,0.006484528699526667,0.006549942888128693,0.006737946999085467,1200,500,10,83.77965307235718
-5,-0.55,0.58,0.048,52,1884598430,True,,60,-0.15,-0.13889947609791803,0.3541925286089911,-2.978449523218157,0.234769087353886,0.005207803660231821,-0.13744975492429523,0.43461403547259836,-3.3061169972604425,0.018495135204142057,-1.3502524667804932,-1.4836150494015719,17.771217877549518,13.410148150085258,-0.1333625826210787,-4.36106972746426,False,False,0.006737946999085467,0.0038874572434761303,0.5769498103804866,0.050871648058489684,0.06433313665898409,1.2646167190222943,-5.257597074434786,-2.978449523218157,-2.7436804358642712,0.7847690873538861,2.021550476781843,-0.22580747139100887,-0.042792196339768176,0.7847690873538861,2.021550476781843,0.22580747139100887,0.042792196339768176,False,False,ictal_scale,low,high,mid,-0.1497120187422696,0.0889610008094219,0.006476740995984637,0.00650865998800409,0.006737946999085467,1200,500,10,65.94811773300171
-5,-0.55,0.58,0.048,53,765151311,True,,60,-0.15,-0.11673808327009796,0.17239724376372273,-3.35629412329564,2.0120151030082916,0.004150264538529684,-0.13069410578575644,0.26148439557828307,-2.9585448005380894,0.004241522805969821,-2.038202944236357,-0.21780002536108806,16.39531692263779,15.941778198166226,1.820402918875269,-0.4535387244715636,True,False,0.006737946999085467,0.0038874572434761303,0.5769498103804866,0.0348642223453193,0.2607276194357599,7.478371863663952,-5.484583202547086,-3.35629412329564,-1.3442790202873485,2.5620151030082914,1.64370587670436,-0.40760275623627723,-0.043849735461470314,2.5620151030082914,1.64370587670436,0.40760275623627723,0.043849735461470314,False,False,ictal_scale,low,high,mid,-0.1649887626799003,0.09907919164533788,0.006447840971764792,0.006456320001174246,0.006737946999085467,1200,500,10,65.37349700927734
-5,-0.55,0.58,0.048,54,1993309358,True,,60,-0.15,-0.12469566791123486,0.013878028590503839,-2.6530799501602393,-1.4073973420975192,0.004901879333325393,-0.12978062412778124,0.2599540361760273,-4.261910207535304,0.04354142598353899,0.1654168664412679,0.23390785810079845,20.802556543993038,16.845193965089997,0.06849099165953054,-3.957362578903041,True,False,0.006737946999085467,0.0038874572434761303,0.5769498103804866,0.07043394560366373,0.017240788256487456,0.24477953220883653,-5.318136609983884,-2.6530799501602393,-4.060477292257758,-0.8573973420975192,2.3469200498397607,-0.5661219714094962,-0.04309812066667461,0.8573973420975192,2.3469200498397607,0.5661219714094962,0.04309812066667461,False,False,ictal_scale,low,high,mid,-0.12051713227462854,0.1074172789172389,0.006449960635425965,0.006514562694888901,0.006737946999085467,1200,500,10,68.51847195625305
-5,-0.55,0.58,0.048,55,656440383,True,,60,-0.15,-0.13410409508088336,0.0293224823479222,-2.7681507308338786,-2.19508305004867,0.004439714232247523,-0.14491381472976345,0.3192004428631124,-4.387965552850972,0.03855550895980718,-4.116347468308679,-3.887179906231289,12.239027874493145,8.603018436425824,0.2291675620773903,-3.6360094380673207,True,False,0.006737946999085467,0.0038874572434761303,0.5769498103804866,0.06277799086713841,0.006990286189417071,0.11134931355498646,-5.417165266715746,-2.7681507308338786,-4.963233780882549,-1.64508305004867,2.2318492691661214,-0.5506775176520777,-0.04356028576775248,1.64508305004867,2.2318492691661214,0.5506775176520777,0.04356028576775248,False,False,ictal_scale,low,high,mid,-0.16467205018737668,0.10550386246365408,0.006448270584976546,0.006501974902539018,0.006737946999085467,1200,500,10,75.31310057640076
-5,-0.55,0.58,0.048,56,2002681400,True,,60,-0.15,-0.12278562272552768,0.14940991145086974,-2.611509559576759,-4.730747595233868,0.005767321704146485,-0.1738273236912124,0.3798184128821651,-3.3327358257363215,0.005019159884290839,-7.413288348189378,-3.926709904877698,5.645146114731746,8.523958439133006,3.4865784433116804,2.8788123244012596,True,True,0.006737946999085467,0.0038874572434761303,0.5769498103804866,0.0734236227303142,0.0006475871655695494,0.008819874877982314,-5.155547482282985,-2.611509559576759,-7.342257154810627,-4.180747595233868,2.388490440423241,-0.4305900885491302,-0.04223267829585352,4.180747595233868,2.388490440423241,0.4305900885491302,0.04223267829585352,False,False,ictal_scale,low,high,mid,-0.19722878598946997,0.09796810241547085,0.006438237854829184,0.006509735715541879,0.006737946999085467,1200,500,10,82.95660138130188
-5,-0.55,0.58,0.048,57,647068341,True,,60,-0.15,-0.13756165762691794,0.31522245772567437,-3.0086554846915363,0.07366273718072731,0.005762023593523786,-0.11787496613157104,0.39402813625618566,-3.0215704583368748,0.005732461212442641,0.12141039324326161,1.010916407748239,20.714543597597025,18.39921106438488,0.8895060145049775,-2.315332533212146,True,False,0.006737946999085467,0.0038874572434761303,0.5769498103804866,0.04935799674992113,0.05313110463776356,1.076443699831648,-5.156466547652067,-3.0086554846915363,-2.934992747510809,0.6236627371807274,1.9913445153084637,-0.2647775422743256,-0.04223797640647622,0.6236627371807274,1.9913445153084637,0.2647775422743256,0.04223797640647622,False,False,ictal_scale,low,high,mid,-0.14755828871975143,0.127362055257086,0.006374370752778096,0.00642461534271363,0.006737946999085467,1200,500,10,67.42738056182861
-5,-0.55,0.58,0.048,58,2111392328,True,,60,-0.15,-0.12271497801114278,0.010957681829853048,-3.3073130066430974,-0.3203684013779178,0.004751103915257243,-0.11983871030778633,0.1333948746075134,-5.637161576900814,0.03867944958653901,-9.41973463334503,-9.536998417437653,1.6322535444204433,-2.6966185859869043,-0.11726378409262317,-4.328872130407348,False,False,0.006737946999085467,0.0038874572434761303,0.5769498103804866,0.03661442441035343,0.02657773595025856,0.7258815720381282,-5.349378284724979,-3.3073130066430974,-3.627681408021015,0.22963159862208227,1.6926869933569026,-0.5690423181701469,-0.043248896084742756,0.22963159862208227,1.6926869933569026,0.5690423181701469,0.043248896084742756,False,False,ictal_scale,low,high,mid,-0.12993409934356,0.0801775585275974,0.006508136896030418,0.006536691817977657,0.006737946999085467,1200,500,10,66.01778292655945
-5,-0.55,0.58,0.048,59,538357413,True,,60,-0.15,-0.19416160264106297,-0.002072891543026859,-2.71672819919171,-1.3574955230745922,0.006235696794383206,-0.15782740635510384,-0.12013726201403609,-2.899609192853375,0.0009579935023975572,-0.06881491859377757,23.01167254183749,20.33409297392295,62.40072333256339,23.080487460431268,42.06663035864044,True,True,0.006737946999085467,0.0038874572434761303,0.5769498103804866,0.06609063647012475,0.017005410476008852,0.25730438355962687,-5.0774649507802305,-2.71672819919171,-4.074223722266302,-0.8074955230745922,2.28327180080829,-0.5820728915430268,-0.0417643032056168,0.8074955230745922,2.28327180080829,0.5820728915430268,0.0417643032056168,False,False,ictal_scale,low,high,mid,-0.15094641438210182,0.10037779412292266,0.006452215933899638,0.0064743819985970865,0.006737946999085467,1200,500,10,67.60649132728577
-5,-0.55,0.58,0.048,60,1139962393,True,,60,-0.15,-0.18476962272289266,0.043381239763861865,-3.511593190029051,2.4894008379298,0.004404731043373532,-0.1748210207873642,0.3351864047312071,-4.167039613405439,0.03654357537815981,-5.075975961510411,-3.1522087364349027,10.31977088808968,10.072960776018597,1.9237672250755087,-0.24681011207108305,True,False,0.006737946999085467,0.0038874572434761303,0.5769498103804866,0.029849320893792237,0.3598052550492257,12.054051625812848,-5.425076078580978,-3.511593190029051,-1.022192352099251,3.0394008379298,1.4884068099709489,-0.5366187602361381,-0.04359526895662647,3.0394008379298,1.4884068099709489,0.5366187602361381,0.04359526895662647,False,False,ictal_scale,low,high,mid,-0.1427498800270219,0.11401223617504642,0.006418205391785848,0.006433515724451941,0.006737946999085467,1200,500,10,82.02410507202148
-5,-0.55,0.58,0.048,61,528985371,True,,60,-0.15,-0.10427970901622695,-0.23921233117655707,-3.2650098182234983,0.5109393716648986,0.0045177997894474764,-0.10488136389272558,-0.636728746710133,-5.71585913377141,0.04179518523543501,-6.328017731668317,-5.8651530641384415,7.815687347773869,4.647072120611519,0.46286466752987554,-3.1686152271623502,True,False,0.006737946999085467,0.0038874572434761303,0.5769498103804866,0.03819656005947537,0.0636681751417362,1.6668562572807424,-5.399730175896201,-3.2650098182234983,-2.7540704465586,1.0609393716648987,1.7349901817765017,-0.819212331176557,-0.043482200210552525,1.0609393716648987,1.7349901817765017,0.819212331176557,0.043482200210552525,False,False,ictal_scale,low,high,mid,-0.1440686706923332,0.0695736562315019,0.006526525605364921,0.006531922034320697,0.006737946999085467,1200,500,10,73.84994888305664
-5,-0.55,0.58,0.048,62,1031251465,True,,60,-0.15,-0.12325778119773736,0.09757321599098168,-2.802833508160621,-0.7879966421609138,0.006757661854730679,-0.11679203584783976,0.3673705297394396,-3.8739085321405122,0.037175656868748026,0.32060438680841313,0.09019663741246,21.112931584727328,16.55777152371332,-0.23040774939595313,-4.555160061014007,False,False,0.006737946999085467,0.0038874572434761303,0.5769498103804866,0.06063800070107507,0.02757542916743224,0.45475492015922203,-4.9970783282350775,-2.802833508160621,-3.5908301503215347,-0.23799664216091376,2.197166491839379,-0.4824267840090183,-0.04124233814526932,0.23799664216091376,2.197166491839379,0.4824267840090183,0.04124233814526932,False,False,ictal_scale,low,high,mid,-0.09555573824069387,0.08504632850281202,0.006455848077365515,0.00651097390781955,0.006737946999085467,1200,500,10,74.86254072189331
-5,-0.55,0.58,0.048,63,420274443,True,,60,-0.15,-0.21583008661837047,0.1118437489677509,-3.181742488274148,0.3399308479365748,0.004045703163011886,-0.2307571527610892,0.4028421652093464,-3.198076515560979,0.006203766400950848,-5.708245565844012,-3.998052224255301,9.055231679422478,8.3812738003778,1.7101933415887114,-0.6739578790446785,True,False,0.006737946999085467,0.0038874572434761303,0.5769498103804866,0.04151325570064108,0.05831991549112472,1.4048504388978598,-5.510099908471247,-3.181742488274148,-2.841811640337573,0.8899308479365748,1.818257511725852,-0.46815625103224906,-0.043954296836988115,0.8899308479365748,1.818257511725852,0.46815625103224906,0.043954296836988115,False,False,ictal_scale,low,high,mid,-0.16487828894391404,0.1043299281280513,0.006425228279103514,0.006464087987399559,0.006737946999085467,1200,500,10,70.7479419708252
-5,-0.55,0.58,0.048,64,1021879423,True,,60,-0.15,-0.1601653974770347,0.13548254355903036,-2.7055399672215357,-1.5687915850894483,0.004110518605695685,-0.10661240966348967,0.38918431428554223,-2.9750573129546085,0.004966202994706737,-1.1846676574438963,1.6905975510551425,18.10238749622271,19.758573350998688,2.875265208499039,1.656185854775977,True,True,0.006737946999085467,0.0038874572434761303,0.5769498103804866,0.06683422581037841,0.013921351304552824,0.20829673921936914,-5.4942060769997285,-2.7055399672215357,-4.274331552310984,-1.0187915850894482,2.2944600327784643,-0.4445174564409696,-0.04388948139430432,1.0187915850894482,2.2944600327784643,0.4445174564409696,0.04388948139430432,False,False,ictal_scale,low,high,mid,-0.139262464603847,0.08992886412076069,0.006486833753534432,0.006507088692702619,0.006737946999085467,1200,500,10,76.0389711856842
-5,-0.55,0.58,0.048,65,410902401,True,,60,-0.15,-0.1651689181482692,0.17267480383795586,-2.659807305628079,-1.7589822998047189,0.006326703891539585,-0.14651635625365186,0.38199506680062734,-3.5347215804307903,0.029223016085163867,0.3179325829819477,0.5338597466203436,21.1075879770744,17.44509774212909,0.21592716363839592,-3.6624902349453095,True,False,0.006737946999085467,0.0038874572434761303,0.5769498103804866,0.06996170167202279,0.012048807273065579,0.17222004303940208,-5.062975890680782,-2.659807305628079,-4.4187896054327975,-1.2089822998047188,2.340192694371921,-0.4073251961620441,-0.04167329610846042,1.2089822998047188,2.340192694371921,0.4073251961620441,0.04167329610846042,False,False,ictal_scale,low,high,mid,-0.15338670968868684,0.1089781045295072,0.006415020814485695,0.00643622178483077,0.006737946999085467,1200,500,10,77.35723924636841
-5,-0.55,0.58,0.048,66,913168495,True,,60,-0.15,-0.17969895422794793,-0.01672137434253551,-3.1087352386154032,-0.3978786159007477,0.003660673962504462,-0.18138428315228983,0.03902453360994318,-5.138062915340645,0.0394436247245298,-7.385177702356148,-7.573937015784955,5.701367406398207,1.2295042173184925,-0.18875931342880659,-4.4718631890797145,False,False,0.006737946999085467,0.0038874572434761303,0.5769498103804866,0.0446574005936692,0.029998321331082163,0.6717435617006073,-5.610108005760277,-3.1087352386154032,-3.506613854516151,0.15212138409925235,1.8912647613845968,-0.5967213743425355,-0.04433932603749554,0.15212138409925235,1.8912647613845968,0.5967213743425355,0.04433932603749554,False,False,ictal_scale,low,high,mid,-0.15823021654638753,0.09217455888780071,0.006475752782274274,0.006535100517964192,0.006737946999085467,1200,500,10,72.30985355377197
-5,-0.55,0.58,0.048,67,732049062,True,,60,-0.15,-0.13396733808852584,-0.06404071740256033,-2.2912908527418425,-2.336909433517908,0.006115567992300279,-0.13377784094438866,-0.3401030726084423,-5.543802797489505,0.06875584940360893,5.726085982649048,6.671395310472503,31.9238947764086,29.720168869833408,0.9453093278234554,-2.2037259065751904,True,False,0.006737946999085467,0.0038874572434761303,0.5769498103804866,0.10113582609784444,0.009772330683497414,0.09662580571639487,-5.096917629070654,-2.2912908527418425,-4.628200286259751,-1.786909433517908,2.7087091472581575,-0.6440407174025603,-0.04188443200769972,1.786909433517908,2.7087091472581575,0.6440407174025603,0.04188443200769972,False,False,ictal_scale,low,high,mid,-0.12842828027876357,0.08746219569730437,0.006470202539578761,0.006477081002242856,0.006737946999085467,1200,500,10,71.51022911071777
-5,-0.55,0.58,0.048,68,903796453,True,,60,-0.15,-0.1639690182189629,0.038568006584083325,-3.0124609695206015,-0.1300329484145777,0.006277530192590311,-0.16644264204801096,0.040627762175475556,-3.066478267955987,0.008806927471754778,-0.275987861621349,-0.33407078361190445,19.919747087867805,15.709236681664592,-0.05808292199055548,-4.210510406203213,False,False,0.006737946999085467,0.0038874572434761303,0.5769498103804866,0.04917052258339011,0.04317498864559024,0.8780664995448887,-5.070778657292119,-3.0124609695206015,-3.1424939179351794,0.41996705158542236,1.9875390304793985,-0.5414319934159166,-0.04172246980740969,0.41996705158542236,1.9875390304793985,0.5414319934159166,0.04172246980740969,False,False,ictal_scale,low,high,mid,-0.18886974270272633,0.0920274174564226,0.006465714197423026,0.006496623295466988,0.006737946999085467,1200,500,10,65.7211377620697
-5,-0.55,0.58,0.048,69,741421104,True,,60,-0.15,-0.11993016445297622,0.20797112055490802,-3.272325161970001,-1.0875099343410373,0.0038838764516283216,-0.12470928760378695,0.3887547366750359,-3.4577403915727416,0.003712406761889587,-14.710159598506568,-13.797674809426747,-8.948596385902633,-11.217971369965092,0.9124847890798211,-2.269374984062459,True,False,0.006737946999085467,0.0038874572434761303,0.5769498103804866,0.03791815863530099,0.01278049502655051,0.33705473806030595,-5.550921538629456,-3.272325161970001,-4.359835096311038,-0.5375099343410372,1.727674838029999,-0.37202887944509194,-0.04411612354837168,0.5375099343410372,1.727674838029999,0.37202887944509194,0.04411612354837168,False,False,ictal_scale,low,high,mid,-0.13172857800303991,0.09182198575923597,0.006473584420949021,0.006562251556034921,0.006737946999085467,1200,500,10,66.04101705551147
-5,-0.55,0.58,0.048,70,795085525,True,,60,-0.15,-0.14479146667858941,0.18813606634820731,-3.503361854358108,3.1303409107823894,0.006449241315002326,-0.13920160277212135,0.24323400780869606,-4.332076058239291,0.049933728648385876,3.270991527116936,3.3531569663493443,27.013705865344374,23.08369218158709,0.08216543923240849,-3.9300136837572843,True,False,0.006737946999085467,0.0038874572434761303,0.5769498103804866,0.030096034672578875,0.6886508098825416,22.88177885806284,-5.043792780673922,-3.503361854358108,-0.3730209435757188,3.6803409107823892,1.4966381456418918,-0.3918639336517926,-0.04155075868499768,3.6803409107823892,1.4966381456418918,0.3918639336517926,0.04155075868499768,False,False,ictal_scale,low,high,mid,-0.1637676952121611,0.09099194477197413,0.00647186129054252,0.0064896328946801515,0.006737946999085467,1200,500,10,70.48491787910461
-5,-0.55,0.58,0.048,71,850132032,True,,60,-0.15,-0.1769786934298201,0.1219772538265471,-3.4704264723911296,0.7429255642807433,0.005118012160137136,-0.16875404503452784,0.371607467843246,-4.422721023074633,0.02525959617957514,-11.239543530676869,-11.672434394237937,-2.007364250243235,-6.967490539587473,-0.43289086356106843,-4.960126289344238,False,False,0.006737946999085467,0.0038874572434761303,0.5769498103804866,0.03110376293595031,0.06538248249798778,2.1020762868025034,-5.274989165292471,-3.4704264723911296,-2.727500908110386,1.2929255642807433,1.5295735276088704,-0.45802274617345284,-0.04288198783986286,1.2929255642807433,1.5295735276088704,0.45802274617345284,0.04288198783986286,False,False,ictal_scale,low,high,mid,-0.1709553411687447,0.10439482658556293,0.006444107260871112,0.0064869789986558585,0.006737946999085467,1200,500,10,75.95163607597351
-5,-0.55,0.58,0.048,72,248527052,True,,60,-0.15,-0.17304551858994283,-0.03178487989889113,-2.90273811553129,-1.9786327695850559,0.005128346539070488,-0.1580525978891943,0.028324384157290355,-5.150593185264251,0.041717688401033105,-4.935323035650091,-6.38251760948849,10.60107673981032,3.612343029911422,-1.4471945738383987,-6.988733709898899,False,False,0.006737946999085467,0.0038874572434761303,0.5769498103804866,0.05487276619701326,0.007586606529490525,0.13825813887807,-5.2729719838251885,-2.90273811553129,-4.881370885116346,-1.4286327695850558,2.09726188446871,-0.6117848798988911,-0.04287165346092951,1.4286327695850558,2.09726188446871,0.6117848798988911,0.04287165346092951,False,False,ictal_scale,low,high,mid,-0.14656493822646102,0.09603317882631274,0.00646446506217575,0.0064726140428768755,0.006737946999085467,1200,500,10,81.84155225753784
-5,-0.55,0.58,0.048,73,859504074,True,,60,-0.15,-0.09914645996139751,-0.02786055960191434,-3.19793776376607,1.713090444740074,0.00546818979808986,-0.11013893748214468,-0.08824408339373176,-3.1158757370034147,0.022884926978851357,3.3298822411880877,3.1234245508945055,27.13148729348668,22.624227350677412,-0.20645769029358219,-4.507259942809267,False,False,0.006737946999085467,0.0038874572434761303,0.5769498103804866,0.04084635200912208,0.22653692591464422,5.546074857898019,-5.20880765002608,-3.19793776376607,-1.4848473190259959,2.263090444740074,1.80206223623393,-0.6078605596019143,-0.042531810201910145,2.263090444740074,1.80206223623393,0.6078605596019143,0.042531810201910145,False,False,ictal_scale,low,high,mid,-0.1345731220700351,0.09371744170480913,0.0064678805525937326,0.006484741872118588,0.006737946999085467,1200,500,10,70.89767956733704
-5,-0.55,0.58,0.048,74,357237980,True,,60,-0.15,-0.13099071251970112,0.17918300967078035,-2.8493003919806186,0.3389905384091834,0.006514219357129114,-0.12654586293580483,0.299339031345849,-3.5877235620162353,0.04018618449995831,5.018566983907321,5.112059869815594,30.508856778925143,26.60149798851959,0.09349288590827332,-3.907358790405553,True,False,0.006737946999085467,0.0038874572434761303,0.5769498103804866,0.057884803384891326,0.08124306188756651,1.4035300655227239,-5.03376789797461,-2.8493003919806186,-2.510309853571435,0.8889905384091834,2.1506996080193814,-0.4008169903292196,-0.04148578064287089,0.8889905384091834,2.1506996080193814,0.4008169903292196,0.04148578064287089,False,False,ictal_scale,low,high,mid,-0.15629322406224194,0.0909701563753929,0.006489073040254436,0.006550777182229343,0.006737946999085467,1200,500,10,74.55409836769104
-5,-0.55,0.58,0.048,75,968215002,True,,60,-0.15,-0.12419829534097537,0.28826196451270036,-2.655736937322839,-2.1362328295681876,0.005376411397828698,-0.09440579086233003,0.40963546364176456,-3.0504028684076,0.004764722396169953,-2.3165012091588935,-1.9069785860192554,15.838720392792716,12.563421076849892,0.40952262313963805,-3.2752993159428243,True,False,0.006737946999085467,0.0038874572434761303,0.5769498103804866,0.07024705191140336,0.008296099894096999,0.11809890477055421,-5.225734153795438,-2.655736937322839,-4.791969766891027,-1.5862328295681876,2.344263062677161,-0.2917380354872996,-0.0426235886021713,1.5862328295681876,2.344263062677161,0.2917380354872996,0.0426235886021713,False,False,ictal_scale,low,high,mid,-0.16487622173256108,0.1090472342426002,0.006421133510243101,0.0064666122862097304,0.006737946999085467,1200,500,10,75.69546914100647
-5,-0.55,0.58,0.048,76,366610022,True,,60,-0.15,-0.10265864883267911,0.2840124797325163,-3.1908148456175307,-0.7974732998520784,0.004643427147482714,-0.08853835487977726,0.49131475693980264,-3.88865378662926,0.01840701433669377,-9.305143119230307,-9.740224551122566,1.8614365726498896,-3.10307085335673,-0.4350814318922591,-4.9645074260066195,False,False,0.006737946999085467,0.0038874572434761303,0.5769498103804866,0.04113833588526884,0.018531410060926113,0.45046571919215617,-5.37230257601036,-3.1908148456175307,-3.988288145469609,-0.24747329985207833,1.8091851543824693,-0.29598752026748365,-0.04335657285251729,0.24747329985207833,1.8091851543824693,0.29598752026748365,0.04335657285251729,False,False,ictal_scale,low,high,mid,-0.13152464008157402,0.10108212556049803,0.006433434535999011,0.0064427736654074814,0.006737946999085467,1200,500,10,71.52889561653137
-5,-0.55,0.58,0.048,77,1169896607,True,,60,-0.15,-0.16233411265492823,-0.04137143344411107,-2.9026639703966692,-0.33276711410182824,0.007181508013589722,-0.17949596532809053,-0.029880403866620615,-2.9377267198467427,6.009368107482318e-05,-0.686520362935278,3.8713244457825633,19.098682085239947,24.12002714045353,4.557844808717841,5.021345055213583,True,True,0.006737946999085467,0.0038874572434761303,0.5769498103804866,0.05487683489648523,0.03934324102260243,0.7169371392649739,-4.936245888227292,-2.9026639703966692,-3.2354310844984973,0.2172328858981718,2.0973360296033308,-0.621371433444111,-0.04081849198641028,0.2172328858981718,2.0973360296033308,0.621371433444111,0.04081849198641028,False,False,ictal_scale,low,high,mid,-0.13589155644704545,0.09956894685699709,0.006444815854159871,0.0064659128690941516,0.006737946999085467,1200,500,10,69.28354024887085
-5,-0.55,0.58,0.048,78,475320950,True,,60,-0.15,-0.13106010640996876,0.09374409025874574,-3.052294603636204,-0.33900423906798705,0.0045991633314927125,-0.1203451018319245,0.35234522987919736,-4.252503903960392,0.0347724286558604,-5.360252891187832,-5.65753186989682,9.751217028734839,5.062314509094762,-0.297278978708988,-4.688902519640077,False,False,0.006737946999085467,0.0038874572434761303,0.5769498103804866,0.047250379012962175,0.03366492305134777,0.712479428834052,-5.381880876488178,-3.052294603636204,-3.391298842704191,0.210995760932013,1.947705396363796,-0.4862559097412542,-0.04340083666850729,0.210995760932013,1.947705396363796,0.4862559097412542,0.04340083666850729,False,False,ictal_scale,low,high,mid,-0.15144306602839153,0.10189324330262327,0.006466786738759148,0.006530740088393571,0.006737946999085467,1200,500,10,69.29953575134277
-5,-0.55,0.58,0.048,79,26945144,True,,60,-0.15,-0.130922339754153,0.10441627894632789,-2.6805646676649824,-1.2895995159317926,0.005709851035003671,-0.15929530819950177,0.1622305728583192,-2.9112566271153772,0.0017654147788818961,0.2403618357515394,1.8294279926735193,20.95244648261358,20.03623423423544,1.58906615692198,-0.916212248378141,True,False,0.006737946999085467,0.0038874572434761303,0.5769498103804866,0.06852444968672687,0.018870334681380475,0.2753810467307648,-5.165562344095216,-2.6805646676649824,-3.9701641835967747,-0.7395995159317925,2.3194353323350176,-0.4755837210536721,-0.04229014896499633,0.7395995159317925,2.3194353323350176,0.4755837210536721,0.04229014896499633,False,False,ictal_scale,low,high,mid,-0.14630578991368715,0.10657269934301469,0.006430005880233108,0.00644955643944002,0.006737946999085467,1200,500,10,65.59170413017273
-5,-0.55,0.58,0.048,80,584031878,True,,60,-0.15,-0.11640571111814454,-0.07774655128634907,-3.262049201466,2.270274719672189,0.005615840918732042,-0.11362203990875046,-0.46247297394089976,-5.325390711634174,0.06164397673270623,3.5852019265350434,4.275244841727292,27.64212666418059,24.927867932342984,0.6900429151922487,-2.7142587318376066,True,False,0.006737946999085467,0.0038874572434761303,0.5769498103804866,0.03830981300182151,0.37091791961062126,9.682060301181457,-5.18216393909643,-3.262049201466,-0.991774481793811,2.820274719672189,1.737950798534,-0.6577465512863491,-0.042384159081267955,2.820274719672189,1.737950798534,0.6577465512863491,0.042384159081267955,False,False,ictal_scale,low,high,mid,-0.1406266248374493,0.09229696825254095,0.006482954942999269,0.006516888026011769,0.006737946999085467,1200,500,10,66.99182677268982
-5,-0.55,0.58,0.048,81,17573102,True,,60,-0.15,-0.12127870787554779,0.21914622381638343,-3.0670397477091793,-0.5107969441018476,0.0047187327115505205,-0.12305547078785764,0.3991699015737531,-3.9695637468111853,0.029814049849615238,-5.619771249564579,-5.808841701388293,9.232180311981345,4.759694846111815,-0.1890704518237145,-4.47248546586953,False,False,0.006737946999085467,0.0038874572434761303,0.5769498103804866,0.046558776784753855,0.027936067256389793,0.6000172080452452,-5.356215008751024,-3.0670397477091793,-3.5778366918110267,0.03920305589815243,1.9329602522908207,-0.3608537761836165,-0.04328126728844948,0.03920305589815243,1.9329602522908207,0.3608537761836165,0.04328126728844948,False,False,ictal_scale,low,high,mid,-0.14212924601352345,0.10228580116760809,0.006452739492790115,0.006488256373581183,0.006737946999085467,1200,500,10,65.93275165557861
-5,-0.55,0.58,0.048,82,593403920,True,,60,-0.15,-0.11394442835861024,0.3696095249619004,-2.682144209072291,-2.0192725214010707,0.005113635227197725,-0.14612620323899134,0.4375853611513854,-3.1707850094275445,0.007512939102367928,-3.390082207249661,-3.3286414897776395,13.691558396611182,9.720095269333122,0.06144071747202151,-3.97146312727806,True,False,0.006737946999085467,0.0038874572434761303,0.5769498103804866,0.06841629791861775,0.009082400668833304,0.1327520042028138,-5.275844732932892,-2.682144209072291,-4.701416730473362,-1.4692725214010707,2.317855790927709,-0.21039047503809954,-0.04288636477280228,1.4692725214010707,2.317855790927709,0.21039047503809954,0.04288636477280228,False,False,ictal_scale,low,high,mid,-0.15172865204238623,0.10592760136517308,0.006458826842515495,0.0064999183811586154,0.006737946999085467,1200,500,10,81.75206661224365
-5,-0.55,0.58,0.048,83,2056345821,True,,60,-0.15,-0.14062920408044938,0.2659671090518844,-3.0093601590755177,1.1709326296628673,0.006093245731880583,-0.12457729445845173,0.3949729215028904,-3.303168669478862,0.03041035943278751,6.58984940319227,5.73543105594879,33.651421617495046,27.84824036078598,-0.8544183472434801,-5.803181256709067,False,False,0.006737946999085467,0.0038874572434761303,0.5769498103804866,0.04932322768583999,0.15906735829223767,3.2249989661139646,-5.100574378333619,-3.0093601590755177,-1.8384275294126504,1.7209326296628673,1.9906398409244823,-0.31403289094811554,-0.04190675426811942,1.7209326296628673,1.9906398409244823,0.31403289094811554,0.04190675426811942,False,False,ictal_scale,low,high,mid,-0.12009048621064863,0.10193090505236713,0.0064287096653893264,0.0064611839436207585,0.006737946999085467,1200,500,10,73.17025971412659
-5,-0.55,0.58,0.048,84,702114848,True,,60,-0.15,-0.1765115876916472,0.045118076045296183,-2.5566294483938927,-3.3103657179639625,0.006147556915379507,-0.15941330222917321,0.32074206692861185,-4.323960880673662,0.037786140203816855,-4.334611621550293,-3.5244432628480515,11.802499568009917,9.328491723192299,0.8101683587022412,-2.474007844817619,True,False,0.006737946999085467,0.0038874572434761303,0.5769498103804866,0.07756573966894754,0.002831368355448184,0.036502821574738165,-5.091700525619996,-2.5566294483938927,-5.866995166357855,-2.7603657179639622,2.4433705516061073,-0.5348819239547038,-0.041852443084620494,2.7603657179639622,2.4433705516061073,0.5348819239547038,0.041852443084620494,False,False,ictal_scale,low,high,mid,-0.17405082347222658,0.08499651136387963,0.006492750483105012,0.0065355991920655505,0.006737946999085467,1200,500,10,87.3972237110138
-5,-0.55,0.58,0.048,85,100509868,True,,60,-0.15,-0.22325241298795734,0.25500450553475934,-3.1249988582521904,0.8241677706073449,0.006677593746850302,-0.21989388872065352,0.37411815471632537,-3.5754837247097626,0.02422370934456219,-0.791986943913898,-1.3932077857944154,18.887748923282707,13.59096267729957,-0.6012208418805174,-5.296786245983137,False,False,0.006737946999085467,0.0038874572434761303,0.5769498103804866,0.04393698378833378,0.10017555445163534,2.279982507088576,-5.008997573864884,-3.1249988582521904,-2.3008310876448457,1.374167770607345,1.8750011417478096,-0.3249954944652406,-0.0413224062531497,1.374167770607345,1.8750011417478096,0.3249954944652406,0.0413224062531497,False,False,ictal_scale,low,high,mid,-0.1762355960032155,0.09823845556487767,0.006426189058029014,0.006422476050810788,0.006737946999085467,1200,500,10,73.34102416038513
-5,-0.55,0.58,0.048,86,401756226,True,,60,-0.15,-0.12664172073900642,-0.11776414809627489,-3.3564986204026477,0.793291475050093,0.00421611119747948,-0.130128547356071,-0.18212805822054295,-3.6390752173232754,0.020624498089335665,-7.573208759812031,-7.449631224365598,5.3253052914864405,1.4781158001572052,0.12357753544643302,-3.8471894913292353,True,False,0.006737946999085467,0.0038874572434761303,0.5769498103804866,0.03485709344165654,0.07705721004940302,2.2106607993113547,-5.468842092977164,-3.3564986204026477,-2.5632071453525547,1.343291475050093,1.6435013795973523,-0.6977641480962748,-0.04378388880252052,1.343291475050093,1.6435013795973523,0.6977641480962748,0.04378388880252052,False,False,ictal_scale,low,high,mid,-0.13189302579539455,0.07053260804097528,0.0065409620476084,0.0065918608754376926,0.006737946999085467,1200,500,10,74.90135431289673
-5,-0.55,0.58,0.048,87,1938262851,True,,60,-0.15,-0.05669400529197341,0.10189809492428004,-2.806490808010421,-0.9619825039309422,0.005496781851018918,-0.06176271509679017,0.37174129153806756,-2.9345646539564187,0.0037767052711141507,-0.40490278230873783,1.4085298159136261,19.661917246493026,19.194437880715654,1.813432598222364,-0.4674793657773719,True,False,0.006737946999085467,0.0038874572434761303,0.5769498103804866,0.06041663439843822,0.023087283475252494,0.38213455127267576,-5.203592475988611,-2.806490808010421,-3.768473311941363,-0.41198250393094216,2.193509191989579,-0.4781019050757199,-0.04250321814898109,0.41198250393094216,2.193509191989579,0.4781019050757199,0.04250321814898109,False,False,ictal_scale,low,high,mid,-0.12138715309407246,0.09554758614149385,0.006447595735944192,0.006476894662533093,0.006737946999085467,1200,500,10,70.4544141292572
-5,-0.55,0.58,0.048,88,293045298,True,,60,-0.15,-0.11037975943060965,0.37864915895135853,-3.613300044123344,2.218483231043565,0.005158866990704092,-0.13968446770942305,0.44287797929669775,-3.2224620696000184,0.007157417977570165,-6.429244762895699,-5.544473117914196,7.6132332853191045,5.28843201306001,0.8847716449815035,-2.3248012722590943,True,False,0.006737946999085467,0.0038874572434761303,0.5769498103804866,0.026962721717418724,0.24787844029646597,9.193376058038277,-5.2670382990438265,-3.613300044123344,-1.3948168130797787,2.7684832310435654,1.3866999558766562,-0.20135084104864143,-0.04284113300929591,2.7684832310435654,1.3866999558766562,0.20135084104864143,0.04284113300929591,False,False,ictal_scale,low,high,mid,-0.15928123804066605,0.10274690631428117,0.006432482486078208,0.006459344751789366,0.006737946999085467,1200,500,10,61.275442123413086
-5,-0.55,0.58,0.048,89,218592838,True,,60,-0.15,-0.21022003174837578,0.20036860466955272,-2.4805093677677705,-0.7335931979050532,0.007383990542761955,-0.22703011663641215,0.18737416217625655,-2.6275138004996714,0.00471930423618118,8.82795627683206,8.94349722803991,38.12763536477462,34.264372704968224,0.11554095120784957,-3.863262659806395,True,False,0.006737946999085467,0.0038874572434761303,0.5769498103804866,0.08370058035428703,0.040191386773774374,0.4801805029744436,-4.908441062556789,-2.4805093677677705,-3.2141025656728237,-0.18359319790505313,2.5194906322322295,-0.3796313953304472,-0.04061600945723805,0.18359319790505313,2.5194906322322295,0.3796313953304472,0.04061600945723805,False,False,ictal_scale,low,high,mid,-0.16105985293224792,0.11829992257995986,0.006399989935911521,0.006441545721251233,0.006737946999085467,1200,500,10,57.82312822341919
-5,-0.55,0.58,0.048,90,283673256,True,,60,-0.15,-0.14219830946478476,0.36327305790240544,-3.2403779724487483,1.3802588352131444,0.006054431053609265,-0.1780034826173009,0.4338309969149128,-2.9819523570134123,0.01057735039621032,0.40657063614559147,0.9943136600373368,21.284864083401686,18.366005568963075,0.5877430238917454,-2.918858514438611,True,False,0.006737946999085467,0.0038874572434761303,0.5769498103804866,0.0391490950228407,0.15565408506589604,3.9759306051668117,-5.106964869462199,-3.2403779724487483,-1.8601191372356038,1.9302588352131445,1.7596220275512517,-0.21672694209759452,-0.04194556894639073,1.9302588352131445,1.7596220275512517,0.21672694209759452,0.04194556894639073,False,False,ictal_scale,low,high,mid,-0.15711040281476601,0.11132033588928211,0.006419285075938789,0.006451843388652723,0.006737946999085467,1200,500,10,64.49533081054688
-5,-0.55,0.58,0.048,91,1361544301,True,,60,-0.15,-0.16283378589798356,0.16963699165048496,-2.826762705050972,-1.1683887814784506,0.0057806571877448525,-0.16413181856334352,0.3503026547346288,-3.7472035234105263,0.030395123081908174,-1.2391933434630933,-1.889669188443269,17.993336124184317,12.598039872001863,-0.6504758449801757,-5.395296252182455,False,False,0.006737946999085467,0.0038874572434761303,0.5769498103804866,0.059204205246191195,0.018404658141742854,0.31086741330636963,-5.153237902459363,-2.826762705050972,-3.9951514865294224,-0.6183887814784506,2.173237294949028,-0.410363008349515,-0.042219342812255145,0.6183887814784506,2.173237294949028,0.410363008349515,0.042219342812255145,False,False,ictal_scale,low,high,mid,-0.1664847181835705,0.0857328619948897,0.006493670479738569,0.006523527175650709,0.006737946999085467,1200,500,10,80.30640244483948
-5,-0.55,0.58,0.048,92,174962328,True,,60,-0.15,-0.17124120046991664,0.020774450987367344,-2.443866704900785,-1.2979253579068886,0.005446953489779975,-0.17877773496672744,0.008801035751234535,-2.585123290013782,0.00016184234875681202,6.5472126567205375,8.543320076130506,33.566148124551574,33.46401840114942,1.9961074194099684,-0.10212972340215742,True,False,0.006737946999085467,0.0038874572434761303,0.5769498103804866,0.08682447692012733,0.023711572406800767,0.2730977858768308,-5.212698819302574,-2.443866704900785,-3.741792062807674,-0.7479253579068885,2.556133295099215,-0.5592255490126327,-0.04255304651022002,0.7479253579068885,2.556133295099215,0.5592255490126327,0.04255304651022002,False,False,ictal_scale,low,high,mid,-0.177514471059552,0.10653534832360273,0.006418186867079916,0.006471700018945312,0.006737946999085467,1200,500,10,68.70273280143738
-5,-0.55,0.58,0.048,93,776567308,True,,60,-0.15,-0.1516547247411944,0.2915146981318338,-2.5513536993161994,-3.8128770768719713,0.006099691747585747,-0.1379139502043416,0.33104895593913214,-3.566536288094664,0.022824947947372217,-3.900276470113097,-2.7185657563877172,12.67116987088431,10.940246736112968,1.18171071372538,-1.7309231347713414,True,False,0.006737946999085467,0.0038874572434761303,0.5769498103804866,0.07797603841340657,0.0017220656039193133,0.022084548522321893,-5.09951704226238,-2.5513536993161994,-6.364230776188171,-3.2628770768719715,2.4486463006838006,-0.2884853018681662,-0.04190030825241425,3.2628770768719715,2.4486463006838006,0.2884853018681662,0.04190030825241425,False,False,ictal_scale,low,high,mid,-0.12976614032487993,0.08903565392831615,0.006489119186758325,0.006525421245204605,0.006737946999085467,1200,500,10,67.88180613517761
-5,-0.55,0.58,0.048,94,165590286,True,,60,-0.15,-0.16252232317497847,0.3566234394993323,-3.477504702069255,2.342714676685559,0.006102552849791936,-0.15271584746257671,0.4218878885536812,-3.337802730543149,0.01955771528598425,-0.725675277924055,-0.7365630488723344,19.020372255262394,14.904252151143734,-0.010887770948279418,-4.116120104118661,False,False,0.006737946999085467,0.0038874572434761303,0.5769498103804866,0.0308843806929319,0.32148961890713074,10.40945655033665,-5.099048095383666,-3.477504702069255,-1.1347900253836958,2.892714676685559,1.5224952979307451,-0.22337656050066768,-0.041897447150208066,2.892714676685559,1.5224952979307451,0.22337656050066768,0.041897447150208066,False,False,ictal_scale,low,high,mid,-0.15710256585325055,0.08960453735535952,0.0064879221083572435,0.006546300579635756,0.006737946999085467,1200,500,10,81.24205493927002
-5,-0.55,0.58,0.048,95,1479627271,True,,60,-0.15,-0.20928854659780005,0.18473643167388062,-2.4263242502022035,-2.336402404650228,0.007304230880763419,-0.19492543259234835,0.3229871071955779,-3.5021929470510975,0.03106089277002748,2.841380713645653,2.889759234046534,26.154484238401807,22.15689671698147,0.048378520400881087,-3.9975875214203356,True,False,0.006737946999085467,0.0038874572434761303,0.5769498103804866,0.08836102942014407,0.008542285749289873,0.09667481021155294,-4.91930152600787,-2.4263242502022035,-4.762726654852432,-1.786402404650228,2.5736757497977965,-0.3952635683261193,-0.040695769119236586,1.786402404650228,2.5736757497977965,0.3952635683261193,0.040695769119236586,False,False,ictal_scale,low,high,mid,-0.18652403086461575,0.1052865622363142,0.0064218692617815576,0.0064604449234457765,0.006737946999085467,1200,500,10,82.66239094734192
-5,-0.55,0.58,0.048,96,56879358,True,,60,-0.15,-0.10395665853416944,0.18114761710379013,-2.2735671143865086,-4.187483928323303,0.005759546685559524,-0.1215655563272918,0.39814974174124984,-2.979824457983038,0.009623180494063861,-0.6522371832821461,3.802200457393101,19.16724844454621,23.981779163674602,4.4544376406752475,4.814530719128392,True,True,0.006737946999085467,0.0038874572434761303,0.5769498103804866,0.10294431022622755,0.0015631519072753783,0.015184441994319451,-5.1568965077950715,-2.2735671143865086,-6.461051042709812,-3.637483928323303,2.7264328856134914,-0.39885238289620983,-0.04224045331444048,3.637483928323303,2.7264328856134914,0.39885238289620983,0.04224045331444048,False,False,ictal_scale,low,high,mid,-0.18009802504488023,0.0910982464577769,0.006448014394683692,0.006475441511426676,0.006737946999085467,1200,500,10,71.25914430618286
-5,-0.55,0.58,0.048,97,658484338,True,,60,-0.15,-0.10801412973124808,-0.022735138348743945,-3.0883300821485387,-0.6435772894789094,0.004255211508139163,-0.10245344394626021,-0.026865064984845092,-3.479748280547116,0.015928086669256526,-5.879075491273422,-6.45378914974942,8.713571828563659,3.469799949389561,-0.5747136584759982,-5.243771879174098,False,False,0.006737946999085467,0.0038874572434761303,0.5769498103804866,0.04557800240984652,0.023947116198403604,0.5254095162632697,-5.4596108100513945,-3.0883300821485387,-3.731907371627448,-0.09357728947890931,1.9116699178514613,-0.6027351383487439,-0.043744788491860837,0.09357728947890931,1.9116699178514613,0.6027351383487439,0.043744788491860837,False,False,ictal_scale,low,high,mid,-0.09925550866948775,0.08879685549608449,0.0064579280344737875,0.006523458117696379,0.006737946999085467,1200,500,10,77.11516523361206
-5,-0.55,0.58,0.048,98,986733219,True,,60,-0.15,-0.15896141263585062,0.0404210347879742,-3.1256943956867786,0.9501189774669466,0.007505403644765869,-0.15761860226637103,0.06081959853403139,-3.0956826851075165,0.014046711279644911,1.952578271779137,1.6298435440173786,24.376879354668777,19.637065336923158,-0.32273472776175827,-4.739814017745619,False,False,0.006737946999085467,0.0038874572434761303,0.5769498103804866,0.04390643459663088,0.11354280027379103,2.586017318803281,-4.892132031896504,-3.1256943956867786,-2.175575418219832,1.5001189774669466,1.8743056043132214,-0.5395789652120258,-0.040494596355234135,1.5001189774669466,1.8743056043132214,0.5395789652120258,0.040494596355234135,False,False,ictal_scale,low,high,mid,-0.18570957944619923,0.09772683387422218,0.00644974657036132,0.006488472178278044,0.006737946999085467,1200,500,10,66.52947187423706
-5,-0.55,0.58,0.048,99,549773410,True,,60,-0.15,-0.2233518113624829,-0.1583168605320486,-2.8343308612267495,0.6434329064130005,0.006186669135665723,-0.22493609286864846,-0.3204817318862276,-6.054098306801176,0.07007144015313801,6.072059604016859,6.60187049150763,32.615842019144225,29.581119231903664,0.529810887490771,-3.034722787240561,True,False,0.006737946999085467,0.0038874572434761303,0.5769498103804866,0.058757829824661406,0.11181629754118215,1.9030025083440274,-5.085358441208372,-2.8343308612267495,-2.190897954813749,1.1934329064130007,2.1656691387732505,-0.7383168605320486,-0.04181333086433428,1.1934329064130007,2.1656691387732505,0.7383168605320486,0.04181333086433428,False,False,ictal_scale,low,high,mid,-0.18381376620559486,0.07002564278109497,0.006522038918266154,0.006548927236987714,0.006737946999085467,1200,500,10,71.49108362197876
-5,-0.3,0.58,0.048,0,770392863,True,,60,-0.15,-0.08868182162349209,0.1768154409333822,-3.257653275842381,1.3068509943184745,0.007547158400631788,-0.08175693491282753,0.22989556845789041,-2.8930687328328295,0.006015580003416165,-0.27854405621069017,0.02687274567542588,19.914634698689124,16.431123740239254,0.30541680188611603,-3.4835109584498696,True,False,0.006737946999085467,0.004991593906910217,0.7408182206817179,0.03847859078593454,0.14215997350306092,3.694521306508607,-4.886584157343708,-3.257653275842381,-1.9508022815239063,1.6068509943184746,1.7423467241576192,-0.40318455906661776,-0.04045284159936821,1.6068509943184746,1.7423467241576192,0.40318455906661776,0.04045284159936821,False,False,ictal_scale,low,high,mid,-0.12293552506464356,0.09693016425181276,0.006573808581565309,0.006580855163015455,0.006737946999085467,1200,500,10,72.38661646842957
-5,-0.3,0.58,0.048,1,1272658957,True,,60,-0.15,-0.13861987403708567,-0.06824215676921372,-2.6421936658881204,-1.2739908691944501,0.005577595418908492,-0.13051397246848312,-0.22151969028661764,-4.41576533017054,0.04995613336408124,2.177205076752153,1.6890413589639421,24.826132964614807,19.755460966816287,-0.48816371778821077,-5.07067199779852,False,False,0.006737946999085467,0.004991593906910217,0.7408182206817179,0.07120489834942562,0.019916942350216085,0.27971309294589775,-5.188997523976314,-2.6421936658881204,-3.9161845350825706,-0.9739908691944501,2.3578063341118796,-0.6482421567692137,-0.042422404581091505,0.9739908691944501,2.3578063341118796,0.6482421567692137,0.042422404581091505,False,False,ictal_scale,low,high,mid,-0.14115439610044322,0.08879781022523962,0.006605004308201948,0.006628921314119159,0.006737946999085467,1200,500,10,66.36721968650818
-5,-0.3,0.58,0.048,2,372558600,True,,60,-0.15,-0.16193107682008656,0.044248602135878334,-2.7459444908083164,-1.8898846183003275,0.0038630003766212113,-0.1943650290415373,0.3891495332861829,-3.1142722191247287,0.004399803884167771,-3.6679506795990435,-1.0593133427467438,13.135821451912417,14.258751563394913,2.6086373368522997,1.1229301114824963,True,True,0.006737946999085467,0.004991593906910217,0.7408182206817179,0.0641876476625536,0.00969806295176816,0.15108924076409036,-5.556311097803508,-2.7459444908083164,-4.635829109108644,-1.5898846183003275,2.2540555091916836,-0.5357513978641216,-0.04413699962337879,1.5898846183003275,2.2540555091916836,0.5357513978641216,0.04413699962337879,False,False,ictal_scale,low,high,mid,-0.14242077043520449,0.10208467717739989,0.006583288581105272,0.006621527097141145,0.006737946999085467,1200,500,10,72.14562320709229
-5,-0.3,0.58,0.048,3,1163948029,True,,60,-0.15,-0.13453784708931482,0.18554414552412737,-3.2114772881109217,1.5406692070352364,0.007322553122880706,-0.13147771749182985,0.3757251692918182,-3.268847564283832,0.02292611827182924,2.359254110232474,2.422161129626759,25.19023103157545,21.22170050814192,0.06290701939428489,-3.968530523433529,True,False,0.006737946999085467,0.004991593906910217,0.7408182206817179,0.040297038942106456,0.18809500819309732,4.667712892337518,-4.916796224542275,-3.2114772881109217,-1.6708080810756853,1.8406692070352364,1.7885227118890783,-0.3944558544758726,-0.04067744687711929,1.8406692070352364,1.7885227118890783,0.3944558544758726,0.04067744687711929,False,False,ictal_scale,low,high,mid,-0.14175744630880746,0.09486886985123183,0.006591804993030484,0.006624709866910517,0.006737946999085467,1200,500,10,75.22620820999146
-5,-0.3,0.58,0.048,4,381930642,True,,60,-0.15,-0.11896826581125541,0.10449377551353783,-2.7138859965606805,-1.8052220489276622,0.006588853614841399,-0.12844221873855383,0.33884332476018636,-4.114481709274795,0.03961298602443952,-0.6069263547692374,-0.7494408835824728,19.257870101572028,14.878496481723456,-0.14251452881323545,-4.379373619848572,False,False,0.006737946999085467,0.004991593906910217,0.7408182206817179,0.06627874664797646,0.01089874051519154,0.16443793925491026,-5.022375903894393,-2.7138859965606805,-4.519108045488343,-1.5052220489276622,2.2861140034393195,-0.4755062244864621,-0.0414111463851586,1.5052220489276622,2.2861140034393195,0.4755062244864621,0.0414111463851586,False,False,ictal_scale,low,high,mid,-0.15560829268141455,0.0973425238198432,0.006583292205405244,0.006593821278721304,0.006737946999085467,1200,500,10,85.60810589790344
-5,-0.3,0.58,0.048,5,1154575987,True,,60,-0.15,-0.13051329521328164,0.2871530514927345,-2.3982734239221473,-3.1538455446607814,0.006099305968039741,-0.10323741226953426,0.43965818743659385,-2.9369421656509798,0.00712102551539875,0.22875054540926457,2.85256266546821,20.92922390192903,22.082503579824824,2.6238121200589455,1.1532796778957923,True,True,0.006737946999085467,0.004991593906910217,0.7408182206817179,0.09087472003330435,0.0038792285649442856,0.04268765354680158,-5.099580290007011,-2.3982734239221473,-5.552118968582929,-2.8538455446607816,2.6017265760778527,-0.29284694850726545,-0.041900694031960256,2.8538455446607816,2.6017265760778527,0.29284694850726545,0.041900694031960256,False,False,ictal_scale,low,high,mid,-0.11671708620279261,0.12856950769816025,0.006527593023031522,0.006554724099370194,0.006737946999085467,1200,500,10,93.8132483959198
-5,-0.3,0.58,0.048,6,490641570,True,,60,-0.15,-0.10504161532126507,0.0769868378629092,-2.6479299869378914,-0.7072079878172557,0.005200242545698716,-0.11972704105629592,0.325243836965837,-2.7793173164889042,0.006446019607856826,5.731215863929454,7.06694593556899,31.93415453896941,30.51127012002638,1.335730071639536,-1.4228844189430276,True,False,0.006737946999085467,0.004991593906910217,0.7408182206817179,0.0707976134674193,0.03490455387522646,0.49301879209938837,-5.259050011078926,-2.6479299869378914,-3.355137974755147,-0.4072079878172557,2.3520700130621086,-0.5030131621370908,-0.042799757454301285,0.4072079878172557,2.3520700130621086,0.5030131621370908,0.042799757454301285,False,False,ictal_scale,low,high,mid,-0.11439112864830193,0.09841230116765345,0.006584935692792266,0.006629182567074524,0.006737946999085467,1200,500,10,68.43172597885132
-5,-0.3,0.58,0.048,7,1045865059,True,,60,-0.15,-0.14002478604091415,0.04012833334415815,-3.1823433299306734,0.14781261175132887,0.006047673187985391,-0.1040246774310329,0.3384967946574297,-3.5699352207193273,0.027302122367735077,-4.330542658435499,-2.9650174980547073,11.810637494239504,10.447343252778987,1.365525160380792,-1.3632942414605171,True,False,0.006737946999085467,0.004991593906910217,0.7408182206817179,0.04148832029918227,0.048097228735376585,1.1592956376285155,-5.108081677943,-3.1823433299306734,-3.0345307181793446,0.44781261175132886,1.8176566700693266,-0.5398716666558419,-0.041952326812014606,0.44781261175132886,1.8176566700693266,0.5398716666558419,0.041952326812014606,False,False,ictal_scale,low,high,mid,-0.12315584184180904,0.08269172142437238,0.006599356078364255,0.006626643951659728,0.006737946999085467,1200,500,10,70.71862697601318
-5,-0.3,0.58,0.048,8,500013612,True,,60,-0.15,-0.06951273396111007,-0.13842110522283957,-2.6407101279350345,-2.9812009920036533,0.005616950266010406,-0.07511663647595573,-0.24730212117514297,-6.0780997870673374,0.050694177318549784,-3.9169853620566513,-3.2435188461711917,12.6377520869972,9.890340556546018,0.6734665158854596,-2.7474115304511812,True,False,0.006737946999085467,0.004991593906910217,0.7408182206817179,0.07131061191422677,0.0036177206001393883,0.05073186869425301,-5.1819664196618165,-2.6407101279350345,-5.621911119938687,-2.6812009920036535,2.3592898720649655,-0.7184211052228395,-0.0423830497339896,2.6812009920036535,2.3592898720649655,0.7184211052228395,0.0423830497339896,False,False,ictal_scale,low,high,mid,-0.14540371341881733,0.08786518831755025,0.00659574517857786,0.006597732353826538,0.006737946999085467,1200,500,10,67.28524112701416
-5,-0.3,0.58,0.048,9,2145231165,True,,60,-0.15,-0.16880175039299516,0.10130669422287622,-2.885577266861434,-0.412737410112545,0.004797400637810138,-0.18430015901161878,0.37517450890127135,-2.997715156224632,0.005463221458645481,0.22993469711488607,1.8283225293475052,20.931592205340277,20.03402330758341,1.598387832232619,-0.8975688977568659,True,False,0.006737946999085467,0.004991593906910217,0.7408182206817179,0.055822555722084416,0.03694537986185485,0.6618360514661744,-5.339681041540227,-2.885577266861434,-3.298314676973979,-0.11273741011254501,2.114422733138566,-0.47869330577712377,-0.04320259936218986,0.11273741011254501,2.114422733138566,0.47869330577712377,0.04320259936218986,False,False,ictal_scale,low,high,mid,-0.14743741635059246,0.0962642070903699,0.006598342978022851,0.0066342776754814295,0.006737946999085467,1200,500,10,62.76683592796326
-5,-0.3,0.58,0.048,10,608724540,True,,60,-0.15,-0.18680028931499595,0.2127177827413439,-3.395688515102359,1.1652669312183805,0.006320828764711328,-0.182240392323984,0.34925441756904285,-4.241871830792212,0.03445909801245387,-4.971530960976771,-5.4634665710264665,10.528660889156962,5.450445106835469,-0.4919356100496959,-5.078215782321493,False,False,0.006737946999085467,0.004991593906910217,0.7408182206817179,0.03351746894223632,0.10748310743691121,3.206778758328875,-5.063904945763782,-3.395688515102359,-2.2304215838839783,1.4652669312183806,1.6043114848976412,-0.36728221725865606,-0.04167917123528867,1.4652669312183806,1.6043114848976412,0.36728221725865606,0.04167917123528867,False,False,ictal_scale,low,high,mid,-0.1852231124538058,0.07764230053084342,0.00660396279416264,0.006620836578569328,0.006737946999085467,1200,500,10,68.7920196056366
-5,-0.3,0.58,0.048,11,106458446,True,,60,-0.15,-0.1341394307987871,-0.0045723006385242505,-2.539302900595956,-3.1228519941944244,0.0043139599017179755,-0.16660406115838955,0.07122663075218204,-3.121266366912006,0.0003980825976048732,-3.8114243011743363,-1.1312163739086798,12.848874208761831,14.114945501071041,2.6802079272656565,1.26607129230921,True,True,0.006737946999085467,0.004991593906910217,0.7408182206817179,0.07892139667788962,0.003475020520543717,0.04403141184546812,-5.445899025977709,-2.539302900595956,-5.662154894790381,-2.8228519941944246,2.460697099404044,-0.5845723006385242,-0.043686040098282024,2.8228519941944246,2.460697099404044,0.5845723006385242,0.043686040098282024,False,False,ictal_scale,low,high,mid,-0.12838846873296753,0.11401503968003765,0.006544348182095883,0.006553409945524733,0.006737946999085467,1200,500,10,84.88020539283752
-5,-0.3,0.58,0.048,12,1529387069,True,,60,-0.15,-0.1501563766918082,0.2334090812340559,-3.220064252795059,0.9849327497436116,0.008623250893108982,-0.12863026084956708,0.4345184882896827,-3.3140591149040883,0.0238017738827751,2.4033704828342577,1.28038076039356,25.27846377677902,18.938139769675523,-1.1229897224406977,-6.340324007103497,False,False,0.006737946999085467,0.004991593906910217,0.7408182206817179,0.039952491118957816,0.10697806098662761,2.6776318069404588,-4.753293131632257,-3.220064252795059,-2.2351315030514476,1.2849327497436116,1.779935747204941,-0.34659091876594406,-0.03937674910689102,1.2849327497436116,1.779935747204941,0.34659091876594406,0.03937674910689102,False,False,ictal_scale,low,high,mid,-0.1300676251744512,0.1067418217033312,0.0065672954268787415,0.006607332054409883,0.006737946999085467,1200,500,10,70.01903581619263
-5,-0.3,0.58,0.048,13,115830488,True,,60,-0.15,-0.15527987893828848,-0.04312664431782441,-2.626483365044754,-0.017155596694469987,0.0060457095212745485,-0.1528550218101638,-0.053604521832753785,-2.675700457023063,0.009434883878852876,8.596258037127228,8.506677815454754,37.66423888536496,33.39073387979791,-0.08958022167247393,-4.273505005567053,False,False,0.006737946999085467,0.004991593906910217,0.7408182206817179,0.07233238208862564,0.07110206053869485,0.9829907226278913,-5.1084064285566715,-2.626483365044754,-2.643638961739224,0.28284440330553,2.373516634955246,-0.6231266443178244,-0.04195429047872545,0.28284440330553,2.373516634955246,0.6231266443178244,0.04195429047872545,False,False,ictal_scale,low,high,mid,-0.14420088390432623,0.08093119721035474,0.006613312388678753,0.006632687530762746,0.006737946999085467,1200,500,10,73.0886025428772
-5,-0.3,0.58,0.048,14,726807510,True,,60,-0.15,-0.11912146970762882,0.06129254715611172,-2.9585801545603907,-0.19564093130740018,0.0052616212712588584,-0.09912237289978716,0.31434693295192345,-4.375865972633845,0.04158607743530236,-2.0834682417265418,-2.41084495227391,16.304786327657418,11.555688344340581,-0.32737671054736817,-4.749097983316837,False,False,0.006737946999085467,0.004991593906910217,0.7408182206817179,0.051892544283148385,0.042671625583632904,0.8223074465340893,-5.247316073249472,-2.9585801545603907,-3.154221085867791,0.10435906869259981,2.0414198454396093,-0.5187074528438882,-0.042738378728741144,0.10435906869259981,2.0414198454396093,0.5187074528438882,0.042738378728741144,False,False,ictal_scale,low,high,mid,-0.12051394047878226,0.0891430279969919,0.006590449981381076,0.006614022765598316,0.006737946999085467,1200,500,10,85.05800485610962
-5,-0.3,0.58,0.048,15,224541416,True,,60,-0.15,-0.13145102269541517,-0.05713355117434116,-2.3214056718382334,-4.643459144896966,0.005865993765596617,-0.1425586711956801,-0.07724859918939064,-2.5989015545703387,0.0007394823143980273,-0.9841687181569533,3.812599666934381,18.503385374796597,24.002577582757162,4.796768385091334,5.499192207960565,True,True,0.006737946999085467,0.004991593906910217,0.7408182206817179,0.09813554223720224,0.0009444906063212667,0.009624347965983108,-5.13858337123061,-2.3214056718382334,-6.9648648167352,-4.343459144896967,2.6785943281617666,-0.6371335511743411,-0.04213400623440339,4.343459144896967,2.6785943281617666,0.6371335511743411,0.04213400623440339,False,False,ictal_scale,low,high,mid,-0.15998288100165414,0.10328531735618818,0.006586191353462765,0.006645700830887839,0.006737946999085467,1200,500,10,104.97189474105835
-5,-0.3,0.58,0.048,16,377063564,True,,60,-0.15,-0.14377113420602358,0.12771788589175403,-2.3132930605146833,-3.7897961746325493,0.008981472675689614,-0.14305479660792836,0.3525652041448004,-3.845278605049921,0.041866934294097734,2.3221704953708096,4.056809079386273,25.11606380185212,24.490996407660948,1.7346385840154634,-0.6250673941911735,True,False,0.006737946999085467,0.004991593906910217,0.7408182206817179,0.09893491586799226,0.0022359496649465888,0.02260020787736849,-4.712591415048091,-2.3132930605146833,-6.103089235147232,-3.4897961746325494,2.6867069394853167,-0.4522821141082459,-0.03901852732431039,3.4897961746325494,2.6867069394853167,0.4522821141082459,0.03901852732431039,False,False,ictal_scale,low,high,mid,-0.1014367063455707,0.10293867858103246,0.006558287582813292,0.006561265897555177,0.006737946999085467,1200,500,10,79.24550104141235
-5,-0.3,0.58,0.048,17,233913458,True,,60,-0.15,-0.15742801674137158,0.19531155275895215,-3.5879955447249774,-1.6408348494541796,0.010067319450548727,-0.14497598261756905,0.42261515380669695,-3.3627955522981106,0.007168617862568425,-10.192577018010414,-9.811393971266568,0.08656877508967398,-3.245409693644735,0.3811830467438462,-3.331978468734409,True,False,0.006737946999085467,0.004991593906910217,0.7408182206817179,0.02765370552216185,0.005359790480195764,0.19381816573914104,-4.59846079929084,-3.5879955447249774,-5.228830394179157,-1.3408348494541795,1.4120044552750226,-0.3846884472410478,-0.03793268054945127,1.3408348494541795,1.4120044552750226,0.3846884472410478,0.03793268054945127,False,False,ictal_scale,low,high,mid,-0.14838069330971265,0.10195764748252215,0.006584238764339764,0.006621100806392905,0.006737946999085467,1200,500,10,79.42065691947937
-5,-0.3,0.58,0.048,18,268352636,True,,60,-0.15,-0.1956736885321954,-0.2165734209323233,-3.195642556228714,1.343264089774844,0.007640086135462356,-0.18681344204265632,-0.2969986214871226,-7.72161290014164,0.06840519662130662,4.617045101253491,5.1043015659100055,29.705813013617487,26.58598138070841,0.4872564646565145,-3.119831632909076,True,False,0.006737946999085467,0.004991593906910217,0.7408182206817179,0.04094021053532158,0.15686362738924514,3.8315295729588263,-4.874346401592085,-3.195642556228714,-1.85237846645387,1.643264089774844,1.804357443771286,-0.7965734209323232,-0.04035991386453765,1.643264089774844,1.804357443771286,0.7965734209323232,0.04035991386453765,False,False,ictal_scale,low,high,mid,-0.1437434060011289,0.10762629020272758,0.006570884495488882,0.0065965977068871955,0.006737946999085467,1200,500,10,67.61488509178162
-5,-0.3,0.58,0.048,19,342624386,True,,60,-0.15,-0.13646978343987337,0.45980043728413905,-2.3897752876463376,-2.969330212224636,0.004913238350238758,-0.17241929483647656,0.4421729942482699,-3.056203256262015,0.011986212423626512,0.01301547638503724,0.8351836382941921,20.497753763880578,18.047745525476785,0.8221681619091549,-2.450008238403793,True,False,0.006737946999085467,0.004991593906910217,0.7408182206817179,0.09165027651305746,0.004705112949933063,0.05133768417231915,-5.315822012777661,-2.3897752876463376,-5.3591054998709735,-2.669330212224636,2.6102247123536624,-0.12019956271586091,-0.043086761649761246,2.669330212224636,2.6102247123536624,0.12019956271586091,0.043086761649761246,False,False,ictal_scale,low,high,mid,-0.19244940119800227,0.1166659740040786,0.006549137686599368,0.006586275563633076,0.006737946999085467,1200,500,10,76.60637474060059
-5,-0.3,0.58,0.048,20,1888503053,True,,60,-0.15,-0.14149692411762155,-0.06839686757803032,-3.589083461768559,2.650673217234986,0.004679975342744065,-0.1305507050192714,-0.073270662010244,-4.341497021835816,0.03669376934809737,-5.824632314807209,-4.900307343617506,8.822458181496085,6.57676356165339,0.9243249711897032,-2.245694619842695,True,False,0.006737946999085467,0.004991593906910217,0.7408182206817179,0.027623636943631305,0.3912493319780514,14.163570596313345,-5.364462437710891,-3.589083461768559,-0.9384102445335731,2.9506732172349857,1.410916538231441,-0.6483968675780303,-0.043320024657255936,2.9506732172349857,1.410916538231441,0.6483968675780303,0.043320024657255936,False,False,ictal_scale,low,high,mid,-0.14730176283497254,0.08709485324405221,0.006608929804294402,0.006645423837367883,0.006737946999085467,1200,500,10,88.06702280044556
-5,-0.3,0.58,0.048,21,761246688,True,,60,-0.15,-0.15343012976161205,-0.0899952450061857,-3.1533228220002423,-0.4980658533326223,0.003922547802997096,-0.1552205405218885,-0.32085434901092436,-5.842780112927132,0.041029736605412315,-8.40422386250323,-8.379971453044302,3.6632750861040435,-0.38256465720020216,0.024252409458927815,-4.045839743304246,True,False,0.006737946999085467,0.004991593906910217,0.7408182206817179,0.042709973183617495,0.025955060588646148,0.6077049141909056,-5.541013886561468,-3.1533228220002423,-3.6513886753328646,-0.19806585333262233,1.8466771779997577,-0.6699952450061857,-0.0440774521970029,0.19806585333262233,1.8466771779997577,0.6699952450061857,0.0440774521970029,False,False,ictal_scale,low,high,mid,-0.178191359727915,0.0906645953516703,0.006580755461690896,0.0066016662035071625,0.006737946999085467,1200,500,10,76.1705596446991
-5,-0.3,0.58,0.048,22,150269666,True,,60,-0.15,-0.19928221235704163,0.10134842317744665,-3.4492909122752504,2.13776114566923,0.006315182870350106,-0.21133267131333278,0.13836671693386637,-3.891887828240783,0.03297789003038636,-2.878354852873892,-3.0122193338879897,14.715013105362718,10.352939581112423,-0.13386448101409787,-4.362073524250295,False,False,0.006737946999085467,0.004991593906910217,0.7408182206817179,0.03176815480196345,0.2694076102264082,8.48042991183603,-5.064798565507099,-3.4492909122752504,-1.3115297666060206,2.4377611456692296,1.5507090877247496,-0.4786515768225533,-0.041684817129649894,2.4377611456692296,1.5507090877247496,0.4786515768225533,0.041684817129649894,False,False,ictal_scale,low,high,mid,-0.1933541968326822,0.09992572124074775,0.006573668849624731,0.00660464501058048,0.006737946999085467,1200,500,10,70.87668704986572
-5,-0.3,0.58,0.048,23,652535760,True,,60,-0.15,-0.13717309965269164,0.34134784615029046,-2.965680625326592,-0.1786297333893792,0.005403070251350916,-0.1323061421353936,0.49485519237690956,-3.1237130590849826,0.011608192475120627,-0.927602206834149,-0.35016112156108586,18.616518397442206,15.67705600576623,0.5774410852730631,-2.939462391675976,True,False,0.006737946999085467,0.004991593906910217,0.7408182206817179,0.05152538782390117,0.043096635019408816,0.8364155388155567,-5.2207879219188005,-2.965680625326592,-3.1443103587159715,0.12137026661062078,2.034319374673408,-0.2386521538497095,-0.042596929748649086,0.12137026661062078,2.034319374673408,0.2386521538497095,0.042596929748649086,False,False,ictal_scale,low,high,mid,-0.1295200366781283,0.08816426938504388,0.0065940426979664395,0.00661910771893897,0.006737946999085467,1200,500,10,60.70669889450073
-5,-0.3,0.58,0.048,24,41558738,True,,60,-0.15,-0.08130047566484461,0.12766729686763703,-3.095741188962732,0.3576904409438688,0.005604399656539159,-0.08555237806812069,0.35916297746647285,-2.993733966248058,0.004912765715734117,-1.5567584248812651,-0.18624407489771855,17.358205961347974,16.004890099092965,1.3705143499835466,-1.353315862255009,True,False,0.006737946999085467,0.004991593906910217,0.7408182206817179,0.04524146755382469,0.06469633351972201,1.4300228754240005,-5.184203336751341,-3.095741188962732,-2.738050748018863,0.6576904409438689,1.904258811037268,-0.45233270313236296,-0.04239560034346084,0.6576904409438689,1.904258811037268,0.45233270313236296,0.04239560034346084,False,False,ictal_scale,low,high,mid,-0.1047941505191961,0.11541947300161857,0.00653420478860289,0.006543046091326787,0.006737946999085467,1200,500,10,81.4486129283905
-5,-0.3,0.58,0.048,25,643163718,True,,60,-0.15,-0.13221436353199698,0.09320557097838347,-2.9658905776201636,-1.6911651703087913,0.005613241168335335,-0.1312126118166695,0.26692287075949706,-4.436696128858643,0.03314594580805938,-7.056961397606607,-7.088841692163466,6.35780001589729,2.1996948645614705,-0.031880294556859035,-4.158105151335819,False,False,0.006737946999085467,0.004991593906910217,0.7408182206817179,0.05151457108608957,0.009494375124123688,0.18430465252747574,-5.182626977913495,-2.9658905776201636,-4.657055747928955,-1.3911651703087913,2.0341094223798364,-0.4867944290216165,-0.042386758831664664,1.3911651703087913,2.0341094223798364,0.4867944290216165,0.042386758831664664,False,False,ictal_scale,low,high,mid,-0.14068146687923477,0.08108553598454503,0.006608031631569136,0.006619869815001397,0.006737946999085467,1200,500,10,73.05857157707214
-5,-0.3,0.58,0.048,26,2115296951,True,,60,-0.15,-0.060931353075503146,0.08339645408799859,-2.998326472994778,-0.38266652333072226,0.007270357767833215,-0.06242186902063572,-0.11287174954010039,-2.9036433852147843,0.00015486911666647368,-1.5269229583120707,-0.5580716448514135,17.417876894486362,15.261234959185575,0.9688513134606572,-2.1566419353007866,True,False,0.006737946999085467,0.004991593906910217,0.7408182206817179,0.04987045812933486,0.03401366251770556,0.6820403058960071,-4.9239497771161655,-2.998326472994778,-3.3809929963255003,-0.08266652333072227,2.001673527005222,-0.4966035459120014,-0.04072964223216678,0.08266652333072227,2.001673527005222,0.4966035459120014,0.04072964223216678,False,False,ictal_scale,low,high,mid,-0.10093556918151346,0.09447356929207544,0.006570148520619489,0.006584047590356744,0.006737946999085467,1200,500,10,69.74397563934326
-5,-0.3,0.58,0.048,27,534452790,True,,60,-0.15,-0.06566304428368168,-0.04628295835892399,-1.9336959376806353,-4.999562111701281,0.005432671382415856,-0.08445371663113345,-0.13989168225677673,-2.7001839604584714,0.0037137471609340815,2.5285389564941423,5.195155429350515,25.528800724098787,26.767689107589433,2.6666164728563726,1.2388883834906466,True,True,0.006737946999085467,0.004991593906910217,0.7408182206817179,0.1446127299263202,0.0009748196783217781,0.006740898113315794,-5.215324298716789,-1.9336959376806353,-6.933258049381917,-4.699562111701281,3.0663040623193645,-0.626282958358924,-0.042567328617584145,4.699562111701281,3.0663040623193645,0.626282958358924,0.042567328617584145,False,False,ictal_scale,low,high,mid,-0.14122724289473476,0.09190000995137769,0.006588896983866973,0.006609204886956016,0.006737946999085467,1200,500,10,80.03500771522522
-5,-0.3,0.58,0.048,28,1110764767,True,,60,-0.15,-0.1404670453583395,-0.03578556345468511,-2.557059203667644,-2.141979492356537,0.005292953597638902,-0.14000912244670097,0.23608986265615114,-4.430857770028039,0.04745314707496876,0.4943537376532004,0.8597071431157481,21.460430286416905,18.0967925351199,0.36535340546254774,-3.3636377512970057,True,False,0.006737946999085467,0.004991593906910217,0.7408182206817179,0.07753241254502898,0.00910402463157885,0.11742217651606604,-5.241378852885901,-2.557059203667644,-4.69903869602418,-1.841979492356537,2.442940796332356,-0.615785563454685,-0.0427070464023611,1.841979492356537,2.442940796332356,0.615785563454685,0.0427070464023611,False,False,ictal_scale,low,high,mid,-0.18447215240348222,0.10406393958858039,0.006575476618267446,0.0065999082012674236,0.006737946999085467,1200,500,10,68.00140047073364
-5,-0.3,0.58,0.048,29,525080748,True,,60,-0.15,-0.126181155156719,-0.11003724523590967,-2.823869286027838,-0.6391343708254594,0.005902208925204763,-0.11955195690193277,-0.08974337710599864,-2.918697800405683,0.003599492928132262,-0.8538115916576642,-0.3414315816987473,18.764099627795176,15.694515085490908,0.5123800099589169,-3.069584542304268,True,False,0.006737946999085467,0.004991593906910217,0.7408182206817179,0.05937575588415636,0.03133549943537981,0.5277490613595924,-5.132428604035945,-2.823869286027838,-3.4630036568532976,-0.33913437082545944,2.176130713972162,-0.6900372452359096,-0.042097791074795235,0.33913437082545944,2.176130713972162,0.6900372452359096,0.042097791074795235,False,False,ictal_scale,low,high,mid,-0.1782838323989798,0.07778118563282944,0.006611265787133772,0.0066321581141839045,0.006737946999085467,1200,500,10,66.87874460220337
-5,-0.3,0.58,0.048,30,1120136809,True,,60,-0.15,-0.16662661395708595,0.230647580701571,-3.189667697382296,-0.5642697336388325,0.0033995755612255315,-0.15211675704816827,0.3922907335288374,-3.857719633913125,0.021136406076302322,-9.087457450143622,-9.323205381164417,2.296807910823258,-2.2690325134404326,-0.2357479310207946,-4.5658404242636905,False,False,0.006737946999085467,0.004991593906910217,0.7408182206817179,0.041185554733010915,0.023425328416972712,0.5687753526407384,-5.684104690086217,-3.189667697382296,-3.7539374310211286,-0.2642697336388325,1.810332302617704,-0.349352419298429,-0.04460042443877447,0.2642697336388325,1.810332302617704,0.349352419298429,0.04460042443877447,False,False,ictal_scale,low,high,mid,-0.1288168889968092,0.10017832909966962,0.006574947487369319,0.0065835655891929926,0.006737946999085467,1200,500,10,70.6071424484253
-5,-0.3,0.58,0.048,31,416369820,True,,60,-0.15,-0.15097860769519444,-0.030258541052923135,-2.717503945825026,-0.196961147206996,0.007138418682688632,-0.14021863114363065,-0.06255072885103204,-2.849460960256283,0.01261443043327909,6.284746375540623,5.910163596179933,33.04121556219175,28.197705441248267,-0.37458277936068995,-4.843510120943485,False,False,0.006737946999085467,0.004991593906910217,0.7408182206817179,0.06603938676235356,0.05423303290282512,0.8212225394821687,-4.9422640001722105,-2.717503945825026,-2.914465093032022,0.10303885279300398,2.282496054174974,-0.6102585410529231,-0.040861581317311366,0.10303885279300398,2.282496054174974,0.6102585410529231,0.040861581317311366,False,False,ictal_scale,low,high,mid,-0.09490446062841551,0.10801332799175761,0.006565518860302589,0.006618095817602254,0.006737946999085467,1200,500,10,66.20458245277405
-5,-0.3,0.58,0.048,32,1228847737,True,,60,-0.15,-0.12791722111972087,0.27348703566786725,-3.14528600721916,0.888423304711142,0.006819577102625479,-0.13303884741170208,0.3529158386149085,-2.9634255205924633,0.01124249742619741,1.4538987323241508,1.6331989643210925,23.379520275758804,19.643776177530587,0.17930023199694167,-3.735744098228217,True,False,0.006737946999085467,0.004991593906910217,0.7408182206817179,0.04305460835691858,0.10467837734823493,2.431293219077995,-4.987957817462054,-3.14528600721916,-2.256862702508018,1.1884233047111419,1.85471399278084,-0.3065129643321327,-0.04118042289737452,1.1884233047111419,1.85471399278084,0.3065129643321327,0.04118042289737452,False,False,ictal_scale,low,high,mid,-0.13011158020038807,0.10176271974669178,0.006573201628981607,0.006581136422527252,0.006737946999085467,1200,500,10,67.33387398719788
-5,-0.3,0.58,0.048,33,406997778,True,,60,-0.15,-0.20853282656844907,0.15634523564455494,-2.954280309287691,-0.002253425946256632,0.007952056895914923,-0.21226991124561756,0.3373448881105164,-4.092453295049131,0.03924912928589262,-0.5059380868163258,-0.5594727857668086,19.459846637477852,15.258432677354785,-0.053534698950482795,-4.201413960123068,False,False,0.006737946999085467,0.004991593906910217,0.7408182206817179,0.05211615459472191,0.05199884692145635,0.9977491111119423,-4.834324654734582,-2.954280309287691,-2.9565337352339474,0.2977465740537434,2.045719690712309,-0.423654764355445,-0.040047943104085076,0.2977465740537434,2.045719690712309,0.423654764355445,0.040047943104085076,False,False,ictal_scale,low,high,mid,-0.19473617985196412,0.08974967600218402,0.006582715941699329,0.006608401646841521,0.006737946999085467,1200,500,10,75.04595565795898
-5,-0.3,0.58,0.048,34,909263872,True,,60,-0.15,-0.21521125114133105,0.11224950312877496,-2.5795208347340033,-1.685973900965298,0.005018112448041157,-0.18377469982761543,0.37638866753580663,-3.781723124076048,0.036873712705941475,0.9138849393861083,1.137616596099027,22.29949268988272,18.652611441086457,0.22373165671291873,-3.6468812487962623,True,False,0.006737946999085467,0.004991593906910217,0.7408182206817179,0.0758103209938594,0.014044916892141393,0.18526391536159065,-5.294701422352921,-2.5795208347340033,-4.265494735699301,-1.385973900965298,2.4204791652659967,-0.467750496871225,-0.04298188755195884,1.385973900965298,2.4204791652659967,0.467750496871225,0.04298188755195884,False,False,ictal_scale,low,high,mid,-0.18539034454744494,0.09999231945126591,0.006572574759843146,0.006596729743200715,0.006737946999085467,1200,500,10,75.4033784866333
-5,-0.3,0.58,0.048,35,735953685,True,,60,-0.15,-0.0878067409428533,0.05203319983799655,-3.3336311486212438,1.3848332040300377,0.00419623965819174,-0.11071735254038376,0.1833431361278038,-3.778075276504787,0.028822360343585075,-3.6881907017404907,-3.700210093025028,13.095341407629522,8.976958062838346,-0.012019391284537218,-4.118383344791177,False,False,0.006737946999085467,0.004991593906910217,0.7408182206817179,0.03566337066852934,0.14244519573354322,3.9941596395217362,-5.473566474208845,-3.3336311486212438,-1.948797944591206,1.6848332040300378,1.6663688513787562,-0.5279668001620034,-0.04380376034180826,1.6848332040300378,1.6663688513787562,0.5279668001620034,0.04380376034180826,False,False,ictal_scale,low,high,mid,-0.12715640875656561,0.08481001527461644,0.006594116106137406,0.006604387704281253,0.006737946999085467,1200,500,10,78.30770468711853
-5,-0.3,0.58,0.048,36,1346930707,True,,60,-0.15,-0.17375686469832385,0.12371621946370162,-3.7245094513946273,3.0880811655120377,0.004844366719971469,-0.17165431828685296,0.42564970999248064,-3.2029536306736457,0.005539227396228099,-6.80824322970726,-3.260573264411216,6.855236351695982,9.85623172006597,3.5476699652960444,3.0009953683699884,True,True,0.006737946999085467,0.004991593906910217,0.7408182206817179,0.02412493197634025,0.5291791292180144,21.934948033718385,-5.329938750134661,-3.7245094513946273,-0.6364282858825896,3.3880811655120375,1.2754905486053727,-0.45628378053629837,-0.043155633280028534,3.3880811655120375,1.2754905486053727,0.45628378053629837,0.043155633280028534,False,False,ictal_scale,low,high,mid,-0.1558423193079834,0.10558359014714831,0.006561907697691965,0.006570658712572695,0.006737946999085467,1200,500,10,69.05883717536926
-5,-0.3,0.58,0.048,37,745325727,True,,60,-0.15,-0.14796865694033212,0.34324393130891007,-2.812250687274185,-2.3066829528139663,0.0068710857455868855,-0.16331214109799738,0.38328986184997094,-3.557278233766487,0.019040824497475378,-5.144975582205992,-5.018928989668534,10.181771646698518,6.339520269551334,0.12604659253745876,-3.842251377147184,True,False,0.006737946999085467,0.004991593906910217,0.7408182206817179,0.06006964215481801,0.005982398885199446,0.09959105249505165,-4.980433143664989,-2.812250687274185,-5.1189336400881515,-2.0066829528139665,2.187749312725815,-0.2367560686910899,-0.04112891425441312,2.0066829528139665,2.187749312725815,0.2367560686910899,0.04112891425441312,False,False,ictal_scale,low,high,mid,-0.13734726273623327,0.08969817398389839,0.006598804592060623,0.006607035288353687,0.006737946999085467,1200,500,10,65.48433685302734
-5,-0.3,0.58,0.048,38,791180902,True,,60,-0.15,-0.13593030814913318,-0.3016274392358168,-2.6238779353136774,-0.9649312326610954,0.006982041230820963,-0.12869535874536744,-0.4312671676641424,-5.849858870109056,0.06835404243184758,4.055625752861036,5.6534754960681175,28.582974316832576,27.684329241024635,1.5978497432070817,-0.8986450758079414,True,False,0.006737946999085467,0.004991593906910217,0.7408182206817179,0.0725210847464495,0.027631214975062733,0.38100939984099597,-4.964413965014385,-2.6238779353136774,-3.5888091679747727,-0.6649312326610954,2.3761220646863226,-0.8816274392358168,-0.04101795876917904,0.6649312326610954,2.3761220646863226,0.8816274392358168,0.04101795876917904,False,False,ictal_scale,low,high,mid,-0.13544978159315146,0.10159103167964216,0.006581177067025471,0.006613550087750018,0.006737946999085467,1200,500,10,67.90842413902283
-5,-0.3,0.58,0.048,39,854036655,True,,60,-0.15,-0.1881958725694597,-0.09611665857249645,-2.780010847878067,-0.5207502765155083,0.006871273861596756,-0.18001174202446663,-0.08998583807159352,-8.960180326491553,0.06357229772533396,2.986807420487221,2.5750737016304255,26.445337652084945,21.52752565214925,-0.4117337188567953,-4.917811999935694,False,False,0.006737946999085467,0.004991593906910217,0.7408182206817179,0.06203783439484503,0.036855105403508816,0.594074660455447,-4.980405766123539,-2.780010847878067,-3.3007611243935755,-0.22075027651550833,2.219989152121933,-0.6761166585724964,-0.041128726138403245,0.22075027651550833,2.219989152121933,0.6761166585724964,0.041128726138403245,False,False,ictal_scale,low,high,mid,-0.16207671075831084,0.08842393268070958,0.006589395365505519,0.006598457564977195,0.006737946999085467,1200,500,10,66.82154273986816
-5,-0.3,0.58,0.048,40,1795713086,True,,60,-0.15,-0.12062616657206314,-0.17097155707546505,-2.6537502580223964,-1.7451609629106901,0.004511977270886989,-0.12385697856924717,-0.11636423706004456,-5.906332081967282,0.054606444262775854,-1.5558519047287231,-0.5617017456142805,17.360019001653058,15.25397475765984,0.9941501591144426,-2.1060442439932174,True,False,0.006737946999085467,0.004991593906910217,0.7408182206817179,0.0703867489960586,0.012290714493418047,0.17461687986337157,-5.401019802279788,-2.6537502580223964,-4.398911220933087,-1.44516096291069,2.3462497419776036,-0.750971557075465,-0.043488022729113014,1.44516096291069,2.3462497419776036,0.750971557075465,0.043488022729113014,False,False,ictal_scale,low,high,mid,-0.1412941837069502,0.1016627827654556,0.006576082490950682,0.006585863756426901,0.006737946999085467,1200,500,10,72.97150707244873
-5,-0.3,0.58,0.048,41,863408697,True,,60,-0.15,-0.15947397156132326,0.13087180335826024,-2.059482251252799,-2.01809861179608,0.008452712024039844,-0.15652434913235025,0.2729274060057942,-3.2393771564179756,0.06078278325856045,15.183647946048293,16.612930157769302,50.83901870320709,49.603238564427,1.4292822117210093,-1.2357801387800862,True,False,0.006737946999085467,0.004991593906910217,0.7408182206817179,0.1275199761139037,0.016948416640668425,0.13290793456179545,-4.773267939515843,-2.059482251252799,-4.07758086304888,-1.7180986117960801,2.940517748747201,-0.44912819664173975,-0.03954728797596016,1.7180986117960801,2.940517748747201,0.44912819664173975,0.03954728797596016,False,False,ictal_scale,low,high,mid,-0.15478082584364236,0.10508068224656585,0.006568379907470583,0.006584667990050513,0.006737946999085467,1200,500,10,66.14448618888855
-5,-0.3,0.58,0.048,42,361142603,True,,60,-0.15,-0.10599233607064706,-0.1632072516795104,-3.284384815550247,2.350999436392239,0.007545038605120072,-0.10680983559653166,-0.3068535026643423,-5.974237073360431,0.06701007361684747,4.872466913430623,6.141058181608225,30.21665663797175,28.65949461210485,1.2685912681776017,-1.557162025866898,True,False,0.006737946999085467,0.004991593906910217,0.7408182206817179,0.037463625045329886,0.39322025486357465,10.496054623325684,-4.886865070125968,-3.284384815550247,-0.933385379158008,2.650999436392239,1.715615184449753,-0.7432072516795103,-0.04045496139487993,2.650999436392239,1.715615184449753,0.7432072516795103,0.04045496139487993,False,False,ictal_scale,low,high,mid,-0.15097651286538827,0.09619151901149263,0.006582325218634301,0.006598841581775872,0.006737946999085467,1200,500,10,73.09488582611084
-5,-0.3,0.58,0.048,43,972119625,True,,60,-0.15,-0.16686854724745082,0.06623724223098089,-3.376229714196458,1.7027425709249844,0.004582805788135008,-0.16019172659144798,0.10904450957655057,-4.083718482511282,0.033452921486595115,-5.126382220173731,-4.571271257931048,10.21895837076304,7.234835733026305,0.5551109622426829,-2.9841226377367356,True,False,0.006737946999085467,0.004991593906910217,0.7408182206817179,0.03417606566746821,0.18759176437916672,5.488980686203827,-5.385443850932812,-3.376229714196458,-1.6734871432714735,2.002742570924984,1.623770285803542,-0.513762757769019,-0.04341719421186499,2.002742570924984,1.623770285803542,0.513762757769019,0.04341719421186499,False,False,ictal_scale,low,high,mid,-0.11678377162689015,0.09150104181866857,0.00658183774684286,0.006601977285935201,0.006737946999085467,1200,500,10,78.71951866149902
-5,-0.3,0.58,0.048,44,1677630116,True,,60,-0.15,-0.12234090169506642,0.07806059101874645,-3.3851757005775074,1.6595218950575947,0.004383307743314707,-0.12362551842243485,0.1535078107823582,-5.873853647178285,0.047833973236309744,-5.08263057268032,-4.4683800641152125,10.306461665749863,7.440618120657977,0.6142505085651075,-2.865843545091886,True,False,0.006737946999085467,0.004991593906910217,0.7408182206817179,0.033871690547232124,0.17805659932092582,5.256796942940777,-5.4299516470705775,-3.3851757005775074,-1.7256538055199127,1.9595218950575948,1.6148242994224926,-0.5019394089812536,-0.0436166922566853,1.9595218950575948,1.6148242994224926,0.5019394089812536,0.0436166922566853,False,False,ictal_scale,low,high,mid,-0.1198911541033643,0.09893806231385878,0.006579721011121631,0.006616871847001554,0.006737946999085467,1200,500,10,81.38092374801636
-5,-0.3,0.58,0.048,45,981491667,True,,60,-0.15,-0.18737063116875446,0.11041346973303759,-2.3922660091685786,-1.979684239141648,0.0057347459700888,-0.17870111385796222,0.2007326803632686,-3.635238617716878,0.0440602269592606,5.796643196173433,5.972546271881106,32.065009203457365,28.322470792650613,0.17590307570767383,-3.742538410806752,True,False,0.006737946999085467,0.004991593906910217,0.7408182206817179,0.09142228524607049,0.012626591551129685,0.13811284105559374,-5.161211824048135,-2.3922660091685786,-4.371950248310227,-1.679684239141648,2.6077339908314214,-0.4695865302669624,-0.0422652540299112,1.679684239141648,2.6077339908314214,0.4695865302669624,0.0422652540299112,False,False,ictal_scale,low,high,mid,-0.17461360125915515,0.10503082404226512,0.006560574762398331,0.006543931597653511,0.006737946999085467,1200,500,10,75.39287757873535
-5,-0.3,0.58,0.048,46,479225573,True,,60,-0.15,-0.13705891632091186,-0.03974450551264681,-2.8383935474277497,-1.3947252782098682,0.0033498101418714737,-0.11859815419505157,0.32437049719831973,-4.310656417297148,0.03821165906301867,-5.821079790711914,-4.293022033942846,8.829563229686675,7.791334181002709,1.5280577567690674,-1.0382290486839665,True,False,0.006737946999085467,0.004991593906910217,0.7408182206817179,0.058519599455522965,0.01450707488224821,0.24790113085572496,-5.698851608819415,-2.8383935474277497,-4.233118825637618,-1.0947252782098682,2.1616064525722503,-0.6197445055126468,-0.044650189858128526,1.0947252782098682,2.1616064525722503,0.6197445055126468,0.044650189858128526,False,False,ictal_scale,low,high,mid,-0.07184853703976012,0.08761669900996269,0.006538795494854895,0.006558062762027795,0.006737946999085467,1200,500,10,71.7399742603302
-5,-0.3,0.58,0.048,47,23040521,True,,60,-0.15,-0.10632876405812011,-0.2616429999609906,-2.6403806656476254,-1.7652565165079888,0.004852254975310605,-0.09905700664846784,-0.288800172054276,-3.168494027295362,0.013987085141018155,-1.7560232798089186,-1.2231047513996889,16.959676251492667,13.931168746089025,0.5329185284092297,-3.028507505403642,True,False,0.006737946999085467,0.004991593906910217,0.7408182206817179,0.07133410994218904,0.01220832500917445,0.17114287987988325,-5.328311738722408,-2.6403806656476254,-4.405637182155614,-1.4652565165079887,2.3596193343523746,-0.8416429999609906,-0.0431477450246894,1.4652565165079887,2.3596193343523746,0.8416429999609906,0.0431477450246894,False,False,ictal_scale,low,high,mid,-0.1305606529977811,0.0766957506659427,0.00661132287487185,0.006612632857371523,0.006737946999085467,1200,500,10,75.11750912666321
-5,-0.3,0.58,0.048,48,587936501,True,,60,-0.15,-0.11471984318313275,0.026866967605978283,-2.832986333947787,-0.2479690518736908,0.005863318792962542,-0.10753694444460159,0.12318435190011624,-3.6604366267563777,0.03443878337892499,1.1514399340208141,1.0413795424344523,22.77460267915213,18.460137333757306,-0.11006039158636183,-4.314465345394826,False,False,0.006737946999085467,0.004991593906910217,0.7408182206817179,0.058836884463363145,0.04591536879513098,0.7803840943298385,-5.139039488785173,-2.832986333947787,-3.080955385821478,0.05203094812630918,2.167013666052213,-0.5531330323940217,-0.04213668120703746,0.05203094812630918,2.167013666052213,0.5531330323940217,0.04213668120703746,False,False,ictal_scale,low,high,mid,-0.10796205405026899,0.10326007797217783,0.006576279047113898,0.006592683772308887,0.006737946999085467,1200,500,10,64.45578289031982
-5,-0.3,0.58,0.048,49,2061813240,True,,60,-0.15,-0.10106290034715407,0.09760013461625275,-3.270888847698957,2.3682390448034525,0.012358444211721869,-0.12334985840003414,0.22775159435776135,-3.086171245433973,0.0350589739034363,9.258313188923031,9.413802557636156,38.98834918895656,35.20498336416071,0.15548936871312513,-3.783365824795851,True,False,0.006737946999085467,0.004991593906910217,0.7408182206817179,0.03797266015896898,0.4054937563744555,10.678571231957253,-4.393415707713279,-3.270888847698957,-0.9026498028955046,2.6682390448034523,1.729111152301043,-0.48239986538374724,-0.03564155578827813,2.6682390448034523,1.729111152301043,0.48239986538374724,0.03564155578827813,False,False,ictal_scale,low,high,mid,-0.13630620917157435,0.1055043442865791,0.006567206046030303,0.006581489047046425,0.006737946999085467,1200,500,10,62.105369567871094
-5,-0.3,0.58,0.048,50,597308543,True,,60,-0.15,-0.0705638096727143,0.034615312618492815,-3.1413357088353138,-0.47258793381594794,0.004327343166096292,-0.06937330359158064,0.14191569934504866,-5.940135138223338,0.04072385606228633,-9.066199617576228,-9.030747443557743,2.3393235759580477,-1.684116638227085,0.03545217401848433,-4.023440214185133,True,False,0.006737946999085467,0.004991593906910217,0.7408182206817179,0.04322502328001737,0.026945913045323372,0.6233868949188116,-5.442801512796222,-3.1413357088353138,-3.6139236426512618,-0.17258793381594795,1.8586642911646862,-0.5453846873815071,-0.04367265683390371,0.17258793381594795,1.8586642911646862,0.5453846873815071,0.04367265683390371,False,False,ictal_scale,low,high,mid,-0.09854706642617272,0.0846583821275715,0.006577687073864243,0.006612210798920616,0.006737946999085467,1200,500,10,74.08224821090698
-5,-0.3,0.58,0.048,51,2052441198,True,,60,-0.15,-0.17279804302094806,0.0909184697289291,-3.0834407858232313,-0.6248792680327278,0.003655439949707247,-0.18052547788019407,0.3451919135258299,-3.8279025314816617,0.020578365374385524,-8.361383141955308,-7.561243013180629,3.748956527199887,1.2548922225271433,0.8001401287746788,-2.4940643046727438,True,False,0.006737946999085467,0.004991593906910217,0.7408182206817179,0.04580139243454182,0.024518678752304915,0.5353260555854582,-5.611538823747247,-3.0834407858232313,-3.7083200538559593,-0.32487926803272776,1.9165592141767687,-0.4890815302710709,-0.044344560050292754,0.32487926803272776,1.9165592141767687,0.4890815302710709,0.044344560050292754,False,False,ictal_scale,low,high,mid,-0.148180022942397,0.11740132375920581,0.006549482070934853,0.006552428802198567,0.006737946999085467,1200,500,10,74.27915382385254
-5,-0.3,0.58,0.048,52,706019471,True,,60,-0.15,-0.16499771782417721,0.11792205519024151,-3.251631186541101,1.7800052019935113,0.004783022970715962,-0.1875265717702546,0.290731686858372,-3.868623315122303,0.04257886353574399,2.213036930079217,1.9034995382103503,24.897796671268935,20.184377325309104,-0.30953739186886664,-4.7134193459598315,False,False,0.006737946999085467,0.004991593906910217,0.7408182206817179,0.03871101142234386,0.22955193367750445,5.929887265745991,-5.3426825117205645,-3.251631186541101,-1.4716259845475896,2.080005201993511,1.748368813458899,-0.46207794480975845,-0.04321697702928404,2.080005201993511,1.748368813458899,0.46207794480975845,0.04321697702928404,False,False,ictal_scale,low,high,mid,-0.13910722512337106,0.10668989235381489,0.00657137708921743,0.006604408442863792,0.006737946999085467,1200,500,10,70.61945176124573
-5,-0.3,0.58,0.048,53,1943730270,True,,60,-0.15,-0.13573255644394058,0.0027573315606323427,-2.7582246980912246,0.29956607449010525,0.006467794338257031,-0.1288852265740147,-0.1421156274247989,-7.653210965452907,0.0718075395381408,6.506001702593626,6.300147665409016,33.483726216297754,28.977673579706433,-0.20585403718461048,-4.5060526365913205,False,False,0.006737946999085467,0.004991593906910217,0.7408182206817179,0.06340423015410142,0.08554962828972038,1.3492731964696276,-5.040920134579078,-2.7582246980912246,-2.4586586236011194,0.5995660744901052,2.2417753019087754,-0.5772426684393677,-0.04153220566174297,0.5995660744901052,2.2417753019087754,0.5772426684393677,0.04153220566174297,False,False,ictal_scale,low,high,mid,-0.12889600348655228,0.09047784498107113,0.006585811684554113,0.006588095096355303,0.006737946999085467,1200,500,10,76.89923691749573
-5,-0.3,0.58,0.048,54,397851603,True,,60,-0.15,-0.19620297756047828,0.0969865853706032,-2.7306025232956137,-1.5372624492435483,0.006278230057384683,-0.19691705611265686,0.2732360100620511,-3.9084959843033404,0.03895170464140947,0.5433438878689583,0.8067453759347943,21.55841058684842,17.99086900075799,0.2634014880658361,-3.5675415860904316,True,False,0.006737946999085467,0.004991593906910217,0.7408182206817179,0.0651800053628221,0.014011666533889662,0.2149687846126159,-5.070667176221892,-2.7306025232956137,-4.2678649725391615,-1.2372624492435482,2.2693974767043863,-0.48301341462939673,-0.04172176994261532,1.2372624492435482,2.2693974767043863,0.48301341462939673,0.04172176994261532,False,False,ictal_scale,low,high,mid,-0.2028051478954139,0.10382707367959249,0.006558212817322085,0.006576624407762504,0.006737946999085467,1200,500,10,79.52615356445312
-5,-0.3,0.58,0.048,55,1934358228,True,,60,-0.15,-0.15118032752295565,0.313516622550863,-3.005099478084752,0.922844352209889,0.0047622763014141594,-0.1407960646139656,0.340940552048651,-2.881385276766772,0.007757856155549,2.6917917438125945,3.1478433517102618,25.85530629873569,22.673064952308927,0.4560516078976673,-3.182241346426764,True,False,0.006737946999085467,0.004991593906910217,0.7408182206817179,0.04953382655314916,0.12464879627792724,2.5164378557384564,-5.3470295104641545,-3.005099478084752,-2.0822551258748634,1.222844352209889,1.9949005219152478,-0.26648337744913697,-0.04323772369858584,1.222844352209889,1.9949005219152478,0.26648337744913697,0.04323772369858584,False,False,ictal_scale,low,high,mid,-0.14228522584661815,0.08094667739877463,0.0066138883067876336,0.006619188569117994,0.006737946999085467,1200,500,10,70.54333066940308
-5,-0.3,0.58,0.048,56,289140675,True,,60,-0.15,-0.12067432168889318,-0.1306438087461304,-3.0580331981753437,-0.15097007463994364,0.004926899293670728,-0.10375966475467502,0.19868175688910805,-4.309728696554327,0.04388170703389694,-3.739525025255719,-2.323910282737006,12.992672760599065,11.72955768341439,1.4156147425187129,-1.2631150771846755,True,False,0.006737946999085467,0.004991593906910217,0.7408182206817179,0.04698000477204197,0.04039685785866729,0.8598734302961938,-5.313045435314463,-3.0580331981753437,-3.2090032728152873,0.14902992536005635,1.9419668018246563,-0.7106438087461304,-0.043073100706329276,0.14902992536005635,1.9419668018246563,0.7106438087461304,0.043073100706329276,False,False,ictal_scale,low,high,mid,-0.11354058045446085,0.09409789067476831,0.006579453360091913,0.00661182433230849,0.006737946999085467,1200,500,10,74.54011368751526
-5,-0.3,0.58,0.048,57,1825647300,True,,60,-0.15,-0.14875932999790967,-0.01807182751758393,-2.7528965837935555,-0.46154014723341985,0.007271904885700731,-0.14313182523122112,-0.06433595544595268,-5.741734814778969,0.0648674714249382,4.36463240150566,4.278262938931952,29.20098761412182,24.933904126752306,-0.0863694625737077,-4.267083487369515,False,False,0.006737946999085467,0.004991593906910217,0.7408182206817179,0.06374295672492428,0.04017795844854475,0.6303121240818546,-4.923737001716599,-2.7528965837935555,-3.2144367310269755,-0.16154014723341986,2.2471034162064445,-0.5980718275175839,-0.04072809511429927,0.16154014723341986,2.2471034162064445,0.5980718275175839,0.04072809511429927,False,False,ictal_scale,low,high,mid,-0.13568585892510862,0.08792931307571972,0.00659598222949277,0.00661721878872975,0.006737946999085467,1200,500,10,69.48929834365845
-5,-0.3,0.58,0.048,58,279768633,True,,60,-0.15,-0.08180257740986527,0.026999625458162316,-2.7671199339829133,-1.7684477048653502,0.006396755650617035,-0.09994856164896973,0.1234797251552079,-3.1090672294470085,0.00652092293750528,-2.7561661052439157,-2.5514129387065423,14.959390600622672,11.274552371475316,0.2047531665373734,-3.6848382291473563,True,False,0.006737946999085467,0.004991593906910217,0.7408182206817179,0.06284273558602753,0.010720819945101994,0.1705976012203655,-5.051964346739844,-2.7671199339829133,-4.5355676388482635,-1.4684477048653501,2.2328800660170867,-0.5530003745418376,-0.041603244349382965,1.4684477048653501,2.2328800660170867,0.5530003745418376,0.041603244349382965,False,False,ictal_scale,low,high,mid,-0.11347330555488427,0.09525189482570286,0.006576559324014695,0.006615054772635071,0.006737946999085467,1200,500,10,66.25810122489929
-5,-0.3,0.58,0.048,59,1816275258,True,,60,-0.15,-0.1506546084801984,0.018288866340017532,-3.203600697087615,0.5570239374838134,0.005389852521979006,-0.15343177200045033,0.20850187731029574,-4.544670041698895,0.03994107276936974,-3.3968663142104605,-3.589659675894885,13.677990182689582,9.198058897098631,-0.19279336168442462,-4.4799312855909506,False,False,0.006737946999085467,0.004991593906910217,0.7408182206817179,0.04061569555373583,0.07089348358555395,1.745470134612361,-5.223237255849475,-3.203600697087615,-2.6465767596038017,0.8570239374838133,1.796399302912385,-0.5617111336599824,-0.042610147478021,0.8570239374838133,1.796399302912385,0.5617111336599824,0.042610147478021,False,False,ictal_scale,low,high,mid,-0.13673743805449026,0.10182083594922614,0.006577049554942538,0.00657436330333011,0.006737946999085467,1200,500,10,78.68124413490295
-5,-0.3,0.58,0.048,60,171057705,True,,60,-0.15,-0.18341008285851185,0.046932106014967126,-2.2513373413078437,-4.386352889476716,0.0037659357214650515,-0.18037573905879437,0.07429063274136398,-3.0938923750462286,0.010907894832469381,-3.2825545469762423,-1.3935623234707606,13.906613717158018,13.59025360194688,1.8889922235054817,-0.31636011521113794,True,False,0.006737946999085467,0.004991593906910217,0.7408182206817179,0.10525836403533732,0.0013100496643311235,0.012446038624458517,-5.581758917011518,-2.2513373413078437,-6.6376902307845596,-4.086352889476716,2.7486626586921563,-0.5330678939850328,-0.04423406427853495,4.086352889476716,2.7486626586921563,0.5330678939850328,0.04423406427853495,False,False,ictal_scale,low,high,mid,-0.21056025719170238,0.10542346300009697,0.006552687830735635,0.006569418771007091,0.006737946999085467,1200,500,10,67.09779214859009
-5,-0.3,0.58,0.048,61,1474159852,True,,60,-0.15,-0.09902834852650097,-0.15882950784647631,-2.5881224381640844,-1.8952635188844174,0.00617328541920858,-0.12180751279031382,0.0393196508133988,-5.236128004191986,0.06108361324019356,2.327999959969664,3.264407201588598,25.12772273104983,22.9061926520656,0.9364072416189342,-2.2215300789842303,True,False,0.006737946999085467,0.004991593906910217,0.7408182206817179,0.07516102716408149,0.011295103598369488,0.15027872854520113,-5.0875240999296265,-2.5881224381640844,-4.483385957048502,-1.5952635188844173,2.4118775618359156,-0.7388295078464763,-0.04182671458079142,1.5952635188844173,2.4118775618359156,0.7388295078464763,0.04182671458079142,False,False,ictal_scale,low,high,mid,-0.12935799580925766,0.10501672577495838,0.006571166608826219,0.006606517505456975,0.006737946999085467,1200,500,10,74.21771931648254
-5,-0.3,0.58,0.048,62,161685663,True,,60,-0.15,-0.11680167203410396,0.053722467868525275,-2.91214737122879,-0.6085928096744118,0.005780722216999407,-0.11066003536506479,0.3102625923880996,-4.422022895179174,0.04165681157032549,-1.4430240247405326,-1.7837860263829586,17.585674761629438,12.809806196122484,-0.340762001642426,-4.775868565506954,False,False,0.006737946999085467,0.004991593906910217,0.7408182206817179,0.05435887576367667,0.02957753433752327,0.5441160053808062,-5.153226653065622,-2.91214737122879,-3.5207401809032017,-0.30859280967441177,2.08785262877121,-0.5262775321314747,-0.042219277783000594,0.30859280967441177,2.08785262877121,0.5262775321314747,0.042219277783000594,False,False,ictal_scale,low,high,mid,-0.1426223790679767,0.09638457069409813,0.006587269941989512,0.00662050574893616,0.006737946999085467,1200,500,10,72.99980545043945
-5,-0.3,0.58,0.048,63,1483531894,True,,60,-0.15,-0.27213667655636153,0.07787671308294578,-3.2258792128847733,0.5031593086628721,0.011304301828759213,-0.26611171944466633,0.25866943593169633,-3.8279293064743634,0.03411548556443111,-0.46626673029165,-0.691938948035782,19.539189350527202,14.993500352816838,-0.22567221774413204,-4.545688997710364,False,False,0.006737946999085467,0.004991593906910217,0.7408182206817179,0.03972084314222659,0.0656958248496857,1.6539383268993486,-4.482571932898415,-3.2258792128847733,-2.7227199042219015,0.8031593086628721,1.7741207871152267,-0.5021232869170542,-0.036695698171240784,0.8031593086628721,1.7741207871152267,0.5021232869170542,0.036695698171240784,False,False,ictal_scale,low,high,mid,-0.1805494516060186,0.10468221102580821,0.00655603240488802,0.006567744262701753,0.006737946999085467,1200,500,10,66.23124504089355
-5,-0.3,0.58,0.048,64,52974735,True,,60,-0.15,-0.1486781336157462,0.21239999888059322,-3.5339407689160884,2.482080729085325,0.006357396769181211,-0.11616570169618684,0.4379015990093834,-3.045064993109726,0.0049622356178679015,-1.7138836149077172,-1.7721713312588274,17.04395558129507,12.833035586370746,-0.058287716351110186,-4.210919994924323,False,False,0.006737946999085467,0.004991593906910217,0.7408182206817179,0.029189659214578043,0.3492874559326153,11.966136821432038,-5.058136298443369,-3.5339407689160884,-1.0518600398307636,2.7820807290853247,1.4660592310839116,-0.3676000011194067,-0.04164260323081879,2.7820807290853247,1.4660592310839116,0.3676000011194067,0.04164260323081879,False,False,ictal_scale,low,high,mid,-0.14618354331849198,0.1057269651737238,0.006592946137494793,0.006640374811561458,0.006737946999085467,1200,500,10,76.71402430534363
-5,-0.3,0.58,0.048,65,1592242822,True,,60,-0.15,-0.201084575300778,0.24700194256656285,-2.57080026117639,-0.8788587874563871,0.007334320984408225,-0.22524072781678178,0.3789328097286847,-2.90215754229294,0.017467184193676513,7.14172990204365,7.585722841102251,34.7551826151978,31.548823931092905,0.4439929390586004,-3.2063586841048988,True,False,0.006737946999085467,0.004991593906910217,0.7408182206817179,0.07647432149912735,0.031756461941584865,0.4152565373456402,-4.915190443668395,-2.57080026117639,-3.4496590486327774,-0.5788587874563871,2.42919973882361,-0.33299805743343713,-0.040665679015591774,0.5788587874563871,2.42919973882361,0.33299805743343713,0.040665679015591774,False,False,ictal_scale,low,high,mid,-0.16446646644304455,0.10555560066126768,0.0065697176810426,0.006574997827084967,0.006737946999085467,1200,500,10,68.30506777763367
-5,-0.3,0.58,0.048,66,990637842,True,,60,-0.15,-0.16311541777184418,-0.11795816058263914,-2.962109077490348,0.5692791603798287,0.00630272137770147,-0.16159768923735984,-0.28903781980766946,-5.095980325589685,0.05724105936312831,2.705070146485273,2.5330814720878583,25.88186310408105,21.443541193064117,-0.1719886743974146,-4.438321911016931,False,False,0.006737946999085467,0.004991593906910217,0.7408182206817179,0.05170974223061849,0.09137074602640329,1.7669928737780598,-5.06677377414003,-2.962109077490348,-2.392829917110519,0.8692791603798287,2.037890922509652,-0.697958160582639,-0.04169727862229853,0.8692791603798287,2.037890922509652,0.697958160582639,0.04169727862229853,False,False,ictal_scale,low,high,mid,-0.12827639391038456,0.09549081950234813,0.006575567776485999,0.00660121643218386,0.006737946999085467,1200,500,10,67.51442241668701
-5,-0.3,0.58,0.048,67,1601614864,True,,60,-0.15,-0.2116277834637026,-0.12803261525322407,-2.9235077578012145,-0.4834214218765972,0.005406454312194311,-0.2091908565064743,-0.2632235650971351,-3.629107342492674,0.024535567067424525,-3.200612876149056,-3.909274031320538,14.070497058812391,8.558830186247325,-0.7086611551714821,-5.5116668725650655,False,False,0.006737946999085467,0.004991593906910217,0.7408182206817179,0.05374483241023191,0.03314281991328552,0.6166698904242152,-5.220161796147208,-2.9235077578012145,-3.4069291796778116,-0.1834214218765972,2.0764922421987855,-0.708032615253224,-0.04259354568780569,0.1834214218765972,2.0764922421987855,0.708032615253224,0.04259354568780569,False,False,ictal_scale,low,high,mid,-0.17597345289508068,0.08678471319518538,0.006596617601568675,0.006612812154434594,0.006737946999085467,1200,500,10,83.98071265220642
-5,-0.3,0.58,0.048,68,1099348770,True,,60,-0.15,-0.12973245263803132,-0.14418268451020635,-2.9815424512870963,-1.252724915565762,0.004754649571683784,-0.1366596052101301,-0.2379162213129763,-11.240455399487642,0.048867463463640376,-5.985277862915317,-5.342844115688419,8.501167085279869,5.691690017511563,0.6424337472268977,-2.809477067768306,True,False,0.006737946999085467,0.004991593906910217,0.7408182206817179,0.05071454878391132,0.014490422473652754,0.2857251581867508,-5.348632282507301,-2.9815424512870963,-4.234267366852858,-0.952724915565762,2.0184575487129037,-0.7241826845102063,-0.04324535042831622,0.952724915565762,2.0184575487129037,0.7241826845102063,0.04324535042831622,False,False,ictal_scale,low,high,mid,-0.13549265218632037,0.10338252879143586,0.006583326548774524,0.006611679602321401,0.006737946999085467,1200,500,10,67.36778807640076
-5,-0.3,0.58,0.048,69,1710325792,True,,60,-0.15,-0.16062544421605446,0.1928901453780756,-2.986614711717306,-1.028033926150622,0.003702085173677946,-0.16669424933472027,0.343589726397949,-3.8039579091702236,0.02324759572660054,-6.122202776313302,-5.820674784708843,8.227317258483898,4.736028679470715,0.3015279916044591,-3.491288579013183,True,False,0.006737946999085467,0.004991593906910217,0.7408182206817179,0.05045796267078968,0.018049295275610118,0.35770955306641666,-5.5988590576190145,-2.986614711717306,-4.014648637867928,-0.7280339261506219,2.013385288282694,-0.3871098546219244,-0.04429791482632205,0.7280339261506219,2.013385288282694,0.3871098546219244,0.04429791482632205,False,False,ictal_scale,low,high,mid,-0.15623912330294856,0.09693895055383177,0.006574743985757981,0.006577015836149704,0.006737946999085467,1200,500,10,64.4565498828888
-5,-0.3,0.58,0.048,70,1208059698,True,,60,-0.15,-0.11454407644631989,0.15062147837992854,-3.2135947564057834,0.11503849227693108,0.004093487310267574,-0.12689082253412476,0.17817988043646632,-3.2198508694706076,0.004507894507973036,-7.348889457596426,-7.238360571775099,5.77394389591765,1.9006571053382029,0.11052888582132692,-3.8732867905794475,True,False,0.006737946999085467,0.004991593906910217,0.7408182206817179,0.04021180151539209,0.04511428851529899,1.1219166218661045,-5.498358029123854,-3.2135947564057834,-3.0985562641288524,0.41503849227693107,1.7864052435942166,-0.4293785216200714,-0.043906512689732426,0.41503849227693107,1.7864052435942166,0.4293785216200714,0.043906512689732426,False,False,ictal_scale,low,high,mid,-0.11754355725170453,0.12284400732194153,0.006545367260988935,0.00657182917563358,0.006737946999085467,1200,500,10,69.82119631767273
-5,-0.3,0.58,0.048,71,427785817,True,,60,-0.15,-0.10685731323257894,-0.20414711189658105,-3.4871729510068223,2.092955798192556,0.005150885780808832,-0.10981664149979631,-0.2867739654934964,-5.310465278309312,0.04569284132572096,-5.688202227182397,-4.464698684953294,9.09531835674571,7.447980878981813,1.2235035422291025,-1.6473374777638963,True,False,0.006737946999085467,0.004991593906910217,0.7408182206817179,0.030587221630746265,0.24802712772430457,8.108847894670753,-5.268586582822596,-3.4871729510068223,-1.3942171528142664,2.3929557981925558,1.5128270489931777,-0.784147111896581,-0.04284911421919117,2.3929557981925558,1.5128270489931777,0.784147111896581,0.04284911421919117,False,False,ictal_scale,low,high,mid,-0.1310036444453733,0.08441704108526073,0.00660725054548058,0.006632893954983453,0.006737946999085467,1200,500,10,83.04481911659241
-5,-0.3,0.58,0.048,72,1217431740,True,,60,-0.15,-0.15348874318318226,-0.14105496107919213,-2.856901687771092,-0.03804050086512092,0.004820282615115689,-0.15359614216048828,0.06862182882440492,-7.138537459746601,0.059099515042305394,0.9719344330874826,1.008006983564537,22.41559167728547,18.393392216017475,0.03607255047705449,-4.022199461267995,True,False,0.006737946999085467,0.004991593906910217,0.7408182206817179,0.05744647192667633,0.055302222099158894,0.9626739509737984,-5.334922718797095,-2.856901687771092,-2.894942188636213,0.2619594991348791,2.143098312228908,-0.7210549610791921,-0.04317971738488431,0.2619594991348791,2.143098312228908,0.7210549610791921,0.04317971738488431,False,False,ictal_scale,low,high,mid,-0.14188514493643847,0.07812204118023511,0.006610478224277764,0.006630791768658188,0.006737946999085467,1200,500,10,72.14383888244629
-5,-0.3,0.58,0.048,73,1432318001,True,,60,-0.15,-0.114672840210003,-0.024894160684876664,-2.268405016738873,-3.6308402161126616,0.006450864021530254,-0.12269620910851797,-0.30863583283464147,-5.558171033054979,0.055815922478083785,-0.7889259026761718,1.1824700248030962,18.89387100575816,18.742318298494595,1.9713959274792678,-0.15155270726356562,True,False,0.006737946999085467,0.004991593906910217,0.7408182206817179,0.1034770927625238,0.0027415132422134495,0.026493914440610757,-5.043541200319474,-2.268405016738873,-5.899245232851534,-3.330840216112662,2.731594983261127,-0.6048941606848767,-0.04154913597846975,3.330840216112662,2.731594983261127,0.6048941606848767,0.04154913597846975,False,False,ictal_scale,low,high,mid,-0.12537397246827087,0.10169633980564526,0.006569740311861146,0.006584508592549778,0.006737946999085467,1200,500,10,69.16994428634644
-5,-0.3,0.58,0.048,74,1326142668,True,,60,-0.15,-0.12431286282339915,0.1012481875790391,-3.4612445379781622,1.6563110616619725,0.0035951265265148453,-0.1525175615653627,0.23356133906357626,-3.151233099421737,0.006584135086341225,-7.252060354360216,-5.939941037930467,5.967602102390071,4.497496173027468,1.312119316429749,-1.470105929362603,True,False,0.006737946999085467,0.004991593906910217,0.7408182206817179,0.03139067081617973,0.16448539838783985,5.239945312129454,-5.628176093292204,-3.4612445379781622,-1.8049334763161897,1.9563110616619726,1.5387554620218378,-0.4787518124209609,-0.04440487347348516,1.9563110616619726,1.5387554620218378,0.4787518124209609,0.04440487347348516,False,False,ictal_scale,low,high,mid,-0.13511594137690783,0.08776981432770706,0.006601408472863281,0.006615644105733169,0.006737946999085467,1200,500,10,82.17972373962402
-5,-0.3,0.58,0.048,75,1422945959,True,,60,-0.15,-0.18829227305248025,0.21007389421181788,-3.104277090726491,0.902737835556245,0.005088647493365004,-0.19413862293388123,0.41899772905695737,-2.965450145783172,0.006006676668172543,-0.6530819208979056,0.7734379217688091,19.16555896931469,17.92425409242602,1.4265198426667147,-1.2413048768886732,True,False,0.006737946999085467,0.004991593906910217,0.7408182206817179,0.044856934334834626,0.11063273522394222,2.4663463267044534,-5.280743202124967,-3.104277090726491,-2.201539255170246,1.202737835556245,1.895722909273509,-0.3699261057881821,-0.042911352506635,1.202737835556245,1.895722909273509,0.3699261057881821,0.042911352506635,False,False,ictal_scale,low,high,mid,-0.1639022572900382,0.09628550481172748,0.006589681405597372,0.006617301290922703,0.006737946999085467,1200,500,10,73.10323119163513
-5,-0.3,0.58,0.048,76,1335514710,True,,60,-0.15,-0.16716481781843223,0.018724264238865217,-2.460674983971457,-3.1444009287632633,0.007076551521580567,-0.16187186702549283,0.3299167137522828,-3.954145513330852,0.03750668968460476,-0.020459971875157846,0.049848303130686646,20.43080286736019,16.477074855149773,0.0703082750058445,-3.9537280122104157,True,False,0.006737946999085467,0.004991593906910217,0.7408182206817179,0.08537730320266336,0.003679141239980157,0.04309273193189107,-4.950968563158287,-2.460674983971457,-5.60507591273472,-2.8444009287632634,2.539325016028543,-0.5612757357611348,-0.04092344847841943,2.8444009287632634,2.539325016028543,0.5612757357611348,0.04092344847841943,False,False,ictal_scale,low,high,mid,-0.1430536752158515,0.09846622125273881,0.00657948119161891,0.006587983413898524,0.006737946999085467,1200,500,10,68.60334300994873
-5,-0.3,0.58,0.048,77,1314235031,True,,60,-0.15,-0.17763338409648569,0.14353727034985114,-3.1619287845462516,-0.002490982538095564,0.005470613217596504,-0.1846079790018774,0.36401390405854583,-3.993862598796329,0.029695012475698036,-5.73584090098384,-5.911243270981077,9.000041009142823,4.554891706926247,-0.17540236999723735,-4.445149302216576,False,False,0.006737946999085467,0.004991593906910217,0.7408182206817179,0.04234398983236837,0.042238642956190196,0.9975121173844218,-5.208364563238099,-3.1619287845462516,-3.1644197670843472,0.29750901746190445,1.8380712154537484,-0.4364627296501488,-0.0425293867824035,0.29750901746190445,1.8380712154537484,0.4364627296501488,0.0425293867824035,False,False,ictal_scale,low,high,mid,-0.1790854973250797,0.07944521559871069,0.006613276243589195,0.006650622490890294,0.006737946999085467,1200,500,10,70.70747113227844
-5,-0.3,0.58,0.048,78,1444225638,True,,60,-0.15,-0.13463352640715198,0.06806412819224819,-2.87474729035344,-0.8288291022576402,0.0064619303845946,-0.13033203901282767,0.2932911347167076,-4.222742455092159,0.038993245336989085,-1.858878692281537,-2.2225385388614765,16.753965426547428,11.932301171165449,-0.36365984657993944,-4.821664255381979,False,False,0.006737946999085467,0.004991593906910217,0.7408182206817179,0.05643039820803179,0.02463526335879903,0.43656015447526425,-5.041827184681098,-2.87474729035344,-3.7035763926110805,-0.5288291022576401,2.12525270964656,-0.5119358718077518,-0.041538069615405404,0.5288291022576401,2.12525270964656,0.5119358718077518,0.041538069615405404,False,False,ictal_scale,low,high,mid,-0.1602940394172233,0.08885780729461885,0.006600156341154281,0.006609360875634717,0.006737946999085467,1200,500,10,67.96900033950806
-5,-0.3,0.58,0.048,79,842620658,True,,60,-0.15,-0.251056392336281,-0.019841431611620435,-3.0224865624145467,0.34495237165475434,0.005611895427228022,-0.24788569355109935,0.027070710575592766,-2.9304073523143437,0.0009683306681981254,-0.6939712132614672,0.11104585043315689,19.08378038458757,16.599469949754717,0.805017063694624,-2.484310434832853,True,False,0.006737946999085467,0.004991593906910217,0.7408182206817179,0.04868002183046638,0.06873242642412522,1.4119226705257772,-5.182866750695287,-3.0224865624145467,-2.6775341907597925,0.6449523716547543,1.9775134375854533,-0.5998414316116204,-0.04238810457277198,0.6449523716547543,1.9775134375854533,0.5998414316116204,0.04238810457277198,False,False,ictal_scale,low,high,mid,-0.1723997028723389,0.0967236258184241,0.006574104419653703,0.006565287737875274,0.006737946999085467,1200,500,10,65.16661667823792
-5,-0.3,0.58,0.048,80,1807129083,True,,60,-0.15,-0.07186294206252412,-0.022160174393844254,-2.713562070404288,-4.803771968279004,0.00551700734518111,-0.06465104251406643,0.4002626140261825,-3.08047138445949,0.004245602599934008,-10.705539671787799,-2.8266754546721637,-0.9393565324650943,10.724027339544074,7.878864217115635,11.663383872009168,True,True,0.006737946999085467,0.004991593906910217,0.7408182206817179,0.06630021954525742,0.000543579798570746,0.008198763176035805,-5.199919713320406,-2.713562070404288,-7.517334038683292,-4.503771968279004,2.286437929595712,-0.6021601743938442,-0.04248299265481889,4.503771968279004,2.286437929595712,0.6021601743938442,0.04248299265481889,False,False,ictal_scale,low,high,mid,-0.13326478021852275,0.08710634778915385,0.00660906793691295,0.006650795686871994,0.006737946999085467,1200,500,10,77.86747121810913
-5,-0.3,0.58,0.048,81,1196152061,True,,60,-0.15,-0.09362262181743958,-0.07468960246952708,-2.4974686087076616,-3.305872119237887,0.008536878282683,-0.1033635745881798,-0.02482357072267983,-2.865661832838475,6.667168406985762e-05,-1.8689743830139194,2.330811474117744,16.733774045082665,21.039001197123888,4.199785857131664,4.305227152041223,True,True,0.006737946999085467,0.004991593906910217,0.7408182206817179,0.08229305109465435,0.0030174573842903702,0.03666721970023518,-4.763359878677373,-2.4974686087076616,-5.803340727945549,-3.005872119237887,2.5025313912923384,-0.654689602469527,-0.039463121717317,3.005872119237887,2.5025313912923384,0.654689602469527,0.039463121717317,False,False,ictal_scale,low,high,mid,-0.13575617174137009,0.09192139917299708,0.006592299336336937,0.0066059204310914285,0.006737946999085467,1200,500,10,66.46247029304504
-5,-0.3,0.58,0.048,82,1698418155,True,,60,-0.15,-0.09009345717695734,0.2398168910277519,-3.1339320632650116,-0.1642009664172372,0.005205388573320794,-0.08158655288106215,0.4542272068684796,-3.239529721385117,0.004591771873260707,-6.226291942952002,-4.510946118447475,8.0191389252065,7.355486011993452,1.715345824504527,-0.6636529132130473,True,False,0.006737946999085467,0.004991593906910217,0.7408182206817179,0.04354623362870514,0.03695209149960566,0.8485714703750473,-5.258060925845605,-3.1339320632650116,-3.2981330296822486,0.1357990335827628,1.8660679367349884,-0.34018310897224807,-0.04279461142667921,0.1357990335827628,1.8660679367349884,0.34018310897224807,0.04279461142667921,False,False,ictal_scale,low,high,mid,-0.14385281247204562,0.0857510582373075,0.006612561333669642,0.006642004329423332,0.006737946999085467,1200,500,10,66.02088236808777
-5,-0.3,0.58,0.048,83,960703628,True,,60,-0.15,-0.16345280876816823,-0.24710266023045274,-3.2078093971337873,-1.7075916938313194,0.004081754968383057,-0.17088116533178693,-0.3055051895447402,-6.219423735550041,0.036277163593120235,-13.729534882144616,-12.288240109960535,-6.987346953178729,-8.199101971032668,1.4412947721840812,-1.211755017853939,True,False,0.006737946999085467,0.004991593906910217,0.7408182206817179,0.040445115485945635,0.007332776192228509,0.18130189774774144,-5.501228243739887,-3.2078093971337873,-4.915401090965107,-1.4075916938313193,1.7921906028662127,-0.8271026602304528,-0.04391824503161695,1.4075916938313193,1.7921906028662127,0.8271026602304528,0.04391824503161695,False,False,ictal_scale,low,high,mid,-0.18686311378404746,0.08500134400855884,0.006588754329582852,0.006607044084672559,0.006737946999085467,1200,500,10,95.53347587585449
-5,-0.3,0.58,0.048,84,1689046113,True,,60,-0.15,-0.18920136523720643,0.25506554767196943,-2.860016882731723,-0.5797553058337204,0.007161371455115045,-0.1611064368030075,0.4197998322763319,-3.2174634149818733,0.013702848834247638,0.8869019979695316,1.2037024128642444,22.245526807049565,18.78478307461689,0.3168004148947128,-3.4607437324326753,True,False,0.006737946999085467,0.004991593906910217,0.7408182206817179,0.057267793420513184,0.03207199086193441,0.5600353871928005,-4.939053772341313,-2.860016882731723,-3.4397721885654438,-0.2797553058337204,2.139983117268277,-0.32493445232803053,-0.04083862854488496,0.2797553058337204,2.139983117268277,0.32493445232803053,0.04083862854488496,False,False,ictal_scale,low,high,mid,-0.13763653786247693,0.09782221448091721,0.006581419232892928,0.00662184305235252,0.006737946999085467,1200,500,10,72.77325749397278
-5,-0.3,0.58,0.048,85,2103655091,True,,60,-0.15,-0.19329573410783388,0.29104087699305403,-2.81970745462192,-1.956424533277965,0.006806328604494226,-0.2075660930267534,0.392265168610294,-3.238823251489573,0.006279007518525328,-4.736520506190197,-3.6142200635524446,10.998681798730109,9.148938121783512,1.1223004426377523,-1.8497436769465967,True,False,0.006737946999085467,0.004991593906910217,0.7408182206817179,0.059623382702855394,0.008428537682593116,0.1413629569559707,-4.989902422480016,-2.81970745462192,-4.776131987899885,-1.656424533277965,2.18029254537808,-0.28895912300694593,-0.041193671395505775,1.656424533277965,2.18029254537808,0.28895912300694593,0.041193671395505775,False,False,ictal_scale,low,high,mid,-0.17061877867900385,0.10794082356843965,0.006563813808208735,0.00658997067400331,0.006737946999085467,1200,500,10,88.55416679382324
-5,-0.3,0.58,0.048,86,1580335185,True,,60,-0.15,-0.19057886607225655,0.11879342998022899,-3.1654237773951848,1.4364839302733736,0.0065414282946669195,-0.20372630565218816,0.14989412127450427,-2.81408259085659,0.003149259074886576,2.279413295958123,3.219035594921441,25.030549403026747,22.815449438731285,0.9396222989633181,-2.2150999642954616,True,False,0.006737946999085467,0.004991593906910217,0.7408182206817179,0.0421962562050746,0.17747245820969407,4.205881615354087,-5.029599743677501,-3.1654237773951848,-1.7289398471218111,1.7364839302733737,1.8345762226048152,-0.46120657001977095,-0.04145857170533308,1.7364839302733737,1.8345762226048152,0.46120657001977095,0.04145857170533308,False,False,ictal_scale,low,high,mid,-0.17316572436747144,0.09582085720227883,0.006591974881124239,0.006635609116494783,0.006737946999085467,1200,500,10,69.49120259284973
-5,-0.3,0.58,0.048,87,34456518,True,,60,-0.15,-0.11401132808840657,-0.19994265592441218,-3.435287657270773,0.7229439511668764,0.004478734722049764,-0.1260490013101167,-0.4832348775758596,-5.810713238578682,0.04203581152039132,-10.648355705506964,-10.401683574352031,-0.8249885999034241,-4.4259888998156605,0.24667213115493247,-3.6010002999122364,True,False,0.006737946999085467,0.004991593906910217,0.7408182206817179,0.03221614169150538,0.06638104659425659,2.0604902731651347,-5.408414700559466,-3.435287657270773,-2.712343706103897,1.0229439511668763,1.5647123427292269,-0.7799426559244121,-0.043521265277950236,1.0229439511668763,1.5647123427292269,0.7799426559244121,0.043521265277950236,False,False,ictal_scale,low,high,mid,-0.11750713792078468,0.10973539111982435,0.006560148137214983,0.006573342798761933,0.006737946999085467,1200,500,10,73.61570262908936
-5,-0.3,0.58,0.048,88,1570963143,True,,60,-0.15,-0.14433874291747717,-0.011752882765272752,-3.174990029764944,0.8555908967839781,0.004192192604835831,-0.14662273188868724,-0.23352612052493313,-5.461551564856151,0.048572806223906605,-2.738900283124177,-3.0853880177680097,14.993922244862148,10.206602213352383,-0.34648773464383265,-4.787320031509765,False,False,0.006737946999085467,0.004991593906910217,0.7408182206817179,0.04179452078403888,0.09833265270475254,2.3527642107169537,-5.474531387208798,-3.174990029764944,-2.319399132980966,1.155590896783978,1.825009970235056,-0.5917528827652727,-0.04380780739516417,1.155590896783978,1.825009970235056,0.5917528827652727,0.04380780739516417,False,False,ictal_scale,low,high,mid,-0.1300489558570281,0.08534356879102133,0.0066059748143881825,0.0066215966863118775,0.006737946999085467,1200,500,10,67.25846552848816
-5,-0.3,0.58,0.048,89,74254414,True,,60,-0.15,-0.16282902004159772,0.10197533585081603,-3.1367589352354766,-0.6103314282492012,0.0033289468325566223,-0.15929161050406904,0.3506744449884374,-4.363355350299157,0.027520035278504818,-10.19501918176437,-10.846734050547397,0.08168444758176463,-5.316089852206392,-0.6517148687830279,-5.397774299788157,False,False,0.006737946999085467,0.004991593906910217,0.7408182206817179,0.04342330783104719,0.02358627359516968,0.5431708170860663,-5.705099291512094,-3.1367589352354766,-3.747090363484678,-0.3103314282492012,1.8632410647645234,-0.47802466414918393,-0.04467105316744338,0.3103314282492012,1.8632410647645234,0.47802466414918393,0.04467105316744338,False,False,ictal_scale,low,high,mid,-0.13630841394851545,0.09029421895164472,0.0065975302983269325,0.006628341176477361,0.006737946999085467,1200,500,10,62.6765615940094
-5,-0.3,0.58,0.048,90,1462252215,True,,60,-0.15,-0.15901949005111868,0.08022173779828627,-3.5090669662866736,1.9106104620947313,0.005999564787644771,-0.1481762884087311,-0.023268426834003222,-5.780354424422885,0.04754270480763084,-4.551632449536,-4.291341121422908,11.368457912038503,7.794696006042585,0.26029132811309186,-3.5737619059959176,True,False,0.006737946999085467,0.004991593906910217,0.7408182206817179,0.02992482228347665,0.20220838504466832,6.757212561837672,-5.116068347777439,-3.5090669662866736,-1.5984565041919423,2.2106104620947313,1.4909330337133264,-0.4997782622017137,-0.04200043521235523,2.2106104620947313,1.4909330337133264,0.4997782622017137,0.04200043521235523,False,False,ictal_scale,low,high,mid,-0.16091680281218895,0.09873349616042508,0.006576480165892508,0.006606633262039162,0.006737946999085467,1200,500,10,70.60447287559509
-5,-0.3,0.58,0.048,91,2063857195,True,,60,-0.15,-0.17927516977726635,0.14379615271674118,-2.8669272226723965,-1.2094034752039895,0.0067165735780489845,-0.18124517796949954,0.41068226270227876,-3.5773810264340993,0.03192136897139252,0.35626232886522635,1.4590424535776214,21.184247468840955,19.295463156043645,1.1027801247123952,-1.8887843127973092,True,False,0.006737946999085467,0.004991593906910217,0.7408182206817179,0.056873417704832445,0.016969618210852466,0.2983752145672545,-5.003177138701142,-2.8669272226723965,-4.0763306978763865,-0.9094034752039895,2.1330727773276035,-0.4362038472832588,-0.041283426421951014,0.9094034752039895,2.1330727773276035,0.4362038472832588,0.041283426421951014,False,False,ictal_scale,low,high,mid,-0.1256204393800959,0.10409442356559065,0.006565823691689691,0.006596194342808448,0.006737946999085467,1200,500,10,79.31252884864807
-5,-0.3,0.58,0.048,92,1728844009,True,,60,-0.15,-0.11373447391072825,0.05769726544369706,-2.798823588868212,-1.6849988668787297,0.0076207152430623724,-0.11309249084555226,0.30181886690251525,-2.932906199974053,0.007088183668061136,-0.6436523464230213,0.29827041089849865,19.18441811826446,16.973919070685398,0.9419227573215199,-2.210499047579063,True,False,0.006737946999085467,0.004991593906910217,0.7408182206817179,0.06088164235515536,0.01129017437622785,0.18544464208712025,-4.8768850497695775,-2.798823588868212,-4.4838224557469415,-1.3849988668787296,2.201176411131788,-0.5223027345563029,-0.040379284756937625,1.3849988668787296,2.201176411131788,0.5223027345563029,0.040379284756937625,False,False,ictal_scale,low,high,mid,-0.13006059985936724,0.10702368565773891,0.006560926774092201,0.006548924905686398,0.006737946999085467,1200,500,10,75.42689561843872
-5,-0.3,0.58,0.048,93,1955146267,True,,60,-0.15,-0.22057539688139022,0.19351193115520207,-2.983661839563357,0.7414403446998352,0.007388150581114122,-0.26017855702522696,0.3990413151025615,-2.977150763329647,0.01462702445970519,3.75856155875485,4.82564118389285,27.988845928620204,26.028660616674102,1.0670796251380001,-1.960185311946102,True,False,0.006737946999085467,0.004991593906910217,0.7408182206817179,0.0506071787833335,0.10622226985264202,2.0989565592544808,-4.907877835001995,-2.983661839563357,-2.242221494863522,1.0414403446998353,2.016338160436643,-0.3864880688447979,-0.040611849418885876,1.0414403446998353,2.016338160436643,0.3864880688447979,0.040611849418885876,False,False,ictal_scale,low,high,mid,-0.19517549601378553,0.08976540699646937,0.0065885469640844475,0.006612894224767469,0.006737946999085467,1200,500,10,66.6736216545105
-5,-0.3,0.58,0.048,94,1837554937,True,,60,-0.15,-0.16157156646200618,-0.19810004883892304,-2.7702861654058704,-0.6236294215985887,0.005030521004385485,-0.14474341834365556,-0.19197225025658304,-2.7748419305278027,0.0011952295586033894,0.8844737013831857,2.729366015317504,22.240670213876875,21.83611027952341,1.8448923139343183,-0.4045599343534647,True,False,0.006737946999085467,0.004991593906910217,0.7408182206817179,0.06264407560960457,0.03357694571313432,0.5359955492421109,-5.292231720833772,-2.7702861654058704,-3.393915587004459,-0.3236294215985887,2.2297138345941296,-0.778100048838923,-0.04296947899561451,0.3236294215985887,2.2297138345941296,0.778100048838923,0.04296947899561451,False,False,ictal_scale,low,high,mid,-0.14651036796911024,0.07671235482685901,0.006609339732092773,0.006625134135647869,0.006737946999085467,1200,500,10,76.09626388549805
-5,-0.3,0.58,0.048,95,301048312,True,,60,-0.15,-0.16231800875253552,0.2578873423830544,-3.0504044592416273,0.510527530379323,0.007330517458962374,-0.16227874865600656,0.4440576521517187,-3.3857723837266835,0.02550962462406667,1.172670853883924,0.7857367431961925,22.81706451887835,17.948851735280787,-0.3869341106877314,-4.8682127835975635,False,False,0.006737946999085467,0.004991593906910217,0.7408182206817179,0.04733977350963397,0.0788761065655228,1.666169918397919,-4.915709170900997,-3.0504044592416273,-2.5398769288623044,0.8105275303793229,1.9495955407583727,-0.3221126576169456,-0.040669482541037624,0.8105275303793229,1.9495955407583727,0.3221126576169456,0.040669482541037624,False,False,ictal_scale,low,high,mid,-0.13868403872572097,0.08024879356939393,0.006614104631908567,0.006628379181689975,0.006737946999085467,1200,500,10,76.76364421844482
-5,-0.3,0.58,0.048,96,1846926979,True,,60,-0.15,-0.19254959724427004,0.09682951422768368,-2.991850961342232,-1.8445803107231795,0.003694043825961055,-0.1776862935751065,0.36487374729516814,-4.350140916000009,0.029136635603262965,-10.267139729462313,-9.601111545219918,-0.06255664781412307,-2.8248448415514353,0.6660281842423945,-2.7622881937373123,True,False,0.006737946999085467,0.004991593906910217,0.7408182206817179,0.05019444271292621,0.007935322587622856,0.1580916563414565,-5.601033533182057,-2.991850961342232,-4.836431272065411,-1.5445803107231795,2.008149038657768,-0.48317048577231625,-0.044305956174038943,1.5445803107231795,2.008149038657768,0.48317048577231625,0.044305956174038943,False,False,ictal_scale,low,high,mid,-0.21601602687401603,0.10381071932884013,0.006540062447067564,0.006559195201210935,0.006737946999085467,1200,500,10,70.13002061843872
-5,-0.3,0.58,0.048,97,1837063297,True,,60,-0.15,-0.18013360049232313,-0.012909561528710829,-3.864069327030365,3.2128935904011153,0.005434525773156645,-0.1539449292511239,0.11377784155550816,-3.039858088673643,0.0017852303192306426,-11.906828489030222,-10.068980292029906,-3.3419341669499403,-3.76058233517141,1.8378481970003158,-0.4186481682214698,True,False,0.006737946999085467,0.004991593906910217,0.7408182206817179,0.0209824411436859,0.5214323491044801,24.850890586741432,-5.214983016464845,-3.864069327030365,-0.6511757366292499,3.512893590401115,1.1359306729696348,-0.5929095615287108,-0.042565474226843356,3.512893590401115,1.1359306729696348,0.5929095615287108,0.042565474226843356,False,False,ictal_scale,low,high,mid,-0.1746503188293271,0.09355653435721592,0.006581590383762086,0.0065971104263548505,0.006737946999085467,1200,500,10,75.83744549751282
-5,-0.3,0.58,0.048,98,1955637907,True,,60,-0.15,-0.14136066542574477,-0.08958409040723016,-2.30064180453405,-2.9537970718101665,0.005923460675022347,-0.1663610997873008,0.10361332050779341,-3.010745511548042,0.01438789413248419,2.271520907195982,4.079510534102742,25.014764625502465,24.536399317093885,1.8079896269067595,-0.4783653084085806,True,False,0.006737946999085467,0.004991593906910217,0.7408182206817179,0.10019451778687054,0.005224276935047829,0.05214134515982889,-5.128834427399238,-2.30064180453405,-5.254438876344217,-2.6537970718101667,2.69935819546595,-0.6695840904072301,-0.04207653932497765,2.6537970718101667,2.69935819546595,0.6695840904072301,0.04207653932497765,False,False,ictal_scale,low,high,mid,-0.15065294028521745,0.08392150698237313,0.0066007538519863435,0.006611546374370598,0.006737946999085467,1200,500,10,62.80850410461426
-5,-0.3,0.58,0.048,99,694111834,True,,60,-0.15,-0.09347851714400769,-0.11441048008483648,-2.631719684849203,-1.8274489935097482,0.004348663663964931,-0.09886614887225798,-0.7281059920419325,-12.958550680557321,0.0560034200130834,-1.8091696307357616,-1.1691380670408933,16.85338354963898,14.039102114806616,0.6400315636948684,-2.814281434832365,True,False,0.006737946999085467,0.004991593906910217,0.7408182206817179,0.07195461651762629,0.011571979326748054,0.1608233062282159,-5.437886684764486,-2.631719684849203,-4.459168678358951,-1.5274489935097482,2.368280315150797,-0.6944104800848364,-0.043651336336035074,1.5274489935097482,2.368280315150797,0.6944104800848364,0.043651336336035074,False,False,ictal_scale,low,high,mid,-0.12103218634503811,0.09972737609587953,0.006580756073208189,0.006619515789895291,0.006737946999085467,1200,500,10,61.60547161102295
-5,1.45,0.58,0.048,0,1301527041,True,,60,-0.15,-0.14158759425645817,-0.03011822504655639,-2.9072173821028287,-0.4060588630510821,0.0064240112588664225,-0.1491564380803322,0.13527526758771824,-4.2143439080545075,0.0449722839969852,0.6870489693028304,0.8225889794366857,21.845820749716164,18.022556207761774,0.1355400101338553,-3.8232645419543907,True,False,0.006737946999085467,0.028724639654239433,4.263114515168817,0.05462752610760418,0.03639673358092109,0.6662709475297773,-5.04771254971368,-2.9072173821028287,-3.3132762451539106,-1.8560588630510821,2.0927826178971713,-0.6101182250465563,-0.04157598874113358,1.8560588630510821,2.0927826178971713,0.6101182250465563,0.04157598874113358,True,True,strong,low,high,mid,-0.1531080020563751,0.09937562011400862,0.0075974627451587855,0.00745335062842309,0.009439804649638173,1200,500,10,75.59276604652405
-5,1.45,0.58,0.048,1,1348222700,True,,60,-0.15,-0.07195053267764576,0.005733564409633498,-2.905071192110147,0.23294032446101984,0.005831239261705011,-0.0769070148917051,-0.04333268117387786,-5.023541768071122,0.05749990105776137,2.8345775298656135,2.682908349682273,26.14087787084173,21.74319494825295,-0.1516691801833403,-4.397682922588782,False,False,0.006737946999085467,0.028724639654239433,4.263114515168817,0.054744893058298175,0.06910481509441085,1.2623061482798168,-5.144525734878567,-2.905071192110147,-2.672130867649127,-1.2170596755389802,2.094928807889853,-0.5742664355903665,-0.04216876073829499,1.2170596755389802,2.094928807889853,0.5742664355903665,0.04216876073829499,True,True,strong,low,high,mid,-0.10794880928791478,0.12029189083096102,0.007828277506605369,0.007605333833391575,0.011126414686092037,1200,500,10,67.13045072555542
-5,1.45,0.58,0.048,2,737245678,True,,60,-0.15,-0.12671053435796076,0.3659749150970456,-3.119514188034519,1.0602488048620544,0.005374959404121724,-0.09647559905074245,0.43903470955751384,-2.9295877564110633,0.008674683256049523,0.9601271523329142,1.5504642131285404,22.39197711577633,19.478306675145483,0.5903370607956262,-2.913670440630849,True,False,0.006737946999085467,0.028724639654239433,4.263114515168817,0.0441786257121556,0.12754763412528933,2.8870892217499424,-5.226004257718472,-3.119514188034519,-2.0592653831724648,-0.38975119513794554,1.8804858119654808,-0.21402508490295435,-0.04262504059587828,0.38975119513794554,1.8804858119654808,0.21402508490295435,0.04262504059587828,True,True,strong,low,high,mid,-0.13637007159674566,0.09510063206772691,0.00754101348168915,0.007406825727162397,0.010017216660828625,1200,500,10,58.83829665184021
-5,1.45,0.58,0.048,3,1239511772,True,,60,-0.15,-0.05640544985396052,-0.06052245052520032,-2.766033163055787,-2.4911589932539258,0.0047976830558880135,-0.06900844348222375,0.2530229225693429,-4.331570613878958,0.03550977419836273,-7.316324830078784,-6.467073864409487,5.8390731509529346,3.4432305200694273,0.849250965669297,-2.3958426308835072,True,False,0.006737946999085467,0.028724639654239433,4.263114515168817,0.06291106836835864,0.005209912821315632,0.08281393014676537,-5.339622174293838,-2.766033163055787,-5.257192156309713,-3.941158993253926,2.233966836944213,-0.6405224505252003,-0.04320231694411199,3.941158993253926,2.233966836944213,0.6405224505252003,0.04320231694411199,True,True,strong,low,high,mid,-0.0990533292626357,0.10830678011977429,0.007852393044272769,0.007788116011255307,0.009554320790261207,1200,500,10,89.30463933944702
-5,1.45,0.58,0.048,4,1419610011,True,,60,-0.15,-0.1225951647907764,0.13976448575719636,-2.689028387449343,-0.5138791565505713,0.006201379960345337,-0.11250526546937767,0.3738163000272276,-3.526191024039573,0.0353936629404438,4.217582642210838,3.9819877326900075,28.906888095532178,24.341353714268415,-0.23559490952083006,-4.565534381263763,False,False,0.006737946999085467,0.028724639654239433,4.263114515168817,0.06794692539563885,0.04064385820790578,0.5981706747030306,-5.082983437447817,-2.689028387449343,-3.202907543999914,-1.963879156550571,2.310971612550657,-0.4402355142428036,-0.04179862003965466,1.963879156550571,2.310971612550657,0.4402355142428036,0.04179862003965466,True,True,strong,low,high,mid,-0.16138026241143144,0.091738264289307,0.0075432894733803695,0.007406715654048926,0.009442951999744433,1200,500,10,78.21292924880981
-5,1.45,0.58,0.048,5,1230139730,True,,60,-0.15,-0.14981110838434145,0.21332603114837229,-3.4047866940014346,1.706552375385832,0.005027091447981328,-0.13560473997015626,0.3985601221605366,-3.475905523409909,0.014434803923932944,-3.7928139828745477,-2.8200129539881718,12.886094845361407,10.737352340912057,0.972801028886376,-2.14874250444935,True,False,0.006737946999085467,0.028724639654239433,4.263114515168817,0.03321390405140722,0.18300636988795516,5.509932515151029,-5.2929137030742535,-3.4047866940014346,-1.6982343186156026,0.2565523753858321,1.5952133059985654,-0.3666739688516277,-0.04297290855201867,0.2565523753858321,1.5952133059985654,0.3666739688516277,0.04297290855201867,True,True,strong,low,high,mid,-0.18685258090202742,0.11016697770903928,0.007761250688646452,0.007453294077877125,0.010080496789089342,1200,500,10,74.31115555763245
-5,1.45,0.58,0.048,6,1528320939,True,,60,-0.15,-0.22178887847059334,0.05609710198308671,-2.50772621662188,-0.9728784665043482,0.005555774666857401,-0.23038579683570476,0.19727394092297948,-3.0245372998367066,0.020629056254883135,5.51843332299087,5.358049582406885,31.508589457092242,27.09347741370217,-0.16038374058398563,-4.415112043390071,False,False,0.006737946999085467,0.028724639654239433,4.263114515168817,0.0814532358538544,0.030788787942238542,0.3779934292295105,-5.192917411633616,-2.50772621662188,-3.480604683126228,-2.422878466504348,2.49227378337812,-0.5239028980169133,-0.0424442253331426,2.422878466504348,2.49227378337812,0.5239028980169133,0.0424442253331426,True,True,strong,low,high,mid,-0.1897625606862186,0.09242903290153917,0.007577155680234889,0.007373252665063448,0.010478000136601478,1200,500,10,63.349013805389404
-5,1.45,0.58,0.048,7,1121428802,True,,60,-0.15,-0.16881448870155893,0.21979421214384381,-2.8382885286323773,-0.6252777323799246,0.006010383699785321,-0.17015967245365474,0.42163689525162895,-3.2562703256663257,0.016995055933990637,0.44841362998656076,0.9989101238112201,21.368550071083625,18.37519849651084,0.5504964938246594,-2.9933515745727846,True,False,0.006737946999085467,0.028724639654239433,4.263114515168817,0.058525745436079545,0.031317874911353134,0.5351127897304235,-5.114266688914644,-2.8382885286323773,-3.4635662610123017,-2.0752777323799245,2.1617114713676227,-0.36020578785615615,-0.04198961630021468,2.0752777323799245,2.1617114713676227,0.36020578785615615,0.04198961630021468,True,True,strong,low,high,mid,-0.1584274180995065,0.1008567707301722,0.007583940848658024,0.007366325745133303,0.010106837053388664,1200,500,10,69.55121183395386
-5,1.45,0.58,0.048,8,1723033782,True,,60,-0.15,-0.1794938521835419,0.2816988908852879,-2.564071204605245,-1.0585870104608581,0.006237595493524889,-0.16561442501699628,0.41568286355036255,-2.8877303416303883,0.010206372459414904,4.145015643920644,4.709213081265494,28.76175409895179,25.79580441141939,0.5641974373448502,-2.965949687532401,True,False,0.006737946999085467,0.028724639654239433,4.263114515168817,0.0769906568111847,0.026711576919319805,0.3469456947851278,-5.077160508438542,-2.564071204605245,-3.622658215066103,-2.5085870104608583,2.435928795394755,-0.2983011091147121,-0.041762404506475115,2.5085870104608583,2.435928795394755,0.2983011091147121,0.041762404506475115,True,True,strong,low,high,mid,-0.16888773713753738,0.141934449847778,0.007984256575990467,0.007694625970199367,0.011038844716466588,1200,500,10,57.39792728424072
-5,1.45,0.58,0.048,9,1112056760,True,,60,-0.15,-0.10410280717023568,-0.10860002487299714,-2.600172645653665,-2.489185452185539,0.006245674491676444,-0.11540801693798866,-0.3185382574865121,-5.258414172318753,0.050928000711006984,-1.1040722982038944,-0.5808869094311231,18.263578214702715,15.215604430026156,0.5231853887727713,-3.047973784676559,True,False,0.006737946999085467,0.028724639654239433,4.263114515168817,0.07426075631072784,0.006161974002382473,0.08297752821960289,-5.075866136164435,-2.600172645653665,-5.089358097839204,-3.939185452185539,2.399827354346335,-0.6886000248729971,-0.04175432550832356,3.939185452185539,2.399827354346335,0.6886000248729971,0.04175432550832356,True,True,strong,low,high,mid,-0.1172146476403584,0.10836232661029145,0.007695046215505092,0.0074768689744336555,0.010384530986844352,1200,500,10,65.99874639511108
-5,1.45,0.58,0.048,10,533160797,True,,60,-0.15,-0.19246766652145572,0.05424735811138399,-2.405445987535935,-4.997934107159104,0.005668977413235429,-0.2155281990909414,-0.06078556286197494,-3.1389083999641523,0.0012253328926802938,-6.4086995251068,6.959713726861405,7.654323760896903,30.29680570261121,13.368413251968205,22.64248194171431,True,True,0.006737946999085467,0.028724639654239433,4.263114515168817,0.09022524729960679,0.0006091901567771433,0.006751881263946374,-5.172746527906961,-2.405445987535935,-7.403380094695039,-6.447934107159104,2.594554012464065,-0.5257526418886159,-0.04233102258676457,6.447934107159104,2.594554012464065,0.5257526418886159,0.04233102258676457,True,True,strong,low,high,mid,-0.21829816692227652,0.09246791631086144,0.007674972487544667,0.007298948818928422,0.010005030975854432,1200,500,10,79.79407906532288
-5,1.45,0.58,0.048,11,1003345832,True,,60,-0.15,-0.1726069186338141,-0.13801187584322874,-3.2269182264971112,-1.0179585533621545,0.005250708533422612,-0.16333421682942836,-0.10000826330359572,-6.031068914648648,0.03935417047016363,-10.140273423257918,-9.697741432020432,0.19117596459466668,-3.0181046151524633,0.44253199123748566,-3.20928057974713,True,False,0.006737946999085467,0.028724639654239433,4.263114515168817,0.03967959407838856,0.014337500238968594,0.3613318274033831,-5.249392252737553,-3.2269182264971112,-4.244876779859266,-2.4679585533621546,1.7730817735028888,-0.7180118758432287,-0.04274929146657739,2.4679585533621546,1.7730817735028888,0.7180118758432287,0.04274929146657739,True,True,strong,low,high,mid,-0.15421213892838637,0.09557037394611645,0.007576353531907785,0.00746308952995791,0.00945112261423851,1200,500,10,72.20280957221985
-5,1.45,0.58,0.048,12,1604950812,True,,60,-0.15,-0.13976327258696375,0.13888774527652376,-3.668046152086621,1.7853383494372201,0.004147569108816112,-0.13820825425317124,0.4169315052112005,-3.7563004914422917,0.011529447120537639,-12.682912751307308,-12.060685569847925,-4.894102691504113,-7.743992890807448,0.6222271814593832,-2.849890199303335,True,False,0.006737946999085467,0.028724639654239433,4.263114515168817,0.025526295754500997,0.15217748076988008,5.961596709269771,-5.485232873273913,-3.668046152086621,-1.8827078026494009,0.3353383494372202,1.331953847913379,-0.4411122547234762,-0.04385243089118389,0.3353383494372202,1.331953847913379,0.4411122547234762,0.04385243089118389,True,True,strong,low,high,mid,-0.18117672247540295,0.07915738924654457,0.007432492106388039,0.0072287759790242365,0.00893171733236858,1200,500,10,77.85932326316833
-5,1.45,0.58,0.048,13,40266745,True,,60,-0.15,-0.1636553122663971,0.30501949194689426,-2.8586017322974397,1.028327130820914,0.009857103940713817,-0.17440582496103593,0.419403171164915,-2.6435012869769086,0.008053434765287042,10.491241857942226,10.779522439805586,41.45420652699495,37.93642312849957,0.2882805818633596,-3.517783398495382,True,False,0.006737946999085467,0.028724639654239433,4.263114515168817,0.05734889333399701,0.1603695240201238,2.796383935190169,-4.61956287149151,-2.8586017322974397,-1.8302746014765257,-0.42167286917908586,2.1413982677025603,-0.2749805080531057,-0.03814289605928618,0.42167286917908586,2.1413982677025603,0.2749805080531057,0.03814289605928618,True,True,strong,low,high,mid,-0.19307414006503235,0.09275038934937502,0.0075434897145036615,0.007295657418521229,0.010655653497823074,1200,500,10,61.35738396644592
-5,1.45,0.58,0.048,14,1496239884,True,,60,-0.15,-0.15187077314914538,0.07895720407092156,-3.156999025451434,0.34807268435057886,0.003920918434031898,-0.1484253208373471,0.29549441987730435,-4.721027049840224,0.042342910800105056,-4.2205126500576275,-4.796166109801491,12.030697510995248,6.78504602928542,-0.5756534597438634,-5.245651481709828,False,False,0.006737946999085467,0.028724639654239433,4.263114515168817,0.0425532508808363,0.06026966673110548,1.4163351914024433,-5.5414293582265195,-3.156999025451434,-2.808926341100855,-1.1019273156494211,1.8430009745485658,-0.5010427959290784,-0.044079081565968105,1.1019273156494211,1.8430009745485658,0.5010427959290784,0.044079081565968105,True,True,strong,low,high,mid,-0.1401957253323818,0.0825438115320481,0.007397310020174545,0.007200212041830545,0.009997804108724462,1200,500,10,82.15829634666443
-5,1.45,0.58,0.048,15,148977673,True,,60,-0.15,-0.1910989885788514,0.1598697591243136,-3.076614613277973,1.2506469631893369,0.00826568226421258,-0.20627854798610135,0.3883619050207908,-3.403239680555976,0.031532860159501304,6.163797039873376,6.043902612963838,32.799316890857256,28.46518347481608,-0.11989442690953833,-4.334133416041176,False,False,0.006737946999085467,0.028724639654239433,4.263114515168817,0.04611511016962666,0.16106171731560945,3.492601811492395,-4.795643002512035,-3.076614613277973,-1.8259676500886362,-0.19935303681066308,1.923385386722027,-0.4201302408756864,-0.03973431773578742,0.19935303681066308,1.923385386722027,0.4201302408756864,0.03973431773578742,True,True,strong,low,high,mid,-0.19497978747540792,0.1085406882609792,0.0077342938032040325,0.007475735515626752,0.010785983722270735,1200,500,10,70.00271272659302
-5,1.45,0.58,0.048,16,1486867842,True,,60,-0.15,-0.1234524785731908,-0.1352483276456992,-2.773488716038262,-2.686036972630563,0.006915077539646829,-0.114889933525857,0.07700342166417257,-6.023810024060342,0.0472065623680631,-5.232142973182613,-4.740955227303718,10.007436864745276,6.895467794280966,0.4911877458788956,-3.11196907046431,True,False,0.006737946999085467,0.028724639654239433,4.263114515168817,0.06244377569215424,0.004255573733042187,0.0681504871521867,-4.974051100674946,-2.773488716038262,-5.459525688668824,-4.136036972630563,2.226511283961738,-0.7152483276456991,-0.04108492246035317,4.136036972630563,2.226511283961738,0.7152483276456991,0.04108492246035317,True,True,strong,low,high,mid,-0.1415059100499127,0.09031691109231536,0.0074514151368475995,0.007241615162456953,0.00981722236089677,1200,500,10,78.73475861549377
-5,1.45,0.58,0.048,17,158349715,True,,60,-0.15,-0.10928890354922627,0.2988822633207932,-3.2420484989412524,1.7951149816590481,0.006443687067369428,-0.1007198759315491,0.369937844887617,-3.505993978726402,0.033520060415491874,3.3485738760950547,2.8173210843847256,27.16887056330061,22.01202041765785,-0.5312527917103291,-5.1568501456427605,False,False,0.006737946999085467,0.028724639654239433,4.263114515168817,0.03908375001792472,0.2352906978258222,6.020166890789968,-5.044654376707308,-3.2420484989412524,-1.4469335172822042,0.3451149816590482,1.7579515010587476,-0.28111773667920675,-0.041556312932630575,0.3451149816590482,1.7579515010587476,0.28111773667920675,0.041556312932630575,True,True,strong,low,high,mid,-0.13662143624306772,0.1570741109874361,0.00812417834366239,0.007718869379581002,0.012171699864026775,1200,500,10,63.34881782531738
-5,1.45,0.58,0.048,18,1378156914,True,,60,-0.15,-0.19979749079454212,-0.014805538628165199,-3.400550217963424,1.3500960839921103,0.005454877148351292,-0.19167936276641917,0.432540146873292,-13.066886634121204,0.05136850512269359,-3.5272283120791785,-3.967473461702616,13.417266186952146,8.44243132548317,-0.44024514962343764,-4.974834861468976,False,False,0.006737946999085467,0.028724639654239433,4.263114515168817,0.03335491243847798,0.12867645396777477,3.857796185347936,-5.211245180876222,-3.400550217963424,-2.050454133971314,-0.09990391600788961,1.5994497820365758,-0.5948055386281652,-0.04254512285164871,0.09990391600788961,1.5994497820365758,0.5948055386281652,0.04254512285164871,True,True,strong,low,high,mid,-0.16183441056096068,0.09985283720380002,0.007605257411554244,0.007455559605323097,0.010152321621748815,1200,500,10,70.05749654769897
-5,1.45,0.58,0.048,19,267060643,True,,60,-0.15,-0.12963298005455745,0.13713218377005928,-3.0490148212390484,0.09713763111822346,0.005272152805703731,-0.13480840232035574,0.30335595168672114,-3.90755319619078,0.03335159641104657,-1.9921523646769639,-2.4492697246785284,16.487418081756577,11.478838799531346,-0.45711736000156455,-5.008579282225231,False,False,0.006737946999085467,0.028724639654239433,4.263114515168817,0.04740560438788772,0.052241546530268995,1.1020120343327355,-5.245316497812037,-3.0490148212390484,-2.951877190120825,-1.3528623688817765,1.9509851787609516,-0.44286781622994065,-0.04272784719429627,1.3528623688817765,1.9509851787609516,0.44286781622994065,0.04272784719429627,True,True,strong,low,high,mid,-0.12068086724770398,0.10906218937388923,0.007654539505901527,0.007419377765363026,0.010747464231006556,1200,500,10,64.35752153396606
-5,1.45,0.58,0.048,20,1812939310,True,,60,-0.15,-0.15826969080043754,0.21101047028292472,-3.5489398608815175,1.3884999777828075,0.004050830768312588,-0.171506984457667,0.3410991475047602,-3.4344338490114943,0.00660929642124625,-12.318846365514647,-12.202650558970447,-4.1659699199187905,-8.027922869052492,0.1161958065441997,-3.861952949133702,True,False,0.006737946999085467,0.028724639654239433,4.263114515168817,0.02875510791584561,0.11527440262236595,4.008832203298516,-5.50883329092114,-3.5489398608815175,-2.16043988309871,-0.06150002221719242,1.4510601391184825,-0.3689895297170752,-0.043949169231687416,0.06150002221719242,1.4510601391184825,0.3689895297170752,0.043949169231687416,True,True,strong,low,high,mid,-0.16930811688202374,0.08105415113232453,0.007426348359210231,0.007355563302298888,0.009224836507619485,1200,500,10,76.03524279594421
-5,1.45,0.58,0.048,21,276432685,True,,60,-0.15,-0.15300134493261408,0.34832434963110354,-2.8912298996606722,-1.2890997070942545,0.005522583656346317,-0.15559630058198898,0.4157889275829834,-3.189871860182499,0.006744566850895818,-4.983676845858386,-4.5642202129787846,10.504369119393731,7.2489378229308326,0.41945663287960144,-3.2554312964628984,True,False,0.006737946999085467,0.028724639654239433,4.263114515168817,0.05550790146299086,0.015293465906219548,0.27551871901365715,-5.198909474510165,-2.8912298996606722,-4.180329606754927,-2.7390997070942547,2.1087701003393278,-0.23167565036889642,-0.042477416343653686,2.7390997070942547,2.1087701003393278,0.23167565036889642,0.042477416343653686,True,True,strong,low,high,mid,-0.15024224071985273,0.11958055397773261,0.007745217968582907,0.007385254643454766,0.010404839202417044,1200,500,10,61.86122417449951
-5,1.45,0.58,0.048,22,1921650238,True,,60,-0.15,-0.10201016881494068,-0.0779014218504989,-2.539329922156015,-3.343444060624685,0.005465349044847235,-0.12578942247713742,-0.1560653219976675,-3.189448057907644,0.01136486157281596,-3.7409550494719306,-3.11331311077359,12.989812712166643,10.150752027341222,0.6276419386983405,-2.839060684825421,True,False,0.006737946999085467,0.028724639654239433,4.263114515168817,0.07891926412744191,0.002787043331781286,0.03531512061846723,-5.209327290253706,-2.539329922156015,-5.8827739827807,-4.793444060624685,2.460670077843985,-0.6579014218504988,-0.04253465095515277,4.793444060624685,2.460670077843985,0.6579014218504988,0.04253465095515277,True,True,strong,low,high,mid,-0.13785122948209047,0.08502197828302308,0.007464644980763637,0.007307022279701567,0.00938626430743048,1200,500,10,92.181401014328
-5,1.45,0.58,0.048,23,385143613,True,,60,-0.15,-0.16416315874919676,0.22266883677793148,-2.641816712129735,-0.9838256495808505,0.006729372232711786,-0.12697426959175212,0.4124659227519655,-3.4752344401533497,0.0369525326102221,3.4531894140806885,3.7936727868065185,27.37810163927188,23.96472382250144,0.34048337272583007,-3.4133778167704385,True,False,0.006737946999085467,0.028724639654239433,4.263114515168817,0.07123174436300884,0.026631984473517306,0.37387803305498557,-5.0012734186195225,-2.641816712129735,-3.6256423617105855,-2.4338256495808506,2.358183287870265,-0.3573311632220685,-0.041270627767288216,2.4338256495808506,2.358183287870265,0.3573311632220685,0.041270627767288216,True,True,strong,low,high,mid,-0.15530134299430065,0.09654601443646721,0.007513462398723732,0.007332289520336631,0.010821640821065284,1200,500,10,69.23838376998901
-5,1.45,0.58,0.048,24,1931022280,True,,60,-0.15,-0.08008952555747631,0.18433019207284831,-3.269034999292189,1.9848212092398532,0.006716281655312929,-0.11935476879318657,0.3752385745078836,-2.793977961891886,0.003436614161298271,2.8645448241255917,4.192233334240243,26.200812459361686,24.76184491736889,1.3276885101146516,-1.4389675419927954,True,False,0.006737946999085467,0.028724639654239433,4.263114515168817,0.038043121006190395,0.2768681745977346,7.277746075372798,-5.00322060269015,-3.269034999292189,-1.2842137900523358,0.5348212092398532,1.730965000707811,-0.3956698079271517,-0.041283718344687075,0.5348212092398532,1.730965000707811,0.3956698079271517,0.041283718344687075,True,True,strong,low,high,mid,-0.11456877621308904,0.11790573231056038,0.007808276886061524,0.0075657346843107315,0.010193610044045311,1200,500,10,71.96949768066406
-5,1.45,0.58,0.048,25,394515655,True,,60,-0.15,-0.15271637101059657,-0.06738947834245912,-2.627249360210773,-3.49594883538647,0.0054733209298505,-0.1650587108954951,0.1474683312117581,-2.963464051137256,0.003046879044807952,-2.739948853065305,-0.48791194442890884,14.991825104979892,15.401554360030584,2.2520369086363963,0.40972925505069213,True,True,0.006737946999085467,0.028724639654239433,4.263114515168817,0.07227699704864363,0.0021914361022882,0.030319966127166684,-5.207869729794702,-2.627249360210773,-6.123198195597244,-4.94594883538647,2.372750639789227,-0.6473894783424591,-0.0425266790701495,4.94594883538647,2.372750639789227,0.6473894783424591,0.0425266790701495,True,True,strong,low,high,mid,-0.1830093699887772,0.11020294127934163,0.007769566728778001,0.007652784640249602,0.010013781348419069,1200,500,10,84.4842472076416
-5,1.45,0.58,0.048,26,2039733208,True,,60,-0.15,-0.10084162958837635,-0.05163313992942588,-2.563805786877061,-1.778655033111653,0.008283514354167895,-0.10990677394025633,-0.20052973658198514,-7.515854294197702,0.0643203270229444,2.8815510518469782,2.9890889767737225,26.23482491480446,22.355556202435846,0.1075379249267443,-3.8792687123686136,True,False,0.006737946999085467,0.028724639654239433,4.263114515168817,0.0770110942085107,0.013004487094121513,0.1688651125889905,-4.793487961724518,-2.563805786877061,-4.342460819988714,-3.228655033111653,2.436194213122939,-0.6316331399294258,-0.039716485645832106,3.228655033111653,2.436194213122939,0.6316331399294258,0.039716485645832106,True,True,strong,low,high,mid,-0.13264959249338854,0.10320954030791965,0.0076150528763541695,0.007390853679399841,0.010157450232332721,1200,500,10,68.25889706611633
-5,1.45,0.58,0.048,27,610016533,True,,60,-0.15,-0.12694005516994192,0.07990593040621427,-2.7154239231896007,0.14147133960361763,0.00728005537035013,-0.1394455113809122,-0.028787512739494946,-2.602722092573028,0.0016322305946688664,6.944696624847272,8.519136490871073,34.361116060805045,33.415651230630544,1.574439866023801,-0.945464830174501,True,False,0.006737946999085467,0.028724639654239433,4.263114515168817,0.06617689314026144,0.07623362935064984,1.1519674879428563,-4.922616810985141,-2.7154239231896007,-2.573952583585983,-1.3085286603963824,2.2845760768103993,-0.5000940695937857,-0.04071994462964987,1.3085286603963824,2.2845760768103993,0.5000940695937857,0.04071994462964987,True,True,strong,low,high,mid,-0.1457450144997351,0.09339845519241086,0.007550913036231187,0.007375829364204461,0.009184921472519491,1200,500,10,84.14028668403625
-5,1.45,0.58,0.048,28,2146523158,True,,60,-0.15,-0.13466368667545037,0.07151507840964458,-3.6025141132546663,2.3369637151287646,0.006142337957524498,-0.14907655424166752,0.34860491483569367,-3.1632956649608603,0.003648504228234553,-7.008123213461657,-2.981827438355528,6.45547638418719,10.413723372177346,4.026295775106129,3.9582469879901563,True,True,0.006737946999085467,0.028724639654239433,4.263114515168817,0.02725511379561954,0.2820839949035472,10.349763975261183,-5.092549834458305,-3.6025141132546663,-1.2655503981259018,0.8869637151287646,1.3974858867453337,-0.5084849215903554,-0.0418576620424755,0.8869637151287646,1.3974858867453337,0.5084849215903554,0.0418576620424755,True,True,strong,low,high,mid,-0.1557976145799944,0.08946818708442825,0.007525981759149575,0.007455015360598976,0.009537151394848684,1200,500,10,67.53409814834595
-5,1.45,0.58,0.048,29,600644491,True,,60,-0.15,-0.20740126387298072,0.2215882945030593,-2.7394242351860867,0.3718508712814269,0.006954719909187938,-0.21176550285001258,0.40355316988916573,-2.8067855404685793,0.011014859505001355,7.4165534510866795,8.182537013226824,35.304829713283866,32.742452275342046,0.7659835621401445,-2.5623774379418194,True,False,0.006737946999085467,0.028724639654239433,4.263114515168817,0.06460753493168646,0.09370784543898991,1.4504166663853222,-4.968334726281368,-2.7394242351860867,-2.36757336390466,-1.078149128718573,2.2605757648139133,-0.3584117054969407,-0.04104528009081206,1.078149128718573,2.2605757648139133,0.3584117054969407,0.04104528009081206,True,True,strong,low,high,mid,-0.1471018724678966,0.08445587865856176,0.007456213094075274,0.007315499795167973,0.00913433057457654,1200,500,10,59.38672709465027
-5,1.45,0.58,0.048,30,10332531,True,,60,-0.15,-0.1822424773137711,-0.0992042282139316,-2.3305969038576486,-3.2209163985853038,0.005215828766478517,-0.16446053397691635,-0.19334987568077908,-5.06973587081785,0.05422929667850037,-0.5798640170527325,1.0101148543216572,19.311994777005037,18.397607957531715,1.5899788713743896,-0.9143868194733216,True,False,0.006737946999085467,0.028724639654239433,4.263114515168817,0.09723768821226997,0.003881578793990533,0.03991846027352114,-5.2560572834092065,-2.3305969038576486,-5.551513302442952,-4.6709163985853035,2.6694030961423514,-0.6792042282139316,-0.04278417123352148,4.6709163985853035,2.6694030961423514,0.6792042282139316,0.04278417123352148,True,True,strong,low,high,mid,-0.15607411067113083,0.1046627912358733,0.0076368950081239645,0.0074883735657559364,0.010038464440703346,1200,500,10,73.64546608924866
-5,1.45,0.58,0.048,31,491933563,True,,60,-0.15,-0.16827035951473568,-0.0630069591197864,-3.300883744458665,-0.05237404504525504,0.005829937551239443,-0.1371291374437129,0.4018894634031475,-3.285878531831747,0.009475972425017408,-6.105417236777947,-2.416606734303556,8.26088833755461,11.544164780281289,3.6888105024743907,3.283276442726679,True,True,0.006737946999085467,0.028724639654239433,4.263114515168817,0.03685058650514481,0.0349702426367923,0.9489738414858065,-5.144748990299843,-3.300883744458665,-3.35325778950392,-1.502374045045255,1.6991162555413348,-0.6430069591197863,-0.04217006244876056,1.502374045045255,1.6991162555413348,0.6430069591197863,0.04217006244876056,True,True,strong,low,high,mid,-0.11754145122736694,0.1135944855457557,0.00780646960323755,0.0077123388581212815,0.00945013237035061,1200,500,10,77.97780799865723
-5,1.45,0.58,0.048,32,119043459,True,,60,-0.15,-0.0882753704926163,-0.2647933506788403,-2.6684217411108118,-0.7273147344308488,0.007209972407734668,-0.10567179005690379,-0.2649990276395403,-2.7273754506889842,0.0023549614733972563,3.3698253126737945,3.508598457208074,27.211373436458093,23.394575163304552,0.1387731445342797,-3.816798273153541,True,False,0.006737946999085467,0.028724639654239433,4.263114515168817,0.06936160954515233,0.03351586146824945,0.4832047827037754,-4.932290154636476,-2.6684217411108118,-3.3957364755416606,-2.1773147344308486,2.3315782588891882,-0.8447933506788403,-0.040790027592265334,2.1773147344308486,2.3315782588891882,0.8447933506788403,0.040790027592265334,True,True,strong,low,high,mid,-0.07958180752836921,0.10135564086521238,0.007846995716611396,0.007629083526144135,0.010931356504256678,1200,500,10,76.86709761619568
-5,1.45,0.58,0.048,33,482561521,True,,60,-0.15,-0.16594830286360493,0.42385205766996503,-2.3054692350820045,-4.833875153677105,0.009981222622342547,-0.12908998039294467,0.4113785804316022,-3.0086270677361204,0.007533998481493322,-0.06919597132100007,2.6241206538914374,20.333330868468504,21.625619556671275,2.6933166252124376,1.2922886882027704,True,True,0.006737946999085467,0.028724639654239433,4.263114515168817,0.09971200130541996,0.0007932720040621611,0.00795563215738046,-4.6070496889134125,-2.3054692350820045,-7.13934438875911,-6.283875153677105,2.6945307649179955,-0.15614794233003493,-0.03801877737765745,6.283875153677105,2.6945307649179955,0.15614794233003493,0.03801877737765745,True,True,strong,low,high,mid,-0.1504759420440495,0.13333818127212566,0.007847541492014904,0.0075379372196787975,0.011187902034356857,1200,500,10,89.02168440818787
-5,1.45,0.58,0.048,34,984827615,True,,60,-0.15,-0.14668716752946484,0.1261420662652869,-2.720123521116488,-0.35781778814446646,0.006629580335991257,-0.14011000475847057,0.12538967971909382,-2.8043408978613344,0.005321770514150272,5.033909389161136,4.692988937412098,30.539541589432773,25.763356123712597,-0.34092045174903784,-4.776185465720175,False,False,0.006737946999085467,0.028724639654239433,4.263114515168817,0.06586661800570807,0.04605397000438354,0.6992004660143997,-5.016213774526627,-2.720123521116488,-3.077941309260954,-1.8078177881444664,2.279876478883512,-0.45385793373471306,-0.04137041966400874,1.8078177881444664,2.279876478883512,0.45385793373471306,0.04137041966400874,True,True,strong,low,high,mid,-0.14865220372795765,0.10769752063702244,0.0076709025552585365,0.0074611380799460576,0.010957959910146496,1200,500,10,78.0904450416565
-5,1.45,0.58,0.048,35,373850593,True,,60,-0.15,-0.11260290007609153,0.211535168191627,-2.380812316274158,-2.404970333492292,0.006172258938011366,-0.11723451838523977,0.39547692440241655,-3.546566832191913,0.03423110798334527,3.0406783850290213,3.45742096830451,26.553079581168546,23.29222018549742,0.4167425832754885,-3.260859395671126,True,False,0.006737946999085467,0.028724639654239433,4.263114515168817,0.09247542769688948,0.008347587952895525,0.09026817351152736,-5.087690391697714,-2.380812316274158,-4.78578264976645,-3.8549703334922922,2.619187683725842,-0.368464831808373,-0.04182774106198864,3.8549703334922922,2.619187683725842,0.368464831808373,0.04182774106198864,True,True,strong,low,high,mid,-0.13599115076727722,0.07904905293847812,0.007418377975882491,0.0074067628394764475,0.009529578057099666,1200,500,10,79.82320046424866
-5,1.45,0.58,0.048,36,876116687,True,,60,-0.15,-0.13421003133747322,0.08104630868904653,-2.7929527939527214,-0.3209498836248997,0.006471935572033401,-0.14411768056305468,0.2891763017028186,-3.825415475641447,0.046327783713738635,4.313323676845945,4.071612140199104,29.098370164802393,24.52060252928661,-0.2417115366468412,-4.577767635515784,False,False,0.006737946999085467,0.028724639654239433,4.263114515168817,0.06124011722816567,0.044427231406675226,0.7254596074849146,-5.040280054152907,-2.7929527939527214,-3.113902677577621,-1.7709498836248996,2.2070472060472786,-0.49895369131095346,-0.041528064427966596,1.7709498836248996,2.2070472060472786,0.49895369131095346,0.041528064427966596,True,True,strong,low,high,mid,-0.17090239868165555,0.08876761012160966,0.007489704422626846,0.00735554167603942,0.010245367702408534,1200,500,10,68.89547514915466
-5,1.45,0.58,0.048,37,1783005096,True,,60,-0.15,-0.14979657455920034,0.15103725062971204,-3.1270889794726235,0.4823576064530512,0.005524388646888017,-0.1694860248861983,0.3713040833455134,-3.8579399079585963,0.032788615366918746,-4.147412900201806,-3.5803442034652333,12.176897010706892,9.216689841957935,0.5670686967365723,-2.9602071687489566,True,False,0.006737946999085467,0.028724639654239433,4.263114515168817,0.04384524607102795,0.07102443025552498,1.6198889644835743,-5.198582689847687,-3.1270889794726235,-2.6447313730195723,-0.9676423935469487,1.8729110205273765,-0.4289627493702879,-0.04247561135311198,0.9676423935469487,1.8729110205273765,0.4289627493702879,0.04247561135311198,True,True,strong,low,high,mid,-0.11043445911406707,0.11578406574773821,0.007818480363758639,0.007485901250471572,0.010012301309703705,1200,500,10,66.13364505767822
-5,1.45,0.58,0.048,38,866744645,True,,60,-0.15,-0.08478525689296545,0.4846655277993347,-2.666858096777811,-0.20583768331410288,0.008382657774970428,-0.07173803230105598,0.4564001264313205,-2.7468160951267264,0.014108863350580722,7.915258771083676,7.162808967663404,36.30224035327785,30.70299618421521,-0.752449803420272,-5.5992441690626436,False,False,0.006737946999085467,0.028724639654239433,4.263114515168817,0.06947015127105749,0.05654628457941342,0.8139651856922271,-4.781590257854057,-2.666858096777811,-2.872695780091914,-1.6558376833141029,2.333141903222189,-0.09533447220066527,-0.03961734222502957,1.6558376833141029,2.333141903222189,0.09533447220066527,0.03961734222502957,True,True,strong,low,high,mid,-0.09853110748664483,0.10746715230983564,0.007745602217662648,0.007593504055580107,0.010415082495198399,1200,500,10,53.12035012245178
-5,1.45,0.58,0.048,39,778472912,True,,60,-0.15,-0.1657315665806654,-0.017075255078708003,-3.354199950160362,1.9017798878765917,0.005864470679429316,-0.16235968039038298,0.1220417117279716,-5.4120954339588945,0.0531211792430399,-1.384375753053689,-0.9670947190672716,17.702971305003125,14.443188810753858,0.41728103398641747,-3.259782494249267,True,False,0.006737946999085467,0.028724639654239433,4.263114515168817,0.034937310566120414,0.234003299736981,6.697805181486976,-5.138843051686231,-3.354199950160362,-1.4524200622837702,0.45177988787659173,1.6458000498396381,-0.597075255078708,-0.042135529320570686,0.45177988787659173,1.6458000498396381,0.597075255078708,0.042135529320570686,True,True,strong,low,high,mid,-0.1737725683367714,0.11606995645080832,0.0077536013109957835,0.007567492293221319,0.010551743669599017,1200,500,10,61.44773721694946
-5,1.45,0.58,0.048,40,758033717,True,,60,-0.15,-0.10381331894568646,0.07190010731565963,-2.7939216268832827,-0.7271491227901671,0.004267805567332231,-0.08584937600889855,0.31347769668555425,-4.153243551204939,0.03901733525623272,-0.723460470725828,-0.6561194684284943,19.024801869658848,15.065139312031413,0.06734100229733364,-3.9596625576274356,True,False,0.006737946999085467,0.028724639654239433,4.263114515168817,0.06118081451777159,0.029567758544245343,0.48328481366747095,-5.456655502500616,-2.7939216268832827,-3.52107074967345,-2.177149122790167,2.2060783731167173,-0.5080998926843403,-0.04373219443266777,2.177149122790167,2.2060783731167173,0.5080998926843403,0.04373219443266777,True,True,strong,low,high,mid,-0.134473846453465,0.09772571462614246,0.007548156534154001,0.00732487757144424,0.009286881435873492,1200,500,10,67.66615152359009
-5,1.45,0.58,0.048,41,787844954,True,,60,-0.15,-0.19427730380704555,0.014756567996323494,-3.027469168425893,1.3576765705276659,0.006900225115519151,-0.1771084755877257,0.20356343167023824,-3.638916317565936,0.04533793049549669,5.037778179223127,5.4499834489896495,30.54727916955676,27.277345146867702,0.41220526976652216,-3.269934022689057,True,False,0.006737946999085467,0.028724639654239433,4.263114515168817,0.04843807173262892,0.18828611252487595,3.887151279765796,-4.9762012424735635,-3.027469168425893,-1.6697925978982273,-0.09232342947233407,1.9725308315741068,-0.5652434320036764,-0.04109977488448085,0.09232342947233407,1.9725308315741068,0.5652434320036764,0.04109977488448085,True,True,strong,low,high,mid,-0.1644243960021246,0.10646000080014181,0.007664798226226293,0.007558681160587918,0.0100590786456068,1200,500,10,73.5469298362732
-5,1.45,0.58,0.048,42,748661675,True,,60,-0.15,-0.09988662099831971,0.3004844947467072,-4.1933297379080265,4.999999896754484,0.0039740381748099435,-0.12266387091483166,0.4313211146758995,-3.2342007503104053,0.009631980735012096,-11.49062970902211,-4.577992731769904,-2.509536606933718,7.221392785348593,6.912636977252206,9.730929392282311,True,True,0.006737946999085467,0.028724639654239433,4.263114515168817,0.015095935585624104,2.2404352585565714,148.41314377958417,-5.527972528756239,-4.1933297379080265,0.8066701588464573,3.5499998967544837,0.8066702620919735,-0.2795155052532928,-0.04402596182519006,3.5499998967544837,0.8066702620919735,0.2795155052532928,0.04402596182519006,True,True,strong,low,high,mid,-0.09849570271196136,0.11204500874883765,0.00777529112220681,0.0075320127254679715,0.01065672504548822,1200,500,10,66.77102088928223
-5,1.45,0.58,0.048,43,896555882,True,,60,-0.15,-0.1327157408828759,0.14591521032641544,-3.0660753853932894,-1.9331501451409443,0.00453834397896997,-0.17497969981930311,0.2717328924849476,-3.7807185903443408,0.017465004694969418,-9.79456791081229,-9.437581437629184,0.8825869894859224,-2.497784626369967,0.35698647318310606,-3.380371615855889,True,False,0.006737946999085467,0.028724639654239433,4.263114515168817,0.04660369797122734,0.00674316735454023,0.14469168001868418,-5.395193095812261,-3.0660753853932894,-4.9992255305342335,-3.3831501451409443,1.9339246146067106,-0.43408478967358455,-0.04346165602103003,3.3831501451409443,1.9339246146067106,0.43408478967358455,0.04346165602103003,True,True,strong,low,high,mid,-0.1770329880782173,0.10596510118395218,0.007689628941764265,0.007474831956220642,0.009863027549030073,1200,500,10,83.63490152359009
-5,1.45,0.58,0.048,44,639950747,True,,60,-0.15,-0.08108927807850677,0.31304521477107855,-2.4925510178149235,-3.8062068667823326,0.004107427583156204,-0.11052139337950262,0.4023840504404567,-3.214024212776419,0.008287643210546715,-5.596603810022785,-2.7453147538630214,9.278515191064933,10.886748741162359,2.8512890561597635,1.6082335500974256,True,True,0.006737946999085467,0.028724639654239433,4.263114515168817,0.08269873132040821,0.0018385870966353155,0.022232349484442367,-5.494958338602376,-2.4925510178149235,-6.298757884597256,-5.256206866782333,2.5074489821850765,-0.2669547852289214,-0.0438925724168438,5.256206866782333,2.5074489821850765,0.2669547852289214,0.0438925724168438,True,True,strong,low,high,mid,-0.12167733319721516,0.08699170225170885,0.007500197092083654,0.007402096656640927,0.008964617674167038,1200,500,10,87.3499755859375
-5,1.45,0.58,0.048,45,1241555727,True,,60,-0.15,-0.14940881233567121,0.11613455483110849,-3.0706710971928244,-2.322839415789946,0.00457895445415499,-0.13512433549872488,0.34231917585006827,-4.499994938560679,0.02579464191988315,-12.158874355443022,-12.222353073988147,-3.8460258997755403,-8.067327899087893,-0.06347871854512555,-4.221301999312352,False,False,0.006737946999085467,0.028724639654239433,4.263114515168817,0.04639001220176199,0.004545986546446652,0.09799494181366014,-5.386284592036056,-3.0706710971928244,-5.39351051298277,-3.772839415789946,1.9293289028071756,-0.4638654451688915,-0.04342104554584501,3.772839415789946,1.9293289028071756,0.4638654451688915,0.04342104554584501,True,True,strong,low,high,mid,-0.13666754287839536,0.10305838298029123,0.007639853498501976,0.0074817946894297355,0.010076731117966888,1200,500,10,87.85367631912231
-5,1.45,0.58,0.048,46,403661830,True,,60,-0.15,-0.13012646013498705,0.10432920656489539,-2.7915993664537577,0.8998937127823101,0.010035476818580373,-0.17992173915245194,0.333140397046132,-2.618129957896161,0.00948056581907652,10.896043608352322,12.829320952038696,42.26381002781515,42.03602015296579,1.933277343686374,-0.22778987484935698,True,False,0.006737946999085467,0.028724639654239433,4.263114515168817,0.06132305740095677,0.15081435227925502,2.459341700678186,-4.601628782309064,-2.7915993664537577,-1.8917056536714476,-0.5501062872176898,2.2084006335462423,-0.47567079343510454,-0.03796452318141963,0.5501062872176898,2.2084006335462423,0.47567079343510454,0.03796452318141963,True,True,strong,low,high,mid,-0.12146787730943494,0.10453913570240508,0.007673007344322655,0.007403118361816291,0.010642167568450335,1200,500,10,62.99304747581482
-5,1.45,0.58,0.048,47,1014638852,True,,60,-0.15,-0.14844143440520324,0.0604966700014984,-2.7619537079684915,-2.043686809669728,0.004479758381379493,-0.14050782319093522,0.10051308353473647,-3.6999610261039875,0.023958536828914807,-5.975720806216688,-6.039358254233649,8.520281198677127,4.298661740421103,-0.06363744801696125,-4.221619458256024,False,False,0.006737946999085467,0.028724639654239433,4.263114515168817,0.06316823544037445,0.008183457686341579,0.12955020239667892,-5.408186166737457,-2.7619537079684915,-4.805640517638219,-3.493686809669728,2.2380462920315085,-0.5195033299985016,-0.04352024161862051,3.493686809669728,2.2380462920315085,0.5195033299985016,0.04352024161862051,True,True,strong,low,high,mid,-0.1429313285407476,0.09758982275945452,0.00754931432840161,0.0073996362736452785,0.009318348808648888,1200,500,10,71.3298852443695
-5,1.45,0.58,0.048,48,512372758,True,,60,-0.15,-0.10846094526420295,0.05790395138101456,-2.787390466976981,-2.0138945783307842,0.006141163601344245,-0.08606830546996755,0.39969500155157683,-3.053732267411603,0.0050829373668280775,-3.2153782656449423,-0.09544248386720167,14.04096627982062,16.186493281154,3.1199357817777407,2.145527001333381,True,True,0.006737946999085467,0.028724639654239433,4.263114515168817,0.06158170391192511,0.00821917824334206,0.13346786011470588,-5.0927410431585605,-2.787390466976981,-4.801285045307765,-3.463894578330784,2.212609533023019,-0.5220960486189854,-0.04185883639865576,3.463894578330784,2.212609533023019,0.5220960486189854,0.04185883639865576,True,True,strong,low,high,mid,-0.11510310223175622,0.13249591318412052,0.007928308834709552,0.007913630829876969,0.01176228790089839,1200,500,10,66.25721764564514
-5,1.45,0.58,0.048,49,1123472757,True,,60,-0.15,-0.11678078801789445,0.1643620310685278,-3.4327566647355745,1.8599527349405762,0.0036457466765579404,-0.14048916117212062,0.2690040054490661,-4.314241390224994,0.034165645305310105,-5.918478869933201,-5.916808211877855,8.6347650712441,4.543761825132691,0.0016706580553460526,-4.091003246111409,True,False,0.006737946999085467,0.028724639654239433,4.263114515168817,0.03229778377981477,0.20746265533559297,6.423433160304065,-5.614194084964531,-3.4327566647355745,-1.5728039297949983,0.40995273494057627,1.5672433352644255,-0.4156379689314722,-0.04435425332344206,0.40995273494057627,1.5672433352644255,0.4156379689314722,0.04435425332344206,True,True,strong,low,high,mid,-0.15077867655873928,0.102296227953293,0.007631337965913754,0.007594468081828811,0.009881362782513526,1200,500,10,65.57514953613281
-5,1.45,0.58,0.048,50,521744800,True,,60,-0.15,-0.12934614163363223,0.1425211857729725,-3.8452377764605923,3.5725626767811156,0.004645406193564538,-0.152512158419575,0.38164426297342174,-3.278505860663576,0.005033095282206001,-8.011814783263965,-6.436236888080285,4.448093244582573,3.504904472727832,1.57557789518368,-0.9431887718547411,True,False,0.006737946999085467,0.028724639654239433,4.263114515168817,0.021381316982809553,0.7613401070944942,35.60772742420904,-5.371876463055351,-3.8452377764605923,-0.2726750996794767,2.122562676781116,1.1547622235394077,-0.4374788142270275,-0.043354593806435464,2.122562676781116,1.1547622235394077,0.4374788142270275,0.043354593806435464,True,True,strong,low,high,mid,-0.15249124858941385,0.09620348900478905,0.0075503828173367985,0.007402502900886788,0.009730176114334134,1200,500,10,73.56217861175537
-5,1.45,0.58,0.048,51,1132721822,True,,60,-0.15,-0.1297991136396156,0.03983174019636536,-2.573591631235104,-1.0533606831252964,0.005109465094137185,-0.10788795128303547,0.38640544353331957,-2.7137263948632553,0.00792439608091149,6.4206742143005116,8.866237993220462,33.313071239711526,34.10985423532932,2.4455637789199507,0.7967829956177965,True,True,0.006737946999085467,0.028724639654239433,4.263114515168817,0.07626115102508771,0.026597120674834576,0.34876369314285455,-5.276660558496714,-2.573591631235104,-3.6269523143604006,-2.5033606831252966,2.426408368764896,-0.5401682598036346,-0.042890534905862816,2.5033606831252966,2.426408368764896,0.5401682598036346,0.042890534905862816,True,True,strong,low,high,mid,-0.15260594048298434,0.0914489839845223,0.007540374934389057,0.007440474092213595,0.008884804917171354,1200,500,10,66.56928896903992
-5,1.45,0.58,0.048,52,630455728,True,,60,-0.15,-0.16921306730345576,0.18065115813944596,-3.2530754965989646,0.8449773146336025,0.0060676342089373845,-0.1624023310243935,0.38416039002179014,-3.9296189512641995,0.031087723893653635,-4.373670873675657,-4.411317349222466,11.72438106375919,7.554743550443469,-0.037646475546809555,-4.16963751331572,False,False,0.006737946999085467,0.028724639654239433,4.263114515168817,0.038655141075960374,0.08998626944927032,2.3279250041395603,-5.104786501294197,-3.2530754965989646,-2.408098181965362,-0.6050226853663975,1.7469245034010354,-0.39934884186055397,-0.04193236579106262,0.6050226853663975,1.7469245034010354,0.39934884186055397,0.04193236579106262,True,True,strong,low,high,mid,-0.15212614418494178,0.09841215621393525,0.007550569103538403,0.0073695200567142445,0.009496106302426671,1200,500,10,68.92199969291687
-5,1.45,0.58,0.048,53,2019294013,True,,60,-0.15,-0.17521316675849705,0.24650156324624628,-2.6502604398852574,-1.5195258612979028,0.005209865785664001,-0.18195274337027303,0.431426956689181,-2.9533247685367474,0.005948465515944534,0.22971179131583636,1.467880232059579,20.931146393742175,19.31313871300756,1.2381684407437425,-1.618007680734614,True,False,0.006737946999085467,0.028724639654239433,4.263114515168817,0.07063281506249706,0.015455562606471232,0.21881561131035063,-5.2572011844577,-2.6502604398852574,-4.16978630118316,-2.9695258612979027,2.3497395601147426,-0.3334984367537537,-0.042790134214336,2.9695258612979027,2.3497395601147426,0.3334984367537537,0.042790134214336,True,True,strong,low,high,mid,-0.19530727655628258,0.09012849475981757,0.007598091264935253,0.007468163115917714,0.009849924390021497,1200,500,10,74.81309604644775
-5,1.45,0.58,0.048,54,639827770,True,,60,-0.15,-0.18074087341001926,0.19352848657020577,-2.7143473197564223,-3.2190015169771207,0.004458486736531205,-0.15561309468389847,0.30675277832293063,-3.8422511169714775,0.02392299457487146,-7.958380508617537,-6.879138776858168,4.554961793875428,2.6191006951720652,1.0792417317593692,-1.9358610987033629,True,False,0.006737946999085467,0.028724639654239433,4.263114515168817,0.06624817777636996,0.002649594057059293,0.03999497263160009,-5.41294586726621,-2.7143473197564223,-5.933348836733543,-4.66900151697712,2.2856526802435777,-0.3864715134297942,-0.04354151326346879,4.66900151697712,2.2856526802435777,0.3864715134297942,0.04354151326346879,True,True,strong,low,high,mid,-0.15115301351799368,0.11307358658867643,0.007740328051107296,0.007728838764820879,0.010574914602094082,1200,500,10,79.54968786239624
-5,1.45,0.58,0.048,55,2009921971,True,,60,-0.15,-0.21128738676991152,0.02024777361100861,-2.47729458100589,-2.425606230821841,0.007008944316339467,-0.20629198242872682,0.31973011610479185,-4.516560080226115,0.05323105478468909,0.7557272704283744,2.1087166964600375,21.983177351967253,20.594811641808477,1.352989426031663,-1.3883657101587765,True,False,0.006737946999085467,0.028724639654239433,4.263114515168817,0.08397009285246301,0.007425013234819192,0.08842449713453426,-4.960568186089677,-2.47729458100589,-4.902900811827731,-3.875606230821841,2.52270541899411,-0.5597522263889914,-0.040991055683660536,3.875606230821841,2.52270541899411,0.5597522263889914,0.040991055683660536,True,True,strong,low,high,mid,-0.1748849725767198,0.11866407138911522,0.007752300537038596,0.007471235340321154,0.011097175413004806,1200,500,10,72.29529476165771
-5,1.45,0.58,0.048,56,748538698,True,,60,-0.15,-0.15423687508890072,0.30088376232242775,-2.2738482608990607,-1.9680759399214525,0.008423090901801718,-0.15660802890308112,0.3716689697538047,-2.75541309135669,0.008328017247669775,9.290408609097396,11.94243770802662,39.05254002930529,40.26225366494164,2.6520290989292246,1.2097136356363478,True,True,0.006737946999085467,0.028724639654239433,4.263114515168817,0.10291537186057127,0.014379895398372684,0.13972543788555147,-4.776778427613862,-2.2738482608990607,-4.241924200820513,-3.4180759399214526,2.7261517391009393,-0.2791162376775722,-0.03957690909819828,3.4180759399214526,2.7261517391009393,0.2791162376775722,0.03957690909819828,True,True,strong,low,high,mid,-0.19805632178209806,0.10616551974296198,0.007766008560252682,0.007549882979988608,0.009728031088375859,1200,500,10,61.333534717559814
-5,1.45,0.58,0.048,57,1901211043,True,,60,-0.15,-0.210289952340543,0.40565541765333035,-3.1223499687314358,-0.36610758614787214,0.004527031498392467,-0.20145071837929704,0.40592203416051525,-3.239470643060695,0.008720426162164787,-6.286062017078153,-5.664662747726937,7.899598776954196,5.048052753434527,0.6213992693512163,-2.851546023519669,True,False,0.006737946999085467,0.028724639654239433,4.263114515168817,0.044053522284923305,0.030547954394212817,0.693428193928262,-5.397688852657123,-3.1223499687314358,-3.4884575548793078,-1.8161075861478722,1.8776500312685642,-0.1743445823466696,-0.043472968501607534,1.8161075861478722,1.8776500312685642,0.1743445823466696,0.043472968501607534,True,True,strong,low,high,mid,-0.1829891169615983,0.08067523707713845,0.007473151053800504,0.00740243717305801,0.009489833502434512,1200,500,10,64.52649688720703
-5,1.45,0.58,0.048,58,355332376,True,,60,-0.15,-0.1499349063085843,-0.22609697076820368,-2.961404545005566,-0.6882610424739317,0.0064380792152786,-0.15149557793600796,-0.4567573641363632,-5.732671746163157,0.049104975126970624,-2.13563069591392,-1.8909652997052124,16.20046141928266,12.595447649477977,0.24466539620870775,-3.6050137698046836,True,False,0.006737946999085467,0.028724639654239433,4.263114515168817,0.051746186260293585,0.025999821991119464,0.5024490473623543,-5.045525041850898,-2.961404545005566,-3.6496655874794977,-2.138261042473932,2.038595454994434,-0.8060969707682036,-0.0415619207847214,2.138261042473932,2.038595454994434,0.8060969707682036,0.0415619207847214,True,True,strong,low,high,mid,-0.17518796321245192,0.08683979534163198,0.0074811457787055885,0.0073591742569994335,0.00900510040946827,1200,500,10,67.0491042137146
-5,1.45,0.58,0.048,59,255644646,True,,60,-0.15,-0.133630563993035,-0.08046337710962943,-3.2004164511853572,-0.8186063690282313,0.004470703974227773,-0.12475584439743537,-0.062047626827583115,-3.3246257434494053,0.005776966759692725,-10.205679585878334,-9.877528108168914,0.060363639353834486,-3.3776779674494257,0.32815147770942055,-3.43804160680326,True,False,0.006737946999085467,0.028724639654239433,4.263114515168817,0.04074523204443794,0.017970516788207123,0.44104588160420705,-5.410209394115134,-3.2004164511853572,-4.019022820213588,-2.268606369028231,1.7995835488146428,-0.6604633771096294,-0.04352929602577223,2.268606369028231,1.7995835488146428,0.6604633771096294,0.04352929602577223,True,True,strong,low,high,mid,-0.13402659483520898,0.07931419019611721,0.007415708674643883,0.007267642997248334,0.008782198466155935,1200,500,10,67.62622332572937
-5,1.45,0.58,0.048,60,246621448,True,,60,-0.15,-0.1710589968970721,0.09828752843312956,-2.9969970278791918,0.2649550071567636,0.006227392456666477,-0.1612275259815278,0.331685645660758,-3.960218132726554,0.03923567733930032,1.677802910721494,1.0459132649186202,23.827328632553492,18.469204778725643,-0.6318896458028738,-5.358123853827848,False,False,0.006737946999085467,0.028724639654239433,4.263114515168817,0.04993680225697366,0.06508624641189711,1.3033723320320905,-5.078797580079183,-2.9969970278791918,-2.732042020722428,-1.1850449928432363,2.0030029721208082,-0.4817124715668704,-0.04177260754333352,1.1850449928432363,2.0030029721208082,0.4817124715668704,0.04177260754333352,True,True,strong,low,high,mid,-0.15734593907853422,0.1286339301880896,0.007892160155662917,0.0076199709244060415,0.010409891479931073,1200,500,10,65.63650155067444
-5,1.45,0.58,0.048,61,1783128073,True,,60,-0.15,-0.08486744111559232,0.08463592174574908,-3.088051676622397,-2.9404118381004927,0.0033931726797020866,-0.10061068776231552,-0.037525121759022916,-6.188903567961349,0.03255928265824506,-15.720116269417204,-15.795398484902131,-10.968509727723905,-15.213418720915861,-0.0752822154849273,-4.244908993191956,False,False,0.006737946999085467,0.028724639654239433,4.263114515168817,0.04559069334411907,0.002409192825586108,0.052843961099724744,-5.685989901547816,-3.088051676622397,-6.0284635147228895,-4.390411838100492,1.9119483233776031,-0.4953640782542509,-0.044606827320297915,4.390411838100492,1.9119483233776031,0.4953640782542509,0.044606827320297915,True,True,strong,low,high,mid,-0.127606284593266,0.06855233555998175,0.007312670128670058,0.007125233896169585,0.008796889447958697,1200,500,10,85.63403177261353
-5,1.45,0.58,0.048,62,237249406,True,,60,-0.15,-0.12428277024231174,0.13540245522314268,-2.2522942395245122,-2.5169079963451297,0.0054116750850802696,-0.11102632693024493,0.41661883546300327,-3.0042798471283976,0.0167854479320662,5.109329361850981,6.300902850984534,30.690381534812467,28.97918395085747,1.1915734891335532,-1.7111975839549984,True,False,0.006737946999085467,0.028724639654239433,4.263114515168817,0.10515769066926652,0.008487148202348456,0.08070877316088605,-5.21919660649204,-2.2522942395245122,-4.769202235869642,-3.96690799634513,2.7477057604754878,-0.4445975447768573,-0.042588324914919734,3.96690799634513,2.7477057604754878,0.4445975447768573,0.042588324914919734,True,True,strong,low,high,mid,-0.14207357015475613,0.10737473715491382,0.007682850475176633,0.007549392700473258,0.009018513576632779,1200,500,10,68.6432900428772
-5,1.45,0.58,0.048,63,373727616,True,,60,-0.15,-0.12024409471168254,-0.1885302186515887,-3.076494344783553,0.03322882269536534,0.007598093675218679,-0.12529421608185856,-0.30310954752923475,-7.0759934549792085,0.05484563749791516,-1.8814860724268179,-1.7490970376163397,16.70875066625687,12.879184173655723,0.13238903481047815,-3.8295664926011455,True,False,0.006737946999085467,0.028724639654239433,4.263114515168817,0.04612065669802639,0.04767893837546429,1.033787066121818,-4.87985789536158,-3.076494344783553,-3.0432655220881877,-1.4167711773046345,1.923505655216447,-0.7685302186515887,-0.04040190632478132,1.4167711773046345,1.923505655216447,0.7685302186515887,0.04040190632478132,True,True,strong,low,high,mid,-0.14012163841263978,0.10273221329453694,0.007616827860153567,0.0074968759590478724,0.009495381964298071,1200,500,10,73.38990330696106
-5,1.45,0.58,0.048,64,128538478,True,,60,-0.15,-0.15923275276607343,0.09519543044986534,-2.833159369870179,-0.953281766570444,0.004807522954756777,-0.17533038067921156,0.1734622495766879,-4.457987076906807,0.04570096483617186,-0.5393593938016721,-0.3283548765715157,19.39300402350716,15.72066849574537,0.2110045172301564,-3.67233552776179,True,False,0.006737946999085467,0.028724639654239433,4.263114515168817,0.0588267044495688,0.02267615977746066,0.38547391001480585,-5.337573305732338,-2.833159369870179,-3.786441136440623,-2.403281766570444,2.166840630129821,-0.4848045695501346,-0.043192477045243226,2.403281766570444,2.166840630129821,0.4848045695501346,0.043192477045243226,True,True,strong,low,high,mid,-0.17072641945739214,0.10542903810045332,0.007649631793350866,0.007368048031759189,0.010258360459807573,1200,500,10,83.25315380096436
-5,1.45,0.58,0.048,65,1516679079,True,,60,-0.15,-0.15571760413988428,-0.07962467887023895,-3.464139746718877,1.6324032052577433,0.005770322286628179,-0.15223576778131728,-0.11475916342614174,-5.648787869997798,0.04352988080991986,-6.97712678240228,-6.815793862703356,6.517469246305943,2.7457905234816895,0.16133291969892394,-3.7716787228242534,True,False,0.006737946999085467,0.028724639654239433,4.263114515168817,0.03129991970674987,0.1601352446935303,5.116155127356347,-5.155027344453851,-3.464139746718877,-1.8317365414611335,0.18240320525774334,1.5358602532811232,-0.6596246788702389,-0.04222967771337182,0.18240320525774334,1.5358602532811232,0.6596246788702389,0.04222967771337182,True,True,strong,low,high,mid,-0.13759973120639954,0.0947083194426757,0.007540470840912171,0.007363299843195584,0.009437398861210382,1200,500,10,82.93197393417358
-5,1.45,0.58,0.048,66,119166436,True,,60,-0.15,-0.22087665545368634,0.13296372694436714,-2.7303793715164706,-1.367283404794493,0.004118965346988725,-0.251724822118333,0.2671023002875772,-3.265563581599799,0.01665758321377079,-1.0030424434997365,-0.03249397594647824,18.46563792411103,16.312390296995446,0.9705484675532583,-2.153247627115583,True,False,0.006737946999085467,0.028724639654239433,4.263114515168817,0.06519455201997923,0.01661145475165551,0.25479820379109036,-5.492153276530631,-2.7303793715164706,-4.097662776310964,-2.817283404794493,2.2696206284835294,-0.4470362730556328,-0.043881034653011276,2.817283404794493,2.2696206284835294,0.4470362730556328,0.043881034653011276,True,True,strong,low,high,mid,-0.17226726808927947,0.11129534321199583,0.007686139013484914,0.007460615277316575,0.01045014330101626,1200,500,10,70.72230839729309
-5,1.45,0.58,0.048,67,621432530,True,,60,-0.15,-0.17509636234588877,0.21144984523302132,-2.64567222719914,-1.6628848542579515,0.006909730664901163,-0.18334517002355968,0.39005418188740826,-2.9935334424571614,0.006753836925823638,2.421179045801385,3.9057515618695633,25.314080902713272,24.188881372627527,1.4845725160681784,-1.1251995300857445,True,False,0.006737946999085467,0.028724639654239433,4.263114515168817,0.07095763804925792,0.013452947103199105,0.18959124729969506,-4.974824619545249,-2.64567222719914,-4.308557081457092,-3.1128848542579517,2.35432777280086,-0.3685501547669786,-0.041090269335098836,3.1128848542579517,2.35432777280086,0.3685501547669786,0.041090269335098836,True,True,strong,low,high,mid,-0.14425264554701442,0.10590344200962706,0.00760282942837007,0.007346930776530956,0.010640181874743622,1200,500,10,68.79439616203308
-5,1.45,0.58,0.048,68,10455508,True,,60,-0.15,-0.1535738661405096,-0.16285017868303586,-3.463839840443198,1.4714140639319098,0.0045534076725834574,-0.15374536868187627,-0.10670386573468756,-6.857260019000262,0.04394926314890994,-8.268381073872792,-7.763910820422869,3.934960663364919,0.8495566080426631,0.5044702534499228,-3.0854040553222557,True,False,0.006737946999085467,0.028724639654239433,4.263114515168817,0.031309308156855356,0.13636423475298357,4.355389587972286,-5.391879387304831,-3.463839840443198,-1.992425776511288,0.02141406393190981,1.5361601595568022,-0.7428501786830358,-0.043446592327416544,0.02141406393190981,1.5361601595568022,0.7428501786830358,0.043446592327416544,True,True,strong,low,high,mid,-0.17445699565537767,0.08318538080694395,0.007404279696109041,0.007239173239317239,0.008628862276627788,1200,500,10,66.86482048034668
-5,1.45,0.58,0.048,69,1634762049,True,,60,-0.15,-0.14244182108437062,0.20107079663362834,-2.4454416371545746,-1.6345087638521312,0.008112828433646085,-0.11076868473168688,0.37967376146976545,-3.193746703173022,0.029100143356275195,6.9363260017677675,6.416616947285969,34.34437481464604,29.210612143460338,-0.5197090544817984,-5.1337626711857,False,False,0.006737946999085467,0.028724639654239433,4.263114515168817,0.08668784187472002,0.016908304266777852,0.19504816247719575,-4.814308712884383,-2.4454416371545746,-4.079950401006705,-3.0845087638521314,2.5545583628454254,-0.3789292033663716,-0.039887171566353914,3.0845087638521314,2.5545583628454254,0.3789292033663716,0.039887171566353914,True,True,strong,low,high,mid,-0.14286808336256807,0.10969384184179665,0.007762779137386671,0.007673287980887149,0.00917184912552121,1200,500,10,57.69402241706848
-5,1.45,0.58,0.048,70,1083466,True,,60,-0.15,-0.12093882261667177,-0.1750433375049564,-3.223358029186456,-0.8707068703896854,0.004130138109270595,-0.11895650803246444,-0.40310556495241445,-4.318281095439276,0.02422982435003442,-11.546749859335511,-12.324053977042976,-2.6217769075605197,-8.27072970519755,-0.7773041177074642,-5.64895279763703,False,False,0.006737946999085467,0.028724639654239433,4.263114515168817,0.03982111303073167,0.01667132836258672,0.41865550944597474,-5.4894444320669615,-3.223358029186456,-4.094064899576141,-2.320706870389685,1.776641970813544,-0.7550433375049563,-0.0438698618907294,2.320706870389685,1.776641970813544,0.7550433375049563,0.0438698618907294,True,True,strong,low,high,mid,-0.1024273536442506,0.10644871493790764,0.007612895513593188,0.007274297299791985,0.013806562149535543,1200,500,10,73.32468843460083
-5,1.45,0.58,0.048,71,503349560,True,,60,-0.15,-0.19455339824189907,0.03333977444719099,-3.409801434918214,2.0826649759553963,0.007049176629000911,-0.2102639780419457,0.15968533967410511,-3.1970123978429026,0.013657820982550186,-0.8836641758130256,0.1602400662255817,18.70439445948445,16.697858381339564,1.0439042420386073,-2.0065360781448867,True,False,0.006737946999085467,0.028724639654239433,4.263114515168817,0.033047761855960735,0.26523568816593507,8.02582908101219,-4.954844459191104,-3.409801434918214,-1.3271364589628178,0.6326649759553964,1.5901985650817858,-0.546660225552809,-0.04095082337099909,0.6326649759553964,1.5901985650817858,0.546660225552809,0.04095082337099909,True,True,strong,low,high,mid,-0.16535827976804995,0.10575339294641992,0.007672725145517752,0.007490642791569,0.009912581379491343,1200,500,10,68.52580118179321
-5,1.45,0.58,0.048,72,1141867997,True,,60,-0.15,-0.12999651619424546,0.15065097645039746,-3.542747299516837,1.4073493444968395,0.003608197139921286,-0.1056976403857811,0.40431096641034553,-3.306079901378349,0.003780522077968455,-10.763816760697619,-8.662679270373784,-1.055910710284735,-0.9479802918591673,2.1011374903238345,0.10793041842556761,True,True,0.006737946999085467,0.028724639654239433,4.263114515168817,0.028933728173808994,0.11819754371015694,4.085112813672942,-5.62454703860669,-3.542747299516837,-2.1353979550199975,-0.042650655503160495,1.457252700483163,-0.42934902354960247,-0.04439180286007872,0.042650655503160495,1.457252700483163,0.42934902354960247,0.04439180286007872,True,True,strong,low,high,mid,-0.18392798098522342,0.09293284681614816,0.007563413469920852,0.007310255370605723,0.00981614114571554,1200,500,10,92.0579161643982
-5,1.45,0.58,0.048,73,1752845019,True,,60,-0.15,-0.14966555577201934,0.21879022739996884,-2.4211185510167486,-2.063535471175543,0.0064896335527625,-0.168663724980554,0.3761994574552234,-2.969280266463347,0.009477502627459184,4.876490707673184,6.414446140143918,30.224704226456872,29.206270529176237,1.537955432470734,-1.018433697280635,True,False,0.006737946999085467,0.028724639654239433,4.263114515168817,0.08882220970045568,0.011280789748565952,0.12700415567918572,-5.037549213225046,-2.4211185510167486,-4.4846540221922915,-3.513535471175543,2.5788814489832514,-0.3612097726000311,-0.041510366447237504,3.513535471175543,2.5788814489832514,0.3612097726000311,0.041510366447237504,True,True,strong,low,high,mid,-0.17489174126242385,0.11329892635053462,0.007704759383394108,0.007446475857186957,0.011404069032384688,1200,500,10,72.06296229362488
-5,1.45,0.58,0.048,74,1250578925,True,,60,-0.15,-0.11629542780292375,0.20501313345446853,-2.9576924881232016,0.0718800042215627,0.006982758011044246,-0.12362446246431946,0.3716418265169844,-3.7970236495743857,0.03254371478479324,0.5041862737275966,0.7312010650111566,21.480095358565695,17.839780378910714,0.22701479128355995,-3.640314979654981,True,False,0.006737946999085467,0.028724639654239433,4.263114515168817,0.05193862800350884,0.05580942684987856,1.0745263976959154,-4.964311309729265,-2.9576924881232016,-2.885812483901639,-1.3781199957784374,2.0423075118767984,-0.3749868665455314,-0.041017241988955754,1.3781199957784374,2.0423075118767984,0.3749868665455314,0.041017241988955754,True,True,strong,low,high,mid,-0.14099754458698216,0.10872703503813452,0.007598663927498995,0.007361154219381546,0.010337993239344624,1200,500,10,77.66046214103699
-5,1.45,0.58,0.048,75,385266590,True,,60,-0.15,-0.154567462354252,0.11065517369721226,-3.0956104050761155,0.11262302533043243,0.004258100922464109,-0.15820130253478698,0.16942956230399317,-3.3687904626860243,0.01340824366604699,-4.498229745348928,-4.275979676850882,11.475263320412648,7.825418895186637,0.2222500684980453,-3.6498444252260107,True,False,0.006737946999085467,0.028724639654239433,4.263114515168817,0.045247384795719124,0.050641322804999694,1.1192099396160213,-5.458932010944832,-3.0956104050761155,-2.982987379745683,-1.3373769746695676,1.9043895949238845,-0.46934482630278773,-0.043741899077535895,1.3373769746695676,1.9043895949238845,0.46934482630278773,0.043741899077535895,True,True,strong,low,high,mid,-0.17337001160098003,0.12488858507808827,0.007865721090344118,0.0077214866142372674,0.011328073527274338,1200,500,10,78.92663097381592
-5,1.45,0.58,0.048,76,1259950967,True,,60,-0.15,-0.07244008703112058,0.24911296613689105,-3.3022048233588914,-1.0193113833628118,0.004054291764366907,-0.06845344870614312,0.36785310811178806,-4.021634693181916,0.01713037777774279,-13.98096284475958,-13.782603430774989,-7.490202878408656,-11.187828612661576,0.19835941398459056,-3.69762573425292,True,False,0.006737946999085467,0.028724639654239433,4.263114515168817,0.03680193611542917,0.013279733449332377,0.36084333736357066,-5.507979264038578,-3.3022048233588914,-4.321516206721704,-2.469311383362812,1.6977951766411086,-0.3308870338631089,-0.043945708235633096,2.469311383362812,1.6977951766411086,0.3308870338631089,0.043945708235633096,True,True,strong,low,high,mid,-0.13087831337657527,0.10801693679943355,0.007675679291456247,0.007517000819179623,0.010008946372460806,1200,500,10,72.19507384300232
-5,1.45,0.58,0.048,77,276555662,True,,60,-0.15,-0.07851493683346315,-0.18286166482822497,-3.6289052801666744,3.0237859850990563,0.011283939403669634,-0.10399591311118969,-0.35033829931787486,-3.2562638454459307,0.03102189454163765,6.408227857883398,5.470723706376939,33.2881785268773,27.31882566164228,-0.9375041515064595,-5.969352865235024,False,False,0.006737946999085467,0.028724639654239433,4.263114515168817,0.02654522809632052,0.5460092865395825,20.569018452520503,-4.484374855967615,-3.6289052801666744,-0.6051192950676181,1.5737859850990563,1.3710947198333256,-0.7628616648282249,-0.03671606059633037,1.5737859850990563,1.3710947198333256,0.7628616648282249,0.03671606059633037,True,True,strong,low,high,mid,-0.09950536176065691,0.09589744276326005,0.0076545661132178455,0.0074688139534629045,0.009768017621304895,1200,500,10,72.71258354187012
-5,1.45,0.58,0.048,78,1368661895,True,,60,-0.15,-0.12605327725980253,-0.05168170661721229,-3.0370171280964433,1.296678455661515,0.008124325641297179,-0.13001174316743153,-0.1615560134173415,-4.458554134432383,0.060275055465472585,7.699372095870982,6.701768249701798,35.870467002852465,29.780914748292,-0.9976038461691834,-6.089552254560466,False,False,0.006737946999085467,0.028724639654239433,4.263114515168817,0.047977787859886926,0.17546096676041287,3.6571291547001805,-4.812892552205053,-3.0370171280964433,-1.7403386724349283,-0.153321544338485,1.9629828719035567,-0.6316817066172122,-0.039875674358702824,0.153321544338485,1.9629828719035567,0.6316817066172122,0.039875674358702824,True,True,strong,low,high,mid,-0.13388894589064926,0.10727994717253053,0.007602758138620433,0.007352533185663245,0.010556056577448809,1200,500,10,63.485315561294556
-5,1.45,0.58,0.048,79,767056915,True,,60,-0.15,-0.10278186668998567,0.07948353454893672,-2.872201748897972,-0.006428180787976547,0.006037399688179224,-0.11517193970809197,0.28150471666835264,-3.8782262146418494,0.03975385809341275,1.32041378916434,1.3724134849125935,23.112550389439182,19.12220521871359,0.05199969574825358,-3.9903451707255932,True,False,0.006737946999085467,0.028724639654239433,4.263114515168817,0.05657422710956961,0.05621172411542387,0.9935924357668438,-5.109781874935805,-2.872201748897972,-2.8786299296859488,-1.4564281807879764,2.127798251102028,-0.5005164654510632,-0.04196260031182078,1.4564281807879764,2.127798251102028,0.5005164654510632,0.04196260031182078,True,True,strong,low,high,mid,-0.11652702952598154,0.13642482244309492,0.007979183058544462,0.0077031345387943255,0.011845836376305855,1200,500,10,68.35900902748108
-5,1.45,0.58,0.048,80,1378033937,True,,60,-0.15,-0.14216032682910182,-0.10639703115057428,-2.9015065893351055,-0.7859780029305254,0.00391458111877696,-0.14183980088656672,-0.5534034595910837,-5.236128577551698,0.043377125414825336,-3.975570457830856,-4.1307265568236895,12.52058189544879,8.115925135241023,-0.15515609899283334,-4.404656760207768,False,False,0.006737946999085467,0.028724639654239433,4.263114515168817,0.0549403850747054,0.02503489587801419,0.4556738334464327,-5.543046949190331,-2.9015065893351055,-3.6874845922656307,-2.2359780029305254,2.0984934106648945,-0.6863970311505743,-0.04408541888122304,2.2359780029305254,2.0984934106648945,0.6863970311505743,0.04408541888122304,True,True,strong,low,high,mid,-0.1339979093841192,0.09331855126427416,0.007567832116918456,0.007461067852254671,0.009108210259490244,1200,500,10,72.50427222251892
-5,1.45,0.58,0.048,81,1271715804,True,,60,-0.15,-0.11400800879191095,0.05122794647282234,-2.993540631403319,0.43913755623003886,0.00615795710254501,-0.11115692215188468,0.04795334226209582,-5.219378255666461,0.05550509412662783,1.3927162284084909,1.2151108700538231,23.257155267927484,18.80759998899605,-0.17760535835466773,-4.4495552789314345,False,False,0.006737946999085467,0.028724639654239433,4.263114515168817,0.05010970227769048,0.07773862233384007,1.5513686731371852,-5.090010195638388,-2.993540631403319,-2.55440307517328,-1.0108624437699611,2.006459368596681,-0.5287720535271776,-0.04184204289745499,1.0108624437699611,2.006459368596681,0.5287720535271776,0.04184204289745499,True,True,strong,low,high,mid,-0.16706374867868126,0.09036802783130243,0.00751681183834174,0.007293979348984207,0.009064817986605196,1200,500,10,67.59571766853333
-5,1.45,0.58,0.048,82,1486744865,True,,60,-0.15,-0.09867585489912611,0.1699781246590067,-3.0810554481772625,-0.059808221648147364,0.005977152296236137,-0.07527531600994809,0.40684065742987435,-3.037273601259483,0.005050840193048765,-3.156124567683407,-2.0585420972024573,14.159473675743689,12.260294054483488,1.0975824704809498,-1.8991796212602008,True,False,0.006737946999085467,0.028724639654239433,4.263114515168817,0.04591077462501821,0.043245431993685086,0.9419451609539888,-5.119811029083824,-3.0810554481772625,-3.1408636698254098,-1.5098082216481474,1.9189445518227375,-0.41002187534099327,-0.04202284770376386,1.5098082216481474,1.9189445518227375,0.41002187534099327,0.04202284770376386,True,True,strong,low,high,mid,-0.15211464243411005,0.10973400796974851,0.007680682486736917,0.007509739741938927,0.010359640131753502,1200,500,10,63.690399169921875
-5,1.45,0.58,0.048,83,885139885,True,,60,-0.15,-0.09976702885220788,0.2730027602043915,-2.9269204416116645,-0.27206299929356303,0.007969384431914965,-0.09386792736780375,0.3877061299970566,-2.9735628994429453,0.006907639687482569,0.6268225807096816,1.1731797588210062,21.725367972529867,18.723737766530412,0.5463571781113247,-3.0016302059994544,True,False,0.006737946999085467,0.028724639654239433,4.263114515168817,0.053561730902252386,0.04080366223635778,0.761806266321425,-4.832148024807135,-2.9269204416116645,-3.1989834409052276,-1.722062999293563,2.0730795583883355,-0.30699723979560845,-0.040030615568085036,1.722062999293563,2.0730795583883355,0.30699723979560845,0.040030615568085036,True,True,strong,low,high,mid,-0.12829346528348057,0.0969277197094623,0.007603970859853698,0.007531393782680966,0.008925922675726955,1200,500,10,76.47674894332886
-5,1.45,0.58,0.048,84,1764609856,True,,60,-0.15,-0.21566994303415316,0.18524719943908718,-3.340680433200316,-0.27117732956716983,0.004585962842116482,-0.21860412774254523,0.42390870161775657,-3.2876858269397164,0.003298942346578781,-10.55558514714513,-8.926505165787008,-0.6394474831797581,-1.475632082685614,1.6290799813581227,-0.8361845995058559,True,False,0.006737946999085467,0.028724639654239433,4.263114515168817,0.03541285344065318,0.027001637605338753,0.7624812739416661,-5.384755197039676,-3.340680433200316,-3.6118577627674857,-1.7211773295671697,1.659319566799684,-0.3947528005609128,-0.04341403715788352,1.7211773295671697,1.659319566799684,0.3947528005609128,0.04341403715788352,True,True,strong,low,high,mid,-0.18774443727942505,0.08944428743201123,0.007586876638275112,0.0074487052916906715,0.009220317151953624,1200,500,10,79.36004066467285
-5,1.45,0.58,0.048,85,993850813,True,,60,-0.15,-0.16017256504852034,0.09537899350237551,-2.421793292618146,-3.6542068535093586,0.00795980534704008,-0.16648341203740757,0.24214387811515106,-2.920228770272199,0.007441384888933302,2.2754083565191543,4.8241457403467605,25.02253952414881,26.02566972958192,2.548737383827606,1.0031302054331093,True,True,0.006737946999085467,0.028724639654239433,4.263114515168817,0.08876229787521624,0.002297347353673066,0.02588201757578112,-4.833350733314284,-2.421793292618146,-6.076000146127504,-5.104206853509359,2.578206707381854,-0.48462100649762446,-0.04004019465295992,5.104206853509359,2.578206707381854,0.48462100649762446,0.04004019465295992,True,True,strong,low,high,mid,-0.15017754968803826,0.10473343881900651,0.007633586137406615,0.007447555157217254,0.009558432135434463,1200,500,10,87.9300582408905
-5,1.45,0.58,0.048,86,1655898928,True,,60,-0.15,-0.16890221142983625,-0.13533207213218051,-2.0565737751851354,-4.390984621681625,0.008076159639116407,-0.15960852958141256,-0.2589821073995562,-3.235506661587989,0.027390536740744324,3.741328590939028,5.858876567597737,27.95437999298856,28.095131384083878,2.117547976658709,0.14075139109531776,True,True,0.006737946999085467,0.028724639654239433,4.263114515168817,0.12789140479646363,0.0015843858915349624,0.012388525202741174,-4.818838811624832,-2.0565737751851354,-6.447558396866761,-5.840984621681625,2.9434262248148646,-0.7153320721321805,-0.039923840360883596,5.840984621681625,2.9434262248148646,0.7153320721321805,0.039923840360883596,True,True,strong,low,high,mid,-0.12821045141247547,0.10349153447008824,0.007638846801599931,0.007548328167549761,0.00975318524430026,1200,500,10,72.36520648002625
-5,1.45,0.58,0.048,87,1003222855,True,,60,-0.15,-0.10722608754981969,0.2683499581855621,-2.458514667294542,-3.7334705105283046,0.006544033109936205,-0.12282059023855937,0.3927761473058111,-3.5372657641533913,0.02145591392477282,-2.7509265117526307,-2.3133094493633792,14.96986978760524,11.750759350161644,0.43761706238925147,-3.2191104374435966,True,False,0.006737946999085467,0.028724639654239433,4.263114515168817,0.08556194458472094,0.00204576151910638,0.023909712770503105,-5.029201620107663,-2.458514667294542,-6.191985177822847,-5.183470510528305,2.541485332705458,-0.31165004181443784,-0.0414559668900638,5.183470510528305,2.541485332705458,0.31165004181443784,0.0414559668900638,True,True,strong,low,high,mid,-0.13710508914207356,0.09304824154932904,0.007510152223294865,0.007287934411998137,0.009352339863987393,1200,500,10,88.54099154472351
-5,1.45,0.58,0.048,88,1646526886,True,,60,-0.15,-0.1765656403725534,0.13462502730086187,-2.482647135995884,-1.1610044981744687,0.006637758878431721,-0.18149012922701643,0.3406263722355523,-3.3024195801636727,0.0316416360915489,6.035980994059311,6.164748974488138,32.543684799229126,28.706876197864677,0.12876798042882687,-3.8368086013644493,True,False,0.006737946999085467,0.028724639654239433,4.263114515168817,0.08352183903475938,0.026156654826606007,0.3131714426896224,-5.014980890774394,-2.482647135995884,-3.643651634170353,-2.6110044981744687,2.517352864004116,-0.44537497269913806,-0.04136224112156828,2.6110044981744687,2.517352864004116,0.44537497269913806,0.04136224112156828,True,True,strong,low,high,mid,-0.1568994582407435,0.09192681947162484,0.0074622402134006905,0.0072200424395118135,0.010925208925819834,1200,500,10,60.9285614490509
-5,1.45,0.58,0.048,89,1111933783,True,,60,-0.15,-0.14908293710951134,-0.24726018147627926,-2.083799555017288,-2.8338570318817307,0.0063301196258611905,-0.13428839160095427,-0.19476420369017053,-2.5347595467580897,0.005926399913013727,7.443794714902627,9.006964838846244,35.359312240915756,34.39130792658089,1.5631701239436167,-0.9680043143348627,True,False,0.006737946999085467,0.028724639654239433,4.263114515168817,0.12445643362786506,0.007316255783203975,0.05878567760570886,-5.062436144764307,-2.083799555017288,-4.917656586899019,-4.28385703188173,2.916200444982712,-0.8272601814762792,-0.04166988037413881,4.28385703188173,2.916200444982712,0.8272601814762792,0.04166988037413881,True,True,strong,low,high,mid,-0.14749801812913224,0.09926930685290772,0.007564901480878101,0.007299557227495472,0.010059715312168007,1200,500,10,64.71108174324036
-5,1.45,0.58,0.048,90,1537815958,True,,60,-0.15,-0.1851924296130995,-0.12984712569937665,-2.895099581502191,0.8167591031636533,0.007051132241477705,-0.1803462441015829,-0.23689919215748825,-4.92442159275929,0.06277307216524153,6.23057882595779,6.060696181434393,32.93288046302608,28.498770611757188,-0.16988264452339674,-4.434109851268893,False,False,0.006737946999085467,0.028724639654239433,4.263114515168817,0.05529351860887938,0.12513770871675972,2.2631532929189335,-4.954567073424977,-2.895099581502191,-2.0783404783385375,-0.6332408968363467,2.104900418497809,-0.7098471256993766,-0.040948867758522293,0.6332408968363467,2.104900418497809,0.7098471256993766,0.040948867758522293,True,True,strong,low,high,mid,-0.1474267782287667,0.106022867893576,0.007637792698685744,0.00744235601243103,0.010348356877750242,1200,500,10,65.2878270149231
-5,1.45,0.58,0.048,91,2139420938,True,,60,-0.15,-0.10361943792371398,0.09702128248023469,-2.9339921167739957,-1.1677526360576382,0.0057290545041296485,-0.12928764252572236,0.24311429315175476,-3.139237158124355,0.006635145984434797,-3.7023922087998202,-2.5012926749534423,13.066938393510863,11.374792898981518,1.201099533846378,-1.6921454945293455,True,False,0.006737946999085467,0.028724639654239433,4.263114515168817,0.05318429586209376,0.01654378538972026,0.3110652331022318,-5.162204769876104,-2.9339921167739957,-4.1017447528316335,-2.617752636057638,2.0660078832260043,-0.4829787175197653,-0.04227094549587035,2.617752636057638,2.0660078832260043,0.4829787175197653,0.04227094549587035,True,True,strong,low,high,mid,-0.12001775109018653,0.1068334654836607,0.00762268265454013,0.007312566862138502,0.011033489891522783,1200,500,10,79.30288219451904
-5,1.45,0.58,0.048,92,1528443916,True,,60,-0.15,-0.16723718867860132,-0.04317156550852813,-2.5310847375478143,-3.4255707546423215,0.004072551086324956,-0.13697909180219706,-0.06944830192628397,-5.503157943548875,0.04726611894943395,-4.833093330949419,-3.6001934064662238,10.805536149211665,9.176991435955955,1.232899924483195,-1.6285447132557103,True,False,0.006737946999085467,0.028724639654239433,4.263114515168817,0.07957265800424485,0.002588554952968513,0.032530708636507075,-5.503485673349451,-2.5310847375478143,-5.956655492190135,-4.875570754642322,2.4689152624521857,-0.6231715655085281,-0.043927448913675046,4.875570754642322,2.4689152624521857,0.6231715655085281,0.043927448913675046,True,True,strong,low,high,mid,-0.14735797513434282,0.08492091167120298,0.007448968450647989,0.007352153173181112,0.009672042099221793,1200,500,10,83.79093217849731
-5,1.45,0.58,0.048,93,2030710010,True,,60,-0.15,-0.1203042305140739,0.1551923743268338,-2.658352108319343,-2.3195828634740767,0.0070228533628801226,-0.14631196333235175,0.3962611781114999,-2.8098594102140773,0.006505331414142041,3.466655763249709,5.148905458043821,27.40503433760992,26.675189164976043,1.6822496947941117,-0.7298451726338762,True,False,0.006737946999085467,0.028724639654239433,4.263114515168817,0.07006358386337704,0.006888272357340399,0.09831458765758304,-4.958585681578962,-2.658352108319343,-4.97793497179342,-3.769582863474077,2.341647891680657,-0.42480762567316616,-0.04097714663711988,3.769582863474077,2.341647891680657,0.42480762567316616,0.04097714663711988,True,True,strong,low,high,mid,-0.127646464694425,0.0980815563967822,0.007523115586628267,0.007296897419716351,0.011510972613336624,1200,500,10,93.01454973220825
-5,1.45,0.58,0.048,94,1419732988,True,,60,-0.15,-0.13797602402283476,0.36473578723150574,-2.693705050710091,-3.357341258919023,0.004321929886041808,-0.1195801538146413,0.42605625765620164,-3.3967863504632003,0.007286589133788009,-9.252905274546405,-8.091012112858227,1.9659122620176923,0.19535402317194794,1.1618931616881785,-1.7705582388457444,True,False,0.006737946999085467,0.028724639654239433,4.263114515168817,0.06762990238869036,0.0023553962429697295,0.034827733883638114,-5.444053243601495,-2.693705050710091,-6.051046309629114,-4.807341258919023,2.306294949289909,-0.21526421276849422,-0.04367807011395819,4.807341258919023,2.306294949289909,0.21526421276849422,0.04367807011395819,True,True,strong,low,high,mid,-0.11922255009146514,0.11813420080732936,0.00787308776943364,0.007903295816867646,0.009594830149967903,1200,500,10,89.56932878494263
-5,1.45,0.58,0.048,95,2021337968,True,,60,-0.15,-0.13775629112655666,0.12129173623756742,-3.169429334543314,0.5967393242184196,0.006027660386616094,-0.17508439085081248,0.38648442554528706,-3.6139492009375616,0.028202256911348138,-0.28949837717426957,-1.5813394112054966,19.892726056761965,13.21469942647741,-1.291841034031227,-6.678026630284556,False,False,0.006737946999085467,0.028724639654239433,4.263114515168817,0.04202757474655294,0.07632994067992416,1.8161871376169438,-5.11139633911886,-3.169429334543314,-2.5726900103248944,-0.8532606757815804,1.830570665456686,-0.45870826376243257,-0.04197233961338391,0.8532606757815804,1.830570665456686,0.45870826376243257,0.04197233961338391,True,True,strong,low,high,mid,-0.135206705669764,0.12292360548208946,0.007815526297464412,0.007825667777209378,0.010151408492702636,1200,500,10,83.11071252822876
-5,1.45,0.58,0.048,96,1410360946,True,,60,-0.15,-0.09806346201132332,0.14996152327545928,-3.3027986534749014,1.1302974138331305,0.00483861638926671,-0.10133580175998608,0.39249576338527875,-4.0625751613735375,0.0344291915746549,-3.102539621540658,-3.249122907799336,14.266643568029187,9.87913243328973,-0.14658328625867778,-4.387511134739457,False,False,0.006737946999085467,0.028724639654239433,4.263114515168817,0.03678008850496289,0.11389238819061115,3.096577328117173,-5.331126469108427,-3.3027986534749014,-2.172501239641771,-0.3197025861668694,1.6972013465250986,-0.43003847672454065,-0.043161383610733295,0.3197025861668694,1.6972013465250986,0.43003847672454065,0.043161383610733295,True,True,strong,low,high,mid,-0.10835925902575153,0.113299804965715,0.007836803711778063,0.007808526029198382,0.009423906419477256,1200,500,10,65.88753151893616
-5,1.45,0.58,0.048,97,1912627040,True,,60,-0.15,-0.07727192265520252,-0.14747546369408288,-3.2028228528358667,-0.04329863793090465,0.004788256230991974,-0.07126028707767931,-0.17780247873428673,-3.743390968507666,0.021387082727197717,-7.984406391726603,-8.114970876862266,4.502910027657297,0.1474364951638698,-0.13056448513566288,-4.355473532493427,False,False,0.006737946999085467,0.028724639654239433,4.263114515168817,0.04064730052933384,0.03892488596919673,0.9576253641027379,-5.341588977473527,-3.2028228528358667,-3.2461214907667713,-1.4932986379309046,1.7971771471641333,-0.7274754636940828,-0.04321174376900803,1.4932986379309046,1.7971771471641333,0.7274754636940828,0.04321174376900803,True,True,strong,low,high,mid,-0.15601549677684515,0.08924339780584863,0.007456609786593765,0.007218674048172318,0.009971572416664205,1200,500,10,75.68724226951599
-5,1.45,0.58,0.048,98,1880074164,True,,60,-0.15,-0.1000704977695236,0.18375360410438699,-2.8544065255115423,0.702737639125493,0.005759061058375013,-0.11475346554331647,0.3163806006020072,-2.7802509033191063,0.005572359449680037,6.498154764268935,8.263189458691352,33.468032339648374,32.903757166271106,1.7650346944224173,-0.5642751733772684,True,False,0.006737946999085467,0.028724639654239433,4.263114515168817,0.05758998917031749,0.11628992107297297,2.0192731887664617,-5.156980828260807,-2.8544065255115423,-2.1516688863860494,-0.7472623608745069,2.1455934744884577,-0.39624639589561295,-0.042240938941624985,0.7472623608745069,2.1455934744884577,0.39624639589561295,0.042240938941624985,True,True,strong,low,high,mid,-0.12321995215930596,0.10596995795410061,0.007678720238607829,0.007463174731585299,0.009550481584439052,1200,500,10,58.811275005340576
-5,1.45,0.58,0.048,99,1803916112,True,,60,-0.15,-0.15189006563133559,-0.06247051667120731,-2.9412405374120603,-0.25524392871156215,0.005014964966192213,-0.15704579679364383,0.07982008972306956,-5.927898360586989,0.05479662012468732,-0.7530046710834333,-0.5429721895980911,18.965713468943637,15.29143386969222,0.21003248148534215,-3.674279599251417,True,False,0.006737946999085467,0.028724639654239433,4.263114515168817,0.052800187485627925,0.04090575707236305,0.7747274966305276,-5.295328843396784,-2.9412405374120603,-3.1964844661236222,-1.7052439287115622,2.0587594625879397,-0.6424705166712072,-0.04298503503380779,1.7052439287115622,2.0587594625879397,0.6424705166712072,0.04298503503380779,True,True,strong,low,high,mid,-0.1450120805957912,0.0742409776438709,0.007332732104631051,0.007191680942949703,0.008846521757656971,1200,500,10,68.16573357582092
-2.4,-0.55,0.58,0.048,0,1600373964,True,,60,-0.15,-0.18735533443216806,0.4462503282666994,-1.312520465220019,-3.1773477123852283,0.01761909637227479,-0.11981326724075655,0.44417284839625965,-2.1830662515591266,0.025377040141392748,23.192609456868578,25.44089538349611,66.85694172484766,67.25916901588062,2.2482859266275312,0.4022272910329576,True,True,0.09071795328941251,0.05233970594843238,0.5769498103804866,0.26914084064630206,0.011222123039222386,0.041696098638445624,-4.038771943996062,-1.312520465220019,-4.489868177605247,-2.6273477123852285,1.0874795347799808,-0.13374967173330055,-0.03038090362772521,2.6273477123852285,1.0874795347799808,0.13374967173330055,0.03038090362772521,False,False,ictal_scale,mid,high,mid,-0.09103619241936586,0.35266478453632133,0.07736833414917207,0.07755746301468938,0.09071795328941251,1200,500,10,58.03320932388306
-2.4,-0.55,0.58,0.048,1,44843593,True,,60,-0.15,-0.13542326588040973,0.33308407393887735,-2.4551932023556877,-0.02149660271350394,0.013626860625358058,-0.12897176323101983,0.4199503864196193,-2.581610914974859,0.022541366155025874,16.09803009375359,15.987146205803125,52.66778299861768,48.35167066049465,-0.11088388795046455,-4.316112338123034,False,False,0.09071795328941251,0.05233970594843238,0.5769498103804866,0.08584660807195173,0.08402089130331457,0.9787328024992327,-4.295712388096944,-2.4551932023556877,-2.4766898050691917,0.5285033972864961,-0.05519320235568781,-0.24691592606112261,-0.03437313937464194,0.5285033972864961,0.05519320235568781,0.24691592606112261,0.03437313937464194,False,False,ictal_scale,mid,high,mid,-0.10622108226707862,0.31280833655215873,0.08046239691746124,0.0821678640570502,0.09071795328941251,1200,500,10,56.77638649940491
-2.4,-0.55,0.58,0.048,2,1491663036,True,,60,-0.15,-0.15666441830300626,0.5922836179390969,-1.8635974542053697,-2.4981216979332532,0.021656177503848857,-0.16624973529306286,0.5147462898534588,-2.3950883303382735,0.010081990123590324,18.111337750172815,20.11475717900252,56.69439831145613,56.60689260689344,2.003419428829705,-0.08750570456269458,True,False,0.09071795328941251,0.05233970594843238,0.5769498103804866,0.15511361133479176,0.012756438529424164,0.0822393239358673,-3.832464530183186,-1.8635974542053697,-4.3617191521386225,-1.9481216979332532,0.5364025457946302,0.012283617939096936,-0.026343822496151144,1.9481216979332532,0.5364025457946302,0.012283617939096936,0.026343822496151144,False,False,ictal_scale,mid,high,mid,-0.1617454474605119,0.3049308085028507,0.07972882469899807,0.08136841862376752,0.09071795328941251,1200,500,10,69.1712396144867
-2.4,-0.55,0.58,0.048,3,153554521,True,,60,-0.15,-0.07504492268213767,0.4873041699515087,-1.4912132938002673,-2.5900423191720003,0.014976328914449187,-0.15235662966863417,0.43760145442739806,-2.1270234927576874,0.01797515422723762,23.856448939901778,25.21425161952754,68.18462069091406,66.80588148794348,1.3578026796257632,-1.3787392029705785,True,False,0.09071795328941251,0.05233970594843238,0.5769498103804866,0.22509937811015218,0.016886249741777423,0.07501686536652333,-4.201284396717701,-1.4912132938002673,-4.081255612972267,-2.0400423191720005,0.9087867061997326,-0.09269583004849125,-0.033023671085550814,2.0400423191720005,0.9087867061997326,0.09269583004849125,0.033023671085550814,False,False,ictal_scale,mid,high,mid,-0.16929832961373373,0.31799368083634255,0.07899505313383133,0.07987474894554061,0.09071795328941251,1200,500,10,67.30383086204529
-2.4,-0.55,0.58,0.048,4,348711573,True,,60,-0.15,-0.08727644186296124,0.4737690444838585,-2.638639617312666,1.3525932865216643,0.015561540337655003,-0.11665395281074303,0.42470783909833576,-2.4236826085286722,0.02952489172021551,21.49368436407622,21.713295327023786,63.45909153926294,59.80396890293598,0.21961096294756643,-3.655122636326965,True,False,0.09071795328941251,0.05233970594843238,0.5769498103804866,0.07145841425403751,0.2763612669948191,3.867441922407399,-4.162952771708859,-2.638639617312666,-1.2860463307910015,1.9025932865216644,-0.23863961731266592,-0.10623095551614148,-0.032438459662345,1.9025932865216644,0.23863961731266592,0.10623095551614148,0.032438459662345,False,False,ictal_scale,mid,high,mid,-0.11525374290131554,0.30289695901953073,0.08010076279516423,0.08217992192723102,0.09071795328941251,1200,500,10,65.91747546195984
-2.4,-0.55,0.58,0.048,5,162926563,True,,60,-0.15,0.03567319366312218,0.6470270213451045,-1.2173430390124231,-4.463046889433957,0.01971208115086542,-0.05782493453318274,0.4713612287512136,-2.1732397367835086,0.015178295018996125,21.47057973814724,21.439229574027134,63.41288228740498,59.25583739694267,-0.03135016412010572,-4.157044890462316,False,False,0.09071795328941251,0.05233970594843238,0.5769498103804866,0.2960156249634967,0.0034122276593271123,0.011527187660272636,-3.9265235748139427,-1.2173430390124231,-5.68038992844638,-3.913046889433957,1.1826569609875768,0.06702702134510452,-0.02828791884913458,3.913046889433957,1.1826569609875768,0.06702702134510452,0.02828791884913458,False,False,ictal_scale,mid,high,mid,-0.05163157746673022,0.35017439980627135,0.07892557600193352,0.0819007543440275,0.09071795328941251,1200,500,10,64.58544325828552
-2.4,-0.55,0.58,0.048,6,339339531,True,,60,-0.15,-0.0174406329470334,0.17795117588764414,-2.0369341848679796,-0.6668983551402319,0.008706077177162144,-0.026809684454813437,0.3491180329461434,-2.9791811844383123,0.07140661677057605,23.210005431494523,22.639410514946334,66.89173367409956,61.656199278781074,-0.5705949165481883,-5.235534395318481,False,False,0.09071795328941251,0.05233970594843238,0.5769498103804866,0.13042796657719113,0.06694843786294487,0.5132981799829166,-4.743733971066818,-2.0369341848679796,-2.7038325400082117,-0.11689835514023184,0.3630658151320203,-0.4020488241123558,-0.039293922822837855,0.11689835514023184,0.3630658151320203,0.4020488241123558,0.039293922822837855,False,False,ictal_scale,mid,high,mid,0.005001485227852348,0.317258191071056,0.07790492083231484,0.07862454612697893,0.09071795328941251,1200,500,10,60.976497650146484
-2.4,-0.55,0.58,0.048,7,271637491,True,,60,-0.15,0.005029100375463662,0.5294504029528228,-2.1124644226705027,-0.144249528570295,0.01631457926542316,-0.02606805473623157,0.4599984189835896,-2.064784913341377,0.020375642113844745,25.425014573820157,26.168197454501108,71.32175195875081,68.71377315789061,0.7431828806809513,-2.607978800860195,True,False,0.09071795328941251,0.05233970594843238,0.5769498103804866,0.12093955270019385,0.10469394954767952,0.8656717112821909,-4.115696137475126,-2.1124644226705027,-2.2567139512407977,0.40575047142970505,0.2875355773294972,-0.05054959704717721,-0.03168542073457684,0.40575047142970505,0.2875355773294972,0.05054959704717721,0.03168542073457684,False,False,ictal_scale,mid,high,mid,-0.053941622509968846,0.3867784319968739,0.07790191794526372,0.08093751017163064,0.09071795328941251,1200,500,10,52.93976593017578
-2.4,-0.55,0.58,0.048,8,230628603,True,,60,-0.15,-0.21307278631972446,0.3150077422966271,-2.769200393826278,1.2046843584661053,0.01305504431543449,-0.1592170865549613,0.3974640685325973,-2.3441332444982184,0.007690457095357582,14.841323962510902,16.927694648209155,50.15437073613231,50.232767545306714,2.0863706856982525,0.07839680917440717,True,True,0.09071795328941251,0.05233970594843238,0.5769498103804866,0.06271212970544714,0.20918922886870378,3.335706024516239,-4.3385806823186535,-2.769200393826278,-1.5645160353601726,1.7546843584661054,-0.369200393826278,-0.26499225770337287,-0.034944955684565515,1.7546843584661054,0.369200393826278,0.26499225770337287,0.034944955684565515,False,False,ictal_scale,mid,high,mid,-0.20121073292464736,0.2721272167870443,0.08088341656119424,0.08177393239694714,0.09071795328941251,1200,500,10,54.95598340034485
-2.4,-0.55,0.58,0.048,9,281009533,True,,60,-0.15,-0.13841035257684622,0.35404344540618216,-2.597160551967587,1.2121815613801061,0.016623664610653198,-0.1088742393298004,0.3879160568502977,-2.1665079320735368,0.026053434324464244,26.384591127662997,26.00416546775177,73.2409050664365,68.38570918439194,-0.38042565991122856,-4.855195882044555,False,False,0.09071795328941251,0.05233970594843238,0.5769498103804866,0.07448477387751354,0.2503290590029156,3.3608084709308392,-4.096928019837614,-2.597160551967587,-1.3849789905874808,1.7621815613801062,-0.19716055196758697,-0.2259565545938178,-0.0313763353893468,1.7621815613801062,0.19716055196758697,0.2259565545938178,0.0313763353893468,False,False,ictal_scale,mid,high,mid,-0.13371303867658366,0.3388890994247706,0.07868237782090413,0.07922718861325079,0.09071795328941251,1200,500,10,48.95120167732239
-2.4,-0.55,0.58,0.048,10,1926227086,True,,60,-0.15,-0.10970072798688471,0.5499986908128686,-2.1668311800156532,-0.754398010681991,0.011880783948271781,-0.10195377834451114,0.539594069189207,-2.452163170472522,0.011875700054538803,18.3548364464124,19.010434666436588,57.1813957039353,54.39824758176158,0.6555982200241885,-2.7831481221737207,True,False,0.09071795328941251,0.05233970594843238,0.5769498103804866,0.1145399990837685,0.05386743324141523,0.4702936412808894,-4.432832978313044,-2.1668311800156532,-2.921229190697644,-0.20439801068199093,0.2331688199843467,-0.030001309187131397,-0.03611921605172822,0.20439801068199093,0.2331688199843467,0.030001309187131397,0.03611921605172822,False,False,ictal_scale,mid,high,mid,-0.1819674953359302,0.385551612238943,0.07619646022868058,0.07685233680385248,0.09071795328941251,1200,500,10,52.48881125450134
-2.4,-0.55,0.58,0.048,11,723522655,True,,60,-0.15,-0.15945819255620447,0.4882765390036309,-1.8063006296107749,-1.872149578957886,0.018064627529343298,-0.20354196275942527,0.4789568332068032,-2.3360822974789723,0.02207356397295506,22.237611277530227,23.31110247170204,64.94694536617095,62.99958319229248,1.0734911941718117,-1.9473621738784743,True,False,0.09071795328941251,0.05233970594843238,0.5769498103804866,0.1642606752839913,0.025262095492098964,0.15379271665858654,-4.01379953295417,-1.8063006296107749,-3.678450208568661,-1.3221495789578859,0.593699370389225,-0.09172346099636908,-0.029935372470656703,1.3221495789578859,0.593699370389225,0.09172346099636908,0.029935372470656703,False,False,ictal_scale,mid,high,mid,-0.20806028766262408,0.31740131480566797,0.07983500968253834,0.08176320696873571,0.09071795328941251,1200,500,10,59.5446400642395
-2.4,-0.55,0.58,0.048,12,112545633,True,,60,-0.15,-0.12083163451904141,0.34450552711763427,-2.2374226908823664,0.45498559905204783,0.015704552027032335,-0.14578069815819994,0.43098736644316565,-1.9829119162352118,0.014800897943206631,28.239189799191188,28.630193338519938,76.95010240949287,73.63776492592828,0.3910035393287501,-3.3123374835645905,True,False,0.09071795328941251,0.05233970594843238,0.5769498103804866,0.1067332347336876,0.1682276610171228,1.576150684806577,-4.153804670624245,-2.2374226908823664,-1.7824370918303187,1.004985599052048,0.16257730911763346,-0.2354944728823657,-0.03229544797296767,1.004985599052048,0.16257730911763346,0.2354944728823657,0.03229544797296767,False,False,ictal_scale,mid,high,mid,-0.14073123583074482,0.3651139827189389,0.07707890830378313,0.07741316953533912,0.09071795328941251,1200,500,10,60.609424352645874
-2.4,-0.55,0.58,0.048,13,714150613,True,,60,-0.15,-0.14126299537161052,0.4985273102892717,-1.8724761518183228,-0.23512087966061426,0.026918707842928172,-0.14207183941824497,0.3885036062934201,-1.8402422393466749,0.027745039931995483,32.68079594455157,33.19065688555172,85.83331470021363,82.75869201999184,0.5098609410001487,-3.0746226802217933,True,False,0.09071795328941251,0.05233970594843238,0.5769498103804866,0.15374250033128412,0.12152964776044876,0.7904752914683763,-3.6149337752488684,-1.8724761518183228,-2.107597031478937,0.3148791203393858,0.5275238481816771,-0.08147268971072824,-0.02108129215707183,0.3148791203393858,0.5275238481816771,0.08147268971072824,0.02108129215707183,False,False,ictal_scale,mid,high,mid,-0.14851516309174306,0.3918128356597097,0.0761031963968975,0.07711930049096344,0.09071795328941251,1200,500,10,61.65342330932617
-2.4,-0.55,0.58,0.048,14,2044310056,True,,60,-0.15,-0.15513492906566925,0.5365239771182516,-1.7304614265288047,-1.9514823851016176,0.016481630190356034,-0.1386930731651501,0.4659163260544452,-2.2056236442878348,0.021928608446146837,21.800207559391318,22.535661537499706,64.07213792989313,61.44870132388782,0.7354539781083886,-2.6234366060053134,True,False,0.09071795328941251,0.05233970594843238,0.5769498103804866,0.17720262511027723,0.025173993743818752,0.14206332286642143,-4.105508840075284,-1.7304614265288047,-3.6819438116304224,-1.4014823851016176,0.6695385734711952,-0.043476022881748344,-0.03151836980964397,1.4014823851016176,0.6695385734711952,0.043476022881748344,0.03151836980964397,False,False,ictal_scale,mid,high,mid,-0.16078349374642464,0.34165737895301246,0.07794359302123208,0.07867793917006599,0.09071795328941251,1200,500,10,68.01517534255981
-2.4,-0.55,0.58,0.048,15,605439685,True,,60,-0.15,-0.12953980904026852,0.3836534206434039,-1.9125455434674365,-2.299791132493406,0.009150151151310012,-0.10442006838161452,0.4267123513258331,-2.4600298741319593,0.013106218939103586,13.835224426747326,14.57044847133516,48.14217166460516,45.51827519155872,0.7352240445878344,-2.623896473046436,True,False,0.09071795328941251,0.05233970594843238,0.5769498103804866,0.14770392089289874,0.014811717685525048,0.10027978672458626,-4.693984880562295,-1.9125455434674365,-4.2123366759608425,-1.749791132493406,0.48745445653256336,-0.19634657935659605,-0.038849848848689986,1.749791132493406,0.48745445653256336,0.19634657935659605,0.038849848848689986,False,False,ictal_scale,mid,high,mid,-0.16477715962628378,0.313908814377616,0.07945053797043923,0.0807732862022538,0.09071795328941251,1200,500,10,64.98610830307007
-2.4,-0.55,0.58,0.048,16,1039777872,True,,60,-0.15,-0.2724174232797128,0.4810192164268345,-1.9057735312228457,-0.7619132525786523,0.01248967483714435,-0.2114636022406497,0.3972959209021643,-2.1817156901109866,0.018390440348178785,25.044779162544277,25.606069130850738,70.56128113619906,67.58951651058987,0.5612899683064612,-2.9717646256091825,True,False,0.09071795328941251,0.05233970594843238,0.5769498103804866,0.14870756817398295,0.06941260610492495,0.4667725184216212,-4.3828529890390735,-1.9057735312228457,-2.667686783801498,-0.21191325257865223,0.49422646877715426,-0.09898078357316548,-0.035510325162855655,0.21191325257865223,0.49422646877715426,0.09898078357316548,0.035510325162855655,False,False,ictal_scale,mid,high,mid,-0.25729063897458854,0.320073075527316,0.07902419566664408,0.07877477467199412,0.09071795328941251,1200,500,10,51.63063621520996
-2.4,-0.55,0.58,0.048,17,596067643,True,,60,-0.15,-0.24638466402249418,0.5566903795626909,-1.661407401477737,-1.5370685700658002,0.013323557431081386,-0.13998861488480685,0.44999889114423236,-2.060765846324997,0.019219794691847158,25.525748657615456,26.58488787311729,71.52322012634141,69.54715399512298,1.0591392155018333,-1.976066131218431,True,False,0.09071795328941251,0.05233970594843238,0.5769498103804866,0.18987156644327977,0.040824374099661026,0.2150104666243246,-4.318221575122405,-1.661407401477737,-3.1984759715435374,-0.9870685700658002,0.738592598522263,-0.02330962043730911,-0.034676442568918615,0.9870685700658002,0.738592598522263,0.02330962043730911,0.034676442568918615,False,False,ictal_scale,mid,high,mid,-0.1345424490915968,0.3612130537613277,0.07876326120506845,0.08127820582328055,0.09071795328941251,1200,500,10,73.2752754688263
-2.4,-0.55,0.58,0.048,18,1098333737,True,,60,-0.15,-0.1249937083021927,0.4652416228844365,-1.692242094933635,-2.107621053083775,0.012439949953775075,-0.14686517272892252,0.46208366270468115,-2.3414806042211205,0.016060141025264974,20.156774881011625,21.12055179933416,60.78527257313375,58.61848184755672,0.9637769183225338,-2.1667907255770302,True,False,0.09071795328941251,0.05233970594843238,0.5769498103804866,0.18410627714553499,0.022373833550140845,0.12152672845833744,-4.38684221468763,-1.692242094933635,-3.79986314801741,-1.557621053083775,0.7077579050663649,-0.11475837711556347,-0.03556005004622492,1.557621053083775,0.7077579050663649,0.11475837711556347,0.03556005004622492,False,False,ictal_scale,mid,high,mid,-0.13345646052985669,0.3094470508420845,0.07910160820407186,0.0787390091810881,0.09071795328941251,1200,500,10,53.78994107246399
-2.4,-0.55,0.58,0.048,19,487356715,True,,60,-0.15,-0.01330350100321748,0.4038666303204494,-1.6746031603472478,-1.106839387743065,0.02288257584500437,-0.009517626047458452,0.377915812756865,-2.0408320751189475,0.027413130346905876,31.091157673949585,31.581044309112308,82.65403815900967,79.53946686711302,0.4898866351627227,-3.1145712918966524,True,False,0.09071795328941251,0.05233970594843238,0.5769498103804866,0.18738252554561766,0.061949078365348555,0.33060221696215353,-3.7773795381689617,-1.6746031603472478,-2.781442548090313,-0.5568393877430649,0.7253968396527521,-0.17613336967955057,-0.02511742415499563,0.5568393877430649,0.7253968396527521,0.17613336967955057,0.02511742415499563,False,False,ictal_scale,mid,high,mid,0.012544071113518278,0.3376005586308114,0.07757503191779774,0.07882832666336578,0.09071795328941251,1200,500,10,48.87007784843445
-2.4,-0.55,0.58,0.048,20,1157860842,True,,60,-0.15,-0.12064305335247744,0.3800761595094769,-1.3489202373494829,-2.3688812660017993,0.022585504095449543,-0.15335280509010277,0.36890844812706447,-1.891275346767094,0.021730651123425305,29.5453136642732,32.03022846481683,79.5623501396569,80.43783517852206,2.4849148005436312,0.8754850388651647,True,True,0.09071795328941251,0.05233970594843238,0.5769498103804866,0.2595203297737284,0.024287304751806522,0.0935853648651812,-3.7904469902021605,-1.3489202373494829,-3.717801503351282,-1.8188812660017992,1.051079762650517,-0.19992384049052309,-0.025414495904550458,1.8188812660017992,1.051079762650517,0.19992384049052309,0.025414495904550458,False,False,ictal_scale,mid,high,mid,-0.1409814044151749,0.3364543552813937,0.07896931833636339,0.08001052063324618,0.09071795328941251,1200,500,10,58.17404556274414
-2.4,-0.55,0.58,0.048,21,477984673,True,,60,-0.15,-0.17792855953306339,0.5172068123642732,-2.4596269957307477,0.7271585077057334,0.015738843212345727,-0.15104209615029812,0.4583898497468109,-1.9251023774946994,0.024335968432226938,31.099405488706214,28.20170596488045,82.67053378852293,72.7807901786493,-2.8976995238257643,-9.889743609873634,False,False,0.09071795328941251,0.05233970594843238,0.5769498103804866,0.08546682451289013,0.1768473252180289,2.069192651370319,-4.1516235321913895,-2.4596269957307477,-1.7324684880250143,1.2771585077057335,-0.05962699573074781,-0.06279318763572672,-0.032261156787654274,1.2771585077057335,0.05962699573074781,0.06279318763572672,0.032261156787654274,False,False,ictal_scale,mid,high,mid,-0.15850580607806644,0.3370955593004801,0.07866430086996777,0.08154595243252441,0.09071795328941251,1200,500,10,63.35196352005005
-2.4,-0.55,0.58,0.048,22,980250767,True,,60,-0.15,-0.12215649498051881,0.7067997459443603,-1.4119914094058175,-1.6711801529534829,0.018969515593313106,-0.14515580075155876,0.6286563088777661,-2.0404739780613,0.03565166516240791,32.323810754177636,32.901268269486664,85.11934431946577,82.17991478786173,0.5774575153090282,-2.939429531604034,True,False,0.09071795328941251,0.05233970594843238,0.5769498103804866,0.24365757770271365,0.04581372490408649,0.18802503634827966,-3.964922030769097,-1.4119914094058175,-3.0831715623593006,-1.1211801529534828,0.9880085905941824,0.1267997459443604,-0.029030484406686895,1.1211801529534828,0.9880085905941824,0.1267997459443604,0.029030484406686895,False,False,ictal_scale,mid,high,mid,-0.20319541981304495,0.41915202557049575,0.07577220823619252,0.07588955406333649,0.09071795328941251,1200,500,10,66.69027376174927
-2.4,-0.55,0.58,0.048,23,664966790,True,,60,-0.15,-0.2016007632209747,0.2603256705521004,-2.2040848512512747,-0.8642899186808841,0.012302862991117497,-0.15175636298253142,0.3859388201079319,-2.6835134180463607,0.041490787601269306,20.306621452313173,19.995042561213616,61.08496571573685,56.36746337131564,-0.3115788910995576,-4.717502344421213,False,False,0.09071795328941251,0.05233970594843238,0.5769498103804866,0.11035146711610536,0.046496661255103336,0.4213506396447115,-4.3979232801835,-2.2040848512512747,-3.068374769932159,-0.3142899186808841,0.19591514874872518,-0.3196743294478996,-0.0356971370088825,0.3142899186808841,0.19591514874872518,0.3196743294478996,0.0356971370088825,False,False,ictal_scale,mid,high,mid,-0.1603118317448164,0.2796079549340147,0.08139759511249053,0.08424286334691088,0.09071795328941251,1200,500,10,67.08670425415039
-2.4,-0.55,0.58,0.048,24,871539839,True,,60,-0.15,-0.020082294147948782,0.6089617903933221,-1.5704033704240035,-1.8560644356955853,0.016911756869524265,-0.012734732584994102,0.5665909967971463,-1.998359337939312,0.014830096008506804,24.24271506310196,25.993683891359105,68.95715293731442,68.36474603160661,1.7509688282571432,-0.5924069057078043,True,False,0.09071795328941251,0.05233970594843238,0.5769498103804866,0.2079612800066022,0.032501540001107894,0.15628649717907128,-4.079746226168316,-1.5704033704240035,-3.4264678061195886,-1.3060644356955853,0.8295966295759964,0.02896179039332214,-0.031088243130475736,1.3060644356955853,0.8295966295759964,0.02896179039332214,0.031088243130475736,False,False,ictal_scale,mid,high,mid,-0.019698435063159832,0.3563076999103785,0.07790304203358109,0.07909964878434729,0.09071795328941251,1200,500,10,62.88518500328064
-2.4,-0.55,0.58,0.048,25,674338832,True,,60,-0.15,-0.028909517040187502,0.3850809065596807,-2.3240179831193544,0.23694065938986136,0.013921319021721303,-0.044465435791723976,0.38519294776385515,-2.2287585184010954,0.01970033227428885,24.153139353973213,23.99664788008109,68.77800151905693,64.37067400905057,-0.1564914738921246,-4.407327510006354,False,False,0.09071795328941251,0.05233970594843238,0.5769498103804866,0.09787951620857557,0.12404916205932529,1.2673659092775211,-4.274333871257489,-2.3240179831193544,-2.087077323729493,0.7869406593898614,0.07598201688064554,-0.19491909344031927,-0.034078680978278694,0.7869406593898614,0.07598201688064554,0.19491909344031927,0.034078680978278694,False,False,ictal_scale,mid,high,mid,-0.016637017466896737,0.31355346107101756,0.07856355459290189,0.08094767245848432,0.09071795328941251,1200,500,10,53.65236234664917
-2.4,-0.55,0.58,0.048,26,862167797,True,,60,-0.15,-0.3065866734817063,0.4194919958249155,-2.4562125294258075,1.4083316017557679,0.01985349320293595,-0.32714817631257126,0.3860176670880194,-1.9935887316117427,0.015399451368801161,30.761135934277412,30.75794207177438,81.99399467966532,77.89326239243717,-0.0031938625030321077,-4.100732287228155,False,False,0.09071795328941251,0.05233970594843238,0.5769498103804866,0.08575914688381724,0.35068007875983065,4.089127416751437,-3.9193753073348274,-2.4562125294258075,-1.0478809276700396,1.958331601755768,-0.05621252942580757,-0.16050800417508448,-0.028146506797064052,1.958331601755768,0.05621252942580757,0.16050800417508448,0.028146506797064052,False,False,ictal_scale,mid,high,mid,-0.28000299206985263,0.3484865892423785,0.0785421117374972,0.08092753533798033,0.09071795328941251,1200,500,10,56.643219232559204
-2.4,-0.55,0.58,0.048,27,783049760,True,,60,-0.15,-0.1958530292580131,0.4091738005653613,-1.613302094208062,-1.751400493213652,0.0140166246192706,-0.14715062043069474,0.40378637151184726,-2.1049579702898225,0.023197266589552762,24.327289362244787,25.334840178294037,69.12630153560008,67.04705860547648,1.0075508160492497,-2.0792429301235984,True,False,0.09071795328941251,0.05233970594843238,0.5769498103804866,0.19922865491382316,0.03457229682505853,0.1735307445608809,-4.267511181050015,-1.613302094208062,-3.3647025874217142,-1.201400493213652,0.7866979057919379,-0.17082619943463867,-0.0339833753807294,1.201400493213652,0.7866979057919379,0.17082619943463867,0.0339833753807294,False,False,ictal_scale,mid,high,mid,-0.1917027270095107,0.3526214456424436,0.0781505350469482,0.07878635537876436,0.09071795328941251,1200,500,10,52.073291540145874
-2.4,-0.55,0.58,0.048,28,753456869,True,,60,-0.15,-0.03466735616547741,0.6059842964506745,-2.2821868766125366,-0.3919168464055482,0.0147705625246639,-0.04560405051002657,0.517047391024297,-2.4077264186450202,0.02269025929886951,19.571144590955065,20.25013467831558,59.61401199302063,56.877647605519556,0.6789900873605141,-2.7363643875010766,True,False,0.09071795328941251,0.05233970594843238,0.5769498103804866,0.10206076818134002,0.06896861568397589,0.6757603035226374,-4.215119097540263,-2.2821868766125366,-2.6741037230180846,0.15808315359445185,0.1178131233874633,0.02598429645067457,-0.033229437475336104,0.15808315359445185,0.1178131233874633,0.02598429645067457,0.033229437475336104,False,False,ictal_scale,mid,high,mid,-0.07562963980001632,0.38885767783404135,0.07700578070333677,0.07956247563579766,0.09071795328941251,1200,500,10,45.75777840614319
-2.4,-0.55,0.58,0.048,29,891760688,True,,60,-0.15,-0.27543566097081207,0.5312143667458786,-2.174540106717558,-0.685122642703275,0.017955685845217284,-0.22628208797855334,0.4784082035880241,-2.2811991895468533,0.021928465943656994,20.96614061373794,21.25831459986119,62.404004038586386,58.89400744861078,0.29217398612324885,-3.509996589975607,True,False,0.09071795328941251,0.05233970594843238,0.5769498103804866,0.11366041331347582,0.05728807744521699,0.5040284103772902,-4.019848454026527,-2.174540106717558,-2.859662749420833,-0.135122642703275,0.2254598932824421,-0.04878563325412133,-0.030044314154782717,0.135122642703275,0.2254598932824421,0.04878563325412133,0.030044314154782717,False,False,ictal_scale,mid,high,mid,-0.21225983276421972,0.30379890980866014,0.07908559142743579,0.08047612757952918,0.09071795328941251,1200,500,10,50.683716773986816
-2.4,-0.55,0.58,0.048,30,290155708,True,,60,-0.15,-0.21437030880656013,0.43722099354682475,-1.7388387217703964,-0.877377995380535,0.016582198643072935,-0.16038960091116594,0.41508325863152806,-2.095445410146823,0.02210724963171358,28.510842537517625,28.99705256484561,77.49340788614575,74.37148337857963,0.486210027327985,-3.1219245075661206,True,False,0.09071795328941251,0.05233970594843238,0.5769498103804866,0.17572434703343176,0.07307881832944155,0.41587190143627734,-4.099425529919932,-1.7388387217703964,-2.616216717150931,-0.3273779953805349,0.6611612782296035,-0.1427790064531752,-0.031417801356927066,0.3273779953805349,0.6611612782296035,0.1427790064531752,0.031417801356927066,False,False,ictal_scale,mid,high,mid,-0.19406592163154504,0.33884905666450504,0.07863635025190976,0.08050590769903027,0.09071795328941251,1200,500,10,49.27648377418518
-2.4,-0.55,0.58,0.048,31,901132730,True,,60,-0.15,-0.19231181253820162,0.4270577078059322,-2.419448432245421,0.8428083337413868,0.014370268405273508,-0.2063835440448771,0.43677045472219705,-2.0601696058180954,0.020395111898445145,24.616226938301836,24.98509369549213,69.70417668771418,66.34756563987266,0.36886675719029327,-3.3566110478415254,True,False,0.09071795328941251,0.05233970594843238,0.5769498103804866,0.08897067728492708,0.20666831816872758,2.322881251166334,-4.242593900897684,-2.419448432245421,-1.576640098504034,1.3928083337413868,-0.01944843224542092,-0.15294229219406774,-0.03362973159472649,1.3928083337413868,0.01944843224542092,0.15294229219406774,0.03362973159472649,False,False,ictal_scale,mid,high,mid,-0.25957141887920065,0.3315367849520939,0.07866421227779404,0.08070667391068394,0.09071795328941251,1200,500,10,52.985310554504395
-2.4,-0.55,0.58,0.048,32,398866636,True,,60,-0.15,-0.1562651134090785,0.4015164796286445,-2.125961699623879,-0.49843614411916415,0.013360489275826308,-0.14557433277622417,0.41261076001069114,-2.317056159071205,0.01771130801479839,21.48737483153562,21.64228161270038,63.446472474181746,59.661941474289165,0.1549067811647582,-3.7845309998925813,True,False,0.09071795328941251,0.05233970594843238,0.5769498103804866,0.11931816483811396,0.07248339022288243,0.6074799283179132,-4.315453489102134,-2.125961699623879,-2.624397843743043,0.051563855880835896,0.27403830037612087,-0.17848352037135545,-0.03463951072417369,0.051563855880835896,0.27403830037612087,0.17848352037135545,0.03463951072417369,False,False,ictal_scale,mid,high,mid,-0.14805886776706867,0.35930097889049933,0.07751313511127929,0.07863985124490125,0.09071795328941251,1200,500,10,60.72089982032776
-2.4,-0.55,0.58,0.048,33,1009843658,True,,60,-0.15,-0.323285257302553,0.4527767929530446,-0.5999458401647568,-3.019900911209212,0.028218180399391748,-0.20126051145003354,0.4182533750701804,-1.5992532132465604,0.03612940874935891,37.82283029482902,40.62136495400618,96.11738340076855,97.62010815690077,2.7985346591771645,1.5027247561322241,True,True,0.09071795328941251,0.05233970594843238,0.5769498103804866,0.5488413604467426,0.026786781215525652,0.048806054255316894,-3.5677888137507323,-0.5999458401647568,-3.6198467513739687,-2.469900911209212,1.800054159835243,-0.12722320704695533,-0.019781819600608253,2.469900911209212,1.800054159835243,0.12722320704695533,0.019781819600608253,False,False,ictal_scale,mid,high,mid,-0.25919581610007797,0.45938731762546076,0.07385147628280174,0.07371556860058365,0.09071795328941251,1200,500,10,56.563055992126465
-2.4,-0.55,0.58,0.048,34,408238678,True,,60,-0.15,-0.10580166040004874,0.09886743455329408,-1.6182445375692274,-1.8512861583285132,0.017312590243892714,-0.11544874781563545,0.18050569351929377,-2.06395972924395,0.019840329041598954,26.106467435706698,28.45582764856355,72.68465768252389,73.2890335460155,2.349360212856851,0.6043758634916117,True,True,0.09071795328941251,0.05233970594843238,0.5769498103804866,0.19824640792056178,0.031131637438442418,0.15703506441799947,-4.056321282404543,-1.6182445375692274,-3.4695306958977405,-1.3012861583285131,0.7817554624307725,-0.4811325654467059,-0.030687409756107287,1.3012861583285131,0.7817554624307725,0.4811325654467059,0.030687409756107287,False,False,ictal_scale,mid,high,mid,-0.1146241234363048,0.2957705538734171,0.08036299426353488,0.0812660434936533,0.09071795328941251,1200,500,10,72.51960492134094
-2.4,-0.55,0.58,0.048,35,1019215700,True,,60,-0.15,-0.07408441641250925,0.37156711870417936,-1.7458366790342938,-1.5698870173701223,0.013180897071609264,-0.068235094819465,0.33030445195362346,-2.038876824904822,0.009919432418612055,23.49519400991799,24.4875561685983,67.46211083094649,65.352490586085,0.992362158680308,-2.109620244861489,True,False,0.09071795328941251,0.05233970594843238,0.5769498103804866,0.17449892827757665,0.036307763269465304,0.20806868917676272,-4.328986689127661,-1.7458366790342938,-3.315723696404416,-1.0198870173701222,0.6541633209657061,-0.2084328812958206,-0.03481910292839074,1.0198870173701222,0.6541633209657061,0.2084328812958206,0.03481910292839074,False,False,ictal_scale,mid,high,mid,-0.06784438894182063,0.3261579249107225,0.0792512925292579,0.0810169449338431,0.09071795328941251,1200,500,10,68.43405318260193
-2.4,-0.55,0.58,0.048,36,516949606,True,,60,-0.15,-0.3097107820265576,0.4409105636212667,-1.9408651829504167,-0.1312340984669792,0.01695913095981584,-0.3183575889931016,0.40946026035092403,-2.03953458000285,0.02425046316467279,30.583540451343215,30.584964362979356,81.63880371379693,77.54730697484712,0.0014239116361416393,-4.0914967389498145,True,False,0.09071795328941251,0.05233970594843238,0.5769498103804866,0.1435796733391278,0.12592116009316393,0.8770124430896609,-4.0769488905081195,-1.9408651829504167,-2.0720992814173957,0.41876590153302085,0.45913481704958325,-0.13908943637873328,-0.03104086904018416,0.41876590153302085,0.45913481704958325,0.13908943637873328,0.03104086904018416,False,False,ictal_scale,mid,high,mid,-0.29721212312191597,0.3894040923828591,0.07591416706992106,0.07687987597992033,0.09071795328941251,1200,500,10,53.5486273765564
-2.4,-0.55,0.58,0.048,37,2132800135,True,,60,-0.15,-0.2594471912298573,0.5547913041982041,-1.814200856713461,-1.583888073637776,0.020503924183669704,-0.09108267696071556,0.7348841206819943,-2.9966629803045466,0.061306912163396676,23.791748942359447,23.060760384353706,68.0552206958294,62.49889901759582,-0.7309885580057411,-5.556321678233587,False,False,0.09071795328941251,0.05233970594843238,0.5769498103804866,0.1629680912219208,0.03343710958518242,0.205175806714516,-3.8871389875632887,-1.814200856713461,-3.3980889303512374,-1.033888073637776,0.5857991432865388,-0.025208695801795855,-0.027496075816330297,1.033888073637776,0.5857991432865388,0.025208695801795855,0.027496075816330297,False,False,ictal_scale,mid,high,mid,-0.17123636935605865,0.35254689044154064,0.07850426242046331,0.07924937822322606,0.09071795328941251,1200,500,10,53.10669445991516
-2.4,-0.55,0.58,0.048,38,526321648,True,,60,-0.15,0.07207342486366933,0.6191855898061676,-1.8180680477110607,-2.020994380628468,0.015280826622791125,0.0771567722029121,0.4907787704514483,-2.3809720639037084,0.015608792776195438,19.97854645022175,21.07832203519275,60.428815711554,58.5340223192739,1.099775584970999,-1.8947933922801,True,False,0.09071795328941251,0.05233970594843238,0.5769498103804866,0.16233907952475207,0.021513762586419925,0.1325236206180391,-4.181156398356821,-1.8180680477110607,-3.8390624283395285,-1.4709943806284678,0.5819319522889392,0.0391855898061676,-0.03271917337720888,1.4709943806284678,0.5819319522889392,0.0391855898061676,0.03271917337720888,False,False,ictal_scale,mid,high,mid,0.07481127192975272,0.3456866055504022,0.07671014143140592,0.07896227145939927,0.09071795328941251,1200,500,10,69.83087062835693
-2.4,-0.55,0.58,0.048,39,2123428093,True,,60,-0.15,-0.07894020943133423,0.32409915034116804,-1.4076695624071873,-2.90124782536453,0.013707757059367746,-0.08804885120538072,0.37374500148513334,-2.1700309112045404,0.009267968815078307,23.911098081382555,27.36894047819852,68.2939189738756,71.11525920528544,3.457842396815966,2.8213402314098346,True,True,0.09071795328941251,0.05233970594843238,0.5769498103804866,0.24471290731751394,0.013448100794537732,0.054954603506421854,-4.289793397670755,-1.4076695624071873,-4.308917387771718,-2.3512478253645304,0.9923304375928126,-0.2559008496588319,-0.03429224294063225,2.3512478253645304,0.9923304375928126,0.2559008496588319,0.03429224294063225,False,False,ictal_scale,mid,high,mid,-0.16610392543202104,0.3455103793864764,0.07806512179884549,0.07807155552613801,0.09071795328941251,1200,500,10,67.9045832157135
-2.4,-0.55,0.58,0.048,40,635032576,True,,60,-0.15,-0.11721061085407306,0.5858423357553659,-1.9061867788994011,-0.3795041022650136,0.022799500488621744,-0.12436081112147608,0.5615290227132731,-2.0367628819137966,0.017749517038703946,30.42151231630253,30.646973150494137,81.31474744371556,77.67132454987667,0.22546083419160823,-3.6434228938388884,True,False,0.09071795328941251,0.05233970594843238,0.5769498103804866,0.14864612781286646,0.10170377260738983,0.6842006186358699,-3.7810166516555177,-1.9061867788994011,-2.2856908811644145,0.17049589773498647,0.4938132211005988,0.005842335755365968,-0.025200499511378257,0.17049589773498647,0.4938132211005988,0.005842335755365968,0.025200499511378257,False,False,ictal_scale,mid,high,mid,-0.1382892479802635,0.41768566984891725,0.07566462398069161,0.07708176145944054,0.09071795328941251,1200,500,10,47.92644739151001
-2.4,-0.55,0.58,0.048,41,2014717165,True,,60,-0.15,0.01971537476054915,0.44612309251207666,-2.0215733461878846,0.08793105401963267,0.02767037656031546,0.013910832902883613,0.4380830060701249,-1.936783547210927,0.017481924020566534,32.18826210011664,32.15565025853773,84.84824701134377,80.68867876596387,-0.0326118415789054,-4.159568245379901,False,False,0.09071795328941251,0.05233970594843238,0.5769498103804866,0.13244691621263913,0.1446204879584042,1.0919128364319242,-3.5873928763017275,-2.0215733461878846,-1.933642292168252,0.6379310540196327,0.37842665381211527,-0.1338769074879233,-0.02032962343968454,0.6379310540196327,0.37842665381211527,0.1338769074879233,0.02032962343968454,False,False,ictal_scale,mid,high,mid,0.020731754858918268,0.3869633659271163,0.07595354404635295,0.07489145051924614,0.09071795328941251,1200,500,10,49.02691388130188
-2.4,-0.55,0.58,0.048,42,468838498,True,,60,-0.15,0.06729160389829787,0.5457694886630294,-2.0270838495354324,-0.6640123868075289,0.019224461746173392,0.06006308550831354,0.46992599799554297,-2.120485076661521,0.02442843943846585,26.036950906677752,26.593109186190695,72.545624624466,69.5635966212698,0.5561582795129425,-2.9820280031962056,True,False,0.09071795328941251,0.05233970594843238,0.5769498103804866,0.1317190742669977,0.06780656659154809,0.5147816819157304,-3.9515717615806327,-2.0270838495354324,-2.691096236342961,-0.1140123868075289,0.3729161504645675,-0.034230511336970526,-0.02877553825382661,0.1140123868075289,0.3729161504645675,0.034230511336970526,0.02877553825382661,False,False,ictal_scale,mid,high,mid,0.02077944470658581,0.3698568491956506,0.07662222682259026,0.07617172698931655,0.09071795328941251,1200,500,10,53.85638976097107
-2.4,-0.55,0.58,0.048,43,2005345123,True,,60,-0.15,0.02956406080961938,0.4330860301338989,-1.8425740423088979,-2.8149664441168314,0.011011289164600506,-0.022057988873403607,0.47360101353660994,-2.620940418971271,0.012740215120128713,12.39381183174584,13.168726890896707,45.25934647460218,42.71483203068182,0.7749150591508673,-2.544514443920363,True,False,0.09071795328941251,0.05233970594843238,0.5769498103804866,0.15840914901940628,0.009489773950271355,0.059906728929582126,-4.508834244765983,-1.8425740423088979,-4.657540486425729,-2.2649664441168316,0.557425957691102,-0.14691396986610106,-0.036988710835399494,2.2649664441168316,0.557425957691102,0.14691396986610106,0.036988710835399494,False,False,ictal_scale,mid,high,mid,-0.05704829465650537,0.35618697793157744,0.0781759264445404,0.07892137255040724,0.09071795328941251,1200,500,10,64.31116533279419
-2.4,-0.55,0.58,0.048,44,360127570,True,,60,-0.15,-0.007235221935692532,0.24521402218173763,-2.2176942172660365,0.19909630701519251,0.011852533694093604,-0.0033959201727810926,0.36641274323537365,-2.4987247627087115,0.03462220820546304,23.121310592925916,23.252619803157764,66.71434399696233,62.88261785520393,0.13130921023184783,-3.831726141758395,True,False,0.09071795328941251,0.05233970594843238,0.5769498103804866,0.1088598267723135,0.13284159039959,1.2202994836418006,-4.4352136204083585,-2.2176942172660365,-2.0185979102508442,0.7490963070151926,0.18230578273396336,-0.33478597781826236,-0.0361474663059064,0.7490963070151926,0.18230578273396336,0.33478597781826236,0.0361474663059064,False,False,ictal_scale,mid,high,mid,0.01620316865110426,0.2986448884640017,0.07917801098998668,0.08212219027804217,0.09071795328941251,1200,500,10,63.123960971832275
-2.4,-0.55,0.58,0.048,45,1896634195,True,,60,-0.15,-0.019177806945333026,0.4496173037699479,-2.324216220321075,0.6441482389605454,0.014742402832826964,-0.0074900395975870514,0.46033072726513874,-2.199607791906199,0.02129871800399631,24.140563470134754,24.46297407265243,68.75284975138001,65.30332639419326,0.3224106025176745,-3.4495233571867487,True,False,0.09071795328941251,0.05233970594843238,0.5769498103804866,0.09786011477028357,0.1863613065136022,1.9043642749762344,-4.217027391067621,-2.324216220321075,-1.6800679813605295,1.1941482389605453,0.07578377967892491,-0.13038269623005205,-0.03325759716717304,1.1941482389605453,0.07578377967892491,0.13038269623005205,0.03325759716717304,False,False,ictal_scale,mid,high,mid,0.029949087456374868,0.2904438628240317,0.07901108267240042,0.08139741688536764,0.09071795328941251,1200,500,10,51.34930109977722
-2.4,-0.55,0.58,0.048,46,350755528,True,,60,-0.15,-0.1679357156795601,0.4364095720630515,-1.6433621507653147,-1.7124051493101837,0.01163838900834922,-0.1650440954085785,0.4508052462504261,-2.1741621881830753,0.020459898692559014,24.49527447746865,26.642055738481098,69.4622717660478,69.6614897258506,2.146781261012446,0.19921795980279455,True,True,0.09071795328941251,0.05233970594843238,0.5769498103804866,0.19332894729634942,0.03488259446620802,0.18043130609270483,-4.4534462476017636,-1.6433621507653147,-3.3557673000754984,-1.1624051493101837,0.7566378492346852,-0.14359042793694848,-0.03636161099165078,1.1624051493101837,0.7566378492346852,0.14359042793694848,0.03636161099165078,False,False,ictal_scale,mid,high,mid,-0.18581802457497062,0.328083255383535,0.07832815691024324,0.0793735908210956,0.09071795328941251,1200,500,10,56.26434350013733
-2.4,-0.55,0.58,0.048,47,260221494,True,,60,-0.15,-0.3735421864514389,0.541481810080404,-1.3974588658813132,-2.515280715172541,0.018923736392978258,-0.2776169365252936,0.49589126283304263,-2.294734929709049,0.040105558155883854,25.184164297257126,27.09246571612391,70.84005140562476,70.56230968113623,1.9083014188667846,-0.2777417244885356,True,False,0.09071795328941251,0.05233970594843238,0.5769498103804866,0.24722439675808158,0.01998567362106584,0.08084021594609281,-3.967338251083123,-1.3974588658813132,-3.912739581053854,-1.9652807151725409,1.0025411341186867,-0.03851818991959599,-0.029076263607021743,1.9652807151725409,1.0025411341186867,0.03851818991959599,0.029076263607021743,False,False,ictal_scale,mid,high,mid,-0.34314218007897046,0.36451413235196617,0.07661165522606703,0.07572181670651315,0.09071795328941251,1200,500,10,53.043736934661865
-2.4,-0.55,0.58,0.048,48,242044600,True,,60,-0.15,-0.10496397282147193,0.5134141860068155,-1.9134491733402834,-0.52820708980974,0.018027670981859176,-0.09082576891439673,0.44684946632117933,-2.09473760892302,0.024117635717191537,27.68492906456342,27.821367070270338,75.84158094023735,72.02011238942907,0.13643800570691766,-3.8214685508082766,True,False,0.09071795328941251,0.05233970594843238,0.5769498103804866,0.1475705115030762,0.08701660963976132,0.589661232135442,-4.015847424716372,-1.9134491733402834,-2.4416562631500236,0.021792910190260084,0.4865508266597165,-0.06658581399318442,-0.029972329018140825,0.021792910190260084,0.4865508266597165,0.06658581399318442,0.029972329018140825,False,False,ictal_scale,mid,high,mid,-0.18562992651761465,0.3755763913794764,0.07773716753330531,0.0783440231154035,0.09071795328941251,1200,500,10,44.63156747817993
-2.4,-0.55,0.58,0.048,49,1403172957,True,,60,-0.15,-0.10639275841215041,0.2733793062579124,-1.2507156672607003,-2.2668280441247526,0.02169289739730712,-0.11326719030153412,0.2541312213277653,-1.903038237175727,0.01859671681531086,30.834332792016436,32.73070091040611,82.14038839514338,81.83878006970062,1.8963681183896703,-0.30160832544275706,True,False,0.09071795328941251,0.05233970594843238,0.5769498103804866,0.2862998281105039,0.029672229288577462,0.10364040203728236,-3.830770380892822,-1.2507156672607003,-3.5175437113854526,-1.7168280441247525,1.1492843327392996,-0.30662069374208756,-0.02630710260269288,1.7168280441247525,1.1492843327392996,0.30662069374208756,0.02630710260269288,False,False,ictal_scale,mid,high,mid,-0.15945263337984797,0.3556441805413812,0.07791055730661764,0.07878886139588609,0.09071795328941251,1200,500,10,59.440123558044434
-2.4,-0.55,0.58,0.048,50,133333672,True,,60,-0.15,-0.1006683841079357,0.5411331100046148,-1.9225568087660954,-0.42759109961062686,0.01690501833952091,-0.07262552332154668,0.5447209128506059,-2.1745779793914446,0.026539561233485776,27.657474493730586,28.237142310619838,75.78667179857167,72.85166287012808,0.579667816889252,-2.935008928443594,True,False,0.09071795328941251,0.05233970594843238,0.5769498103804866,0.1462325949609798,0.09535505736071578,0.6520779952387495,-4.080144757965088,-1.9225568087660954,-2.350147908376722,0.12240890038937319,0.47744319123390455,-0.03886688999538512,-0.031094981660479092,0.12240890038937319,0.47744319123390455,0.03886688999538512,0.031094981660479092,False,False,ictal_scale,mid,high,mid,-0.09733834249934616,0.3376717852085898,0.07800290599960165,0.07902093159866083,0.09071795328941251,1200,500,10,48.0477933883667
-2.4,-0.55,0.58,0.048,51,1412544999,True,,60,-0.15,-0.21108378375874226,0.47357170231013573,-2.569736958632396,0.8654372455684918,0.015117090565178766,-0.13962941670773524,0.40479218439820663,-2.1608244139957673,0.016311933850226924,22.765971881804163,22.792799350761378,66.00366657471884,61.96297695041116,0.026827468957215217,-4.040689624307674,True,False,0.09071795328941251,0.05233970594843238,0.5769498103804866,0.07655568008645862,0.18189972358390705,2.37604477392765,-4.191929349684331,-2.569736958632396,-1.7042997130639042,1.4154372455684918,-0.16973695863239602,-0.10642829768986423,-0.032882909434821236,1.4154372455684918,0.16973695863239602,0.10642829768986423,0.032882909434821236,False,False,ictal_scale,mid,high,mid,-0.18036051047869064,0.3495163515891602,0.07864952525067628,0.07936293203148378,0.09071795328941251,1200,500,10,52.11375975608826
-2.4,-0.55,0.58,0.048,52,123961630,True,,60,-0.15,0.01464483403096606,0.29346535994818934,-1.816330098833668,0.007052476498590197,0.019455901176828244,0.0016414516352586208,0.3074646471155664,-2.029595005042108,0.0625565880921969,36.76569850024676,36.14282816278565,94.00311981160402,88.6630345744597,-0.6228703374611086,-5.340085237144322,False,False,0.09071795328941251,0.05233970594843238,0.5769498103804866,0.1626214618577212,0.16377239960596354,1.007077403776196,-3.9396048525272627,-1.816330098833668,-1.8092776223350777,0.5570524764985902,0.583669901166332,-0.2865346400518106,-0.028544098823171757,0.5570524764985902,0.583669901166332,0.2865346400518106,0.028544098823171757,False,False,ictal_scale,mid,high,mid,0.073172266436963,0.35988589513720676,0.07759464774279991,0.0800139395149726,0.09071795328941251,1200,500,10,58.32065534591675
-2.4,-0.55,0.58,0.048,53,1521255927,True,,60,-0.15,-0.11544206069003175,0.6173838888170398,-2.0791044653146162,-0.45792843928688215,0.018362483012825906,-0.08529763726711598,0.5938712449166617,-2.307194892509692,0.025118800682516724,24.040109778741872,24.192947499218633,68.55194236859424,64.76327324732567,0.1528377204767608,-3.788669121268569,True,False,0.09071795328941251,0.05233970594843238,0.5769498103804866,0.12504214164773017,0.0791007514224852,0.6325927433754978,-3.9974456625839494,-2.0791044653146162,-2.5370329046014986,0.0920715607131179,0.3208955346853837,0.0373838888170398,-0.029637516987174095,0.0920715607131179,0.3208955346853837,0.0373838888170398,0.029637516987174095,False,False,ictal_scale,mid,high,mid,-0.15271524165735012,0.36021269879540135,0.07771931599092738,0.07807525552954678,0.09071795328941251,1200,500,10,48.147294759750366
-2.4,-0.55,0.58,0.048,54,15250702,True,,60,-0.15,-0.2133624100926626,0.05664403400445501,-1.9281410131996974,-3.816903026602855,0.010226023239576075,-0.1938614873011914,0.24785120916646006,-2.6848433689179956,0.008167334790847735,10.673454314411362,16.397667037719824,41.81863143993323,49.172712324328046,5.724212723308462,7.354080884394818,True,True,0.09071795328941251,0.05233970594843238,0.5769498103804866,0.14541827802806745,0.003198593683106935,0.021995815976376565,-4.582819509729995,-1.9281410131996974,-5.745044039802552,-3.266903026602855,0.47185898680030247,-0.5233559659955449,-0.037773976760423926,3.266903026602855,0.47185898680030247,0.5233559659955449,0.037773976760423926,False,False,ictal_scale,mid,high,mid,-0.2054859353480924,0.27375053834038376,0.08048448219104551,0.08104406758466076,0.09071795328941251,1200,500,10,82.14865899085999
-2.4,-0.55,0.58,0.048,55,616855682,True,,60,-0.15,-0.09193988404955257,0.18536425011997237,-1.6815796191236583,-0.4459271228178318,0.01877406235914515,-0.0694913279484692,0.34959215033788865,-1.7815841467932116,0.008950803513119403,34.15618294351985,35.76501699259014,88.78408869815021,87.90741223406869,1.608834049070289,-0.8766764640815268,True,False,0.09071795328941251,0.05233970594843238,0.5769498103804866,0.1860798085401767,0.11913395556638415,0.6402304285511009,-3.9752790235033877,-1.6815796191236583,-2.12750674194149,0.10407287718216823,0.7184203808763416,-0.3946357498800276,-0.029225937640854852,0.10407287718216823,0.7184203808763416,0.3946357498800276,0.029225937640854852,False,False,ictal_scale,mid,high,mid,-0.11256550088357854,0.32634941208150414,0.07922932964017303,0.08005146494740357,0.09071795328941251,1200,500,10,60.82170844078064
-2.4,-0.55,0.58,0.048,56,1028361875,True,,60,-0.15,-0.18418890881280547,0.41719509329893634,-2.094363065880632,0.11518456022361456,0.01926725314807039,-0.13400534549259788,0.38686467201130065,-2.144394916348083,0.03008884344555301,29.147153503034872,28.929768283478136,78.76602981718025,74.23691481584467,-0.21738521955673562,-4.529115001335583,False,False,0.09071795328941251,0.05233970594843238,0.5769498103804866,0.12314865626041119,0.13818270700926,1.122080509892513,-3.949348352223943,-2.094363065880632,-1.9791785056570175,0.6651845602236146,0.3056369341193679,-0.16280490670106362,-0.02873274685192961,0.6651845602236146,0.3056369341193679,0.16280490670106362,0.02873274685192961,False,False,ictal_scale,mid,high,mid,-0.1791839244765962,0.3512509865873831,0.07766535335631555,0.07855472392916721,0.09071795328941251,1200,500,10,51.17546248435974
-2.4,-0.55,0.58,0.048,57,1639338897,True,,60,-0.15,-0.22610839067970429,0.18620400671938928,-1.9988255829964696,-1.0725121860078555,0.018650015829366002,-0.17286250475736548,0.39560337182892824,-2.0912750387447687,0.007267071058313917,23.390464947025304,26.371337079150273,67.25265270516111,69.12005240718895,2.9808721321249685,1.8673997020278392,True,True,0.09071795328941251,0.05233970594843238,0.5769498103804866,0.1354943166619238,0.04635909559505209,0.3421478976917101,-3.9819082841331017,-1.9988255829964696,-3.071337769004325,-0.5225121860078554,0.4011744170035303,-0.39379599328061066,-0.029349984170634,0.5225121860078554,0.4011744170035303,0.39379599328061066,0.029349984170634,False,False,ictal_scale,mid,high,mid,-0.20690430857581174,0.2805938280703009,0.08074575115349356,0.08186607997926093,0.09071795328941251,1200,500,10,66.85544538497925
-2.4,-0.55,0.58,0.048,58,1137072803,True,,60,-0.15,0.0031564913947636974,0.6153174996410179,-1.1304796539165145,-2.74747977970294,0.02324834205196029,-0.010553998895523024,0.6076376686639029,-1.9902789366132527,0.01636381492810784,27.797227503769733,29.180090070095225,76.06617781864998,74.73755838907886,1.3828625663254925,-1.3286194295711198,True,False,0.09071795328941251,0.05233970594843238,0.5769498103804866,0.32287834940949317,0.020693007584668563,0.06408917668996283,-3.7615214590845274,-1.1304796539165145,-3.8779594336194547,-2.19747977970294,1.2695203460834854,0.035317499641017935,-0.024751657948039713,2.19747977970294,1.2695203460834854,0.035317499641017935,0.024751657948039713,False,False,ictal_scale,mid,high,mid,-0.01739861968177454,0.4646252613422583,0.07386761743181534,0.07542183516662929,0.09071795328941251,1200,500,10,53.68514132499695
-2.4,-0.55,0.58,0.048,59,498772712,True,,60,-0.15,-0.1576710404609832,0.534628705467627,-1.8988010187687268,-1.0584328343658314,0.013196950367539765,-0.16953519369358147,0.4726933180031668,-2.326497341350994,0.023428489072429722,24.152558775106737,24.094332966602202,68.77684036132398,64.56604418209281,-0.058225808504534626,-4.210796179231167,False,False,0.09071795328941251,0.05233970594843238,0.5769498103804866,0.14974805673948194,0.05196245433895128,0.34699918964124415,-4.32776950884413,-1.8988010187687268,-2.957233853134558,-0.5084328343658313,0.5011989812312732,-0.045371294532372985,-0.03480304963246024,0.5084328343658313,0.5011989812312732,0.045371294532372985,0.03480304963246024,False,False,ictal_scale,mid,high,mid,-0.17543538196719732,0.3855069147833542,0.07711356374835558,0.07843061458269475,0.09071795328941251,1200,500,10,49.28402900695801
-2.4,-0.55,0.58,0.048,60,1146444845,True,,60,-0.15,-0.03375061409828421,0.2998310544408566,-1.954853895283752,-0.44700534817711285,0.01102374490054356,-0.04036035517278503,0.41201383697468913,-2.1016668093656,0.011765917855310747,25.99611651446433,26.3019956756532,72.46395584003916,68.9813696001948,0.3058791611888694,-3.482586239844366,True,False,0.09071795328941251,0.05233970594843238,0.5769498103804866,0.1415851614428651,0.09054944322713375,0.6395404878898544,-4.50770370535017,-1.954853895283752,-2.4018592434608648,0.1029946518228872,0.44514610471624794,-0.28016894555914335,-0.03697625509945644,0.1029946518228872,0.44514610471624794,0.28016894555914335,0.03697625509945644,False,False,ictal_scale,mid,high,mid,-0.0941240759392534,0.32900485874577357,0.07836119372196752,0.07810711871449742,0.09071795328941251,1200,500,10,51.4381000995636
-2.4,-0.55,0.58,0.048,61,1503304896,True,,60,-0.15,-0.07767885494464197,0.5938361539473258,-3.2137451324793918,2.010419527652557,0.018661121870810624,-0.1277478141932119,0.4933294032315406,-2.4710389029733797,0.017664762569460046,20.57709837958232,20.96212101423273,61.625919570275144,58.30162027735386,0.385022634650408,-3.324299292921282,True,False,0.09071795328941251,0.05233970594843238,0.5769498103804866,0.0402057550771987,0.3001942226933658,7.466449072202864,-3.9813129636761446,-3.2137451324793918,-1.2033256048268348,2.5604195276525568,-0.8137451324793918,0.013836153947325847,-0.029338878129189377,2.5604195276525568,0.8137451324793918,0.013836153947325847,0.029338878129189377,False,False,ictal_scale,mid,high,mid,-0.16242904482535625,0.3174389940120681,0.07979595045174341,0.08212987441954755,0.09071795328941251,1200,500,10,52.23570227622986
-2.4,-0.55,0.58,0.048,62,1255155773,True,,60,-0.15,-0.07013745228094856,0.4920205802721851,-2.10108570278594,-1.6126148503418196,0.010012166686634214,-0.08902089529132598,0.4560830254997932,-2.640207918546431,0.01889314080285818,15.687140645196015,16.175036436933873,51.84600410150253,48.72745112275615,0.48789579173785746,-3.1185529787463793,True,False,0.09071795328941251,0.05233970594843238,0.5769498103804866,0.1223235491143495,0.02438711028855061,0.1993656206439306,-4.6039542568661975,-2.10108570278594,-3.71370055312776,-1.0626148503418196,0.29891429721405993,-0.08797941972781487,-0.03798783331336579,1.0626148503418196,0.29891429721405993,0.08797941972781487,0.03798783331336579,False,False,ictal_scale,mid,high,mid,-0.1271233101480481,0.32131033331531045,0.07893775149606543,0.07914241964912583,0.09071795328941251,1200,500,10,59.31318402290344
-2.4,-0.55,0.58,0.048,63,653550793,True,,60,-0.15,-0.3871257053520074,0.3093355208976588,-2.2443958481598254,0.7858618528655195,0.01674580741064788,-0.3592027378717849,0.274154902994836,-2.043559483720143,0.016747156912292397,28.878217441523514,28.952300782876403,78.22815769415753,74.2819798146412,0.07408334135288897,-3.946177879516327,True,False,0.09071795328941251,0.05233970594843238,0.5769498103804866,0.10599155602762769,0.2325769838809348,2.1942972874208153,-4.089607355884214,-2.2443958481598254,-1.458533995294306,1.3358618528655195,0.1556041518401745,-0.27066447910234115,-0.03125419258935212,1.3358618528655195,0.1556041518401745,0.27066447910234115,0.03125419258935212,False,False,ictal_scale,mid,high,mid,-0.3607037072823888,0.35788288377706934,0.07598946613072058,0.07737668568256933,0.09071795328941251,1200,500,10,62.041337728500366
-2.4,-0.55,0.58,0.048,64,1264527815,True,,60,-0.15,-0.16951155035467852,0.3311214372327896,-1.0812962648118067,-3.4950048428079263,0.014081203085899732,-0.08413121145773544,0.5224637675024137,-2.3405145322683056,0.05771886914573266,23.976677252575396,27.461749527491783,68.4250773162613,71.30087730387197,3.485072274916387,2.8757999876106766,True,True,0.09071795328941251,0.05233970594843238,0.5769498103804866,0.33915560510315773,0.010292898293495981,0.0303486014638186,-4.262914485460838,-1.0812962648118067,-4.576301107619733,-2.9450048428079265,1.3187037351881932,-0.24887856276721038,-0.03391879691410027,2.9450048428079265,1.3187037351881932,0.24887856276721038,0.03391879691410027,False,False,ictal_scale,mid,high,mid,-0.0922624681808282,0.32899599394049334,0.0783081146084897,0.07872577253244667,0.09071795328941251,1200,500,10,62.12125253677368
-2.4,-0.55,0.58,0.048,65,1385221926,True,,60,-0.15,0.00891211040123039,0.5349490739261701,-1.361396153283316,-2.0802686725505954,0.027688264384692317,-0.05010212709920914,0.5071712677122524,-2.051671581217466,0.03488914882705322,29.5066150346915,31.192118561742255,79.4849528804935,78.76161537237292,1.6855035270507557,-0.7233375081205793,True,False,0.09071795328941251,0.05233970594843238,0.5769498103804866,0.2563026891979783,0.03201134762268488,0.1248966513884607,-3.586746623984327,-1.361396153283316,-3.4416648258339118,-1.5302686725505954,1.0386038467166838,-0.04505092607382988,-0.020311735615307684,1.5302686725505954,1.0386038467166838,0.04505092607382988,0.020311735615307684,False,False,ictal_scale,mid,high,mid,-0.09027088253260769,0.37584601885792124,0.0779339598763513,0.08054637986911603,0.09071795328941251,1200,500,10,70.07471537590027
-2.4,-0.55,0.58,0.048,66,1373238743,True,,60,-0.15,-0.11597742069050401,0.5378633716358493,-2.0736850002123943,-0.4271146405653833,0.013010278172484714,-0.10319557970431528,0.44500731251656056,-2.168513591703193,0.023432894058492765,23.634382486914404,24.412304268226823,67.74048778493932,65.20198678534204,0.7779217813124184,-2.538500999597275,True,False,0.09071795328941251,0.05233970594843238,0.5769498103804866,0.12572164277390496,0.082019386348377,0.6523887577247051,-4.342015605250122,-2.0736850002123943,-2.5007996407777777,0.12288535943461676,0.3263149997876056,-0.04213662836415066,-0.03498972182751529,0.12288535943461676,0.3263149997876056,0.04213662836415066,0.03498972182751529,False,False,ictal_scale,mid,high,mid,-0.11469933342133078,0.32985829832608743,0.07888595698485126,0.07937420944887155,0.09071795328941251,1200,500,10,48.10332894325256
-2.4,-0.55,0.58,0.048,67,771633763,True,,60,-0.15,-0.17559017405457727,0.275189594435449,-2.3235775935515264,0.6596954819783853,0.01753404720240007,-0.18696069525683712,0.2707559601323201,-2.070514477575829,0.018537504131880198,26.418512593871334,26.566043142150455,73.30874799885316,69.50946453318932,0.14753054827912138,-3.799283465663848,True,False,0.09071795328941251,0.05233970594843238,0.5769498103804866,0.09792263081933347,0.1894022702864458,1.9342032449668511,-4.043610733769631,-2.3235775935515264,-1.663882111573141,1.2096954819783854,0.07642240644847353,-0.30481040556455097,-0.03046595279759993,1.2096954819783854,0.07642240644847353,0.30481040556455097,0.03046595279759993,False,False,ictal_scale,mid,high,mid,-0.18258462562234598,0.32690437222217805,0.07898210006883216,0.07966428814902043,0.09071795328941251,1200,500,10,54.97720980644226
-2.4,-0.55,0.58,0.048,68,1878115978,True,,60,-0.15,-0.15069512697874451,0.4455678154562118,-1.6194532398060653,-1.7749678751092097,0.015606278723866773,-0.1115744596864861,0.4524809301437026,-2.189856724445617,0.035273048862277175,25.179179848095494,25.829333262614842,70.83008250730148,68.03604477411808,0.6501534145193482,-2.7940377331834014,True,False,0.09071795328941251,0.05233970594843238,0.5769498103804866,0.19800693180067944,0.033559975919629906,0.16948889422423113,-4.160081963401768,-1.6194532398060653,-3.394421114915275,-1.2249678751092097,0.7805467601939347,-0.13443218454378814,-0.03239372127613323,1.2249678751092097,0.7805467601939347,0.13443218454378814,0.03239372127613323,False,False,ictal_scale,mid,high,mid,-0.08553743055538617,0.3300348892897142,0.07860335043800326,0.07919038383926763,0.09071795328941251,1200,500,10,49.62078356742859
-2.4,-0.55,0.58,0.048,69,880344691,True,,60,-0.15,-0.2095870492432133,0.6101627387360546,-1.9777834407917965,-1.8974420446554237,0.008836741297788702,-0.1580634987529987,0.5550323918272952,-2.515208733568537,0.011047651255368152,13.712358023942121,14.434846262726737,47.89643885899474,45.24707077434188,0.7224882387846154,-2.6493680846528633,True,False,0.09071795328941251,0.05233970594843238,0.5769498103804866,0.13837561537734638,0.02074965860011641,0.14995169881292073,-4.728837101765735,-1.9777834407917965,-3.87522548544722,-1.3474420446554236,0.42221655920820345,0.030162738736054684,-0.039163258702211295,1.3474420446554236,0.42221655920820345,0.030162738736054684,0.039163258702211295,False,False,ictal_scale,mid,high,mid,-0.20145568904428665,0.3599409501619453,0.07760097196578555,0.07849897593168242,0.09071795328941251,1200,500,10,50.729190826416016
-2.4,-0.55,0.58,0.048,70,1769405050,True,,60,-0.15,-0.16758928617075297,0.6486487523847602,-2.3508920088205727,-1.0182959653727743,0.014773702255282076,-0.06934755973283503,0.5469749027561226,-2.6937988484874977,0.015339338769402374,13.189774915048385,13.6196346803264,46.851272641207274,43.616647609541204,0.42985976527801384,-3.23462503166607,True,False,0.09071795328941251,0.05233970594843238,0.5769498103804866,0.09528413001201871,0.03441757395756776,0.3612099302709327,-4.214906553369447,-2.3508920088205727,-3.369187974193347,-0.4682959653727743,0.04910799117942721,0.0686487523847602,-0.03322629774471793,0.4682959653727743,0.04910799117942721,0.0686487523847602,0.03322629774471793,False,False,ictal_scale,mid,high,mid,-0.12565701050622285,0.3347659418961927,0.07913429874260898,0.08023444637136459,0.09071795328941251,1200,500,10,58.36470174789429
-2.4,-0.55,0.58,0.048,71,889716733,True,,60,-0.15,-0.28912128088782485,0.3882825816459108,-1.3895981627161258,-1.5756203853268778,0.024118961241525728,-0.13116166779856367,0.41807455260143567,-1.9247412505543506,0.03613291422696241,33.22651191116541,34.44188325443044,86.92474663344132,85.26114475774928,1.2153713432650264,-1.6636018756920379,True,False,0.09071795328941251,0.05233970594843238,0.5769498103804866,0.24917541248774894,0.05154920203672234,0.20687916806100135,-3.724756974322267,-1.3895981627161258,-2.9652185480430036,-1.0256203853268777,1.0104018372838741,-0.19171741835408918,-0.023881038758474273,1.0256203853268777,1.0104018372838741,0.19171741835408918,0.023881038758474273,False,False,ictal_scale,mid,high,mid,-0.0951647711377725,0.39320732688639065,0.0774356732226709,0.08000942441145545,0.09071795328941251,1200,500,10,69.73801732063293
-2.4,-0.55,0.58,0.048,72,1760033008,True,,60,-0.15,-0.2166999256553663,0.49660748079317346,-2.520418988348302,0.6228249912044,0.01240494468086473,-0.20247186749973914,0.439837093197196,-2.3429608743703794,0.014880289333534141,19.23498333126685,19.106472805547774,58.9416894736442,54.590323859983954,-0.12851052571907573,-4.351365613660249,False,False,0.09071795328941251,0.05233970594843238,0.5769498103804866,0.08042590217320086,0.1499289150102061,1.8641869218616578,-4.389660121270748,-2.520418988348302,-1.8975939971439022,1.1728249912044002,-0.12041898834830222,-0.0833925192068265,-0.035595055319135274,1.1728249912044002,0.12041898834830222,0.0833925192068265,0.035595055319135274,False,False,ictal_scale,mid,high,mid,-0.20249827371076157,0.3334310493339935,0.07784957654436388,0.07872438171386598,0.09071795328941251,1200,500,10,56.24971532821655
-2.4,-0.55,0.58,0.048,73,998427661,True,,60,-0.15,-0.16565190997512136,0.32110730720873404,-1.9145898964240424,-2.213789238664537,0.01432586218328503,-0.17782676611036335,0.44012765394533926,-2.247196872368127,0.014898433708438508,17.47251342469151,19.28411506696661,55.41674966049352,54.94560838282162,1.8116016422751002,-0.4711412776719044,True,False,0.09071795328941251,0.05233970594843238,0.5769498103804866,0.14740227039062648,0.016108968134459858,0.10928575314186105,-4.245688830877682,-1.9145898964240424,-4.128379135088579,-1.6637892386645368,0.4854101035759575,-0.2588926927912659,-0.03367413781671497,1.6637892386645368,0.4854101035759575,0.2588926927912659,0.03367413781671497,False,False,ictal_scale,mid,high,mid,-0.266283359758812,0.30305799025047137,0.0787149834656161,0.07897321085780415,0.09071795328941251,1200,500,10,76.07167863845825
-2.4,-0.55,0.58,0.048,74,1651322080,True,,60,-0.15,-0.19145588140560849,0.3301869105951154,-2.006898459477407,-1.2339647636891895,0.010947047278208933,-0.1838253741683657,0.3657063973126443,-2.396122566352234,0.015209409327417805,18.976416630026076,19.176368232753255,58.424556071162655,54.730114714394915,0.19995160272717882,-3.69444135676774,True,False,0.09071795328941251,0.05233970594843238,0.5769498103804866,0.13440489109526393,0.039130102504816945,0.2911360009739689,-4.514685514041151,-2.006898459477407,-3.2408632231665964,-0.6839647636891895,0.39310154052259305,-0.24981308940488456,-0.03705295272179107,0.6839647636891895,0.39310154052259305,0.24981308940488456,0.03705295272179107,False,False,ictal_scale,mid,high,mid,-0.14946811135412752,0.29413799326531676,0.08012032462070555,0.0807689667436304,0.09071795328941251,1200,500,10,60.57195258140564
-2.4,-0.55,0.58,0.048,75,2141379124,True,,60,-0.15,0.08701293050601458,0.36572809864001066,-1.2530748253745094,-2.8073637774062346,0.01743639087226557,-0.02768034948375952,0.4605895152814969,-1.9763425382944257,0.019370558689277846,28.59698668696666,29.837242524605944,77.66569618504383,76.05186329810029,1.2402558376392854,-1.6138328869435412,True,False,0.09071795328941251,0.05233970594843238,0.5769498103804866,0.285625197640903,0.017241455306472232,0.06036391553993333,-4.049195827315073,-1.2530748253745094,-4.060438602780744,-2.2573637774062343,1.1469251746254905,-0.2142719013599893,-0.030563609127734433,2.2573637774062343,1.1469251746254905,0.2142719013599893,0.030563609127734433,False,False,ictal_scale,mid,high,mid,-0.05732182127331862,0.35552006845955153,0.07894106019557247,0.08170464134702558,0.09071795328941251,1200,500,10,84.59863209724426
-2.4,-0.55,0.58,0.048,76,1641950038,True,,60,-0.15,-0.22034996747459068,0.49443569603684334,-2.1167364059353337,-1.2252241676272952,0.015236835338194588,-0.19884740442049303,0.4291538098601269,-2.376381447098545,0.015394315935389247,17.44432905233358,18.284836142453067,55.36038091577766,52.94705053379454,0.8405070901194875,-2.4133303819831227,True,False,0.09071795328941251,0.05233970594843238,0.5769498103804866,0.12042400294901526,0.035367549021813625,0.29369185673712755,-4.184039405261025,-2.1167364059353337,-3.3419605735626288,-0.6752241676272952,0.28326359406466617,-0.08556430396315662,-0.03276316466180541,0.6752241676272952,0.28326359406466617,0.08556430396315662,0.03276316466180541,False,False,ictal_scale,mid,high,mid,-0.23437554267477262,0.3050160743035588,0.0792055525545413,0.0803398176702716,0.09071795328941251,1200,500,10,57.12268042564392
-2.4,-0.55,0.58,0.048,77,2144216132,True,,60,-0.15,-0.33104224170961033,0.19958853668999618,-1.7176816761502232,-2.2035320874264452,0.012875222939542148,-0.3147935458494563,0.40116394559505164,-2.2993646505465173,0.021013660305277713,20.740622480956755,22.0413113772049,61.952967773024014,60.4600010032982,1.3006888962481433,-1.492966769725811,True,False,0.09071795328941251,0.05233970594843238,0.5769498103804866,0.179481762811704,0.019817026955505856,0.11041248227707728,-4.352450516889658,-1.7176816761502232,-3.9212137635766684,-1.6535320874264452,0.6823183238497768,-0.38041146331000375,-0.03512477706045786,1.6535320874264452,0.6823183238497768,0.38041146331000375,0.03512477706045786,False,False,ictal_scale,mid,high,mid,-0.32670598424702996,0.2786928014948141,0.07824395766558895,0.07833345053569055,0.09071795328941251,1200,500,10,68.11820125579834
-2.4,-0.55,0.58,0.048,78,1533239110,True,,60,-0.15,-0.17550033507424095,0.1691021723768521,-2.4008686116223896,-0.5107768575450632,0.011233379306270351,-0.15288438264886114,0.38520999727965427,-3.0022717359954108,0.04860195871276114,14.214532793588038,14.231948706711472,48.90078839828658,44.84127566231135,0.01741591312343438,-4.0595127359752325,True,False,0.09071795328941251,0.05233970594843238,0.5769498103804866,0.090639188833639,0.05438616544327478,0.6000292604460113,-4.4888656377539835,-2.4008686116223896,-2.911645469167453,0.039223142454936855,-0.0008686116223897145,-0.41089782762314786,-0.03676662069372965,0.039223142454936855,0.0008686116223897145,0.41089782762314786,0.03676662069372965,False,False,ictal_scale,mid,high,mid,-0.1790851690577759,0.27938693202457054,0.08042276831282474,0.08186160687578875,0.09071795328941251,1200,500,10,61.20932412147522
-2.4,-0.55,0.58,0.048,79,111978447,True,,60,-0.15,-0.1717481122496843,0.5210237937660938,-1.4399678040310908,-2.686033562189272,0.011612915181603395,-0.09397945683974818,0.47305456624698494,-2.345016533349968,0.020930201605361933,21.72512737502227,24.400534057047267,63.921977561155046,65.17844636298294,2.6754066820249953,1.256468801827893,True,True,0.09071795328941251,0.05233970594843238,0.5769498103804866,0.23693538692367266,0.016147317111823246,0.0681507195758184,-4.455637422490699,-1.4399678040310908,-4.126001366220363,-2.1360335621892723,0.9600321959689091,-0.0589762062339062,-0.03638708481839661,2.1360335621892723,0.9600321959689091,0.0589762062339062,0.03638708481839661,False,False,ictal_scale,mid,high,mid,-0.10815166786694881,0.3671880941107976,0.07786503426855763,0.07969934154906871,0.09071795328941251,1200,500,10,63.02859592437744
-2.4,-0.55,0.58,0.048,80,1523867068,True,,60,-0.15,-0.2755736925070546,0.4996654165291122,-1.3421754519369533,-3.2122226190619094,0.013525962587635897,-0.1376435343818044,0.43930743299749514,-2.2093370502133993,0.02434861560934785,21.069038225547907,24.538287134617228,62.609799262206316,65.45395251812286,3.4692489090693215,2.844153255916545,True,True,0.09071795328941251,0.05233970594843238,0.5769498103804866,0.2612766550686122,0.010520831119916519,0.04026701550183927,-4.303144285792412,-1.3421754519369533,-4.554398070998863,-2.662222619061909,1.0578245480630466,-0.08033458347088773,-0.0344740374123641,2.662222619061909,1.0578245480630466,0.08033458347088773,0.0344740374123641,False,False,ictal_scale,mid,high,mid,-0.18444153377236258,0.3321864525417835,0.07903380528442791,0.0814800987909583,0.09071795328941251,1200,500,10,68.62082839012146
-2.4,-0.55,0.58,0.048,81,2026133162,True,,60,-0.15,-0.26284731994258875,0.5208815517155464,-1.4463234490569692,-2.2327316974136413,0.01473535083486483,-0.2576606981426745,0.4219418474600227,-2.0662336981702185,0.027326101502293483,27.49995661526113,28.014587897180256,75.47163604163276,72.40655404324892,0.5146312819191259,-3.065081998383846,True,False,0.09071795328941251,0.05233970594843238,0.5769498103804866,0.2354342849987916,0.025246818114451404,0.10723509583398608,-4.217505853448178,-1.4463234490569692,-3.6790551464706107,-1.6827316974136413,0.9536765509430307,-0.05911844828445356,-0.03326464916513517,1.6827316974136413,0.9536765509430307,0.05911844828445356,0.03326464916513517,False,False,ictal_scale,mid,high,mid,-0.24291514297282413,0.34536549224141744,0.07779325787615456,0.07800456703255883,0.09071795328941251,1200,500,10,55.13162302970886
-2.4,-0.55,0.58,0.048,82,1766568042,True,,60,-0.15,-0.17589944570244131,0.5490470355974165,-1.2358731288333253,-3.122672645886775,0.018885072838737083,-0.2236689532925695,0.5064187270669915,-2.1113295891613606,0.030268025731837664,27.805302269908793,29.045185267149815,76.0823273509281,74.46774878318803,1.239882997241022,-1.6145785677400681,True,False,0.09071795328941251,0.05233970594843238,0.5769498103804866,0.2905809369783534,0.012796983822127007,0.044039309512861495,-3.9693834658626406,-1.2358731288333253,-4.3585457747201,-2.572672645886775,1.1641268711666746,-0.03095296440258344,-0.02911492716126292,2.572672645886775,1.1641268711666746,0.03095296440258344,0.02911492716126292,False,False,ictal_scale,mid,high,mid,-0.22553997751446173,0.35387690651033643,0.07735508146296739,0.07728226255444987,0.09071795328941251,1200,500,10,74.91932272911072
-2.4,-0.55,0.58,0.048,83,1917422234,True,,60,-0.15,-0.1564652742629572,0.2568193250377602,-2.0840615426513986,-2.1951304704318586,0.009640264424608896,-0.15020758872285428,0.281113480584949,-2.543890464998503,0.002004674605898136,11.997680433886423,13.737449219853625,44.46708367888335,43.85227668859565,1.7397687859672022,-0.6148069902876969,True,False,0.09071795328941251,0.05233970594843238,0.5769498103804866,0.12442383185208658,0.013853851296097027,0.11134403345306311,-4.641806740797194,-2.0840615426513986,-4.279192013083257,-1.6451304704318586,0.31593845734860126,-0.32318067496223973,-0.0383597355753911,1.6451304704318586,0.31593845734860126,0.32318067496223973,0.0383597355753911,False,False,ictal_scale,mid,high,mid,-0.11223799925241949,0.27252510091066784,0.08038248080647274,0.08027379804847243,0.09071795328941251,1200,500,10,69.55916404724121
-2.4,-0.55,0.58,0.048,84,1775940084,True,,60,-0.15,-0.06601528307496254,0.42258781776664023,-1.722453001012013,-1.7979654915432532,0.01586615268432126,-0.060539045288901305,0.47158592686285505,-2.1866120288200896,0.0183799590623063,23.30831808838766,23.941270999470454,67.08835898788583,64.25992024782931,0.6329529110827927,-2.8284387400565123,True,False,0.09071795328941251,0.05233970594843238,0.5769498103804866,0.17862743676887238,0.029587050616236236,0.1656355325443044,-4.143567200782863,-1.722453001012013,-3.520418492555266,-1.2479654915432532,0.677546998987987,-0.15741218223335973,-0.03213384731567874,1.2479654915432532,0.677546998987987,0.15741218223335973,0.03213384731567874,False,False,ictal_scale,mid,high,mid,-0.05098312448888405,0.31278157751139535,0.07964788107425494,0.08162095040077547,0.09071795328941251,1200,500,10,66.59027194976807
-2.4,-0.55,0.58,0.048,85,1908050192,True,,60,-0.15,-0.07707411523173684,0.39916053118901973,-1.9306484530959946,-1.6423560659614278,0.013123624933723118,-0.03769101963696554,0.3831268626069077,-2.652273130041276,0.00934079339346821,20.58095482280565,28.98561384651692,61.633632456721806,74.34860594192224,8.404659023711268,12.714973485200439,True,True,0.09071795328941251,0.05233970594843238,0.5769498103804866,0.1450541071951297,0.028071385837503227,0.19352355048961858,-4.333341242947319,-1.9306484530959946,-3.5730045190574224,-1.0923560659614278,0.46935154690400527,-0.18083946881098023,-0.03487637506627688,1.0923560659614278,0.46935154690400527,0.18083946881098023,0.03487637506627688,False,False,ictal_scale,mid,high,mid,-0.08590450905067408,0.34148183169524754,0.07807287773566475,0.07865939489651466,0.09071795328941251,1200,500,10,83.57265067100525
-2.4,-0.55,0.58,0.048,86,1884651012,True,,60,-0.15,-0.18799554516930303,0.24367327060708296,-1.8329690303155661,-0.3057683494209007,0.01627704327795363,-0.16650159014294874,0.34281514199981133,-1.8426525713649062,0.017846194758791453,32.45225711773456,32.93430648981859,85.37623704657963,82.24599122852558,0.48204937208402754,-3.1302458180540498,True,False,0.09071795328941251,0.05233970594843238,0.5769498103804866,0.1599380013643143,0.11780349023342415,0.7365572236024498,-4.117999551735392,-1.8329690303155661,-2.138737379736467,0.24423165057909935,0.5670309696844338,-0.33632672939291697,-0.03172295672204637,0.24423165057909935,0.5670309696844338,0.33632672939291697,0.03172295672204637,False,False,ictal_scale,mid,high,mid,-0.22181391759032715,0.3270191306661649,0.07962643794235387,0.08157772676526207,0.09071795328941251,1200,500,10,59.369280099868774
-2.4,-0.55,0.58,0.048,87,765098729,True,,60,-0.15,-0.21476518102028735,0.6291989054292373,-1.8490300574988803,-0.4832668145355289,0.02286645421673052,-0.15043822468431906,0.5537751592603977,-1.9429707186456362,0.02429922247895945,32.18350173027862,32.690059560634,84.83872627166775,81.7574973701564,0.5065578303553764,-3.081228901511352,True,False,0.09071795328941251,0.05233970594843238,0.5769498103804866,0.15738975131136548,0.09707252766034319,0.6167652394869332,-3.778084323775101,-1.8490300574988803,-2.332296872034409,0.06673318546447116,0.5509699425011196,0.04919890542923733,-0.02513354578326948,0.06673318546447116,0.5509699425011196,0.04919890542923733,0.02513354578326948,False,False,ictal_scale,mid,high,mid,-0.2459350010537771,0.44605649828494365,0.07431612906718692,0.07446879629494757,0.09071795328941251,1200,500,10,55.44239640235901
-2.4,-0.55,0.58,0.048,88,1894023054,True,,60,-0.15,-0.272126436687409,0.3250375284020134,-2.08550042970944,-0.28296094110479025,0.018566262664039428,-0.1794167024080306,0.4093914649091296,-2.0682426709670563,0.018397665381218106,26.79641944406287,27.377458099727296,74.06456169923624,71.13229444834299,0.5810386556644254,-2.932267250893247,True,False,0.09071795328941251,0.05233970594843238,0.5769498103804866,0.12424492875226685,0.09362466916077977,0.7535492200849411,-3.9864091805207478,-2.08550042970944,-2.3684613708142304,0.2670390588952098,0.31449957029055975,-0.2549624715979866,-0.029433737335960573,0.2670390588952098,0.31449957029055975,0.2549624715979866,0.029433737335960573,False,False,ictal_scale,mid,high,mid,-0.2443169003765641,0.2587702095187183,0.08036472654456332,0.0801038355116213,0.09071795328941251,1200,500,10,51.62555241584778
-2.4,-0.55,0.58,0.048,89,1391756960,True,,60,-0.15,-0.10691541162270901,0.38612016527868953,-3.4260341527357223,2.8583453360553865,0.01081411439609374,-0.1395569347546618,0.39674126061200266,-2.6019662284586036,0.010193929251271192,10.550001564605157,12.660800284967609,41.57172594032082,41.69897881882362,2.1107987203624514,0.12725287850280154,True,True,0.09071795328941251,0.05233970594843238,0.5769498103804866,0.03251563746039478,0.5668339832209675,17.432657868429974,-4.526903109560267,-3.4260341527357223,-0.5676888166803358,3.408345336055387,-1.0260341527357224,-0.19387983472131043,-0.03718588560390626,3.408345336055387,1.0260341527357224,0.19387983472131043,0.03718588560390626,False,False,ictal_scale,mid,high,mid,-0.13586038675933568,0.3043818741116107,0.07939218705393201,0.0800811934326792,0.09071795328941251,1200,500,10,54.47630262374878
-2.4,-0.55,0.58,0.048,90,2002733982,True,,60,-0.15,-0.22382347184416507,0.3398502690550571,-2.6172000991628614,1.5158978306068018,0.011882776997739002,-0.24911744464619417,0.38050164645562573,-2.1720558238216157,0.015462631461641016,22.648533585634446,23.770540649742927,65.76878998237939,63.91845954837426,1.1220070641084803,-1.85033043400513,True,False,0.09071795328941251,0.05233970594843238,0.5769498103804866,0.07300698925754034,0.33243787828867244,4.553507570569176,-4.432665238345417,-2.6172000991628614,-1.1013022685560596,2.0658978306068017,-0.21720009916286154,-0.24014973094494285,-0.036117223002261,2.0658978306068017,0.21720009916286154,0.24014973094494285,0.036117223002261,False,False,ictal_scale,mid,high,mid,-0.24504736087851864,0.3093083715030823,0.07942325288714996,0.08178749506797184,0.09071795328941251,1200,500,10,59.361490964889526
-2.4,-0.55,0.58,0.048,91,1500467888,True,,60,-0.15,-0.047988929242199975,0.4740268564283215,-2.1074783600406906,-0.3781819955624144,0.020176005831327715,-0.04818873572293879,0.4350163703943322,-2.2118761601727686,0.016399172852336816,24.422207733526516,24.675644882250477,69.31613827816354,65.72866801338935,0.25343714872396106,-3.5874702647741827,True,False,0.09071795328941251,0.05233970594843238,0.5769498103804866,0.12154407071431748,0.08327054817914806,0.6851058031030638,-3.9032612107366313,-2.1074783600406906,-2.485660355603105,0.17181800443758566,0.29252163995930935,-0.10597314357167847,-0.027823994168672286,0.17181800443758566,0.29252163995930935,0.10597314357167847,0.027823994168672286,False,False,ictal_scale,mid,high,mid,-0.051041673423932225,0.36513657005906114,0.07824999482895584,0.08124180890403904,0.09071795328941251,1200,500,10,61.35419416427612
-2.4,-0.55,0.58,0.048,92,135377627,True,,60,-0.15,-0.176791264684107,0.4657894276278688,-2.423238773035777,0.6300077211628665,0.014130866260171538,-0.18802854588426296,0.42967571119207476,-2.354515329040752,0.017354153344044797,21.21125147076722,21.50859829571676,62.89422575264494,59.39457484032192,0.297346824949539,-3.4996509123230197,True,False,0.09071795328941251,0.05233970594843238,0.5769498103804866,0.08863408639772756,0.16642158326699127,1.8776250766573939,-4.259393777712527,-2.423238773035777,-1.7932310518729107,1.1800077211628666,-0.02323877303577726,-0.11421057237213117,-0.033869133739828465,1.1800077211628666,0.02323877303577726,0.11421057237213117,0.033869133739828465,False,False,ictal_scale,mid,high,mid,-0.1979833664397872,0.3194182707227127,0.0794406733415116,0.08060612877433554,0.09071795328941251,1200,500,10,52.37199878692627
-2.4,-0.55,0.58,0.048,93,1509839930,True,,60,-0.15,-0.0471474752186198,0.36858232961047077,-1.9535136274224612,-1.8720248392195338,0.011612742887897924,-0.05072092559482806,0.4182673470188294,-2.3565363496982004,0.011971020979889335,18.296065314291333,19.377562743829138,57.06385343969317,55.13250373654668,1.081497429537805,-1.9313497031464877,True,False,0.09071795328941251,0.05233970594843238,0.5769498103804866,0.14177505070719662,0.02180669019384871,0.1538119019183803,-4.4556522589879,-1.9535136274224612,-3.825538466641995,-1.3220248392195337,0.44648637257753876,-0.2114176703895292,-0.03638725711210208,1.3220248392195337,0.44648637257753876,0.2114176703895292,0.03638725711210208,False,False,ictal_scale,mid,high,mid,-0.10624271995471492,0.3074659605681437,0.08027959727087457,0.08245516772811752,0.09071795328941251,1200,500,10,65.29137206077576
-2.4,-0.55,0.58,0.048,94,1139909811,True,,60,-0.15,-0.1779977340888773,0.4123105266260917,-1.8869172579393698,-1.8649115278029784,0.011340876310745606,-0.12562502588959132,0.4456635572064459,-2.354429632142933,0.012666814581707687,18.491853775925197,19.658088980118226,57.4554303629609,55.69355620912485,1.166235204193029,-1.7618741538360467,True,False,0.09071795328941251,0.05233970594843238,0.5769498103804866,0.15153824283410947,0.023474776240781148,0.1549099144991356,-4.479341707588314,-1.8869172579393698,-3.7518287857423482,-1.3149115278029784,0.5130827420606301,-0.16768947337390827,-0.03665912368925439,1.3149115278029784,0.5130827420606301,0.16768947337390827,0.03665912368925439,False,False,ictal_scale,mid,high,mid,-0.11802915330859522,0.29266914786977194,0.08096689224855844,0.08326037802057891,0.09071795328941251,1200,500,10,62.75593376159668
-2.4,-0.55,0.58,0.048,95,1618550858,True,,60,-0.15,-0.23316976748866353,0.457718518195996,-1.868451568265148,-0.19346404190143462,0.02085916973231794,-0.20725538612022032,0.43454026866793777,-1.955718368355683,0.027671197519213892,32.03414975963931,31.968560816112905,84.54002233038912,80.31449988111422,-0.0655889435264072,-4.225522449274905,False,False,0.09071795328941251,0.05233970594843238,0.5769498103804866,0.15436249664617346,0.1272100514752106,0.8240994687122668,-3.8699616321039314,-1.868451568265148,-2.0619156101665825,0.3565359580985654,0.531548431734852,-0.12228148180400394,-0.027140830267682062,0.3565359580985654,0.531548431734852,0.12228148180400394,0.027140830267682062,False,False,ictal_scale,mid,high,mid,-0.24709476530078725,0.36127709591749535,0.07730284890420976,0.07878157777108989,0.09071795328941251,1200,500,10,60.94362950325012
-2.4,-0.55,0.58,0.048,96,1130537769,True,,60,-0.15,-0.05842312634083521,0.45944045126986544,-2.0086502845369836,-1.3658675103852558,0.014908673616400268,-0.0689919085837657,0.4162771796610122,-2.4102343147993155,0.01928437609321869,19.044384913066615,19.50222721374518,58.56049263724373,55.381832676378764,0.45784230067856413,-3.1786599608649695,True,False,0.09071795328941251,0.05233970594843238,0.5769498103804866,0.1341696433555189,0.03423462244093502,0.2551592266681449,-4.205812113491897,-2.0086502845369836,-3.374517794922239,-0.8158675103852557,0.39134971546301633,-0.12055954873013452,-0.03309132638359973,0.8158675103852557,0.39134971546301633,0.12055954873013452,0.03309132638359973,False,False,ictal_scale,mid,high,mid,-0.03215887900614785,0.3406649753391619,0.07829641683116548,0.07981252059334454,0.09071795328941251,1200,500,10,57.266579389572144
-2.4,-0.55,0.58,0.048,97,1627922900,True,,60,-0.15,-0.3553569948806329,0.6831266132543194,-1.4075562746064998,-1.9516499780386336,0.019324228681721282,-0.24989636776451776,0.4849781989099215,-2.0548232310484806,0.019891774606401548,29.242728035902935,30.074609999008675,78.95717888291637,76.52659824690575,0.8318819631057401,-2.4305806360106175,True,False,0.09071795328941251,0.05233970594843238,0.5769498103804866,0.2447406318749812,0.034762840909754296,0.1420395160518827,-3.946395598282102,-1.4075562746064998,-3.3592062526451336,-1.4016499780386336,0.9924437253935001,0.10312661325431949,-0.02867577131827872,1.4016499780386336,0.9924437253935001,0.10312661325431949,0.02867577131827872,False,False,ictal_scale,mid,high,mid,-0.26419813917748225,0.36804994372771344,0.07780531865766527,0.08063711459325876,0.09071795328941251,1200,500,10,65.06109261512756
-2.4,-0.55,0.58,0.048,98,1021826841,True,,60,-0.15,-0.21637667527473003,0.16173609669667696,-2.601151074469911,1.3642544458938544,0.010252883909835706,-0.20602151828741438,0.30706586055598134,-2.6038666175351017,0.04925049187539161,22.041977721484837,22.53255992568733,64.55567825408018,61.442498100263066,0.490582204202493,-3.1131801538171118,True,False,0.09071795328941251,0.05233970594843238,0.5769498103804866,0.07418813298101014,0.2902836796114821,3.9128047566015134,-4.580196255914052,-2.601151074469911,-1.2368966285760565,1.9142544458938544,-0.20115107446991098,-0.41826390330332297,-0.0377471160901643,1.9142544458938544,0.20115107446991098,0.41826390330332297,0.0377471160901643,False,False,ictal_scale,mid,high,mid,-0.1875891340909529,0.2897194016647914,0.08045032261135844,0.0816893258466567,0.09071795328941251,1200,500,10,57.30971002578735
-2.4,-0.55,0.58,0.048,99,1736633828,True,,60,-0.15,-0.22365407419230524,0.4784235777818718,-2.483972773529957,1.1759026112533217,0.019190092170313044,-0.2537484436154831,0.41252623566041063,-2.074408098993886,0.019756598629701777,28.552952748391164,29.342987718888047,77.57762830789284,75.0633536866645,0.7900349704968832,-2.5142746212283384,True,False,0.09071795328941251,0.05233970594843238,0.5769498103804866,0.08341119270468754,0.2703412680732464,3.241067047564874,-3.9533611659353425,-2.483972773529957,-1.3080701622766353,1.7259026112533218,-0.08397277352995713,-0.10157642221812818,-0.028809907829686957,1.7259026112533218,0.08397277352995713,0.10157642221812818,0.028809907829686957,False,False,ictal_scale,mid,high,mid,-0.2897826231971417,0.36166571509905543,0.07701159993766286,0.07810516379852295,0.09071795328941251,1200,500,10,44.94818925857544
-2.4,-0.3,0.58,0.048,0,483671060,True,,60,-0.15,-0.02866076315844451,0.4978276161858395,-2.435080021979508,0.8692189320894796,0.0115839612283796,-0.0404296578862781,0.39659985757586536,-2.0971086797623597,0.021310286983006903,24.488817383589215,25.46223127129478,69.44935757828893,67.30184079147796,0.9734138877055649,-2.147516786810968,True,False,0.09071795328941251,0.06720551273974978,0.7408182206817179,0.08759073758339775,0.20890804709361918,2.3850472419496596,-4.4581337903419955,-2.435080021979508,-1.5658610898900285,1.1692189320894797,-0.035080021979508214,-0.08217238381416048,-0.036416038771620404,1.1692189320894797,0.035080021979508214,0.08217238381416048,0.036416038771620404,False,False,ictal_scale,mid,high,mid,-0.0796853386873844,0.34445695502291096,0.08354534298696353,0.08396924876381273,0.09071795328941251,1200,500,10,56.22514200210571
-2.4,-0.3,0.58,0.048,1,1085276040,True,,60,-0.15,-0.08159120063201536,0.3644147167736506,-2.0242793808195825,-0.28547192292741835,0.01482065594231671,-0.057530351773028995,0.38494738154482844,-2.2141749672798756,0.029439256961711673,27.377903472432756,27.355444176298686,75.22752975597601,71.08826660148577,-0.022459296134069717,-4.139263154490237,False,False,0.09071795328941251,0.06720551273974978,0.7408182206817179,0.13208899476283575,0.09928594053087662,0.7516594452788694,-4.211733399478506,-2.0242793808195825,-2.3097513037470008,0.014528077072581635,0.37572061918041744,-0.21558528322634934,-0.03317934405768329,0.014528077072581635,0.37572061918041744,0.21558528322634934,0.03317934405768329,False,False,ictal_scale,mid,high,mid,-0.06258313403288196,0.33356616964565494,0.08349405586688456,0.08382687081147287,0.09071795328941251,1200,500,10,59.47696495056152
-2.4,-0.3,0.58,0.048,2,474299018,True,,60,-0.15,-0.10805233447615731,0.30455661604000617,-1.3201819612367431,-1.5134340209233887,0.017958425249684863,-0.18395982154210644,0.32845141350600593,-1.7900181092937535,0.02507353770093371,35.976735107815664,36.99417184142497,92.42519302674182,90.36572193173835,1.0174367336093084,-2.059471095003474,True,False,0.09071795328941251,0.06720551273974978,0.7408182206817179,0.2670866981180691,0.05879984958493691,0.22015266952360044,-4.019695900927515,-1.3201819612367431,-2.833615982160132,-1.2134340209233887,1.0798180387632568,-0.2754433839599938,-0.030041574750315138,1.2134340209233887,1.0798180387632568,0.2754433839599938,0.030041574750315138,False,False,ictal_scale,mid,high,mid,-0.19329335738548226,0.32966063969969017,0.08386171841530503,0.084695539514072,0.09071795328941251,1200,500,10,78.2471034526825
-2.4,-0.3,0.58,0.048,3,976565112,True,,60,-0.15,-0.14739303259917835,0.44895001701666365,-1.9544018082232617,0.039595474724688245,0.017345980296589476,-0.10872602571586099,0.45156835678943236,-1.932268834467671,0.02098102578172542,31.557409268429904,31.621532935178163,83.58654134797031,79.62044411924472,0.06412366674825876,-3.9660972287255873,True,False,0.09071795328941251,0.06720551273974978,0.7408182206817179,0.14164918473327098,0.14737037052672503,1.0403898250754298,-4.054394482625656,-1.9544018082232617,-1.9148063334985734,0.3395954747246882,0.4455981917767382,-0.1310499829833363,-0.030654019703410525,0.3395954747246882,0.4455981917767382,0.1310499829833363,0.030654019703410525,False,False,ictal_scale,mid,high,mid,-0.09728892267188764,0.37856384329373255,0.08261096809721472,0.08311390311064479,0.09071795328941251,1200,500,10,49.47607111930847
-2.4,-0.3,0.58,0.048,4,365588090,True,,60,-0.15,-0.003641619007334451,0.6156999280524498,-2.777267707540065,1.02885215491256,0.014806485955964711,-0.04479279848928053,0.5279353649922992,-2.3343113992822806,0.01570333897748618,18.43355113979954,18.884069533158268,57.338825090709584,54.14551731520494,0.45051839335872756,-3.1933077755046426,True,False,0.09071795328941251,0.06720551273974978,0.7408182206817179,0.06220824650616415,0.1740494973612407,2.7978524896051256,-4.212689953943402,-2.777267707540065,-1.748415552627505,1.32885215491256,-0.377267707540065,0.035699928052449814,-0.03319351404403529,1.32885215491256,0.377267707540065,0.035699928052449814,0.03319351404403529,False,False,ictal_scale,mid,high,mid,-0.07971876350074299,0.3684148290795491,0.08320737555933914,0.0844078568637795,0.09071795328941251,1200,500,10,50.27753233909607
-2.4,-0.3,0.58,0.048,5,967193070,True,,60,-0.15,-0.32991067938225715,0.357165353741323,-2.2959460870501878,0.42474782154436197,0.018304748246723304,-0.29417582022051525,0.3782400231148691,-2.0681627345984213,0.014893778848542847,26.183178883465246,26.35195630878324,72.838080578041,69.08129086645488,0.16877742531799456,-3.756789711586123,True,False,0.09071795328941251,0.06720551273974978,0.7408182206817179,0.1006661092995454,0.15393909135184103,1.5292047385458674,-4.0005947857564506,-2.2959460870501878,-1.871198265505826,0.7247478215443619,0.10405391294981214,-0.22283464625867694,-0.029695251753276697,0.7247478215443619,0.10405391294981214,0.22283464625867694,0.029695251753276697,False,False,ictal_scale,mid,high,mid,-0.2894943220273992,0.3121241042834691,0.08352128397803818,0.08394984673240405,0.09071795328941251,1200,500,10,64.18079924583435
-2.4,-0.3,0.58,0.048,6,678024487,True,,60,-0.15,-0.24020568184861602,0.45344233787643295,-2.45012567292777,0.9151236580494521,0.016029878945754975,-0.24414823487897164,0.4270788226413178,-2.1305339135911807,0.020122670535556938,25.712408509739397,25.928831549509944,71.89653983058929,68.2350413479083,0.21642303977054667,-3.6614984826809973,True,False,0.09071795328941251,0.06720551273974978,0.7408182206817179,0.08628274241312568,0.21545525705317883,2.4970840173527318,-4.133300864120009,-2.45012567292777,-1.5350020148783177,1.215123658049452,-0.050125672927769926,-0.126557662123567,-0.03197012105424503,1.215123658049452,0.050125672927769926,0.126557662123567,0.03197012105424503,False,False,ictal_scale,mid,high,mid,-0.260051845569817,0.29849579207662796,0.0842623608883887,0.08442088140330697,0.09071795328941251,1200,500,10,55.809560775756836
-2.4,-0.3,0.58,0.048,7,858482142,True,,60,-0.15,-0.04065095143696469,0.24215138730671731,-1.9047962573711223,-2.5853220390285636,0.010579191750735604,-0.03682874456845223,0.4186935683287008,-2.695078321589657,0.03278330335209056,14.178060272831775,15.705024119018834,48.82784335677405,47.787426486926066,1.5269638461870585,-1.0404168698479879,True,False,0.09071795328941251,0.06720551273974978,0.7408182206817179,0.14885296722768726,0.011219316526332216,0.075371803030107,-4.548866249540518,-1.9047962573711223,-4.490118296399686,-2.285322039028564,0.49520374262887756,-0.33784861269328265,-0.0374208082492644,2.285322039028564,0.49520374262887756,0.33784861269328265,0.0374208082492644,False,False,ictal_scale,mid,high,mid,-0.03191971560485753,0.27901206867520395,0.08469256610968298,0.08602554391266098,0.09071795328941251,1200,500,10,62.99300980567932
-2.4,-0.3,0.58,0.048,8,786735415,True,,60,-0.15,-0.18743191353725808,0.5175783180541363,-1.6355434103401847,-2.58009968500162,0.018505518230000236,-0.15570255638412966,0.4177382181730357,-2.183559552111703,0.018654820019308526,20.64098539471467,22.82701809640297,61.75369360053984,62.03141444169434,2.186032701688301,0.2777208411544976,True,True,0.09071795328941251,0.06720551273974978,0.7408182206817179,0.19484646094377236,0.014762824809823261,0.07576645086760611,-3.9896863086725833,-1.6355434103401847,-4.215643095341805,-2.28009968500162,0.7644565896598152,-0.062421681945863616,-0.029494481769999765,2.28009968500162,0.7644565896598152,0.062421681945863616,0.029494481769999765,False,False,ictal_scale,mid,high,mid,-0.20303823346722577,0.3549403140825567,0.08322568546673897,0.08353878565794015,0.09071795328941251,1200,500,10,51.07689547538757
-2.4,-0.3,0.58,0.048,9,849110100,True,,60,-0.15,-0.1010012979299316,0.4940962191417391,-2.6975258749393216,1.715649400792693,0.0162422357238452,-0.10533836929742524,0.3961551316858656,-2.2341150396280387,0.013278551820911312,24.14845093780862,27.70022006971896,68.76862468672775,71.77781838832632,3.5517691319103406,3.0091937015985764,True,True,0.09071795328941251,0.06720551273974978,0.7408182206817179,0.06737199344515449,0.3746074976286715,5.560285193782016,-4.1201402859994785,-2.6975258749393216,-0.9818764741466286,2.015649400792693,-0.2975258749393217,-0.08590378085826084,-0.0317577642761548,2.015649400792693,0.2975258749393217,0.08590378085826084,0.0317577642761548,False,False,ictal_scale,mid,high,mid,-0.10451927382489523,0.3381685380571699,0.08352905729704621,0.08352661854153742,0.09071795328941251,1200,500,10,47.971792697906494
-2.4,-0.3,0.58,0.048,10,796107457,True,,60,-0.15,-0.2887588608753322,0.44825627861768336,-1.8990840526239092,-3.1746787533079517,0.009974839169534932,-0.2517078784661133,0.47292688974351943,-2.6341604188836936,0.019924632086474468,11.130768273913848,12.366467681666974,42.7332593589382,41.11031361222235,1.2356994077531258,-1.6229457467158497,True,False,0.09071795328941251,0.06720551273974978,0.7408182206817179,0.1497056789671319,0.0062588250327747725,0.04180753245939927,-4.607689439691087,-1.8990840526239092,-5.073762805931861,-2.874678753307952,0.5009159473760907,-0.1317437213823166,-0.03802516083046507,2.874678753307952,0.5009159473760907,0.1317437213823166,0.03802516083046507,False,False,ictal_scale,mid,high,mid,-0.24901805853944387,0.2984657272939988,0.0842901411180303,0.0857812743012713,0.09071795328941251,1200,500,10,60.18646740913391
-2.4,-0.3,0.58,0.048,11,740399172,True,,60,-0.15,-0.2478470312445255,0.23679868295894793,-2.0887450409075203,-1.7178646490400082,0.010275742534639759,-0.24981631163519102,0.29658425905968855,-2.4909069977597884,0.00731699230763352,13.80844220995726,14.870322312734384,48.08860723102502,46.118022874357166,1.061880102777124,-1.9705843566678567,True,False,0.09071795328941251,0.06720551273974978,0.7408182206817179,0.12384245555274401,0.022223395582593924,0.1794489255191574,-4.577969255065923,-2.0887450409075203,-3.8066096899475284,-1.4178646490400082,0.3112549590924796,-0.34320131704105206,-0.03772425746536024,1.4178646490400082,0.3112549590924796,0.34320131704105206,0.03772425746536024,False,False,ictal_scale,mid,high,mid,-0.2225292791347021,0.28220686935072586,0.08452797038323492,0.08436798847726494,0.09071795328941251,1200,500,10,69.76331210136414
-2.4,-0.3,0.58,0.048,12,904818385,True,,60,-0.15,-0.13845088236268682,0.4039793489089581,-1.606679050855747,-1.4920041982773737,0.019105185524787908,-0.11292734085890074,0.3879429507540195,-1.9272514567816907,0.018453594743094034,28.743993092827203,30.169042097863375,77.9597089967649,76.71546244461516,1.425049005036172,-1.2442465521497468,True,False,0.09071795328941251,0.06720551273974978,0.7408182206817179,0.20055253414782692,0.04510856004090219,0.22492141638884877,-3.957795487332836,-1.606679050855747,-3.0986832491331207,-1.1920041982773737,0.793320949144253,-0.17602065109104187,-0.028894814475212093,1.1920041982773737,0.793320949144253,0.17602065109104187,0.028894814475212093,False,False,ictal_scale,mid,high,mid,-0.17004507508263728,0.349640512760174,0.0830471252215679,0.08371485330298237,0.09071795328941251,1200,500,10,59.21141028404236
-2.4,-0.3,0.58,0.048,13,402552291,True,,60,-0.15,-0.014293635422043982,0.5743816880732397,-2.3866456459823064,0.14535641751804884,0.017035609065753163,-0.03584506947437073,0.4699439703853103,-2.2551117700932073,0.02038405203523701,22.5939437495189,23.138058656842453,65.65961031014831,62.65349556257331,0.5441149073235536,-3.0061147475749976,True,False,0.09071795328941251,0.06720551273974978,0.7408182206817179,0.09193755834706567,0.10632134348001061,1.1564516764589932,-4.072449474721851,-2.3866456459823064,-2.2412892284642574,0.44535641751804883,0.01335435401769347,-0.005618311926760211,-0.030964390934246838,0.44535641751804883,0.01335435401769347,0.005618311926760211,0.030964390934246838,False,False,ictal_scale,mid,high,mid,-0.0690351150749379,0.32981465096446677,0.0837669958331108,0.08491312769727716,0.09071795328941251,1200,500,10,48.031872034072876
-2.4,-0.3,0.58,0.048,14,1233293224,True,,60,-0.15,0.07566803294750209,0.43986657712884736,-1.1720326498322005,-2.6870283317888894,0.01477614735119177,-0.07823039537443963,0.409914768948875,-1.9473311563723221,0.020879726304876594,28.597008119657858,29.639069055681027,77.66573905042623,75.65551636025046,1.0420609360231694,-2.010222690175766,True,False,0.09071795328941251,0.06720551273974978,0.7408182206817179,0.3097367146863667,0.021087792053120846,0.0680829590204504,-4.214741063801965,-1.1720326498322005,-3.8590609816210897,-2.3870283317888896,1.2279673501677995,-0.1401334228711526,-0.03322385264880823,2.3870283317888896,1.2279673501677995,0.1401334228711526,0.03322385264880823,False,False,ictal_scale,mid,high,mid,-0.10319493926130026,0.3067405582030555,0.08459375906140464,0.08564155471435826,0.09071795328941251,1200,500,10,80.23731327056885
-2.4,-0.3,0.58,0.048,15,411924333,True,,60,-0.15,-0.18864854395577957,0.4985654055325273,-1.9558347366044027,-2.2744002139346264,0.01047370944322232,-0.155270058646589,0.45847746379160426,-2.447880447074703,0.018200209227829525,14.872563138747562,17.109569295977884,50.21684908860563,50.596516840844174,2.237006157230322,0.37966775223854654,True,True,0.09071795328941251,0.06720551273974978,0.7408182206817179,0.14144635694985014,0.014548971858039918,0.10285858308247742,-4.558887024275108,-1.9558347366044027,-4.230234950539029,-1.9744002139346264,0.44416526339559725,-0.08143459446747264,-0.03752629055677768,1.9744002139346264,0.44416526339559725,0.08143459446747264,0.03752629055677768,False,False,ictal_scale,mid,high,mid,-0.19745986848491728,0.3236127778349819,0.08388615425246061,0.0848709538073737,0.09071795328941251,1200,500,10,63.995397090911865
-2.4,-0.3,0.58,0.048,16,1022901355,True,,60,-0.15,-0.26375465577450397,0.5676942803136519,-2.601969356475065,1.0581527465931029,0.016192736045112052,-0.20951804087817055,0.5136389253945874,-2.253308276489706,0.017151869925243594,22.68605121512552,23.64256292607235,65.84382524136154,63.66250410103311,0.9565117109468311,-2.1813211403284356,True,False,0.09071795328941251,0.06720551273974978,0.7408182206817179,0.07412745099766928,0.21356445180458636,2.881044052240529,-4.12319252957871,-2.601969356475065,-1.5438166098819621,1.358152746593103,-0.2019693564750651,-0.012305719686348082,-0.03180726395488795,1.358152746593103,0.2019693564750651,0.012305719686348082,0.03180726395488795,False,False,ictal_scale,mid,high,mid,-0.2875470283586289,0.3450179981313275,0.08331151932980126,0.08396106994403016,0.09071795328941251,1200,500,10,49.75293827056885
-2.4,-0.3,0.58,0.048,17,520635261,True,,60,-0.15,-0.17884365533796046,0.5165638452203151,-2.3426148620107283,-0.09474583152413292,0.0186269344346535,-0.12829313125834513,0.5249327680456136,-2.402020419924336,0.024500082254163273,22.639016310777812,22.37437251967447,65.74975543266612,61.12612328823734,-0.26464379110334235,-4.6236321444287825,False,False,0.09071795328941251,0.06720551273974978,0.7408182206817179,0.09607608378211994,0.08739119950657774,0.9096040977769485,-3.98314665784655,-2.3426148620107283,-2.437360693534861,0.20525416847586708,0.057385137989271584,-0.0634361547796849,-0.029373065565346503,0.20525416847586708,0.057385137989271584,0.0634361547796849,0.029373065565346503,False,False,ictal_scale,mid,high,mid,-0.15131130623953648,0.3689953568995548,0.0832632034504739,0.08401318272173797,0.09071795328941251,1200,500,10,52.63960790634155
-2.4,-0.3,0.58,0.048,18,1115210254,True,,60,-0.15,-0.18248588574765331,0.30366078441517236,-2.251638678273285,0.7064282414758336,0.010718896442840218,-0.19817679449829773,0.35569513273461884,-2.0468336519236727,0.009284725112260622,26.071364747482455,26.652045250953456,72.6144523060754,69.68146875079532,0.580680503471001,-2.9329835552800887,True,False,0.09071795328941251,0.06720551273974978,0.7408182206817179,0.10522665057779011,0.21326698727865911,2.0267392918773828,-4.535747072403459,-2.251638678273285,-1.5452104367974513,1.0064282414758337,0.148361321726715,-0.2763392155848276,-0.037281103557159787,1.0064282414758337,0.148361321726715,0.2763392155848276,0.037281103557159787,False,False,ictal_scale,mid,high,mid,-0.16539961627761773,0.30729960894915964,0.08432286926483099,0.08493151587013027,0.09071795328941251,1200,500,10,51.07647490501404
-2.4,-0.3,0.58,0.048,19,530007303,True,,60,-0.15,-0.37564418773757674,0.3730750080574544,-1.534179730923819,-0.4177816714746168,0.02619676095524554,-0.4053858964714704,0.35647277287631784,-1.6058991860764635,0.02502513852471546,40.09318930202455,40.224823429773814,100.65810141515959,96.82702510843603,0.13163412774926542,-3.83107630672356,True,False,0.09071795328941251,0.06720551273974978,0.7408182206817179,0.21563249531406845,0.14199528837367528,0.6585059833716589,-3.642119503519999,-1.534179730923819,-1.9519614023984357,-0.11778167147461682,0.8658202690761809,-0.20692499194254554,-0.021803239044754463,0.11778167147461682,0.8658202690761809,0.20692499194254554,0.021803239044754463,False,False,ictal_scale,mid,high,mid,-0.350313692429788,0.3882158892605411,0.08159489843211659,0.08225186941906948,0.09071795328941251,1200,500,10,45.853405714035034
-2.4,-0.3,0.58,0.048,20,2119742438,True,,60,-0.15,-0.1354435499871041,0.44049863518374144,-2.1687317561740693,-0.956097439150012,0.01183045788248863,-0.12307296092881492,0.4059232407673103,-2.5280428076246872,0.014498761918680932,16.146599167282524,17.230088227343394,52.76492114567555,50.837554703575194,1.0834890600608702,-1.9273664421003573,True,False,0.09071795328941251,0.06720551273974978,0.7408182206817179,0.11432251383143407,0.043944438898065576,0.3843900682840184,-4.437077896543182,-2.1687317561740693,-3.1248291953240814,-0.6560974391500121,0.2312682438259306,-0.13950136481625852,-0.036169542117511375,0.6560974391500121,0.2312682438259306,0.13950136481625852,0.036169542117511375,False,False,ictal_scale,mid,high,mid,-0.13522635156502874,0.3041370092814331,0.08475659808728243,0.0858675634440377,0.09071795328941251,1200,500,10,53.74192404747009
-2.4,-0.3,0.58,0.048,21,638718231,True,,60,-0.15,-0.4107063817403846,0.44438190593205357,-1.3402808420921437,-2.984502362818102,0.020998175020409453,-0.3791982682096889,0.46257386080677526,-2.224146837005776,0.03824098564133864,24.6175234996985,27.0127738712552,69.7067698105075,70.4029259913988,2.395250371556699,0.6961561808913075,True,True,0.09071795328941251,0.06720551273974978,0.7408182206817179,0.26177214162015905,0.013236419376233509,0.05056466014416477,-3.863319748825093,-1.3402808420921437,-4.324783204910246,-2.6845023628181024,1.0597191579078562,-0.1356180940679464,-0.027001824979590548,2.6845023628181024,1.0597191579078562,0.1356180940679464,0.027001824979590548,False,False,ictal_scale,mid,high,mid,-0.3834271989773224,0.34638305581095535,0.08228159798535527,0.08336050084843927,0.09071795328941251,1200,500,10,63.338335037231445
-2.4,-0.3,0.58,0.048,22,37113251,True,,60,-0.15,-0.057010435214602355,0.5490191005760988,-1.4309200787281764,-0.7345958304614657,0.017693263270458275,-0.060368338458110474,0.46958348467296196,-1.7472557177016563,0.025519558218570697,37.220170505723445,37.664657786357004,94.9120638225574,91.70669382160241,0.4444872806335596,-3.2053700009549857,True,False,0.09071795328941251,0.06720551273974978,0.7408182206817179,0.23908884045674633,0.1146907493199362,0.47969929964458097,-4.03457131804007,-1.4309200787281764,-2.165515909189642,-0.4345958304614657,0.9690799212718235,-0.030980899423901143,-0.030306736729541726,0.4345958304614657,0.9690799212718235,0.030980899423901143,0.030306736729541726,False,False,ictal_scale,mid,high,mid,-0.10685007662589682,0.4411478851658222,0.08223560083351014,0.08323207617514297,0.09071795328941251,1200,500,10,47.10456967353821
-2.4,-0.3,0.58,0.048,23,648090273,True,,60,-0.15,0.10767426042127629,0.2681417189847077,-2.705640460040094,1.4849824717475175,0.012832403005026697,0.10618813611989887,0.3853091017536133,-2.3049357522741696,0.011610989125791409,19.148622950219796,21.078275675968097,58.768968711550094,58.53392960082459,1.9296527257483014,-0.2350391107255021,True,False,0.09071795328941251,0.06720551273974978,0.7408182206817179,0.06682750978811222,0.29503597282629057,4.4148880268283435,-4.355781822099064,-2.705640460040094,-1.2206579882925763,1.7849824717475176,-0.30564046004009393,-0.3118582810152923,-0.03516759699497331,1.7849824717475176,0.30564046004009393,0.3118582810152923,0.03516759699497331,False,False,ictal_scale,mid,high,mid,0.06473476166083739,0.3321917569981593,0.08284547339958441,0.08514329990788844,0.09071795328941251,1200,500,10,68.08002591133118
-2.4,-0.3,0.58,0.048,24,2001659468,True,,60,-0.15,-0.20517637417056023,0.689962389561248,-2.8443130429929067,1.1265755245587106,0.02320564068898039,-0.07283480821623223,0.6460314906056471,-2.0138363492115694,0.012505224802357448,26.14542061337778,25.853580907045302,72.76256403786607,68.084540062979,-0.29183970633247824,-4.6780239748870684,False,False,0.09071795328941251,0.06720551273974978,0.7408182206817179,0.05817421620192104,0.17947174041997632,3.0850736311948754,-3.76335989671624,-2.8443130429929067,-1.717737518434196,1.4265755245587106,-0.44431304299290675,0.10996238956124804,-0.02479435931101961,1.4265755245587106,0.44431304299290675,0.10996238956124804,0.02479435931101961,False,False,ictal_scale,mid,high,mid,-0.10710296310659005,0.39882401517338195,0.08307339695100266,0.0838019466499799,0.09071795328941251,1200,500,10,54.23356485366821
-2.4,-0.3,0.58,0.048,25,356441915,True,,60,-0.15,-0.14662360646104294,0.19207800417125231,-2.083348746063737,-0.47249859459912047,0.011209616609045098,-0.13832399539445334,0.3194067370363364,-2.832674920540577,0.04924645030859133,20.837638298668132,20.551498793360246,62.14699940844677,57.480375835608896,-0.28613950530788657,-4.666623572837871,False,False,0.09071795328941251,0.06720551273974978,0.7408182206817179,0.12451255235093253,0.07762642816298274,0.6234425903036381,-4.490983243281761,-2.083348746063737,-2.5558473406628575,-0.17249859459912048,0.3166512539362629,-0.38792199582874765,-0.0367903833909549,0.17249859459912048,0.3166512539362629,0.38792199582874765,0.0367903833909549,False,False,ictal_scale,mid,high,mid,-0.1416313333734149,0.2660982476345156,0.08576567449275084,0.08725634181375702,0.09071795328941251,1200,500,10,69.45370078086853
-2.4,-0.3,0.58,0.048,26,155196221,True,,60,-0.15,-0.13755902532427103,0.4865995491420497,-2.280523364051771,0.1471961002848552,0.01756289961314198,-0.13848946107184307,0.4398376938497793,-2.202944944123719,0.01675794028941851,23.48068530373698,23.82484642680836,67.43309341858446,64.02707110250512,0.34416112307138036,-3.406022316079344,True,False,0.09071795328941251,0.06720551273974978,0.7408182206817179,0.10223068884456513,0.11844254790653319,1.1585811388458618,-4.041966578373827,-2.280523364051771,-2.133327263766916,0.4471961002848552,0.11947663594822888,-0.09340045085795023,-0.03043710038685802,0.4471961002848552,0.11947663594822888,0.09340045085795023,0.03043710038685802,False,False,ictal_scale,mid,high,mid,-0.11946727987693867,0.3389291852091266,0.08394749528563736,0.0843102989065691,0.09071795328941251,1200,500,10,49.97143530845642
-2.4,-0.3,0.58,0.048,27,347069873,True,,60,-0.15,-0.2035731236116871,0.6206208594286393,-2.999206741373417,2.523003992068799,0.017533544941251516,-0.26656032190919254,0.45605449627428385,-1.8921617562752413,0.02868992753959348,26.684233996125833,31.16613853008285,73.84019080336216,78.7096553090541,4.481904533957017,4.869464505691937,True,True,0.09071795328941251,0.06720551273974978,0.7408182206817179,0.04982657805796847,0.6211375342768148,12.465988203207143,-4.043639379086739,-2.999206741373417,-0.4762027493046177,2.823003992068799,-0.599206741373417,0.040620859428639355,-0.030466455058748485,2.823003992068799,0.599206741373417,0.040620859428639355,0.030466455058748485,False,False,ictal_scale,mid,high,mid,-0.2915519223732093,0.370528504883681,0.08313845693186865,0.08474749356255029,0.09071795328941251,1200,500,10,59.79743003845215
-2.4,-0.3,0.58,0.048,28,1883576498,True,,60,-0.15,-0.128490423771163,0.678507316616202,-1.7803537874437092,-0.9653367178309642,0.02215967061215809,-0.03764465441652132,0.632009539563902,-2.2377019458790945,0.03070799686806761,27.593894685881605,27.84403179279305,75.65951218287371,72.0654418344745,0.25013710691144553,-3.594070348399214,True,False,0.09071795328941251,0.06720551273974978,0.7408182206817179,0.1685784957621607,0.06420395246700303,0.38085493749799093,-3.8094812812858136,-1.7803537874437092,-2.7456905052746734,-0.6653367178309642,0.6196462125562907,0.09850731661620205,-0.02584032938784191,0.6653367178309642,0.6196462125562907,0.09850731661620205,0.02584032938784191,False,False,ictal_scale,mid,high,mid,-0.05884847681290403,0.44367417500266715,0.08157181715846065,0.08234182954329407,0.09071795328941251,1200,500,10,50.34984612464905
-2.4,-0.3,0.58,0.048,29,238358945,True,,60,-0.15,-0.09494110690961294,0.4801964560921066,-1.9051154018538012,-0.7226309411046803,0.015156540495723042,-0.10296977365621834,0.45035360171721495,-2.101286499124291,0.01934389068677909,25.515962234409646,25.94197865615712,71.5036472799298,68.26133556120264,0.4260164217474731,-3.2423117187271515,True,False,0.09071795328941251,0.06720551273974978,0.7408182206817179,0.14880546920423537,0.07224108555249047,0.48547332257888737,-4.189323124299942,-1.9051154018538012,-2.6277463429584813,-0.4226309411046803,0.4948845981461987,-0.09980354390789337,-0.03284345950427696,0.4226309411046803,0.4948845981461987,0.09980354390789337,0.03284345950427696,False,False,ictal_scale,mid,high,mid,-0.13820855843433766,0.3319373151298031,0.08368219488753889,0.08410266295022328,0.09071795328941251,1200,500,10,49.385188817977905
-2.4,-0.3,0.58,0.048,30,273279191,True,,60,-0.15,-0.2575723544287006,0.551724017851447,-2.673632908630838,0.8026751350006966,0.014167979485632354,-0.17925291689779033,0.4773460338655633,-2.2735747030094036,0.01953168145209035,20.228442925371233,20.482168410034646,60.92860866185297,57.3417150689577,0.2537254846634127,-3.5868935928952723,True,False,0.09071795328941251,0.06720551273974978,0.7408182206817179,0.06900109474571318,0.15397611690465526,2.23150252140342,-4.256770826439387,-2.673632908630838,-1.8709577736301415,1.1026751350006967,-0.2736329086308382,-0.02827598214855298,-0.03383202051436765,1.1026751350006967,0.2736329086308382,0.02827598214855298,0.03383202051436765,False,False,ictal_scale,mid,high,mid,-0.21914597340354897,0.3535536815399419,0.08303539446858704,0.08383104284457557,0.09071795328941251,1200,500,10,51.2117440700531
-2.4,-0.3,0.58,0.048,31,228986903,True,,60,-0.15,-0.36517224866877895,0.577340058201084,-1.8389928848657309,-1.2725651098444914,0.017842937153360678,-0.32195553506900154,0.4933434810096356,-2.085034599461138,0.021048378680914023,25.395720786732333,26.164626900627912,71.26316438457516,68.70663205014422,0.7689061138955786,-2.5565323344309405,True,False,0.09071795328941251,0.06720551273974978,0.7408182206817179,0.1589774541101245,0.044531521390691636,0.28011218093758383,-4.026147526740433,-1.8389928848657309,-3.111557994710222,-0.9725651098444914,0.561007115134269,-0.0026599417989159324,-0.030157062846639323,0.9725651098444914,0.561007115134269,0.0026599417989159324,0.030157062846639323,False,False,ictal_scale,mid,high,mid,-0.373300000397372,0.3216677100398269,0.08267735201485027,0.08285118146798119,0.09071795328941251,1200,500,10,53.119898319244385
-2.4,-0.3,0.58,0.048,32,1416230654,True,,60,-0.15,-0.1395594972766807,0.12332466482065288,-1.5704010786998548,-2.7029975181207804,0.008902803719987992,-0.18949127288173037,0.30052886780614113,-2.2398215459634123,0.005773998118561931,19.41550429633893,21.26907910391675,59.302731403788364,58.915536456721895,1.853574807577818,-0.38719494706646884,True,False,0.09071795328941251,0.06720551273974978,0.7408182206817179,0.2079617565970357,0.01393434536618354,0.06700436462067354,-4.7213890271361585,-1.5704010786998548,-4.273398596820635,-2.4029975181207806,0.8295989213001451,-0.4566753351793471,-0.03909719628001201,2.4029975181207806,0.8295989213001451,0.4566753351793471,0.03909719628001201,False,False,ictal_scale,mid,high,mid,-0.1455441134909351,0.3111845695202114,0.08407049123385672,0.08432672398460456,0.09071795328941251,1200,500,10,87.11910438537598
-2.4,-0.3,0.58,0.048,33,120275975,True,,60,-0.15,-0.18056903669394,0.39524290741590745,-1.370303092401385,-1.8418865005613143,0.019213336773441118,-0.2078203166103431,0.43864986962918756,-2.0293171004821158,0.015135785311034397,30.222840268619706,31.345554665964546,80.91740334834992,79.06848758081749,1.12271439734484,-1.8489157675324321,True,False,0.09071795328941251,0.06720551273974978,0.7408182206817179,0.2540299533348101,0.040268345386248454,0.15851809937222244,-3.9521506174709997,-1.370303092401385,-3.2121895929626993,-1.5418865005613143,1.0296969075986149,-0.1847570925840925,-0.028786663226558883,1.5418865005613143,1.0296969075986149,0.1847570925840925,0.028786663226558883,False,False,ictal_scale,mid,high,mid,-0.1521462024418804,0.33647889190902547,0.08363799053763704,0.08468113905468043,0.09071795328941251,1200,500,10,59.326420307159424
-2.4,-0.3,0.58,0.048,34,721880955,True,,60,-0.15,-0.26612402276753133,0.6015659314286643,-2.6037405056475307,1.4821105082163823,0.01216604652684319,-0.1179184200381509,0.4605716286920299,-2.2650532783725543,0.02385557698489844,25.52002441209361,24.507285631389472,71.51177163529772,65.39194951166735,-1.0127387807041366,-6.119822123630371,False,False,0.09071795328941251,0.06720551273974978,0.7408182206817179,0.07399627642333804,0.32574839260558647,4.402226819386916,-4.409106278757286,-2.6037405056475307,-1.1216299974311483,1.7821105082163824,-0.20374050564753077,0.021565931428664364,-0.03583395347315681,1.7821105082163824,0.20374050564753077,0.021565931428664364,0.03583395347315681,False,False,ictal_scale,mid,high,mid,-0.09128112554849256,0.3566487069612305,0.08341325045212473,0.08458532161856361,0.09071795328941251,1200,500,10,65.15801358222961
-2.4,-0.3,0.58,0.048,35,110903933,True,,60,-0.15,-0.35456843276443933,0.37098766153665913,-1.8490653004215947,-0.43774499085809615,0.018241816866968356,-0.2998466911296287,0.4251487409343276,-1.9869486369821328,0.03391432410821042,30.61585233930365,30.775077537631283,81.7034274897178,77.92753332415097,0.1592251983276327,-3.7758941655668252,True,False,0.09071795328941251,0.06720551273974978,0.7408182206817179,0.15738420453426688,0.10158998807323234,0.6454903678158721,-4.004038690361924,-1.8490653004215947,-2.286810291279691,-0.13774499085809616,0.5509346995784052,-0.20901233846334083,-0.029758183133031645,0.13774499085809616,0.5509346995784052,0.20901233846334083,0.029758183133031645,False,False,ictal_scale,mid,high,mid,-0.341378173395694,0.31452544607684896,0.08279554963377908,0.08326734731747361,0.09071795328941251,1200,500,10,63.64080333709717
-2.4,-0.3,0.58,0.048,36,613170027,True,,60,-0.15,-0.13889320963616972,0.39254348887372525,-1.486990999014802,-2.8323058262208436,0.013902575755221433,-0.14336120006282566,0.4069608940001613,-2.280027524612903,0.02066300661951273,22.01061835963707,24.199501032694496,64.49295953038464,64.77638031427739,2.1888826730574245,0.28342078389275116,True,True,0.09071795328941251,0.06720551273974978,0.7408182206817179,0.22605182337790414,0.013309238973785798,0.05887693704436951,-4.275681149881513,-1.486990999014802,-4.319296825235646,-2.5323058262208438,0.9130090009851979,-0.1874565111262747,-0.03409742424477857,2.5323058262208438,0.9130090009851979,0.1874565111262747,0.03409742424477857,False,False,ictal_scale,mid,high,mid,-0.1356509579327184,0.37332968286860585,0.0833215130749465,0.08353922067855711,0.09071795328941251,1200,500,10,61.15907859802246
-2.4,-0.3,0.58,0.048,37,2193005,True,,60,-0.15,0.19033505398329387,0.6245304625013962,-0.23628347113424575,-4.1392206485518885,0.02161171089349821,-0.06584150479688484,0.4746608098124158,-1.8015808447049373,0.026691490328764184,29.872152150394015,35.11705352991094,80.21602711189854,86.61148530871029,5.244901379516925,6.395458196811745,True,True,0.09071795328941251,0.06720551273974978,0.7408182206817179,0.7895568256381216,0.012581797911403174,0.015935265838826148,-3.8345199402183225,-0.23628347113424575,-4.375504119686134,-3.8392206485518887,2.1637165288657543,0.04453046250139625,-0.026388289106501792,3.8392206485518887,2.1637165288657543,0.04453046250139625,0.026388289106501792,False,False,ictal_scale,mid,high,mid,-0.07095967259563579,0.4261445852400641,0.08246854070923984,0.08438790085865931,0.09071795328941251,1200,500,10,68.75881266593933
-2.4,-0.3,0.58,0.048,38,1643024552,True,,60,-0.15,-0.10680204438565838,0.1666451789826392,-1.952605365713341,-0.8864053787287638,0.011585444710018333,-0.10030093956276037,0.19865317874818758,-2.2669388646170496,0.006319941181777763,21.01894806137085,21.180782086738432,62.5096189338522,58.73894242236527,0.1618340253675825,-3.7706765114869327,True,False,0.09071795328941251,0.06720551273974978,0.7408182206817179,0.1419038780526788,0.05848349247716357,0.4121345609416877,-4.458005735126017,-1.952605365713341,-2.839010744442105,-0.5864053787287637,0.4473946342866588,-0.41335482101736076,-0.036414555289981665,0.5864053787287637,0.4473946342866588,0.41335482101736076,0.036414555289981665,False,False,ictal_scale,mid,high,mid,-0.14113447985070007,0.2691165192980534,0.08479405368174613,0.08527515328802057,0.09071795328941251,1200,500,10,51.42383623123169
-2.4,-0.3,0.58,0.048,39,1041419572,True,,60,-0.15,-0.1890043361039465,0.3250169494445063,-2.245643101413786,0.4036439293089626,0.0160767172834872,-0.15633651321238312,0.4828750520409035,-2.143070319619416,0.02334934267718697,25.03288651547139,25.742393377099937,70.53749584205329,67.86216500308828,0.7095068616285474,-2.67533083896501,True,False,0.09071795328941251,0.06720551273974978,0.7408182206817179,0.10585944012260318,0.15850023989943812,1.497270717810976,-4.130383185109434,-2.245643101413786,-1.8419991721048234,0.7036439293089626,0.15435689858621382,-0.25498305055549364,-0.031923282716512805,0.7036439293089626,0.15435689858621382,0.25498305055549364,0.031923282716512805,False,False,ictal_scale,mid,high,mid,-0.1790381085567338,0.31920875533751214,0.08413314332752829,0.08504287755262595,0.09071795328941251,1200,500,10,53.40779900550842
-2.4,-0.3,0.58,0.048,40,495087057,True,,60,-0.15,-0.19341279557605542,0.4114714256837872,-1.1056992881496437,-4.457672463208444,0.01585745711999756,-0.18424030861691443,0.36313425253785864,-2.245163354593484,0.018552618776127256,22.958312959126186,25.35555415921339,66.38834872936287,67.08848656731519,2.3972412000872048,0.7001378379523118,True,True,0.09071795328941251,0.06720551273974978,0.7408182206817179,0.3309793513598322,0.0038358211338028084,0.011589306456862928,-4.144115408543273,-1.1056992881496437,-5.563371751358087,-4.157672463208444,1.2943007118503562,-0.16852857431621276,-0.03214254288000244,4.157672463208444,1.2943007118503562,0.16852857431621276,0.03214254288000244,False,False,ictal_scale,mid,high,mid,-0.1895397737510784,0.3278815704861443,0.08356861082449604,0.0836613504609197,0.09071795328941251,1200,500,10,67.66858744621277
-2.4,-0.3,0.58,0.048,41,1150130500,True,,60,-0.15,-0.24335743580633767,0.3540988786244579,-1.8212253862189263,-1.0045348225576747,0.011434814193481373,-0.2240547867377208,0.38481754938625223,-2.1187099390625868,0.01927341779905405,26.96591502367358,27.739373244042696,74.40355285845766,71.8561247369738,0.7734582203691147,-2.547428121483861,True,False,0.09071795328941251,0.06720551273974978,0.7408182206817179,0.16182732840851805,0.05926358700139854,0.366214950121361,-4.4710927005697645,-1.8212253862189263,-2.825760208776601,-0.7045348225576746,0.5787746137810736,-0.22590112137554208,-0.03656518580651863,0.7045348225576746,0.5787746137810736,0.22590112137554208,0.03656518580651863,False,False,ictal_scale,mid,high,mid,-0.2713047886766235,0.3438253338409491,0.08352815475983781,0.0843003424181791,0.09071795328941251,1200,500,10,54.874189138412476
-2.4,-0.3,0.58,0.048,42,1761107522,True,,60,-0.15,-0.2778594654163606,0.450693989416025,-1.222907190529861,-2.1992943162422933,0.017842712232437226,-0.18114207974529142,0.39949978234004435,-1.8336610496480965,0.029146231607662755,30.29418476800089,32.277701049362534,81.06009234711229,80.93278034761347,1.983516281361645,-0.127311999498815,True,False,0.09071795328941251,0.06720551273974978,0.7408182206817179,0.29437312297725343,0.03264049750639497,0.1108813779473921,-4.026160132419598,-1.222907190529861,-3.4222015067721543,-1.8992943162422933,1.177092809470139,-0.12930601058397495,-0.030157287767562775,1.8992943162422933,1.177092809470139,0.12930601058397495,0.030157287767562775,False,False,ictal_scale,mid,high,mid,-0.2153126283048981,0.3637968910039328,0.0838218484525644,0.08543949524020358,0.09071795328941251,1200,500,10,76.53430151939392
-2.4,-0.3,0.58,0.048,43,1159502542,True,,60,-0.15,-0.060423478158684304,0.5458298131448618,-2.2321082773544605,-0.21607857517669318,0.013462269354440046,-0.06643335610685429,0.414524922947866,-2.3444010222797527,0.014436945676172878,20.918229464921545,21.47257478206611,62.30818174095359,59.32252781302063,0.5543453171445663,-2.9856539279329652,True,False,0.09071795328941251,0.06720551273974978,0.7408182206817179,0.10730196918670605,0.0864501914283215,0.8056719935670302,-4.307864369092814,-2.2321082773544605,-2.448186852531154,0.0839214248233068,0.16789172264553942,-0.034170186855138174,-0.034537730645559955,0.0839214248233068,0.16789172264553942,0.034170186855138174,0.034537730645559955,False,False,ictal_scale,mid,high,mid,-0.05157674236621592,0.3607807374031459,0.08266309754635645,0.08259329372897385,0.09071795328941251,1200,500,10,58.03073978424072
-2.4,-0.3,0.58,0.048,44,657236448,True,,60,-0.15,-0.3144972805382431,0.21716763111566179,-2.028254292813198,0.539356748638083,0.012512290212894312,-0.3425343851543327,0.33088285743087015,-2.253510995517928,0.0640725965972072,32.33188487393667,31.709743531651714,85.13549255898386,79.79686531219183,-0.6221413422849587,-5.338627246792029,False,False,0.09071795328941251,0.06720551273974978,0.7408182206817179,0.13156499475022562,0.22562125594661217,1.714903393375655,-4.381043900683605,-2.028254292813198,-1.488897544175115,0.8393567486380831,0.3717457071868018,-0.3628323688843382,-0.03548770978710569,0.8393567486380831,0.3717457071868018,0.3628323688843382,0.03548770978710569,False,False,ictal_scale,mid,high,mid,-0.2716928094705675,0.3207587373371547,0.0833283901542056,0.08411840048534724,0.09071795328941251,1200,500,10,53.9339394569397
-2.4,-0.3,0.58,0.048,45,1268213470,True,,60,-0.15,-0.025930541336097984,0.4996063560911534,-2.024294816739068,-0.7037525422991984,0.017754590659842688,-0.029445576293278243,0.5033619671057645,-2.17557063509982,0.020045495342972897,24.324980903886257,24.50893421001173,69.12168461888302,65.39524666891187,0.18395330612547411,-3.7264379499711566,True,False,0.09071795328941251,0.06720551273974978,0.7408182206817179,0.13208695586348385,0.06534676393986805,0.49472533841574834,-4.031111167775824,-2.024294816739068,-2.728047359038267,-0.4037525422991984,0.3757051832609317,-0.08039364390884657,-0.030245409340157313,0.4037525422991984,0.3757051832609317,0.08039364390884657,0.030245409340157313,False,False,ictal_scale,mid,high,mid,-0.06244733819593028,0.3192054418390529,0.08398032311196894,0.08517283803721062,0.09071795328941251,1200,500,10,57.07695746421814
-2.4,-0.3,0.58,0.048,46,1381536271,True,,60,-0.15,-0.2692151755180004,0.33278916968148153,-2.1304691417901,0.5627465998244865,0.0191726622873152,-0.2506425041404715,0.3364362538207352,-1.9485463507470837,0.016838689185190072,30.051247555060076,30.607892044314696,80.57421792123066,77.5931623375178,0.5566444892546194,-2.981055583712859,True,False,0.09071795328941251,0.06720551273974978,0.7408182206817179,0.11878155538728506,0.20851953648487248,1.7554875064987858,-3.954269853772992,-2.1304691417901,-1.5677225419656133,0.8627465998244865,0.2695308582099001,-0.24721083031851843,-0.0288273377126848,0.8627465998244865,0.2695308582099001,0.24721083031851843,0.0288273377126848,False,False,ictal_scale,mid,high,mid,-0.23939127718017034,0.3301893487454215,0.0833986708169452,0.08402714087245634,0.09071795328941251,1200,500,10,49.531850814819336
-2.4,-0.3,0.58,0.048,47,1277585512,True,,60,-0.15,-0.19567505114239403,0.5910454255062844,-1.6299219754156518,-3.0931959290566233,0.015437354730708551,-0.2054806090143312,0.45171188252903505,-2.330588476689168,0.018280619257628083,16.785715668165615,20.295430416510122,54.04315414744173,56.96823908190865,3.509714748344507,2.9250849344669163,True,True,0.09071795328941251,0.06720551273974978,0.7408182206817179,0.19594486204690117,0.00888742516205931,0.04535676551667899,-4.170965074794748,-1.6299219754156518,-4.723117904472275,-2.7931959290566235,0.7700780245843482,0.011045425506284401,-0.03256264526929145,2.7931959290566235,0.7700780245843482,0.011045425506284401,0.03256264526929145,False,False,ictal_scale,mid,high,mid,-0.237586379881698,0.3569923387832003,0.08335826145447581,0.08384183658714775,0.09071795328941251,1200,500,10,68.7260582447052
-2.4,-0.3,0.58,0.048,48,775319418,True,,60,-0.15,-0.11235121221717195,0.20235567633313853,-2.051101564289994,0.7593454537989944,0.018456808615409565,-0.0899273984492386,0.3243115660674278,-1.981461322941096,0.025974775287344532,34.81475612957856,35.34029587422749,90.10123507026762,87.05796999734339,0.5255397446489312,-3.0432650729242283,True,False,0.09071795328941251,0.06720551273974978,0.7408182206817179,0.12859317189275504,0.2747878013884424,2.1368770778716897,-3.9923219459251573,-2.051101564289994,-1.2917561104909994,1.0593454537989944,0.348898435710006,-0.3776443236668614,-0.029543191384590436,1.0593454537989944,0.348898435710006,0.3776443236668614,0.029543191384590436,False,False,ictal_scale,mid,high,mid,-0.11762273964436529,0.3311669505567614,0.08405932444114947,0.08463904289334577,0.09071795328941251,1200,500,10,48.9461612701416
-2.4,-0.3,0.58,0.048,49,1386296440,True,,60,-0.15,0.04986518506088407,0.31066385548005365,-1.4490299024542497,-1.541786552923269,0.012320391821938302,-0.014342570472719418,0.3253307453738366,-2.100548785686021,0.021962048831697185,29.455556830845957,30.179287037205135,79.38283647280241,76.73595232329868,0.7237302063591784,-2.646884149503734,True,False,0.09071795328941251,0.06720551273974978,0.7408182206817179,0.23479795456607186,0.05024639603168389,0.21399844016760633,-4.396499517653733,-1.4490299024542497,-2.9908164553775185,-1.241786552923269,0.9509700975457502,-0.2693361445199463,-0.0356796081780617,1.241786552923269,0.9509700975457502,0.2693361445199463,0.0356796081780617,False,False,ictal_scale,mid,high,mid,-0.06807273387989514,0.3352570819259787,0.0840168311457775,0.0853278780411448,0.09071795328941251,1200,500,10,55.16067337989807
-2.4,-0.3,0.58,0.048,50,1263453301,True,,60,-0.15,-0.17493001474380732,0.5574319354529635,-1.6337673805050608,-1.4279335581250772,0.016891051691163707,-0.09120102070843425,0.4933124002505598,-1.971864843017976,0.03210012002054861,27.462478917713547,29.018517529642043,75.39668064653759,74.41441330817248,1.5560386119284964,-0.982267338365105,True,False,0.09071795328941251,0.06720551273974978,0.7408182206817179,0.19519282155402232,0.04680800991702777,0.23980395152017933,-4.080971283010138,-1.6337673805050608,-3.061700938630138,-1.1279335581250771,0.7662326194949391,-0.022568064547036415,-0.031108948308836294,1.1279335581250771,0.7662326194949391,0.022568064547036415,0.031108948308836294,False,False,ictal_scale,mid,high,mid,-0.11053972721450873,0.42589031935471383,0.08198770712569273,0.08362060197733524,0.09071795328941251,1200,500,10,74.96615600585938
-2.4,-0.3,0.58,0.048,51,1865058281,True,,60,-0.15,-0.3678151349179272,0.5382086183204422,-0.8951943779760392,-3.567504942349138,0.02686442696862949,-0.15101650649292658,0.4851489994173808,-2.052400661565173,0.019446072460999334,28.04378842975431,30.74722281437362,76.55929967061913,77.87182387763565,2.7034343846193103,1.3125242070165228,True,True,0.09071795328941251,0.06720551273974978,0.7408182206817179,0.4085281820414994,0.011531194850961967,0.02822619187087219,-3.616952285063105,-0.8951943779760392,-4.462699320325177,-3.267504942349138,1.5048056220239607,-0.04179138167955776,-0.02113557303137051,3.267504942349138,1.5048056220239607,0.04179138167955776,0.02113557303137051,False,False,ictal_scale,mid,high,mid,-0.23713553779929203,0.4231813956256445,0.08236122755555517,0.08371110731865355,0.09071795328941251,1200,500,10,71.72175884246826
-2.4,-0.3,0.58,0.048,52,893402388,True,,60,-0.15,-0.17040148758427315,0.48449443029872075,-2.09919432183018,-0.0992427400923703,0.013220271734235527,-0.15172872641346166,0.42567583810351184,-2.187661200781064,0.01376691919575535,24.547160872301397,24.458168194829632,69.56604455571329,65.29371463854767,-0.08899267747176509,-4.272329917165621,False,False,0.09071795328941251,0.06720551273974978,0.7408182206817179,0.12255512847894917,0.11097647224179026,0.9055228746372068,-4.326003889986521,-2.09919432183018,-2.1984370619225504,0.2007572599076297,0.30080567816981985,-0.09550556970127921,-0.034779728265764476,0.2007572599076297,0.30080567816981985,0.09550556970127921,0.034779728265764476,False,False,ictal_scale,mid,high,mid,-0.21374488788190033,0.30815909510943595,0.08443374785839076,0.08504680605500653,0.09071795328941251,1200,500,10,55.22417235374451
-2.4,-0.3,0.58,0.048,53,1756347353,True,,60,-0.15,-0.048065824505216466,0.26672560690683095,-2.056934479754894,0.6042957108277363,0.02099090164935042,-0.028573306273996874,0.3161332001129651,-1.96299996216823,0.024199824357413493,32.958772108723316,33.4667478672966,86.38926702855713,83.3108739834816,0.5079757585732807,-3.0783930450755292,True,False,0.09071795328941251,0.06720551273974978,0.7408182206817179,0.12784528210115426,0.23395212725683856,1.8299629318485922,-3.8636661899335265,-2.056934479754894,-1.4526387689271578,0.9042957108277363,0.34306552024510584,-0.313274393093169,-0.02700909835064958,0.9042957108277363,0.34306552024510584,0.313274393093169,0.02700909835064958,False,False,ictal_scale,mid,high,mid,-0.08899466179386666,0.37039749951246237,0.0835261206091091,0.08610716506956242,0.09071795328941251,1200,500,10,57.6014244556427
-2.4,-0.3,0.58,0.048,54,1002113316,True,,60,-0.15,-0.006151137310717376,0.5075541294502278,-1.5412304638768013,-1.3290019380114493,0.01800104115342172,-0.026953809709930346,0.44190001086399494,-2.0209712198073193,0.025289057122054145,29.657340885660744,30.19146985689512,79.786404582432,76.76031796267864,0.5341289712343773,-3.0260866197533574,True,False,0.09071795328941251,0.06720551273974978,0.7408182206817179,0.2141174754501856,0.05668575117330197,0.2647413577715654,-4.017325680901986,-1.5412304638768013,-2.8702324018882504,-1.0290019380114492,0.8587695361231986,-0.07244587054977214,-0.029998958846578282,1.0290019380114492,0.8587695361231986,0.07244587054977214,0.029998958846578282,False,False,ictal_scale,mid,high,mid,-0.0290327903419022,0.37372133933863305,0.08321082600872848,0.0844316609308383,0.09071795328941251,1200,500,10,60.034982442855835
-2.4,-0.3,0.58,0.048,55,1746975311,True,,60,-0.15,-0.16609024525243593,0.4455564882039449,-2.4197376075189734,0.7642349440346741,0.016733534590385495,-0.15270373308140409,0.42125772274866435,-2.1982229362449046,0.026127572645961505,23.963678979473855,24.267522123300747,68.39908077005822,64.91242249548989,0.30384314382689226,-3.4866582745683274,True,False,0.09071795328941251,0.06720551273974978,0.7408182206817179,0.08894495288459457,0.19099602484454742,2.14735090244371,-4.090340513711016,-2.4197376075189734,-1.6555026634842993,1.0642349440346741,-0.019737607518973466,-0.13444351179605507,-0.0312664654096145,1.0642349440346741,0.019737607518973466,0.13444351179605507,0.0312664654096145,False,False,ictal_scale,mid,high,mid,-0.20647457209896197,0.3084361805548208,0.08415088589442897,0.08465936656425735,0.09071795328941251,1200,500,10,63.45225739479065
-2.4,-0.3,0.58,0.048,56,1011485358,True,,60,-0.15,-0.21662313822735418,0.5188597118461973,-2.3830797833041633,-0.9275234116996323,0.01110867037410694,-0.181627702327867,0.4681364782439335,-2.625715818674029,0.012913817230630066,11.045794839912642,11.868424850822127,42.563312490935786,40.11422795053265,0.8226300109094851,-2.4490845404031347,True,False,0.09071795328941251,0.06720551273974978,0.7408182206817179,0.09226598026081692,0.03649415402193816,0.3955320684696213,-4.500029360790823,-2.3830797833041633,-3.3106031950037957,-0.6275234116996322,0.016920216695836654,-0.06114028815380268,-0.03689132962589306,0.6275234116996322,0.016920216695836654,0.06114028815380268,0.03689132962589306,False,False,ictal_scale,mid,high,mid,-0.2253752703924627,0.291881661871209,0.08430658926410128,0.08505804041039836,0.09071795328941251,1200,500,10,60.73971390724182
-2.4,-0.3,0.58,0.048,57,1638264383,True,,60,-0.15,-0.0788829946884122,0.2515465752991888,-1.835732869443068,-1.8677678488471647,0.013608006514021949,-0.03536463140911432,0.41026107137996654,-2.2190638282202153,0.00888165482976945,20.75135221896678,22.74001335041898,61.97442724904406,61.85740494972636,1.9886611314522007,-0.11702229931770347,True,False,0.09071795328941251,0.06720551273974978,0.7408182206817179,0.15949656876351778,0.02463712768616258,0.15446807337085433,-4.297096945198072,-1.835732869443068,-3.7035007182902326,-1.5677678488471647,0.564267130556932,-0.3284534247008112,-0.03439199348597805,1.5677678488471647,0.564267130556932,0.3284534247008112,0.03439199348597805,False,False,ictal_scale,mid,high,mid,-0.05999208807374607,0.33223520978412163,0.08426201136033432,0.08577722047354935,0.09071795328941251,1200,500,10,56.64994525909424
-2.4,-0.3,0.58,0.048,58,6953174,True,,60,-0.15,-0.10282634401388756,0.3083494843852505,-2.5533263492798026,0.2816331428370298,0.011821564867660908,-0.09642377837790664,0.4264817970135943,-2.5601993582265132,0.010272611790932855,15.418717783663507,15.479535455467447,51.309158378437516,47.336449159823296,0.0608176718039406,-3.97270921861422,True,False,0.09071795328941251,0.06720551273974978,0.7408182206817179,0.07782237060030263,0.10313739924594363,1.3252924377703623,-4.437829884256092,-2.5533263492798026,-2.271693206442773,0.5816331428370298,-0.1533263492798027,-0.27165051561474945,-0.03617843513233909,0.5816331428370298,0.1533263492798027,0.27165051561474945,0.03617843513233909,False,False,ictal_scale,mid,high,mid,-0.13182635082742916,0.2736582145724773,0.08521542850020519,0.08588292430996952,0.09071795328941251,1200,500,10,62.41705107688904
-2.4,-0.3,0.58,0.048,59,518591306,True,,60,-0.15,-0.1309703043166732,0.6029026263718701,-1.9354496376083632,-1.3869949814449294,0.012867618909899337,-0.057400332282843136,0.5646124736107161,-2.470394046672534,0.028899566473543813,20.15212192830133,20.477604372933495,60.77596666771316,57.33258699475539,0.3254824446321649,-3.443379672957775,True,False,0.09071795328941251,0.06720551273974978,0.7408182206817179,0.14435934483794519,0.036064559792330364,0.2498249062630181,-4.353041285376559,-1.9354496376083632,-3.3224446190532926,-1.0869949814449293,0.4645503623916367,0.022902626371870127,-0.03513238109010067,1.0869949814449293,0.4645503623916367,0.022902626371870127,0.03513238109010067,False,False,ictal_scale,mid,high,mid,-0.054108229179829055,0.3646409856609659,0.08271777881670232,0.08342954800826567,0.09071795328941251,1200,500,10,54.67280101776123
-2.4,-0.3,0.58,0.048,60,2131158435,True,,60,-0.15,-0.14171166469751664,0.11484181575641841,-1.6590704855417464,-1.6811103315932634,0.01601524169945217,-0.12334948686303551,0.1881914708605231,-2.497873059224397,0.06289193691593171,26.46080780985077,26.7159624647148,73.39333843081204,69.809303178318,0.2551546548640289,-3.584035252494033,True,False,0.09071795328941251,0.06720551273974978,0.7408182206817179,0.1903157991978248,0.03543055069169781,0.1861671539674398,-4.134214403967952,-1.6590704855417464,-3.3401808171350096,-1.3811103315932634,0.7409295144582535,-0.4651581842435816,-0.03198475830054783,1.3811103315932634,0.7409295144582535,0.4651581842435816,0.03198475830054783,False,False,ictal_scale,mid,high,mid,-0.20532472403172125,0.32130401447696255,0.08415417338979451,0.08559547880622943,0.09071795328941251,1200,500,10,68.13182544708252
-2.4,-0.3,0.58,0.048,61,1520181413,True,,60,-0.15,-0.161827993231125,0.5547385636568543,-1.844990700625385,-0.8330820087216882,0.02095909256510089,-0.10446246317462286,0.4959370276309464,-2.0732733887129937,0.028206942971971516,28.38246302306095,29.11881386556727,77.23664885723241,74.61500598002294,0.7363508425063188,-2.6216428772094673,True,False,0.09071795328941251,0.06720551273974978,0.7408182206817179,0.1580267904331383,0.06869542269943794,0.4347074474596966,-3.8651827141162594,-1.844990700625385,-2.6780727093470733,-0.5330820087216883,0.555009299374615,-0.025261436343145705,-0.027040907434899113,0.5330820087216883,0.555009299374615,0.025261436343145705,0.027040907434899113,False,False,ictal_scale,mid,high,mid,-0.13732330272461143,0.42271226258219424,0.08208420488295348,0.08265990400529571,0.09071795328941251,1200,500,10,64.27805185317993
-2.4,-0.3,0.58,0.048,62,2022447507,True,,60,-0.15,-0.15553399054046063,0.3396974567957925,-2.2403791972075697,0.24272651193083855,0.013375288108306974,-0.14234828176498998,0.41563125995051703,-2.2303882425650787,0.009650952776547359,23.171085017750546,23.761685962611974,66.8138928466116,63.900750174112346,0.5906009448614284,-2.913142672499248,True,False,0.09071795328941251,0.06720551273974978,0.7408182206817179,0.10641814326456478,0.13565333087244705,1.2747199557428948,-4.314346445624069,-2.2403791972075697,-1.9976526852767311,0.5427265119308385,0.15962080279243018,-0.24030254320420746,-0.03462471189169303,0.5427265119308385,0.15962080279243018,0.24030254320420746,0.03462471189169303,False,False,ictal_scale,mid,high,mid,-0.13354075252564104,0.32881159744620353,0.08416580427448903,0.08509458071500922,0.09071795328941251,1200,500,10,51.17242765426636
-2.4,-0.3,0.58,0.048,63,1411470485,True,,60,-0.15,-0.26322835842615916,0.5276116769155976,-1.6990141846198368,-0.8823146092888656,0.023961628605453374,-0.16814059459345276,0.39857166054867127,-1.8955103101430297,0.020365346511563368,30.983806260464302,30.89186619120507,82.43933533203911,78.16111063129854,-0.09194006925923048,-4.278224700740566,False,False,0.09071795328941251,0.06720551273974978,0.7408182206817179,0.1828637050784693,0.07567338285506486,0.41382396152693274,-3.731301536197901,-1.6990141846198368,-2.5813287939087024,-0.5823146092888656,0.7009858153801631,-0.05238832308440233,-0.024038371394546627,0.5823146092888656,0.7009858153801631,0.05238832308440233,0.024038371394546627,False,False,ictal_scale,mid,high,mid,-0.19714790940618643,0.3523658529222306,0.08334768801598204,0.08453930776835192,0.09071795328941251,1200,500,10,50.31863284111023
-2.4,-0.3,0.58,0.048,64,2013075465,True,,60,-0.15,-0.1819306201756292,0.23633405749113404,-2.676347009641317,0.6928854234609125,0.016085810539479526,-0.19090870266260324,0.34787916512617056,-2.5024248429056173,0.019089942965686484,17.40947641184809,16.94597104917811,55.29067563480668,50.269320347244616,-0.46350536266998077,-5.021355287562066,False,False,0.09071795328941251,0.06720551273974978,0.7408182206817179,0.06881407271788277,0.13759212500617826,1.9994765543127355,-4.12981772854553,-2.676347009641317,-1.9834615861804044,0.9928854234609126,-0.276347009641317,-0.34366594250886595,-0.03191418946052048,0.9928854234609126,0.276347009641317,0.34366594250886595,0.03191418946052048,False,False,ictal_scale,mid,high,mid,-0.1504415429072807,0.2880729789751908,0.08490094122953429,0.08585499049344462,0.09071795328941251,1200,500,10,56.41170382499695
-2.4,-0.3,0.58,0.048,65,1779625739,True,,60,-0.15,-0.10979670987450535,0.34563732098761285,-2.1708443085027174,0.22554309188859784,0.018328937138856,-0.11457496693578606,0.3586177888442993,-2.1047720497986884,0.014198672478414663,27.99297960139728,28.262171148087134,76.45768201390507,72.90172054506267,0.26919154668985357,-3.5559614688423977,True,False,0.09071795328941251,0.06720551273974978,0.7408182206817179,0.11408125646275574,0.14294415969688434,1.253003027219914,-3.999274203598613,-2.1708443085027174,-1.9453012166141195,0.5255430918885978,0.22915569149728254,-0.2343626790123871,-0.029671062861144,0.5255430918885978,0.22915569149728254,0.2343626790123871,0.029671062861144,False,False,ictal_scale,mid,high,mid,-0.09226101623172868,0.3799186988017305,0.0832515002931588,0.08440743141482554,0.09071795328941251,1200,500,10,52.27271580696106
-2.4,-0.3,0.58,0.048,66,1904364537,True,,60,-0.15,-0.13757235488676017,0.47400034175277317,-1.6842332280073162,-1.2189297905339558,0.01751458103401798,-0.08605137133727354,0.4234886381105852,-2.0745919651163542,0.022481839946374826,28.071945797312004,28.926766930478145,76.6156144057345,74.2309121098447,0.8548211331661406,-2.3847022958898094,True,False,0.09071795328941251,0.06720551273974978,0.7408182206817179,0.1855866800815638,0.05484945554622369,0.295546294174333,-4.044721543028834,-1.6842332280073162,-2.903163018541272,-0.9189297905339557,0.7157667719926837,-0.10599965824722679,-0.03048541896598202,0.9189297905339557,0.7157667719926837,0.10599965824722679,0.03048541896598202,False,False,ictal_scale,mid,high,mid,-0.10910755799050711,0.37954726773132097,0.08276567186884974,0.08361481560245272,0.09071795328941251,1200,500,10,51.86164140701294
-2.4,-0.3,0.58,0.048,67,1888336667,True,,60,-0.15,-0.1236963024308339,0.5221092285020068,-1.7515987182102288,-1.1498954635484107,0.02104761508508037,-0.1053749135660675,0.4722554487441711,-2.0307770522055586,0.01615103644890647,27.56778248444695,27.690983700028664,75.60728778000441,71.75934564894573,0.12320121558171238,-3.847942131058687,True,False,0.09071795328941251,0.06720551273974978,0.7408182206817179,0.17349634983869383,0.054941066755963275,0.3166698711935098,-3.860968022893292,-1.7515987182102288,-2.9014941817586397,-0.8498954635484106,0.6484012817897711,-0.057890771497993154,-0.026952384914919632,0.8498954635484106,0.6484012817897711,0.057890771497993154,0.026952384914919632,False,False,ictal_scale,mid,high,mid,-0.1973742276327851,0.40093616042301966,0.08218568122948364,0.08190082729320847,0.09071795328941251,1200,500,10,63.668957471847534
-2.4,-0.3,0.58,0.048,68,1894992495,True,,60,-0.15,-0.13637126946655573,0.5689137206083273,-2.0739320970158213,0.06704231926666993,0.023502119564255877,-0.14679463122062636,0.4929243338682064,-1.816966955631175,0.027394417888874867,33.439663885197064,33.5831651101703,87.35105058150464,83.543708469229,0.14350122497323525,-3.8073421122756343,True,False,0.09071795328941251,0.06720551273974978,0.7408182206817179,0.12569058119562035,0.13440605796706984,1.069340730932615,-3.7506646676756237,-2.0739320970158213,-2.0068897777491514,0.3670423192666699,0.32606790298417865,-0.011086279391672615,-0.024497880435744124,0.3670423192666699,0.32606790298417865,0.011086279391672615,0.024497880435744124,False,False,ictal_scale,mid,high,mid,-0.1582812252762203,0.4062863282345974,0.08229600089061041,0.08351763697328415,0.09071795328941251,1200,500,10,41.32703399658203
-2.4,-0.3,0.58,0.048,69,1897708709,True,,60,-0.15,-0.2676145765384474,0.24103488249593855,-1.4086766616786617,-1.6222332444256224,0.014809156568762874,-0.33831998289176657,0.35080043768242203,-2.0494835634666764,0.04552151485519865,31.449260119346555,32.852204428837815,83.3702430498036,82.08178710656404,1.4029443094912608,-1.288455943239569,True,False,0.09071795328941251,0.06720551273974978,0.7408182206817179,0.24446658118508802,0.048271695426901365,0.19745723604795867,-4.212509602441443,-1.4086766616786617,-3.0309099061042843,-1.3222332444256224,0.9913233383213382,-0.33896511750406144,-0.03319084343123713,1.3222332444256224,0.9913233383213382,0.33896511750406144,0.03319084343123713,False,False,ictal_scale,mid,high,mid,-0.3127041612969356,0.30007427269220505,0.08389918729537414,0.08545412026126092,0.09071795328941251,1200,500,10,52.94144868850708
-2.4,-0.3,0.58,0.048,70,1395442615,True,,60,-0.15,-0.15162296830885227,0.4550635445005295,-2.0065607148391984,0.12336911216875691,0.01609806029667372,-0.13570001642840523,0.46641444072247784,-1.9781757416689238,0.022240405790617486,30.18921963307118,30.18763091100371,80.85016207725286,76.75264007089582,-0.001588722067470627,-4.097522006357039,False,False,0.09071795328941251,0.06720551273974978,0.7408182206817179,0.13445029329332323,0.15210387510812776,1.1313019211961897,-4.129056492717304,-2.0065607148391984,-1.8831916026704414,0.4233691121687569,0.3934392851608015,-0.12493645549947047,-0.031901939703326276,0.4233691121687569,0.3934392851608015,0.12493645549947047,0.031901939703326276,False,False,ictal_scale,mid,high,mid,-0.14629566896043794,0.35065214635132474,0.08328563518730495,0.08324098804954025,0.09071795328941251,1200,500,10,48.427464962005615
-2.4,-0.3,0.58,0.048,71,2006419637,True,,60,-0.15,-0.06369317746734605,0.2959587537068062,-2.4970140857852834,0.48946862906546196,0.013116163348987568,-0.05419268238218651,0.4092828715497624,-2.4208538745293215,0.023407437133604627,19.468614568101266,19.52740017668398,59.408951947313035,55.43217860225636,0.05878560858271342,-3.976773345056678,True,False,0.09071795328941251,0.06720551273974978,0.7408182206817179,0.08233046367452279,0.134317959626601,1.631449084965688,-4.3339099659001326,-2.4970140857852834,-2.0075454567198214,0.789468629065462,-0.09701408578528348,-0.28404124629319377,-0.03488383665101243,0.789468629065462,0.09701408578528348,0.28404124629319377,0.03488383665101243,False,False,ictal_scale,mid,high,mid,-0.05780595003003498,0.2925595719797439,0.08461241550586417,0.08564580435021757,0.09071795328941251,1200,500,10,59.421756982803345
-2.4,-0.3,0.58,0.048,72,1404814657,True,,60,-0.15,-0.4211030659371813,-0.03423793751302107,-2.1431366360969033,-0.2659976218458453,0.013010965592618287,-0.4058691838075148,0.017441066387073142,-2.550623454159354,0.05851926992431798,26.765113298986062,25.835613444295564,74.00194940908263,68.04860513747953,-0.9294998546904978,-5.9533442716031,False,False,0.09071795328941251,0.06720551273974978,0.7408182206817179,0.11728638076228584,0.08989308511855831,0.7664409502135818,-4.341962769948324,-2.1431366360969033,-2.409134257942749,0.03400237815415469,0.2568633639030966,-0.614237937513021,-0.034989034407381714,0.03400237815415469,0.2568633639030966,0.614237937513021,0.034989034407381714,False,False,ictal_scale,mid,high,mid,-0.4262011751440447,0.30351237343698445,0.08202017821617269,0.08243351890512524,0.09071795328941251,1200,500,10,60.46156573295593
-2.4,-0.3,0.58,0.048,73,2015791679,True,,60,-0.15,-0.21486610730418224,0.4077869245413259,-1.9374835737812028,-0.06618675193616384,0.019357134597254116,-0.19750797271427473,0.4297240327776902,-2.0814847854113676,0.03251988266172464,30.687090352154712,30.672799568133865,81.84590351541993,77.72297738515613,-0.01429078402084727,-4.1229261302638065,False,False,0.09071795328941251,0.06720551273974978,0.7408182206817179,0.14406602554207418,0.13483946912233416,0.9359560563635773,-3.9446942144279054,-1.9374835737812028,-2.0036703257173665,0.23381324806383613,0.46251642621879707,-0.17221307545867404,-0.028642865402745885,0.23381324806383613,0.46251642621879707,0.17221307545867404,0.028642865402745885,False,False,ictal_scale,mid,high,mid,-0.20396460799795563,0.39145383323213806,0.0832714901779171,0.08561579403064176,0.09071795328941251,1200,500,10,56.29199957847595
-2.4,-0.3,0.58,0.048,74,1513525585,True,,60,-0.15,-0.15121028435672668,0.468597006930197,-2.1917161488431867,-1.5676578465818605,0.008260425693528993,-0.13411683794603818,0.49197260661421294,-2.4856026730288674,0.01279806892991205,13.12775040177669,13.524834573254424,46.727223614663885,43.42704739539725,0.3970841714777329,-3.300176219266632,True,False,0.09071795328941251,0.06720551273974978,0.7408182206817179,0.11172484753116793,0.023298320666082045,0.20853302717269323,-4.796279156030371,-2.1917161488431867,-3.7593739954250474,-1.2676578465818604,0.20828385115681325,-0.11140299306980295,-0.03973957430647101,1.2676578465818604,0.20828385115681325,0.11140299306980295,0.03973957430647101,False,False,ictal_scale,mid,high,mid,-0.14971998895831773,0.3054902235599244,0.0845285621600185,0.08497814309400446,0.09071795328941251,1200,500,10,62.93251609802246
-2.4,-0.3,0.58,0.048,75,2124502607,True,,60,-0.15,-0.006577069360108369,0.3989865570348452,-2.095193377852808,-0.27831900110134966,0.015604840552501421,-0.015007092041984962,0.38795672494901756,-2.239959060302553,0.015087929320394945,23.671543604707033,23.60761867560459,67.81481002052456,63.59261560009759,-0.0639249291024413,-4.222194420426973,False,False,0.09071795328941251,0.06720551273974978,0.7408182206817179,0.12304644689546258,0.0931529624947304,0.7570552815220339,-4.160174121030185,-2.095193377852808,-2.3735123789541577,0.021680998898650328,0.3048066221471921,-0.18101344296515476,-0.03239515944749858,0.021680998898650328,0.3048066221471921,0.18101344296515476,0.03239515944749858,False,False,ictal_scale,mid,high,mid,-0.03753042212416504,0.3368923573646259,0.08352795926958055,0.08432091860257068,0.09071795328941251,1200,500,10,57.70823407173157
-2.4,-0.3,0.58,0.048,76,1522897627,True,,60,-0.15,-0.26712763783767385,0.4507398438209797,-2.0094194281601756,-0.34247261439809595,0.018961087389311224,-0.24936510255534092,0.44763490449799703,-2.0661010746050077,0.020546474202282252,27.83123869267455,27.70025389789803,76.1342001964596,71.77788604468446,-0.13098479477651992,-4.356314151775138,False,False,0.09071795328941251,0.06720551273974978,0.7408182206817179,0.13406648730590034,0.09518889029674082,0.7100125632407129,-3.9653664320428894,-2.0094194281601756,-2.3518920425582714,-0.042472614398095965,0.3905805718398243,-0.12926015617902026,-0.029038912610688777,0.042472614398095965,0.3905805718398243,0.12926015617902026,0.029038912610688777,False,False,ictal_scale,mid,high,mid,-0.28529979785778414,0.35924541617795164,0.08291363197090157,0.0847481965573611,0.09071795328941251,1200,500,10,60.26225018501282
-2.4,-0.3,0.58,0.048,77,1126852114,True,,60,-0.15,-0.2017772267613146,0.288074252603529,-2.1476697328437435,-0.28819202010859113,0.010452212601973673,-0.2251754198333186,0.3305293427250962,-2.520298417328536,0.0429892344069628,22.080368984591708,21.715832540571984,64.63246078029391,59.80904333003237,-0.3645364440197234,-4.823417450261545,False,False,0.09071795328941251,0.06720551273974978,0.7408182206817179,0.11675591348931755,0.08752229194741849,0.749617636758298,-4.560941590737141,-2.1476697328437435,-2.4358617529523348,0.01180797989140886,0.2523302671562564,-0.291925747396471,-0.037547787398026326,0.01180797989140886,0.2523302671562564,0.291925747396471,0.037547787398026326,False,False,ictal_scale,mid,high,mid,-0.18809172329761914,0.2936299942152384,0.08482333286149334,0.08585477450541874,0.09071795328941251,1200,500,10,56.286272287368774
-2.4,-0.3,0.58,0.048,78,1631608555,True,,60,-0.15,-0.1261048740549397,0.4221363335360046,-1.6712638411034866,-1.6586180085218791,0.02682036096667018,-0.080748432037439,0.4351060650015156,-2.0721268589598334,0.020808511811607876,27.34029111533041,29.068127919330227,75.15230504177131,74.51363408754885,1.7278368039998178,-0.6386709542224622,True,False,0.09071795328941251,0.06720551273974978,0.7408182206817179,0.188009301539251,0.035797334286265324,0.19040193220861398,-3.618593942357497,-1.6712638411034866,-3.329881849625366,-1.358618008521879,0.7287361588965133,-0.15786366646399536,-0.02117963903332982,1.358618008521879,0.7287361588965133,0.15786366646399536,0.02117963903332982,False,False,ictal_scale,mid,high,mid,-0.10728211391985779,0.37206132425306815,0.0828770802201951,0.08291997118400765,0.09071795328941251,1200,500,10,56.88782000541687
-2.4,-0.3,0.58,0.048,79,1018141186,True,,60,-0.15,-0.32502304061586873,0.4093749077996564,-2.672924147303404,1.6053133603648901,0.010444008385095018,-0.3336755449414515,0.3887274008974739,-2.1050497455808355,0.014044279467576904,22.00890453209499,24.48962006709682,64.48953187530049,65.35661838308204,2.4807155350018277,0.8670865077815506,True,True,0.09071795328941251,0.06720551273974978,0.7408182206817179,0.06905001738841014,0.34382901763333146,4.979419711066463,-4.561726825283166,-2.672924147303404,-1.067610786938514,1.9053133603648902,-0.2729241473034043,-0.17062509220034355,-0.037555991614904985,1.9053133603648902,0.2729241473034043,0.17062509220034355,0.037555991614904985,False,False,ictal_scale,mid,high,mid,-0.3237177935825414,0.3257046403325984,0.08309593620094133,0.08305018782310972,0.09071795328941251,1200,500,10,55.30962896347046
-2.4,-0.3,0.58,0.048,80,1640980597,True,,60,-0.15,-0.18960138455828823,0.39792629656690504,-2.063410108658635,0.42705355374313714,0.011269633265274422,-0.1885336517637007,0.36195809929535255,-1.9335750210152922,0.01741668171089264,30.601984414115982,30.873420773969986,81.67569163934246,78.12421979682837,0.27143635985400394,-3.55147184251409,True,False,0.09071795328941251,0.06720551273974978,0.7408182206817179,0.12702007823782455,0.1946880870002199,1.532734743208849,-4.485643492251892,-2.063410108658635,-1.6363565549154981,0.7270535537431371,0.33658989134136474,-0.18207370343309492,-0.03673036673472558,0.7270535537431371,0.33658989134136474,0.18207370343309492,0.03673036673472558,False,False,ictal_scale,mid,high,mid,-0.20393658575691356,0.37046545132552494,0.08315817068810188,0.08431609057003914,0.09071795328941251,1200,500,10,51.72866177558899
-2.4,-0.3,0.58,0.048,81,1008769144,True,,60,-0.15,-0.15894947828418723,0.5528837067410536,-2.363850306861989,0.555966321385388,0.01779650413272071,-0.12467961767598142,0.5287525379734455,-2.1465483804172427,0.016613899511491954,26.032589410521986,26.688938649768108,72.53690163215447,69.75525554842461,0.6563492392461221,-2.7816460837298536,True,False,0.09071795328941251,0.06720551273974978,0.7408182206817179,0.09405737534906115,0.16400079797368072,1.7436250731540077,-4.028753238010684,-2.363850306861989,-1.807883985476601,0.8559663213853881,0.036149693138010974,-0.027116293258946378,-0.03020349586727929,0.8559663213853881,0.036149693138010974,0.027116293258946378,0.03020349586727929,False,False,ictal_scale,mid,high,mid,-0.16256251465545113,0.35738533615354745,0.08341631163221083,0.08391117283834407,0.09071795328941251,1200,500,10,57.02570104598999
-2.4,-0.3,0.58,0.048,82,1749691525,True,,60,-0.15,-0.043024437699635425,0.4871088477694382,-2.445701184984552,-0.3374560105710599,0.014506949602806256,-0.05527621669204157,0.46651687157930366,-2.4142042695319015,0.012564002869643912,17.238986318053836,17.148901529399115,54.949695447218176,50.67518130768663,-0.09008478865472114,-4.274514139531547,False,False,0.09071795328941251,0.06720551273974978,0.7408182206817179,0.08666534515308996,0.06184294854876425,0.7135833641407855,-4.233127461422841,-2.445701184984552,-2.783157195555612,-0.037456010571059906,-0.04570118498455189,-0.09289115223056177,-0.03349305039719375,0.037456010571059906,0.04570118498455189,0.09289115223056177,0.03349305039719375,False,False,ictal_scale,mid,high,mid,-0.06886983991057592,0.3622403197602378,0.08337055907510255,0.08413780620794475,0.09071795328941251,1200,500,10,58.270864725112915
-2.4,-0.3,0.58,0.048,83,900058216,True,,60,-0.15,-0.17886172181611276,0.36178515740258604,-2.1849373260555334,-0.20099506188305566,0.011574358535475265,-0.14664585824147572,0.45004475704786717,-2.332241310962387,0.01769580255124502,21.36491144976673,21.357087804462857,63.20154571064396,59.09155385781412,-0.007823645303872695,-4.109991852829843,False,False,0.09071795328941251,0.06720551273974978,0.7408182206817179,0.11248478329843456,0.09200315694165802,0.8179164705110691,-4.458963098646968,-2.1849373260555334,-2.385932387938589,0.09900493811694433,0.21506267394446654,-0.21821484259741392,-0.03642564146452473,0.09900493811694433,0.21506267394446654,0.21821484259741392,0.03642564146452473,False,False,ictal_scale,mid,high,mid,-0.21011332902475827,0.29258586794916036,0.08457137363971731,0.08559864864087638,0.09071795328941251,1200,500,10,51.06368637084961
-2.4,-0.3,0.58,0.048,84,1402324310,True,,60,-0.15,0.018293266556238516,0.13877021393105718,-2.766628869097571,1.7698013745955892,0.011382364630917775,-0.01395645197194707,0.30870882505846226,-2.2662799173352948,0.011837410436681337,20.49521623051651,22.083536250583723,61.46215527214353,60.544450750055844,1.5883200200672114,-0.917704522087682,True,False,0.09071795328941251,0.06720551273974978,0.7408182206817179,0.0628736030251101,0.36904839399535827,5.869687376560397,-4.475690083563348,-2.766628869097571,-0.9968274945019819,2.069801374595589,-0.3666288690975712,-0.4412297860689428,-0.036617635369082226,2.069801374595589,0.3666288690975712,0.4412297860689428,0.036617635369082226,False,False,ictal_scale,mid,high,mid,0.02294855075471684,0.3452609777372524,0.08308369022398662,0.08333020809081657,0.09071795328941251,1200,500,10,57.44023609161377
-2.4,-0.3,0.58,0.048,85,1256797473,True,,60,-0.15,-0.1438830091403588,0.4349065477968885,-1.4595995356386795,-1.2985717720055776,0.01796026372627031,-0.1045582337104721,0.4405237221809801,-1.8607168741038476,0.02578712919147545,32.26458464077789,33.45388235893967,85.00089209266628,83.28514296676775,1.1892977181617823,-1.715749125898526,True,False,0.09071795328941251,0.06720551273974978,0.7408182206817179,0.23232929570574362,0.06340761542465874,0.27292130866254405,-4.0195935321251195,-1.4595995356386795,-2.758171307644257,-0.9985717720055776,0.9404004643613204,-0.14509345220311148,-0.030039736273729693,0.9985717720055776,0.9404004643613204,0.14509345220311148,0.030039736273729693,False,False,ictal_scale,mid,high,mid,-0.10769660889670202,0.381719620776449,0.08295289607752268,0.08427068071162408,0.09071795328941251,1200,500,10,52.28463101387024
-2.4,-0.3,0.58,0.048,86,1392952268,True,,60,-0.15,-0.19304520518338414,0.28429258188476325,-2.1676250351694906,0.2478296210200044,0.01301070107232461,-0.16096729494616083,0.4010233006902832,-2.211789877662224,0.019767871119023214,25.321321422838388,25.946937370413316,71.11436565678727,68.27125298971504,0.6256159475749286,-2.8431126670722335,True,False,0.09071795328941251,0.06720551273974978,0.7408182206817179,0.11444910699752427,0.1466369589087424,1.2812416169565606,-4.341983100720914,-2.1676250351694906,-1.9197954141494862,0.5478296210200044,0.23237496483050935,-0.2957074181152367,-0.03498929892767539,0.5478296210200044,0.23237496483050935,0.2957074181152367,0.03498929892767539,False,False,ictal_scale,mid,high,mid,-0.16259903558866634,0.31857862815994475,0.08456007052311262,0.08550890688723088,0.09071795328941251,1200,500,10,56.04969239234924
-2.4,-0.3,0.58,0.048,87,781975246,True,,60,-0.15,-0.14305329432783154,0.324954268230596,-1.5532905982336567,-1.5381259541728394,0.016167704223415402,-0.1111856505518278,0.4234058360144102,-1.9988665472815517,0.015679003786622646,28.532947803653514,29.77816300745074,77.53761841841754,75.93370426378988,1.2452152037972262,-1.6039141546276596,True,False,0.09071795328941251,0.06720551273974978,0.7408182206817179,0.21155069887401193,0.045437544132642886,0.21478323812914,-4.124739592998215,-1.5532905982336567,-3.0914165524064963,-1.2381259541728393,0.8467094017663432,-0.255045731769404,-0.0318322957765846,1.2381259541728393,0.8467094017663432,0.255045731769404,0.0318322957765846,False,False,ictal_scale,mid,high,mid,-0.16536975641357393,0.33283017624020556,0.08379467707923913,0.0847098426651118,0.09071795328941251,1200,500,10,61.65902280807495
-2.4,-0.3,0.58,0.048,88,1284241340,True,,60,-0.15,-0.24469844310419062,0.31270577327451793,-1.879432842431368,-0.45227143834511985,0.011635422632602097,-0.2427776963095729,0.3161468388262147,-2.0407754769725774,0.016008270590081863,28.77110970772289,28.215308169421178,78.01394222655628,72.80799458773076,-0.5558015383017114,-5.205947638825521,False,False,0.09071795328941251,0.06720551273974978,0.7408182206817179,0.15267667293655732,0.09713006903919422,0.6361814622431237,-4.453701158641601,-1.879432842431368,-2.3317042807764876,-0.15227143834511986,0.5205671575686319,-0.26729422672548203,-0.036364577367397906,0.15227143834511986,0.5205671575686319,0.26729422672548203,0.036364577367397906,False,False,ictal_scale,mid,high,mid,-0.20260356727358556,0.3108034165622927,0.08432137479561902,0.08513634766641598,0.09071795328941251,1200,500,10,52.506183385849
-2.4,-0.3,0.58,0.048,89,1885846320,True,,60,-0.15,-0.11551155075979186,0.5040349526638734,-2.406934367153036,0.36102948864118756,0.00892047430398273,-0.11209491413847836,0.42615161589031325,-2.335351712222854,0.016831839165597568,18.95761590207311,18.79601034556981,58.38695461525672,53.96939894002803,-0.16160555650329655,-4.417555675228691,False,False,0.09071795328941251,0.06720551273974978,0.7408182206817179,0.09009105776783233,0.12926316957620967,1.4348057707272697,-4.719406160711624,-2.406934367153036,-2.0459048785118483,0.6610294886411876,-0.006934367153036192,-0.07596504733612652,-0.03907952569601727,0.6610294886411876,0.006934367153036192,0.07596504733612652,0.03907952569601727,False,False,ictal_scale,mid,high,mid,-0.13944724085884896,0.32816783808923566,0.08388220934531802,0.08347793697677716,0.09071795328941251,1200,500,10,46.6322226524353
-2.4,-0.3,0.58,0.048,90,1274869298,True,,60,-0.15,0.007452933069611685,0.2677579479051373,-2.724594381116211,1.759393471402507,0.011372589093626937,-0.04563589436482183,0.33654097669138294,-2.2086772589018695,0.010806595500326796,24.828872417618022,24.48508743530771,70.12946764634654,65.34755311950383,-0.34378498231031074,-4.781914526842712,False,False,0.09071795328941251,0.06720551273974978,0.7408182206817179,0.06557279488838605,0.38090666420237534,5.8089130538164655,-4.476549284422251,-2.724594381116211,-0.9652009097137042,2.059393471402507,-0.3245943811162113,-0.31224205209486267,-0.036627410906373066,2.059393471402507,0.3245943811162113,0.31224205209486267,0.036627410906373066,False,False,ictal_scale,mid,high,mid,-0.05577698973112803,0.3436866018739035,0.08361099461118711,0.0845509563944949,0.09071795328941251,1200,500,10,63.04088377952576
-2.4,-0.3,0.58,0.048,91,370348259,True,,60,-0.15,-0.13081801985069846,0.45180638639579335,-2.530380576220915,0.8140787139565475,0.01648266533651407,-0.14075781789043051,0.39604104518933003,-2.253504554588467,0.014849080245507846,23.20049366599826,24.07489015417183,66.87271014310701,64.52715855723206,0.87439648817357,-2.345551585874958,True,False,0.09071795328941251,0.06720551273974978,0.7408182206817179,0.07962870972510101,0.1797295851753399,2.257095283796675,-4.105446035993363,-2.530380576220915,-1.7163018622643675,1.1140787139565476,-0.13038057622091515,-0.1281936136042066,-0.03151733466348593,1.1140787139565476,0.13038057622091515,0.1281936136042066,0.03151733466348593,False,False,ictal_scale,mid,high,mid,-0.19400150588260714,0.32944906611440106,0.08397060704968648,0.0841372643170267,0.09071795328941251,1200,500,10,57.54384422302246
-2.4,-0.3,0.58,0.048,92,1166158370,True,,60,-0.15,-0.22073475806626375,0.2234348624865669,-2.311227198418094,0.2326818181312029,0.01065882423775721,-0.19823194293639296,0.14222036858857187,-2.433628695158372,0.004093170879454536,20.169113528015906,24.075436482872284,60.809949867142315,64.52825121463297,3.9063229548563783,3.7183013474906588,True,True,0.09071795328941251,0.06720551273974978,0.7408182206817179,0.09913951302270195,0.12511207038319305,1.2619798763238195,-4.541367162973226,-2.311227198418094,-2.0785453802868914,0.5326818181312029,0.08877280158190581,-0.35656513751343305,-0.03734117576224279,0.5326818181312029,0.08877280158190581,0.35656513751343305,0.03734117576224279,False,False,ictal_scale,mid,high,mid,-0.26337412991932313,0.2996539235013183,0.0847538578837393,0.08631736598082304,0.09071795328941251,1200,500,10,65.56156873703003
-2.4,-0.3,0.58,0.048,93,1767763350,True,,60,-0.15,0.007986705266099086,0.16475077715388486,-2.6016411804697777,1.1011298602899375,0.011211783041422885,2.2662021169512697e-05,0.4811131511192914,-3.5616639010402,0.07852041003076506,19.357104355451163,18.895793787694437,59.18593152201283,54.16896582427728,-0.4613105677567262,-5.01696569773555,False,False,0.09071795328941251,0.06720551273974978,0.7408182206817179,0.07415178184060088,0.2230160983583476,3.0075622300992086,-4.490789996435596,-2.6016411804697777,-1.5005113201798401,1.4011298602899376,-0.20164118046977775,-0.4152492228461151,-0.03678821695857712,1.4011298602899376,0.20164118046977775,0.4152492228461151,0.03678821695857712,False,False,ictal_scale,mid,high,mid,-0.030410092671207842,0.30050375154392733,0.08382289475903182,0.08387280363755437,0.09071795328941251,1200,500,10,62.35817217826843
-2.4,-0.3,0.58,0.048,94,1156786328,True,,60,-0.15,-0.05222572836005589,0.5305434223991139,-1.4421037190284682,-1.6453869630132405,0.019166378573374415,-0.018458910188484463,0.49286127019663034,-2.07989254820873,0.013049826048364997,30.188827318798324,32.194763756072064,80.84937744870714,80.76690576103253,2.005936437273739,-0.08247168767461233,True,False,0.09071795328941251,0.06720551273974978,0.7408182206817179,0.23642985315810142,0.04561627665139235,0.1929378885198926,-3.954597650914286,-1.4421037190284682,-3.0874906820417087,-1.3453869630132405,0.9578962809715317,-0.049456577600886065,-0.028833621426625586,1.3453869630132405,0.9578962809715317,0.049456577600886065,0.028833621426625586,False,False,ictal_scale,mid,high,mid,-0.010058615995705818,0.41383886066607317,0.0816826395934302,0.0822458300137559,0.09071795328941251,1200,500,10,49.67816233634949
-2.4,-0.3,0.58,0.048,95,488431229,True,,60,-0.15,-0.22301644754300493,0.391055863832696,-2.2538523388846317,0.6402876469019964,0.01647041364753905,-0.1945884426421592,0.41461895740709914,-2.03311110149272,0.01722781365397383,28.64961091255766,28.720696733218052,77.77094463622582,73.8187717153245,0.07108582066039304,-3.9521729209013188,True,False,0.09071795328941251,0.06720551273974978,0.7408182206817179,0.10499397211673034,0.1991763447809744,1.897026474620218,-4.106189619896127,-2.2538523388846317,-1.6135646919826354,0.9402876469019963,0.14614766111536825,-0.18894413616730393,-0.03152958635246095,0.9402876469019963,0.14614766111536825,0.18894413616730393,0.03152958635246095,False,False,ictal_scale,mid,high,mid,-0.19612841259522273,0.3306430394538469,0.08359811129115553,0.08379134719621112,0.09071795328941251,1200,500,10,59.270416259765625
-2.4,-0.3,0.58,0.048,96,2133648782,True,,60,-0.15,-0.2708399706116902,0.24345932548835575,-1.4905813668748307,-2.217218563948152,0.013108614364005445,-0.2597511761718412,0.3379938417326165,-2.100207170446625,0.014207143444326732,25.75897533435886,27.91014924108818,71.98967347982821,72.19767673106476,2.1511739067293227,0.20800325123654773,True,True,0.09071795328941251,0.06720551273974978,0.7408182206817179,0.2252416694221996,0.024531434798931398,0.10891161862660927,-4.334485679850752,-1.4905813668748307,-3.7077999308229828,-1.917218563948152,0.9094186331251692,-0.3365406745116442,-0.03489138563599456,1.917218563948152,0.9094186331251692,0.3365406745116442,0.03489138563599456,False,False,ictal_scale,mid,high,mid,-0.1921762295641773,0.32833332807242643,0.0836404036327719,0.08480961008822818,0.09071795328941251,1200,500,10,56.062560081481934
-2.4,-0.3,0.58,0.048,97,1649680380,True,,60,-0.15,-0.06714541692051838,0.5300257443291703,-2.5605596052649355,0.79733173315315,0.016442348099189368,-0.059021284310470074,0.5118432266406274,-2.474113840845626,0.030111620392852298,21.909605230916547,22.313522271179075,64.29093327294359,61.004422791246554,0.4039170402625274,-3.286510481697036,True,False,0.09071795328941251,0.06720551273974978,0.7408182206817179,0.07726149240558662,0.17149042032289882,2.2196105069088556,-4.107895071135266,-2.5605596052649355,-1.7632278721117856,1.09733173315315,-0.16055960526493562,-0.04997425567082969,-0.031557651900810633,1.09733173315315,0.16055960526493562,0.04997425567082969,0.031557651900810633,False,False,ictal_scale,mid,high,mid,-0.031230453070228405,0.34856987232725406,0.08333728715922063,0.08414576978426304,0.09071795328941251,1200,500,10,51.093276023864746
-2.4,-0.3,0.58,0.048,98,2143020824,True,,60,-0.15,-0.103245326237155,0.38497425346946024,-2.1780736458055685,-1.3770495955406286,0.010388985218500704,-0.07721551813968647,0.40788857343394774,-2.5861636998498514,0.012896210073312922,13.684868858226745,14.403012253278337,47.841460527563996,45.18340275544507,0.7181433950515927,-2.658057772118923,True,False,0.09071795328941251,0.06720551273974978,0.7408182206817179,0.11325949854143053,0.02857785272620454,0.25232190760363216,-4.567009147697652,-2.1780736458055685,-3.5551232413461973,-1.0770495955406285,0.2219263541944314,-0.19502574653053972,-0.037611014781499294,1.0770495955406285,0.2219263541944314,0.19502574653053972,0.037611014781499294,False,False,ictal_scale,mid,high,mid,-0.11423053680890845,0.3091210925256625,0.08452347416061765,0.08630099566764585,0.09071795328941251,1200,500,10,57.17793583869934
-2.4,-0.3,0.58,0.048,99,1540969452,True,,60,-0.15,-0.12477717172773752,0.5234343680105189,-2.637028824259304,1.4291015476236106,0.014050979065267628,-0.02950954979678551,0.4365917307264222,-2.0468126241105224,0.02171653648475946,27.482172388026196,27.899096534988352,75.4360675871629,72.17557131886511,0.4169241469621561,-3.2604962682977856,True,False,0.09071795328941251,0.06720551273974978,0.7408182206817179,0.0715736117260579,0.298816000895842,4.174946515756892,-4.265063201269539,-2.637028824259304,-1.2079272766356932,1.7291015476236107,-0.23702882425930394,-0.05656563198948106,-0.03394902093473237,1.7291015476236107,0.23702882425930394,0.05656563198948106,0.03394902093473237,False,False,ictal_scale,mid,high,mid,-0.06865785034790388,0.33990398657296594,0.08377775243390874,0.08451059633078306,0.09071795328941251,1200,500,10,47.7619948387146
-2.4,1.45,0.58,0.048,0,559234803,True,,60,-0.15,-0.08549732432047208,0.6757107008900715,-1.9760998398773733,0.34908756149771364,0.028578154576153092,-0.035262950264472626,0.6139918382092168,-1.7223303606729299,0.018903573944531474,37.36057826592855,37.6622685069122,95.19287934296761,91.7019152627128,0.30169024098364616,-3.4909640802548125,True,False,0.09071795328941251,0.38674102345450123,4.263114515168817,0.13860878091370882,0.19651583250390448,1.417773327263053,-3.5551126790286807,-1.9760998398773733,-1.6270122783796597,-1.1009124385022864,0.42390016012262666,0.0957107008900715,-0.01942184542384691,1.1009124385022864,0.42390016012262666,0.0957107008900715,0.01942184542384691,True,True,strong,mid,high,mid,-0.06906443577672176,0.4848049359680246,0.17873915353875078,0.15553949491357888,0.6176384954242646,1200,500,10,42.81303811073303
-2.4,1.45,0.58,0.048,1,2099886980,True,,60,-0.15,-0.26134494252839424,0.44803864898958545,-1.830246033941822,-0.025953065291442954,0.022066490238913907,-0.25011824451418174,0.4114401042353499,-1.9515232364461075,0.020131260200105385,33.93777000621226,34.20710835728871,88.34726282353503,84.79159496346583,0.2693383510764491,-3.5556678600692067,True,False,0.09071795328941251,0.38674102345450123,4.263114515168817,0.16037410544750638,0.15626545250347662,0.974380820815399,-3.813695099954628,-1.830246033941822,-1.856199099233265,-1.475953065291443,0.5697539660581779,-0.1319613510104145,-0.025933509761086094,1.475953065291443,0.5697539660581779,0.1319613510104145,0.025933509761086094,True,True,strong,mid,high,mid,-0.2499610722267609,0.38837538109518466,0.15250383086321237,0.13192759319730646,0.3875604549312075,1200,500,10,48.96072316169739
-2.4,1.45,0.58,0.048,2,549862761,True,,60,-0.15,-0.19233934786512724,0.40162512699118363,-1.4948063879891227,-1.5816329388137782,0.018379701615968868,-0.12929178837067745,0.35189904781911,-1.9066251180813079,0.02280092338933165,29.45789315063464,30.95484201542929,79.38750911237977,78.28706227974698,1.4969488647946498,-1.100446832632798,True,False,0.09071795328941251,0.38674102345450123,4.263114515168817,0.22429202615715285,0.046123194233228665,0.2056390279381216,-3.996508396355639,-1.4948063879891227,-3.076439326802901,-3.031632938813778,0.9051936120108772,-0.17837487300881633,-0.029620298384031133,3.031632938813778,0.9051936120108772,0.17837487300881633,0.029620298384031133,True,True,strong,mid,high,mid,-0.15496264276230173,0.3722128985062447,0.14935172872958533,0.13673407509010393,0.44579055715866883,1200,500,10,84.14092874526978
-2.4,1.45,0.58,0.048,3,61114261,True,,60,-0.15,-0.440013867382851,0.6154633961890967,-1.8522258128205684,0.6230740179149783,0.04296753350724563,-0.4517388658129518,0.520249180901809,-1.4672908576944033,0.05730130169752638,45.14072750237441,46.60198221657551,110.75317781585932,109.58134268203942,1.4612547142010968,-1.1718351338198971,True,False,0.09071795328941251,0.38674102345450123,4.263114515168817,0.15688757501969888,0.29254060690926365,1.8646512120066365,-3.1473104831860605,-1.8522258128205684,-1.2291517949055901,-0.8269259820850217,0.5477741871794315,0.035463396189096774,-0.005032466492754371,0.8269259820850217,0.5477741871794315,0.035463396189096774,0.005032466492754371,True,True,strong,mid,high,mid,-0.5660086049602259,0.6218709575601071,0.31244012292986684,0.17177032515457685,4.336308920060725,1200,500,10,44.68678307533264
-2.4,1.45,0.58,0.048,4,441151833,True,,60,-0.15,-0.35737250613327715,0.5495387318518067,-1.7367048137209906,0.07973273840312435,0.018780843010191377,-0.2541280480296963,0.4886977557458654,-1.7584724754016423,0.018848303759257168,38.18694867635553,38.418662437424445,96.84562016382156,93.2147031237373,0.23171376106891728,-3.6309170400842703,True,False,0.09071795328941251,0.38674102345450123,4.263114515168817,0.17609972700276905,0.19071557912106982,1.0829975853288571,-3.974917917487903,-1.7367048137209906,-1.6569720753178663,-1.3702672615968756,0.6632951862790093,-0.030461268148193277,-0.029219156989808624,1.3702672615968756,0.6632951862790093,0.030461268148193277,0.029219156989808624,True,True,strong,mid,high,mid,-0.25280048080119183,0.48592918650441674,0.17718903982019674,0.1419544526809781,0.6817791037722398,1200,500,10,54.748037338256836
-2.4,1.45,0.58,0.048,5,1042756813,True,,60,-0.15,-0.19773527644663041,0.45739580757449355,-2.493365698827387,1.5000973155852018,0.017755949413194003,-0.21062826770585558,0.44803294411547284,-1.7978440420479596,0.029928719485703328,30.70210792740131,32.3157519090549,81.87593866591313,81.00888206699821,1.613643981653592,-0.8670565989149139,True,False,0.09071795328941251,0.38674102345450123,4.263114515168817,0.08263138567058256,0.37036421848372125,4.482125229754847,-4.031034641012266,-2.493365698827387,-0.9932683832421851,0.05009731558520181,-0.09336569882738699,-0.12260419242550641,-0.030244050586805998,0.05009731558520181,0.09336569882738699,0.12260419242550641,0.030244050586805998,True,True,strong,mid,high,mid,-0.2313788681632827,0.4009680899752081,0.15351931920871212,0.1282682052577505,0.7180235128520133,1200,500,10,63.12587761878967
-2.4,1.45,0.58,0.048,6,1715703856,True,,60,-0.15,-0.09704353454795141,0.4035825579449119,-1.7117333466787592,0.20584783300643317,0.02231621872683205,-0.10226972701868897,0.38258003851154504,-1.6402325489990075,0.023674979774023133,40.25075477531866,40.14067003089955,100.97323236174782,96.6587183106875,-0.11008474441911176,-4.314514051060314,False,False,0.09071795328941251,0.38674102345450123,4.263114515168817,0.18055256104406658,0.2218207815027865,1.2285662425394666,-3.8024415677011247,-1.7117333466787592,-1.5058855136723261,-1.2441521669935667,0.6882666533212407,-0.17641744205508808,-0.02568378127316795,1.2441521669935667,0.6882666533212407,0.17641744205508808,0.02568378127316795,True,True,strong,mid,high,mid,-0.1305714721479775,0.4668952692185222,0.17002800093440784,0.14164556970226758,0.570651238184688,1200,500,10,48.29402828216553
-2.4,1.45,0.58,0.048,7,934045885,True,,60,-0.15,-0.13646625104251256,0.46779848115014266,-2.2458158110796376,1.389657950022849,0.02057185184080724,-0.0732581384990442,0.43313940617288366,-1.5856787843148576,0.01852137582653846,38.17660770719472,41.88231958905588,96.82493822549995,100.14201742700017,3.7057118818611627,3.3170792015002206,True,True,0.09071795328941251,0.38674102345450123,4.263114515168817,0.10584115875280245,0.42479105720352095,4.013477008463623,-3.8838315530783283,-2.2458158110796376,-0.8561578610567886,-0.06034204997715098,0.15418418892036234,-0.1122015188498573,-0.027428148159192763,0.06034204997715098,0.15418418892036234,0.1122015188498573,0.027428148159192763,True,True,strong,mid,high,mid,-0.06595357679732296,0.49640266680307976,0.18686912441090706,0.1251090060110312,1.694875597632195,1200,500,10,50.33928346633911
-2.4,1.45,0.58,0.048,8,323068863,True,,60,-0.15,-0.052407992235709466,0.7818658947229817,-2.1932634442247525,1.293550019608064,0.034111890925861074,-0.014785172864055177,0.5083445286402545,-1.2504449035259677,0.039382378991480574,47.82442452177497,52.15413308120277,116.12057185466045,120.68564441129395,4.3297085594278,4.5650725566334955,True,True,0.09071795328941251,0.38674102345450123,4.263114515168817,0.11155210986313772,0.4066861892931352,3.6457059377191054,-3.37810924797374,-2.1932634442247525,-0.8997134246166885,-0.15644998039193592,0.2067365557752474,0.20186589472298178,-0.013888109074138927,0.15644998039193592,0.2067365557752474,0.20186589472298178,0.013888109074138927,True,True,strong,mid,high,mid,-0.06683759560420369,0.6864252681913378,0.2762478666288356,0.1659127191214565,3.8423109699970253,1200,500,10,56.31695294380188
-2.4,1.45,0.58,0.048,9,924673843,True,,60,-0.15,0.4728562880370049,0.634820296438045,-1.0925852714675457,-0.55609669113345,0.03555204986010981,0.21813752601855876,0.6066308686118347,-1.374360228615634,0.05075129960849495,49.99047981853457,50.14547218776644,120.45268244817964,116.66832262442128,0.15499236923187,-3.784359823758365,True,False,0.09071795328941251,0.38674102345450123,4.263114515168817,0.3353484054040934,0.1923032044728254,0.5734430263388336,-3.336757463070067,-1.0925852714675457,-1.6486819626009956,-2.00609669113345,1.3074147285324542,0.05482029643804509,-0.012447950139890189,2.00609669113345,1.3074147285324542,0.05482029643804509,0.012447950139890189,True,True,strong,mid,high,mid,0.3327261806350504,0.6367260054337032,0.30217316313925946,0.17725486863185197,1.4127532292763345,1200,500,10,42.269508600234985
-2.4,1.45,0.58,0.048,10,1833786826,True,,60,-0.15,-0.12532772779580825,0.3144570872545453,-2.1837877222417084,0.8815286278948473,0.020922682968533446,-0.10773474201109903,0.3313034400907651,-1.9024393151384684,0.031235778836423422,35.34608089936607,35.25144184451004,91.16388460984265,86.88026193790849,-0.09463905485603163,-4.283622671934168,False,False,0.09071795328941251,0.38674102345450123,4.263114515168817,0.11261417059212513,0.2719168129116348,2.4145878931745144,-3.8669213990347373,-2.1837877222417084,-1.302259094346861,-0.5684713721051526,0.21621227775829155,-0.26554291274545466,-0.027077317031466555,0.5684713721051526,0.21621227775829155,0.26554291274545466,0.027077317031466555,True,True,strong,mid,high,mid,-0.1656768102226008,0.40200665866823676,0.1530211299094031,0.12274339190414715,0.36654463449832386,1200,500,10,50.492011070251465
-2.4,1.45,0.58,0.048,11,815962915,True,,60,-0.15,-0.1034222630898178,0.7267087061793267,-2.4438051369831064,1.6302323974321948,0.024901368088465246,-0.28551129583261553,0.49779221594713907,-0.9373564384174844,0.07431301665790585,39.54345075149096,52.81783794192322,99.55862431409241,122.01305413273485,13.274387190432265,22.45442981864244,True,True,0.09071795328941251,0.38674102345450123,4.263114515168817,0.08682982268693702,0.44327154002524843,5.105060983752714,-3.6928325337089465,-2.4438051369831064,-0.8135727395509116,0.18023239743219488,-0.04380513698310651,0.14670870617932674,-0.023098631911534755,0.18023239743219488,0.04380513698310651,0.14670870617932674,0.023098631911534755,True,True,strong,mid,high,mid,-0.27791207502581894,0.6216305581846776,0.28705849451906745,0.1385751375680392,6.063494992515911,1200,500,10,52.74847936630249
-2.4,1.45,0.58,0.048,12,829254642,True,,60,-0.15,-0.09536894483232798,0.2475883234041156,-2.044411315219467,0.7173853306375149,0.021353027460639655,-0.10971698683064442,0.2340508444569669,-1.693216125759274,0.02077365018832667,38.71807402609714,39.16099736088055,97.9078708633048,94.6993729706495,0.4429233347834085,-3.208497892655288,True,False,0.09071795328941251,0.38674102345450123,4.263114515168817,0.12945637654885056,0.2652649915329745,2.0490685635162698,-3.846561747925264,-2.044411315219467,-1.3270259845819523,-0.7326146693624851,0.35558868478053274,-0.33241167659588433,-0.026646972539360346,0.7326146693624851,0.35558868478053274,0.33241167659588433,0.026646972539360346,True,True,strong,mid,high,mid,-0.11782267044097176,0.3760284568883286,0.15010398589734844,0.12839342146470295,1.0131789945045826,1200,500,10,52.02235531806946
-2.4,1.45,0.58,0.048,13,806590873,True,,60,-0.15,-0.07847196583376038,0.38892898700428946,-1.9320496045621032,-1.3655629519994203,0.01218061021509241,-0.08960714427838183,0.4569217763321981,-2.4254706576035856,0.018964276174843232,20.668953269725808,21.28085102508163,61.80962935056212,58.93908029905167,0.6118977553558231,-2.8705490515104515,True,False,0.09071795328941251,0.38674102345450123,4.263114515168817,0.14485100674064563,0.03697132907587218,0.25523694938530184,-4.407909918194056,-1.9320496045621032,-3.2976125565615235,-2.8155629519994205,0.46795039543789674,-0.1910710129957105,-0.03581938978490759,2.8155629519994205,0.46795039543789674,0.1910710129957105,0.03581938978490759,True,True,strong,mid,high,mid,-0.08775261165534531,0.31564465693317717,0.13539679415120756,0.12049756528991165,0.3342319593206514,1200,500,10,65.39393091201782
-2.4,1.45,0.58,0.048,14,1308856967,True,,60,-0.15,-0.3238946614363496,0.6343645675353253,-2.3932932259003916,1.2610422843773437,0.03164724875586589,-0.16643630972641998,0.5540689528432147,-1.7943749226746668,0.05285995201545017,36.70430259692496,39.30095731058558,93.88032800496043,94.97929287005957,2.5966547136606195,1.0989648650991342,True,True,0.09071795328941251,0.38674102345450123,4.263114515168817,0.09132842296171305,0.32230694520075925,3.5290978947033573,-3.4531040613151727,-2.3932932259003916,-1.132250941523048,-0.18895771562265629,0.0067067740996082925,0.05436456753532537,-0.016352751244134114,0.18895771562265629,0.0067067740996082925,0.05436456753532537,0.016352751244134114,True,True,strong,mid,high,mid,-0.16185399935641104,0.5152055251393243,0.18561239110301023,0.15279900953916314,0.882422944285296,1200,500,10,54.65562891960144
-2.4,1.45,0.58,0.048,15,697879945,True,,60,-0.15,-0.2726339112112735,0.1672788783567614,-1.4826524749107381,0.23976900566649442,0.029150591159730656,-0.25300394067585086,0.07649575663627521,-1.2320692721980917,0.031177587710115955,47.829435431404555,47.915247760896925,116.1305936739196,112.20787377068226,0.08581232949237005,-3.9227199032373505,True,False,0.09071795328941251,0.38674102345450123,4.263114515168817,0.22703468520557882,0.28855098931871986,1.2709555328844944,-3.535280086469121,-1.4826524749107381,-1.2428834692442436,-1.2102309943335054,0.9173475250892618,-0.4127211216432386,-0.018849408840269345,1.2102309943335054,0.9173475250892618,0.4127211216432386,0.018849408840269345,True,True,strong,mid,high,mid,-0.2502645830027815,0.44826656650440255,0.1694405143499669,0.14254667249550554,0.36650561993674463,1200,500,10,62.84439492225647
-2.4,1.45,0.58,0.048,16,947337612,True,,60,-0.15,-0.00315764435791165,0.6382401106401937,-2.486399169601695,1.6757461210092468,0.022605680409420945,-0.08007824399234378,0.47206687815446624,-1.6550086023261676,0.025918729483074176,37.13905389720261,38.687328720353236,94.74983060551571,93.75203568959488,1.5482748231506278,-0.997794915920835,True,False,0.09071795328941251,0.38674102345450123,4.263114515168817,0.0832090494533402,0.4445676471281669,5.342780022712072,-3.7895540587362984,-2.486399169601695,-0.8106530485924481,0.22574612100924685,-0.08639916960169503,0.05824011064019374,-0.025394319590579056,0.22574612100924685,0.08639916960169503,0.05824011064019374,0.025394319590579056,True,True,strong,mid,high,mid,-0.0738807443926938,0.5244341623351934,0.18851269344770985,0.1323325834251166,0.7228030773483372,1200,500,10,45.483397483825684
-2.4,1.45,0.58,0.048,17,445071518,True,,60,-0.15,-0.15759542491235468,0.5926861231478917,-2.239389253608091,0.9367024679291222,0.02190900021600946,-0.14813955999888545,0.5218022271972259,-1.9412168362747257,0.027300959073609212,33.401908363437585,34.95555856930316,87.27553953798568,86.28849538749472,1.5536502058655728,-0.9870441504909593,True,False,0.09071795328941251,0.38674102345450123,4.263114515168817,0.10652354338583808,0.2718005413136477,2.5515537004731543,-3.8208577578166607,-2.239389253608091,-1.302686785678969,-0.5132975320708778,0.16061074639190887,0.012686123147891748,-0.02609099978399054,0.5132975320708778,0.16061074639190887,0.012686123147891748,0.02609099978399054,True,True,strong,mid,high,mid,-0.23349275104575964,0.40166633977609034,0.15587787185517973,0.13772889843472674,0.4546257593592102,1200,500,10,47.2554395198822
-2.4,1.45,0.58,0.048,18,1190773997,True,,60,-0.15,-0.24051641611293245,0.8018390591311872,-2.7437348593424513,2.245935501323246,0.031058214025339793,-0.1419012557525814,0.056024550118926354,-0.06733643255737516,0.0024219059611717162,44.22514412652238,72.94492869071641,108.92201106415527,162.2672356303212,28.71978456419403,53.34522456616594,True,True,0.09071795328941251,0.38674102345450123,4.263114515168817,0.06432963552119778,0.607866886283921,9.449251209943789,-3.4718919637087837,-2.7437348593424513,-0.4977993580192055,0.7959355013232459,-0.3437348593424514,0.2218390591311873,-0.016941785974660208,0.7959355013232459,0.3437348593424514,0.2218390591311873,0.016941785974660208,True,True,strong,mid,high,mid,-0.11082448028797194,0.621941237653542,0.24652211169559787,0.14046108862045148,2.4914625769619243,1200,500,10,54.326783895492554
-2.4,1.45,0.58,0.048,19,454443560,True,,60,-0.15,-0.1861514850018148,0.4852909425570815,-2.0845874735045182,1.0821037011844716,0.028855739761538015,-0.12391942465746311,0.3649715555831886,-1.4348600711952337,0.0228483695129936,41.26210433325808,43.29872712714297,102.99593147762667,102.97483250317434,2.036622793884888,-0.02109897445232889,True,False,0.09071795328941251,0.38674102345450123,4.263114515168817,0.12435841072505475,0.3669668462065624,2.950880797422645,-3.5454463539432597,-2.0845874735045182,-1.0024837723200466,-0.3678962988155283,0.3154125264954817,-0.09470905744291847,-0.019144260238461986,0.3678962988155283,0.3154125264954817,0.09470905744291847,0.019144260238461986,True,True,strong,mid,high,mid,-0.11060927658946647,0.46361644802701807,0.16889895225112447,0.14645275146489406,0.39948233237066577,1200,500,10,43.35659909248352
-2.4,1.45,0.58,0.048,20,1082063069,True,,60,-0.15,-0.044431643707478735,0.15348085438472617,-1.5855047725218219,-0.16064785948822682,0.020561323155802103,-0.027203975146842568,0.260852507968993,-1.7390655638120642,0.013168801026467062,37.69349140300759,38.62300475960406,95.85870561712568,93.62338776809652,0.9295133565964662,-2.2353178490291583,True,False,0.09071795328941251,0.38674102345450123,4.263114515168817,0.20484436720789836,0.1744438035307938,0.8515918983202951,-3.8843434846389697,-1.5855047725218219,-1.7461526320100487,-1.6106478594882268,0.814495227478178,-0.4265191456152738,-0.027438676844197898,1.6106478594882268,0.814495227478178,0.4265191456152738,0.027438676844197898,True,True,strong,mid,high,mid,-0.05583525199704696,0.40579737193301507,0.15477901692985294,0.13916672254745066,0.3458473547087722,1200,500,10,52.6213960647583
-2.4,1.45,0.58,0.048,21,563154488,True,,60,-0.15,-0.22795026288532833,0.34526976602907394,-2.611462885014604,1.7437585896004384,0.016466278806072356,-0.20108427119732467,0.38370128802562703,-2.1579749673155737,0.026179406282441694,25.987962553875406,28.38827782713068,72.44764791886132,73.15393390314976,2.4003152732552735,0.7062859842884421,True,True,0.09071795328941251,0.38674102345450123,4.263114515168817,0.07342704982573543,0.4199144430774879,5.718797692050432,-4.10644069802088,-2.611462885014604,-0.8677042954141658,0.29375858960043844,-0.2114628850146043,-0.23473023397092602,-0.031533721193927645,0.29375858960043844,0.2114628850146043,0.23473023397092602,0.031533721193927645,True,True,strong,mid,high,mid,-0.15485587486817196,0.3347342549612266,0.1393922105542835,0.12578038062383887,0.3823405625167888,1200,500,10,57.479748010635376
-2.4,1.45,0.58,0.048,22,1072691027,True,,60,-0.15,-0.31627451769924125,0.4611981369842776,-1.2738058217155992,-0.9251663750519982,0.027566265463341105,-0.28048962094013014,0.4455370891787169,-1.6154042065376064,0.05290523273732777,41.37098785104516,42.102096501900924,103.21369851320082,100.58157125269025,0.7311086508557665,-2.632127260510572,True,False,0.09071795328941251,0.38674102345450123,4.263114515168817,0.2797648579378919,0.11091710075180669,0.3964654516273463,-3.5911625196560957,-1.2738058217155992,-2.1989721967675973,-2.375166375051998,1.1261941782844007,-0.11880186301572238,-0.020433734536658896,2.375166375051998,1.1261941782844007,0.11880186301572238,0.020433734536658896,True,True,strong,mid,high,mid,-0.2076419548819393,0.5147345094244165,0.18644584076647808,0.1568717057802359,0.6689195208769125,1200,500,10,51.94628071784973
-2.4,1.45,0.58,0.048,23,572526530,True,,60,-0.15,-0.18932743415558845,0.6880186344266435,-2.472036481198475,1.5150659992639557,0.03222742236136418,-0.05089536361441856,0.6389324379362595,-1.6813011951734633,0.04646797504607555,40.800708873856344,43.86838159009059,102.07314055882318,104.11414142906959,3.0676727162342488,2.041000870246407,True,True,0.09071795328941251,0.38674102345450123,4.263114515168817,0.0844127788050465,0.3840546257576117,4.549721395200078,-3.43493756273023,-2.472036481198475,-0.9569704819345193,0.06506599926395573,-0.07203648119847506,0.1080186344266435,-0.01577257763863582,0.06506599926395573,0.07203648119847506,0.1080186344266435,0.01577257763863582,True,True,strong,mid,high,mid,-0.2003103834343663,0.6018525131326321,0.2154994174228742,0.14832911043801797,1.139892262564422,1200,500,10,51.399254322052
-2.4,1.45,0.58,0.048,24,2077223211,True,,60,-0.15,0.1375689692174018,0.6477898363210105,-2.491867351495647,1.5442715777901972,0.02983093189094093,0.07254142484896528,0.48095738003601274,-1.636809757824369,0.02711506172267619,39.58380747566598,41.16304005816499,99.63933776244247,98.70345836521838,1.57923258249901,-0.9358793972240846,True,False,0.09071795328941251,0.38674102345450123,4.263114515168817,0.08275528898874243,0.3876719550289344,4.684558047784368,-3.5122094408850786,-2.491867351495647,-0.9475957737054497,0.09427157779019724,-0.09186735149564695,0.06778983632101054,-0.01816906810905907,0.09427157779019724,0.09186735149564695,0.06778983632101054,0.01816906810905907,True,True,strong,mid,high,mid,0.08162282195670546,0.5221328095950148,0.19963911025905678,0.13805369535071682,1.0092636519967153,1200,500,10,70.0226137638092
-2.4,1.45,0.58,0.048,25,681237458,True,,60,-0.15,-0.04433534213326957,0.25941655959913174,-1.9120738003973945,-0.07063684205910259,0.016607892302792054,-0.03097725046337828,0.31305693772541465,-1.993501031241566,0.016740132314124603,31.222576392194743,31.200201414681636,82.91687559549999,78.77778107825168,-0.02237497751310613,-4.13909451724831,False,False,0.09071795328941251,0.38674102345450123,4.263114515168817,0.14777361563171054,0.1376954877538567,0.9318002213401133,-4.097877256678159,-1.9120738003973945,-1.982710642456497,-1.5206368420591025,0.4879261996026054,-0.3205834404008682,-0.03139210769720795,1.5206368420591025,0.4879261996026054,0.3205834404008682,0.03139210769720795,True,True,strong,mid,high,mid,-0.022977879690880696,0.42093446110032257,0.16367402463247158,0.13884699658489466,0.34125536154825026,1200,500,10,58.98104691505432
-2.4,1.45,0.58,0.048,26,79632478,True,,60,-0.15,-0.08220205473713516,0.34164316166476566,-2.597416757040632,1.9828895174401264,0.015385220564629442,-0.09862709245658252,0.46045768395686915,-1.6848376889237549,0.031227045359309258,35.30053659071751,37.65736672920618,91.07279599254554,91.69211170730077,2.356830138488668,0.6193157147552313,True,True,0.09071795328941251,0.38674102345450123,4.263114515168817,0.07446569294500173,0.5408965493417557,7.263701282431451,-4.1743479339683915,-2.597416757040632,-0.6145272396005055,0.5328895174401265,-0.197416757040632,-0.2383568383352343,-0.032614779435370556,0.5328895174401265,0.197416757040632,0.2383568383352343,0.032614779435370556,True,True,strong,mid,high,mid,-0.12625170492620358,0.40978091543655565,0.1550682728265886,0.12589860588748591,0.4997749040003352,1200,500,10,64.35825324058533
-2.4,1.45,0.58,0.048,27,690609500,True,,60,-0.15,-0.1275603919792801,0.5894346432272709,-1.0600668565877618,-2.0806439831299097,0.023584805778249614,-0.16563027326241256,0.43759792070216896,-1.6749528166860594,0.02293620407064744,37.32093478800728,38.14420014723484,95.11359238712507,92.66577854335809,0.8232653592275625,-2.44781384376698,True,False,0.09071795328941251,0.38674102345450123,4.263114515168817,0.3464326482510459,0.04325204170278427,0.12484978514912154,-3.747152597249096,-1.0600668565877618,-3.1407108397176717,-3.5306439831299095,1.3399331434122381,0.009434643227270945,-0.024415194221750387,3.5306439831299095,1.3399331434122381,0.009434643227270945,0.024415194221750387,True,True,strong,mid,high,mid,-0.21278824944412478,0.4266668315040965,0.1614660617418822,0.15277633542635927,0.3023252436417029,1200,500,10,57.58189868927002
-2.4,1.45,0.58,0.048,28,188343406,True,,60,-0.15,-0.2858357713616116,0.0699118853785507,-0.9954892849769343,-1.2691079553462776,0.02886450448319201,-0.30572163726816143,0.0698325950577059,-1.860743475403079,0.11236849500503651,46.778492704175086,46.122885228578035,114.02870821946067,108.62314870604447,-0.6556074755970513,-5.405559513416193,False,False,0.09071795328941251,0.38674102345450123,4.263114515168817,0.36954258866566336,0.10387186151449325,0.28108224789340686,-3.5451426573170224,-0.9954892849769343,-2.264597240323212,-2.719107955346278,1.4045107150230656,-0.5100881146214493,-0.01913549551680799,2.719107955346278,1.4045107150230656,0.5100881146214493,0.01913549551680799,True,True,strong,mid,high,mid,-0.2752765214272032,0.4383116654031367,0.16918887209783645,0.14450239416301794,0.8153197566508684,1200,500,10,54.96727633476257
-2.4,1.45,0.58,0.048,29,799320428,True,,60,-0.15,-0.3082088510209973,0.6012647751496663,-1.3778661144362003,-1.90470301093444,0.022910363272464717,-0.23643022842370426,0.46796760803401,-2.0593349718525076,0.03679821877607312,29.857782095095093,32.575726317386184,80.18728700130069,81.52883088366077,2.7179442222910914,1.3415438823600851,True,True,0.09071795328941251,0.38674102345450123,4.263114515168817,0.2521159660873186,0.03753170917255316,0.14886684788362162,-3.776165926140276,-1.3778661144362003,-3.2825691253706406,-3.35470301093444,1.0221338855637996,0.021264775149666293,-0.025089636727535284,3.35470301093444,1.0221338855637996,0.021264775149666293,0.025089636727535284,True,True,strong,mid,high,mid,-0.24968360554375674,0.4143682191005571,0.1594361223708969,0.1412076483451907,0.3775127601741958,1200,500,10,52.917908668518066
-2.4,1.45,0.58,0.048,30,197715448,True,,60,-0.15,-0.07889089311222312,0.6336956800850514,-2.1511143463929754,1.1103258979845445,0.04569532360450277,-0.007963679049551017,0.5896339248698117,-1.5168385065716508,0.04347042686853462,44.04341544104541,46.18965657834997,108.55855369320133,108.75669140558834,2.146241137304557,0.19813771238700895,True,True,0.09071795328941251,0.38674102345450123,4.263114515168817,0.11635442636872946,0.3531761110111786,3.0353474468771524,-3.0857593144469004,-2.1511143463929754,-1.0407884484084309,-0.33967410201545545,0.24888565360702453,0.053695680085051434,-0.0023046763954972307,0.33967410201545545,0.24888565360702453,0.053695680085051434,0.0023046763954972307,True,True,strong,mid,high,mid,-0.0496159489175411,0.5552047346700758,0.20332294137111692,0.14548493777672378,1.3245366709462911,1200,500,10,47.063239336013794
-2.4,1.45,0.58,0.048,31,304550646,True,,60,-0.15,-0.06758520401592294,0.3845770910264274,-1.9414840374140443,1.0527338711622074,0.037760883732298044,-0.001721186257952441,0.35002826344015264,-1.3203986434252994,0.039877046102237385,45.98400992835567,47.52364027256037,112.43974266782183,111.42465879400915,1.5396303442047028,-1.015083873812685,True,False,0.09071795328941251,0.38674102345450123,4.263114515168817,0.1434908459058574,0.4111693250441503,2.8654742569007747,-3.27648153405132,-1.9414840374140443,-0.8887501662518369,-0.39726612883779255,0.4585159625859556,-0.19542290897357256,-0.010239116267701957,0.39726612883779255,0.4585159625859556,0.19542290897357256,0.010239116267701957,True,True,strong,mid,high,mid,-0.00017287510030139324,0.5676614295062941,0.21241422761355958,0.1452875505846372,1.159990733457318,1200,500,10,61.56272077560425
-2.4,1.45,0.58,0.048,32,306426376,True,,60,-0.15,-0.24282377623604692,0.09393283310721073,-2.1532129316131905,1.0561515950860907,0.01787677561909532,-0.2484866225926396,0.06254951810435681,-1.7151207191513422,0.013813279337521418,35.45987948504908,36.01228866748618,91.39148178120865,88.40195558386077,0.5524091824371027,-2.9895261973478853,True,False,0.09071795328941251,0.38674102345450123,4.263114515168817,0.11611050272604233,0.3338507184964377,2.875284411472612,-4.024252860001489,-2.1532129316131905,-1.0970613365270998,-0.39384840491390927,0.24678706838680942,-0.4860671668927892,-0.03012322438090468,0.39384840491390927,0.24678706838680942,0.4860671668927892,0.03012322438090468,True,True,strong,mid,high,mid,-0.24539456250078706,0.37405197195769685,0.15011732132536545,0.13135652792388122,0.4161912570664685,1200,500,10,56.61937141418457
-2.4,1.45,0.58,0.048,33,195839718,True,,60,-0.15,4.483596341790348,0.6116204313880763,0.47249760301227833,0.5099826024843026,75.13942696965236,6.941859760739783,0.5232620890566868,8.269167834388927,1712.8320190810302,530.3728512562961,348.9797648002873,1081.2174253237029,714.3369078494629,-181.39308645600886,-366.8805174742399,False,False,0.09071795328941251,0.38674102345450123,4.263114515168817,1.6039953380897756,2.6710728428192074,1.6652622232682,4.319345413947624,0.47249760301227833,0.9824802054965809,-0.9400173975156974,2.8724976030122784,0.03162043138807635,75.09142696965236,0.9400173975156974,2.8724976030122784,0.03162043138807635,75.09142696965236,True,True,strong,mid,high,mid,6.553728753797003,94.11987982122433,5140.188138606416,0.2404807111470169,22026.465794806718,1200,500,10,109.6480541229248
-2.4,1.45,0.58,0.048,34,315798418,True,,60,-0.15,-0.12504887463302167,0.18562605689286432,-2.0740833183838534,1.1426679220918117,0.021943214126894352,-0.128641758953719,0.18506172773934265,-1.4706321115711674,0.007493313235412408,40.35067954183704,41.93339882376603,101.17308189478459,100.24417589642046,1.5827192819289877,-0.9289059983641295,True,False,0.09071795328941251,0.38674102345450123,4.263114515168817,0.1256715755310507,0.393995655540464,3.135121477355206,-3.819297338652435,-2.0740833183838534,-0.9314153962920417,-0.3073320779081883,0.3259166816161465,-0.39437394310713564,-0.02605678587310565,0.3073320779081883,0.3259166816161465,0.39437394310713564,0.02605678587310565,True,True,strong,mid,high,mid,-0.13573519812768114,0.394484726914319,0.15156966436520028,0.13030040540100143,0.4342789668865818,1200,500,10,53.3647723197937
-2.4,1.45,0.58,0.048,35,186467676,True,,60,-0.15,-0.05007794161171428,0.4818195708848738,-2.2111428276786778,1.2639482856279218,0.02377369519365176,-0.02018936859545161,0.38778271040648765,-1.7063064541389739,0.027330373845092928,37.43906013911048,38.793858778919606,95.34984308933147,93.96509580672762,1.3547986398091254,-1.384747282603854,True,False,0.09071795328941251,0.38674102345450123,4.263114515168817,0.10957535118828289,0.38782753249814456,3.5393683733830072,-3.7391755535014455,-2.2111428276786778,-0.9471945420507559,-0.18605171437207813,0.18885717232132215,-0.09818042911512614,-0.024226304806348242,0.18605171437207813,0.18885717232132215,0.09818042911512614,0.024226304806348242,True,True,strong,mid,high,mid,0.009405278757901052,0.4642275931238528,0.17680374804616183,0.1375072072153527,0.5045849032690474,1200,500,10,60.56460928916931
-2.4,1.45,0.58,0.048,36,424509346,True,,60,-0.15,-0.27256256786454325,0.8332782326092959,-2.303049297053316,1.456083206478019,0.04269637213311177,0.01904274682459047,0.6217157529911551,-1.0072158228556958,0.05539132131839074,51.46875479881468,61.875901868776566,123.40923240873985,140.12918198644152,10.407147069961887,16.71994957770167,True,True,0.09071795328941251,0.38674102345450123,4.263114515168817,0.09995359036667646,0.4287136392229704,4.289126960324772,-3.1536413241108354,-2.303049297053316,-0.8469660905752969,0.006083206478018965,0.09695070294668406,0.25327823260929594,-0.005303627866888233,0.006083206478018965,0.09695070294668406,0.25327823260929594,0.005303627866888233,True,True,strong,mid,high,mid,-0.2310677829664611,0.8006524342642249,0.32414890463821106,0.18764159673084896,2.963788509236087,1200,500,10,54.814648151397705
-2.4,1.45,0.58,0.048,37,77756748,True,,60,-0.15,-54.10710514933435,0.3798654950789534,5.000000010673553,0.42743507440748124,148.4131635326773,-55.32480599474229,0.51534747582846,9.030513014783066,2140.8356603297334,372.54651615645537,363.7490179176742,765.5647551240212,743.8754140842368,-8.797498238781145,-21.68934103978438,False,False,0.09071795328941251,0.38674102345450123,4.263114515168817,148.41316068667228,227.56481185226409,1.5333196247514442,5.000000029849783,5.000000010673553,5.427435085081034,-1.0225649255925187,7.400000010673553,-0.20013450492104656,148.3651635326773,1.0225649255925187,7.400000010673553,0.20013450492104656,148.3651635326773,True,True,strong,mid,high,mid,-52.732850650861415,110.91635295047256,15052.92198240373,22026.465794806718,22026.465794806718,1200,500,10,68.29785943031311
-2.4,1.45,0.58,0.048,38,679361728,True,,60,-0.15,-0.2824673145422832,0.40651493378037157,-1.8095414729548414,0.04340347441799798,0.019722362947951693,-0.25618795950348056,0.39315723366890887,-1.6760323074758616,0.01788832977614759,34.83746543401947,35.152101476964425,90.14665367914944,86.68158120281726,0.3146360429449544,-3.465072476332182,True,False,0.09071795328941251,0.38674102345450123,4.263114515168817,0.16372919385700982,0.17099208697728355,1.0443591820687559,-3.9260021120392428,-1.8095414729548414,-1.7661379985368433,-1.4065965255820019,0.5904585270451586,-0.1734850662196284,-0.028277637052048308,1.4065965255820019,0.5904585270451586,0.1734850662196284,0.028277637052048308,True,True,strong,mid,high,mid,-0.2584525578232848,0.3931409364832299,0.15478292877593589,0.1339686835272834,0.5040155501695577,1200,500,10,44.819844007492065
-2.4,1.45,0.58,0.048,39,68384706,True,,60,-0.15,-0.016278783075125876,0.33181548203924777,-2.3804463440476935,1.1799495033543748,0.02433200340413579,0.016096714804868427,0.36758720229824127,-1.780731464650606,0.02112626261152707,33.01108276138067,33.183057864495744,86.49388833387184,82.7434939778799,0.17197510311507358,-3.7503943559919435,True,False,0.09071795328941251,0.38674102345450123,4.263114515168817,0.09250927732869173,0.3010446035399733,3.2542098720579284,-3.7159627826200308,-2.3804463440476935,-1.2004968406933187,-0.2700504966456252,0.019553655952306404,-0.2481845179607522,-0.023667996595864212,0.2700504966456252,0.019553655952306404,0.2481845179607522,0.023667996595864212,True,True,strong,mid,high,mid,-0.013807446400103063,0.3859695528567369,0.1537774963616005,0.11906779254089098,0.5881143867553534,1200,500,10,49.56199312210083
-2.4,1.45,0.58,0.048,40,570650800,True,,60,-0.15,-0.21666735891361316,0.2400405429713283,-1.9227039458300894,0.39529292045282877,0.02497569016149528,-0.1566238839498271,0.25416169545004197,-1.8924427975337492,0.036590863957466115,35.73829019490994,36.49710602245436,91.94830320093038,89.37159029379713,0.7588158275444172,-2.576712907133256,True,False,0.09071795328941251,0.38674102345450123,4.263114515168817,0.14621108030913715,0.2170969989867908,1.4848190610983658,-3.6898523207354295,-1.9227039458300894,-1.5274110253772606,-1.0547070795471711,0.4772960541699105,-0.3399594570286717,-0.02302430983850472,1.0547070795471711,0.4772960541699105,0.3399594570286717,0.02302430983850472,True,True,strong,mid,high,mid,-0.15179470232088915,0.3717009813785238,0.14728458241644896,0.12849710446687462,0.32152027693633556,1200,500,10,53.67828154563904
-2.4,1.45,0.58,0.048,41,2107157425,True,,60,-0.15,-0.20527750103567105,0.4837524296963886,-2.6139426731401625,2.32504398628619,0.02840027733527198,-0.24453526127491446,0.18066825685344692,-1.3816447623198924,0.03527766662604038,41.362855445591045,47.330835175662614,103.19743370229259,111.03904860021363,5.967979730071569,7.841614897921048,True,True,0.09071795328941251,0.38674102345450123,4.263114515168817,0.0732451918772657,0.7490880940298046,10.227129929361428,-3.561356368536179,-2.6139426731401625,-0.28889868685397246,0.8750439862861901,-0.21394267314016258,-0.09624757030361136,-0.019599722664728023,0.8750439862861901,0.21394267314016258,0.09624757030361136,0.019599722664728023,True,True,strong,mid,high,mid,-0.23954057922561214,0.48942809197378834,0.17914464674602967,0.13675690369121082,0.65861041546943,1200,500,10,49.54186820983887
-2.4,1.45,0.58,0.048,42,461939872,True,,60,-0.15,-0.22408963304748905,0.775885642619641,-1.7930982477404314,-0.3870961011270851,0.02477033248770496,0.07073915017176391,0.699849757977485,-1.693682071641748,0.010861564408947337,33.84186411038963,36.35966618533696,88.15545103188975,89.09671061956233,2.5178020749473333,0.941259587672576,True,True,0.09071795328941251,0.38674102345450123,4.263114515168817,0.1664436862086314,0.11301956328172236,0.6790258366427685,-3.69810861257116,-1.7930982477404314,-2.1801943488675164,-1.837096101127085,0.6069017522595685,0.19588564261964103,-0.023229667512295042,1.837096101127085,0.6069017522595685,0.19588564261964103,0.023229667512295042,True,True,strong,mid,high,mid,-0.21314650175332267,0.6138218671896938,0.21672155516519984,0.17752652120193502,0.5637302668042837,1200,500,10,59.226247787475586
-2.4,1.45,0.58,0.048,43,1083938799,True,,60,-0.15,-0.14138749878718077,0.35259755302985685,-2.1751165930126746,0.9307617171557122,0.019743175210536187,-0.17148074318078393,0.3821207047244445,-1.8136441155722602,0.027824697620557223,32.56984285935968,33.91333947568139,85.61140852982987,84.20405720025119,1.3434966163217084,-1.4073513295786881,True,False,0.09071795328941251,0.38674102345450123,4.263114515168817,0.11359490852602354,0.288126725693627,2.5364404922041017,-3.924947406314455,-2.1751165930126746,-1.2443548758569625,-0.5192382828442877,0.22488340698732534,-0.2274024469701431,-0.028256824789463814,0.5192382828442877,0.22488340698732534,0.2274024469701431,0.028256824789463814,True,True,strong,mid,high,mid,-0.15357110960644646,0.44062913484378313,0.1627771495872934,0.13055822339655676,0.5516141795183778,1200,500,10,53.26067638397217
-2.4,1.45,0.58,0.048,44,452567830,True,,60,-0.15,-0.5217627173339803,0.6057016383441376,-1.5925808740234144,1.1899440852406007,0.4254601160768936,4.473523075669853,0.5087073408574193,2.0583889876726937,785.9155106897952,110.6684572364974,285.35997647275053,241.80863728410532,587.0973311943894,174.69151923625313,345.2886939102841,True,True,0.09071795328941251,0.38674102345450123,4.263114515168817,0.20339998400142373,0.6685548818626177,3.28689741616665,-0.8545840696114062,-1.5925808740234144,-0.4026367887828137,-0.26005591475939926,0.8074191259765855,0.025701638344137634,0.3774601160768936,0.26005591475939926,0.8074191259765855,0.025701638344137634,0.3774601160768936,True,True,strong,mid,high,mid,3.2116263576156863,28.04984454726922,2224.7553120546977,0.16631767624787405,22026.465794806718,1200,500,10,112.79370450973511
-2.4,1.45,0.58,0.048,45,1192649727,True,,60,-0.15,-0.3137543148206076,0.7590251037460709,-2.272940602029813,1.3794202263192528,0.04380346581259577,-0.4234063865362728,0.5226388064158591,-1.2654302856780197,0.04887090636844735,48.43227255499727,52.345279073494304,117.33626792110505,121.06793639587701,3.913006518497035,3.731668474771965,True,True,0.09071795328941251,0.38674102345450123,4.263114515168817,0.1030088263165894,0.4092126318691948,3.972597752075268,-3.128042336588747,-2.272940602029813,-0.8935203757105601,-0.0705797736807472,0.12705939797018706,0.17902510374607095,-0.004196534187404233,0.0705797736807472,0.12705939797018706,0.17902510374607095,0.004196534187404233,True,True,strong,mid,high,mid,-0.4583072653413617,0.665877416292406,0.29206452584206183,0.166409757168494,2.3582729990942535,1200,500,10,48.4430193901062
-2.4,1.45,0.58,0.048,46,343856902,True,,60,-0.15,-0.18157457855927894,0.3079467236953279,-1.8400347627515654,-0.5139898405547418,0.01717143002111475,-0.19345224198219435,0.4254014725649742,-2.082234229372216,0.03006153499058827,29.178864533356904,29.579105169291886,78.82945187782431,75.53558858747218,0.40024063593498127,-3.293863290352135,True,False,0.09071795328941251,0.38674102345450123,4.263114515168817,0.15881190527215294,0.09498611050261008,0.5981044704415212,-4.064508321512027,-1.8400347627515654,-2.354024603306307,-1.9639898405547418,0.5599652372484345,-0.2720532763046721,-0.03082856997888525,1.9639898405547418,0.5599652372484345,0.2720532763046721,0.03082856997888525,True,True,strong,mid,high,mid,-0.203709120868485,0.3505463505685024,0.1418037804897219,0.11652234161819,0.41283007453636533,1200,500,10,50.619110107421875
-2.4,1.45,0.58,0.048,47,1202021769,True,,60,-0.15,-0.11560821698531869,0.4634834886413347,-2.0857688152943217,1.1975295099374956,0.02853988958106532,-0.08132389689530849,0.338976267245498,-1.540630466507392,0.033436335021515294,40.79065593305275,43.17504455855552,102.053034677216,102.72746736599944,2.3843886255027726,0.6744326887834404,True,True,0.09071795328941251,0.38674102345450123,4.263114515168817,0.124211587678727,0.4113794290359306,3.3119247304040793,-3.556452535859455,-2.0857688152943217,-0.888239305356826,-0.2524704900625043,0.31423118470567823,-0.11651651135866525,-0.01946011041893468,0.2524704900625043,0.31423118470567823,0.11651651135866525,0.01946011041893468,True,True,strong,mid,high,mid,-0.09146006920118226,0.5376346839344923,0.19074925638219964,0.15382357182832423,0.6417183168284775,1200,500,10,59.88723134994507
-2.4,1.45,0.58,0.048,48,334484860,True,,60,-0.15,-0.13192830011609452,0.5302980986983492,-1.6776671201790974,0.5668870028992627,0.02804813568765708,-0.10742054162214648,0.4540678506971888,-1.3670264433732555,0.0321541683090276,47.45201589110427,47.80267301412037,115.37575459331904,111.98272427712915,0.35065712301610574,-3.3930303161898934,True,False,0.09071795328941251,0.38674102345450123,4.263114515168817,0.18680927167603864,0.32930196669084355,1.7627710002633767,-3.573833113120398,-1.6776671201790974,-1.1107801172798346,-0.8831129971007372,0.7223328798209026,-0.04970190130165075,-0.019951864312342922,0.8831129971007372,0.7223328798209026,0.04970190130165075,0.019951864312342922,True,True,strong,mid,high,mid,-0.21132245463348337,0.5804693428166476,0.20848333600905625,0.13106972385923565,1.242392373792322,1200,500,10,46.23729419708252
-2.4,1.45,0.58,0.048,49,1310732697,True,,60,-0.15,-0.16475535091144072,0.3082677551611429,-1.383246443646094,-1.322364193164998,0.022849951267360315,-0.12180900685905063,0.3807155725939428,-1.7967499174067352,0.027967270655074074,35.194125756937964,35.154936145116,90.85997432498644,86.6872505391204,-0.039189611821967674,-4.17272378586604,False,False,0.09071795328941251,0.38674102345450123,4.263114515168817,0.2507631417742373,0.06682950282995959,0.2665044884870933,-3.7788062943636587,-1.383246443646094,-2.705610636811092,-2.7723641931649983,1.0167535563539059,-0.27173224483885705,-0.025150048732639686,2.7723641931649983,1.0167535563539059,0.27173224483885705,0.025150048732639686,True,True,strong,mid,high,mid,-0.10419442958945163,0.40120715627983405,0.15403204033977314,0.13745732670669075,0.38738167770812726,1200,500,10,49.750136852264404
-2.4,1.45,0.58,0.048,50,808466603,True,,60,-0.15,-0.21616831554372384,0.45799252267679513,-1.8159187750968604,0.923642185743147,0.034774143281096695,-0.22511117252321167,0.3893685342776162,-1.294287332267797,0.034935599499118716,48.144072451606384,49.43459820164809,116.75986771432326,115.24657465218459,1.2905257500417093,-1.513293062138672,True,False,0.09071795328941251,0.38674102345450123,4.263114515168817,0.16268836568372022,0.40972192161592624,2.518446355361759,-3.3588811775337106,-1.8159187750968604,-0.8922765893537133,-0.5263578142568529,0.5840812249031395,-0.12200747732320483,-0.013225856718903306,0.5263578142568529,0.5840812249031395,0.12200747732320483,0.013225856718903306,True,True,strong,mid,high,mid,-0.3041261710288263,0.5733533494951166,0.2089621356670094,0.16052212143146252,0.6209404796646756,1200,500,10,47.73956227302551
-2.4,1.45,0.58,0.048,51,827378912,True,,60,-0.15,-0.2891281041669228,0.3915753297117104,-1.6371257092650202,-0.9508686437359084,0.01951138628280403,-0.17899284684633532,0.4399282574414232,-1.8884770518779064,0.015100918363218287,32.937140361607824,33.34296366300295,86.34600353432614,83.0633055748943,0.4058233013951238,-3.282697959431843,True,False,0.09071795328941251,0.38674102345450123,4.263114515168817,0.19453839938512324,0.0751706547930738,0.386405229150982,-3.936757071884011,-1.6371257092650202,-2.5879943530009286,-2.400868643735908,0.7628742907349797,-0.18842467028828958,-0.028488613717195972,2.400868643735908,0.7628742907349797,0.18842467028828958,0.028488613717195972,True,True,strong,mid,high,mid,-0.2476917193278735,0.39770942290978595,0.1556876241959455,0.12910979441242207,0.45181733381381806,1200,500,10,60.41600275039673
-2.4,1.45,0.58,0.048,52,817838645,True,,60,-0.15,-0.0587971546412321,0.5532317132112804,-1.9044842431222395,1.018313605990296,0.03743645501192601,0.01050792393910329,0.6104037900797581,-1.2532432706457264,0.030024028880421747,49.13172701605602,50.94198981972181,118.73517684322255,118.26135788833203,1.8102628036657933,-0.4738189548905183,True,False,0.09071795328941251,0.38674102345450123,4.263114515168817,0.1488994187208378,0.4122313174225691,2.768522006089465,-3.28511031636613,-1.9044842431222395,-0.8861706371319436,-0.431686394009704,0.4955157568777604,-0.026768286788719564,-0.010563544988073992,0.431686394009704,0.4955157568777604,0.026768286788719564,0.010563544988073992,True,True,strong,mid,high,mid,0.032260641129421716,0.5968890457773995,0.226322359376991,0.15734639600228995,1.4907372112232211,1200,500,10,51.930556535720825
-2.4,1.45,0.58,0.048,53,1428815667,True,,60,-0.15,-0.16380380058269325,0.3958486632010988,-1.7381379583049132,0.649008152619198,0.030299056156711537,-0.1682428056246762,0.29519793993043547,-1.4441373210546602,0.03979460225534587,44.74300210112763,45.334318288241285,109.95772701336577,107.04601482537097,0.5913161871136552,-2.9117121879947945,True,False,0.09071795328941251,0.38674102345450123,4.263114515168817,0.1758475313923368,0.3365091947228353,1.9136418467657825,-3.4966387168954967,-1.7381379583049132,-1.0891298056857153,-0.800991847380802,0.6618620416950867,-0.18415133679890117,-0.017700943843288464,0.800991847380802,0.6618620416950867,0.18415133679890117,0.017700943843288464,True,True,strong,mid,high,mid,-0.25971895008578866,0.4731595111823701,0.1741075636942438,0.14583291514553348,0.48681446180592264,1200,500,10,70.06862258911133
-2.4,1.45,0.58,0.048,54,926549573,True,,60,-0.15,-0.22388196532691762,0.5002772494003995,-2.597853980648877,1.8811894696938758,0.026884884150152458,-0.1412809460620318,0.3939027804724607,-1.4732195959372394,0.023421809634437744,37.70996534495294,42.117797354875975,95.89165350101638,100.61297295864036,4.407832009923034,4.721319457623977,True,True,0.09071795328941251,0.38674102345450123,4.263114515168817,0.0744331419026025,0.48837852346833255,6.561304695526452,-3.6161910778183994,-2.597853980648877,-0.7166645109550012,0.43118946969387584,-0.19785398064887705,-0.07972275059960043,-0.021115115849847543,0.43118946969387584,0.19785398064887705,0.07972275059960043,0.021115115849847543,True,True,strong,mid,high,mid,-0.14589446938936257,0.4639792277016039,0.17086725871135144,0.1347688272776129,0.8385683622955039,1200,500,10,53.28206968307495
-2.4,1.45,0.58,0.048,55,709295942,True,,60,-0.15,-0.24973940016168805,0.1462132743222241,-1.813790153149812,0.8359980819697901,0.021796680777673008,-0.2123630546176013,0.19290194775341452,-1.3894984985944958,0.011842937820902582,42.41382985556699,43.868409002744244,105.29938252224449,104.11419625437689,1.454579147177256,-1.1851862678675928,True,False,0.09071795328941251,0.38674102345450123,4.263114515168817,0.16303503654414694,0.37614067452802197,2.307115590004912,-3.825997578684413,-1.813790153149812,-0.9777920711800219,-0.6140019180302099,0.586209846850188,-0.4337867256777759,-0.026203319222326993,0.6140019180302099,0.586209846850188,0.4337867256777759,0.026203319222326993,True,True,strong,mid,high,mid,-0.2751378119941643,0.47459306190538136,0.17751963350777253,0.145675702775254,0.6772927141214667,1200,500,10,58.011685848236084
-2.4,1.45,0.58,0.048,56,935921615,True,,60,-0.15,-0.13911606963578338,0.5987061280300509,-2.3796885122750955,1.6979888704813246,0.030281886151454142,-0.26853435163059913,0.30574155399610853,-1.3798462246055347,0.046234116616979674,42.604799349448896,45.563085287694186,105.6813215100083,107.50354882427678,2.9582859382452895,1.8222273142684742,True,True,0.09071795328941251,0.38674102345450123,4.263114515168817,0.0925794103694783,0.5057566562906157,5.462949637205232,-3.4972055620142077,-2.3796885122750955,-0.6816996417937708,0.24798887048132467,0.02031148772490443,0.018706128030050895,-0.01771811384854586,0.24798887048132467,0.02031148772490443,0.018706128030050895,0.01771811384854586,True,True,strong,mid,high,mid,-0.23226960370686373,0.49222687300735113,0.17814868629498057,0.13034572320554877,0.6302907857316695,1200,500,10,51.026609897613525
-2.4,1.45,0.58,0.048,57,1713828126,True,,60,-0.15,-10.889062459933577,0.6347861437982171,1.431147818997483,0.5117241562920425,119.25528558641264,-15.662833727101713,0.564298211900178,9.389388245728203,553.3745054512516,337.9129567238891,367.12834672633153,696.2976362588887,750.6340717015514,29.215390002442405,54.33643544266272,True,True,0.09071795328941251,0.38674102345450123,4.263114515168817,4.183498335987966,6.978765057695889,1.6681648938788929,4.781266452361978,1.431147818997483,1.9428719752895254,-0.9382758437079575,3.831147818997483,0.05478614379821711,119.20728558641264,0.9382758437079575,3.831147818997483,0.05478614379821711,119.20728558641264,True,True,strong,mid,high,mid,-14.81207947219135,136.8346270781224,15419.42812654546,22026.465794806718,22026.465794806718,1200,500,10,126.19886946678162
-2.4,1.45,0.58,0.048,58,1044632543,True,,60,-0.15,-0.08400030558056124,0.41392564301831414,-2.5232642500572044,0.9153845505330837,0.013395210937494842,-0.07020379673645163,0.36611515427909036,-2.286693671446238,0.02350780745301469,22.686576530593236,23.29453439798305,65.84487587229697,62.966447044854505,0.607957867389814,-2.8784288274424625,True,False,0.09071795328941251,0.38674102345450123,4.263114515168817,0.08019739466932614,0.20031188551090512,2.4977355727931188,-4.312858028629537,-2.5232642500572044,-1.607879699524121,-0.5346154494669163,-0.12326425005720454,-0.16607435698168582,-0.03460478906250516,0.5346154494669163,0.12326425005720454,0.16607435698168582,0.03460478906250516,True,True,strong,mid,high,mid,-0.09773385343835769,0.3579771997192003,0.14410743641185628,0.11998906398367423,0.43642646878284036,1200,500,10,47.14018630981445
-2.4,1.45,0.58,0.048,59,443027563,True,,60,-0.15,-0.3562901121397665,0.4565183383655296,-1.0355126552590856,-1.2144129910035582,0.025732905373765116,-0.2082384714599564,0.37229720900278784,-1.4889324915148578,0.031135940967644934,42.044361410114426,42.62031568772106,104.56044563133935,101.61800962433053,0.575954277606634,-2.9424360070088227,True,False,0.09071795328941251,0.38674102345450123,4.263114515168817,0.35504431892411287,0.10540706167948086,0.29688423687187776,-3.6599847413109745,-1.0355126552590856,-2.2499256462626436,-2.664412991003558,1.3644873447409143,-0.12348166163447039,-0.022267094626234885,2.664412991003558,1.3644873447409143,0.12348166163447039,0.022267094626234885,True,True,strong,mid,high,mid,-0.29235339272328503,0.47812045727629227,0.18115128106235598,0.130790051905447,1.0849152365681631,1200,500,10,63.860151529312134
-2.4,1.45,0.58,0.048,60,1054004585,True,,60,-0.15,-0.07013701177744752,0.6358663522420188,-2.1430648668501533,0.4996830566274226,0.022258069748084877,-0.058439246194501214,0.5154278708626905,-1.9006185208939441,0.016743294267726735,32.11718289407366,32.7661182772563,84.70608859925781,81.909614803401,0.6489353831826392,-2.796473795856812,True,False,0.09071795328941251,0.38674102345450123,4.263114515168817,0.11729479861955522,0.19332514659150277,1.6481988022209868,-3.8050506508171202,-2.1430648668501533,-1.6433818102227307,-0.9503169433725773,0.2569351331498466,0.05586635224201886,-0.025741930251915124,0.9503169433725773,0.2569351331498466,0.05586635224201886,0.025741930251915124,True,True,strong,mid,high,mid,-0.05825891591135646,0.4803046657568275,0.1744754080989513,0.14049357302277016,0.5529565741353956,1200,500,10,46.85636806488037
-2.4,1.45,0.58,0.048,61,1595745156,True,,60,-0.15,-0.13754606358781413,0.5848360180285408,-1.8685600471427843,0.6360389373238342,0.040969439715832515,-0.0992735143724162,0.46132091097083733,-1.3505753549248651,0.049901265631154865,45.00239034987324,45.88904288687234,110.47650351085699,108.15546402263308,0.886652536999101,-2.321039488223903,True,False,0.09071795328941251,0.38674102345450123,4.263114515168817,0.1543457524839985,0.2915566041181699,1.8889836579623174,-3.1949288629908117,-1.8685600471427843,-1.2325211098189501,-0.8139610626761657,0.5314399528572156,0.004836018028540834,-0.007030560284167486,0.8139610626761657,0.5314399528572156,0.004836018028540834,0.007030560284167486,True,True,strong,mid,high,mid,-0.11129723533232186,0.5411590793940217,0.19466095231543346,0.14768460300429415,1.2803301251734962,1200,500,10,55.40078592300415
-2.4,1.45,0.58,0.048,62,2098011250,True,,60,-0.15,-0.13181113166082348,0.5521902035323947,-2.056005369612129,1.2136548858574234,0.030211118967261506,-0.03120853756907868,0.43460637207221886,-1.4241882770720733,0.0332763709870732,45.25882924016121,47.439051443468095,110.98938129143292,111.2554811358246,2.180222203306883,0.26609984439167533,True,True,0.09071795328941251,0.38674102345450123,4.263114515168817,0.12796411964749504,0.43069698647472726,3.365763681734971,-3.4995452446382087,-2.056005369612129,-0.8423504837547058,-0.23634511414257653,0.3439946303878707,-0.027809796467605286,-0.017788881032738495,0.23634511414257653,0.3439946303878707,0.027809796467605286,0.017788881032738495,True,True,strong,mid,high,mid,-0.022345376468489647,0.5243032845529549,0.20000725355779478,0.14625924943043286,1.5744732947266273,1200,500,10,50.25000548362732
-2.4,1.45,0.58,0.048,63,1487034228,True,,60,-0.15,-0.2506960666337919,0.4637556081896871,-1.8964174071865805,1.384910470664812,0.04215893047325726,-0.4435523589386242,0.4242513222810839,-0.24204910647668726,0.06331305357238168,55.70171157046523,71.73762809299782,131.87514595204095,159.85263443488404,16.035916522532595,27.977488482843086,True,True,0.09071795328941251,0.38674102345450123,4.263114515168817,0.1501054236847235,0.5995913515710345,3.9944682667189726,-3.1663087433521846,-1.8964174071865805,-0.5115069365217684,-0.06508952933518786,0.5035825928134194,-0.11624439181031287,-0.005841069526742744,0.06508952933518786,0.5035825928134194,0.11624439181031287,0.005841069526742744,True,True,strong,mid,high,mid,-0.4166864966262762,0.772011857191768,0.771301440087785,0.1397542416339596,31.695127033816387,1200,500,10,49.03588390350342
-2.4,1.45,0.58,0.048,64,2088639208,True,,60,-0.15,-0.344552230044408,0.34751634389460073,-1.7118062317482736,0.29775363328896093,0.02895466039284791,-0.24349913700008702,0.41042045950540307,-1.3876057075339343,0.026121814271961717,42.2900110535838,43.25460141428345,105.0517449182781,102.8865810774553,0.9645903606996526,-2.1651638408227996,True,False,0.09071795328941251,0.38674102345450123,4.263114515168817,0.18053940193766088,0.24315587060496585,1.34682993294132,-3.5420241071644667,-1.7118062317482736,-1.4140525984593126,-1.152246366711039,0.6881937682517263,-0.23248365610539923,-0.01904533960715209,1.152246366711039,0.6881937682517263,0.23248365610539923,0.01904533960715209,True,True,strong,mid,high,mid,-0.3081867134694058,0.43825809863861226,0.17033095984514826,0.1392778477950793,0.58882192682689,1200,500,10,55.87274193763733
-2.4,1.45,0.58,0.048,65,669821461,True,,60,-0.15,-0.23485771714787293,0.8555783139062743,-2.732570707622969,1.5381319253281256,0.046668013988574744,-0.028195855489670487,0.503106685952783,-0.12287348516436537,0.14576443716432055,45.211725656027305,77.20279718774034,110.8951741231651,170.78297262436908,31.99107153171304,59.887798501203974,True,True,0.09071795328941251,0.38674102345450123,4.263114515168817,0.0650518452605341,0.30287388468019266,4.655884601999774,-3.0646962742739627,-2.732570707622969,-1.1944387822948435,0.08813192532812564,-0.33257070762296914,0.2755783139062743,-0.0013319860114252569,0.08813192532812564,0.33257070762296914,0.2755783139062743,0.0013319860114252569,True,True,strong,mid,high,mid,-0.02836755248079662,0.8714610281986526,0.6835824952742918,0.14988134799266084,24.783944797089276,1200,500,10,58.97753548622131
-2.4,1.45,0.58,0.048,66,1979928280,True,,60,-0.15,0.1703949575394099,0.7473601939726814,-2.2623025918577304,1.1584909733505229,0.02323513634082967,-0.02730453185540263,0.5219115643846481,-1.2872940821913046,0.06486766226035376,41.36877496744485,45.34042801191291,103.20927274600021,107.05823427271423,3.971653044468063,3.848961526714021,True,True,0.09071795328941251,0.38674102345450123,4.263114515168817,0.10411048459546345,0.33160472109370015,3.1851232119627424,-3.7620896485549586,-2.2623025918577304,-1.1038116185072075,-0.2915090266494771,0.1376974081422695,0.16736019397268143,-0.02476486365917033,0.2915090266494771,0.1376974081422695,0.16736019397268143,0.02476486365917033,True,True,strong,mid,high,mid,-0.05914102979743256,0.559442794267291,0.20618667770612545,0.160890931777692,1.5309451923020174,1200,500,10,49.66963315010071
-2.4,1.45,0.58,0.048,67,1368951258,True,,60,-0.15,-0.0008105804640329888,0.6870126762474729,-2.6307530059949977,1.970752934244292,0.026993689808858714,0.046209233898592585,0.5180907105090872,-1.5526904864699453,0.01540958300717243,39.777275597272244,45.033873782765035,100.02627400565498,106.44512581441847,5.256598185492791,6.418851808763492,True,True,0.09071795328941251,0.38674102345450123,4.263114515168817,0.07202420715435563,0.5168512974072526,7.176077569303673,-3.6121521510754393,-2.6307530059949977,-0.6600000717507057,0.520752934244292,-0.23075300599499782,0.1070126762474729,-0.021006310191141287,0.520752934244292,0.23075300599499782,0.1070126762474729,0.021006310191141287,True,True,strong,mid,high,mid,0.1147021241596582,0.5778921414308971,0.2331690269628447,0.15512353846300303,1.4856366904777891,1200,500,10,61.328295946121216
-2.4,1.45,0.58,0.048,68,1970556238,True,,60,-0.15,0.12484105380926012,0.6022684346916264,-1.333848861082842,-0.11125346891381488,0.036881061604067046,0.09346797672548487,0.6310910447693736,-1.6086968219174946,0.06544507536613862,49.047996105476074,49.42371771355387,118.56771502206266,115.22481367599615,0.37572160807779653,-3.342901346066512,True,False,0.09071795328941251,0.38674102345450123,4.263114515168817,0.263461281498274,0.23572195389489461,0.8947119385223171,-3.300057095348299,-1.333848861082842,-1.445102329996657,-1.561253468913815,1.0661511389171578,0.022268434691626426,-0.011118938395932955,1.561253468913815,1.0661511389171578,0.022268434691626426,0.011118938395932955,True,True,strong,mid,high,mid,0.09030124736377441,0.6160211747005254,0.23629137895133465,0.1861107985996062,1.2037467378916,1200,500,10,39.345664978027344
-2.4,1.45,0.58,0.048,69,1822144966,True,,60,-0.15,-0.16285093511901816,0.5844442267516272,-1.6803334790494269,0.23738767592750334,0.03461328445650792,-0.11138512604963943,0.48663201121489424,-1.3551170364369245,0.01041066285210276,43.843429471011724,44.23946093597961,108.15858175313394,104.85630012084762,0.39603146496788355,-3.3022816322863235,True,False,0.09071795328941251,0.38674102345450123,4.263114515168817,0.18631183458505488,0.23623084314288306,1.2679325694420083,-3.363517726776321,-1.6803334790494269,-1.4429458031219236,-1.2126123240724966,0.719666520950573,0.004444226751627256,-0.013386715543492078,1.2126123240724966,0.719666520950573,0.004444226751627256,0.013386715543492078,True,True,strong,mid,high,mid,-0.17441033117961663,0.5565635776912407,0.19774571573760177,0.15955301179414993,0.8314477974071135,1200,500,10,41.65065383911133
-2.4,1.45,0.58,0.048,70,1861845310,True,,60,-0.15,-0.44402609540065,0.7214319620059897,-0.7205173054966024,-1.7278876126782867,0.05339326410549215,-0.0253450287779056,0.6171552930926975,-1.7877661715953028,0.0510871410348985,45.59043588385342,47.317019082084855,111.65259457881734,111.01141641305811,1.7265831982314381,-0.6411781657592286,True,False,0.09071795328941251,0.38674102345450123,4.263114515168817,0.486500521459914,0.08643134166699401,0.17765929912598388,-2.930070681318939,-0.7205173054966024,-2.448404918174889,-3.177887612678287,1.6794826945033976,0.14143196200598973,0.0053932641054921515,3.177887612678287,1.6794826945033976,0.14143196200598973,0.0053932641054921515,True,True,strong,mid,high,mid,-0.17910479882119582,0.6435286653625198,0.2317776515035669,0.15802441726545685,1.452630471904306,1200,500,10,69.95502352714539
-2.4,1.45,0.58,0.048,71,1930855894,True,,60,-0.15,-0.5053968365801547,0.5057190369959103,-2.576014827603041,1.704550783550523,0.021831877052322157,-0.37398052909526636,0.46886102258177376,-1.7864821574603447,0.027245534956231478,32.59070073998872,36.3288251694796,85.65312429108795,89.0350285878476,3.738124429490881,3.3819042967596573,True,True,0.09071795328941251,0.38674102345450123,4.263114515168817,0.07607657899835683,0.4183386345002431,5.498914909268971,-3.824384127127219,-2.576014827603041,-0.8714640440525181,0.25455078355052296,-0.1760148276030411,-0.0742809630040897,-0.026168122947677844,0.25455078355052296,0.1760148276030411,0.0742809630040897,0.026168122947677844,True,True,strong,mid,high,mid,-0.4308941858470804,0.46332886112642874,0.19375958908026628,0.14893805922146724,0.7475742734694921,1200,500,10,56.34548592567444
-2.4,1.45,0.58,0.048,72,1852473268,True,,60,-0.15,-0.17153426156816376,0.21482954793281392,-1.817408500871212,0.4834459572628492,0.01658882362772319,-0.12093972680880948,0.1480891318617637,-1.5722037500661998,0.010795191590493695,36.60727323379557,37.01529917953749,93.68626927870164,90.40797660796339,0.40802594574192597,-3.278292670738253,True,False,0.09071795328941251,0.38674102345450123,4.263114515168817,0.16244618506831537,0.2634313322568013,1.6216529316832986,-4.099026085809693,-1.817408500871212,-1.3339625436083629,-0.9665540427371507,0.5825914991287879,-0.365170452067186,-0.03141117637227681,0.9665540427371507,0.5825914991287879,0.365170452067186,0.03141117637227681,True,True,strong,mid,high,mid,-0.10386628928447715,0.43851245874343553,0.1621947727144383,0.1324374597405531,0.5407189675202744,1200,500,10,59.7166485786438
-2.4,1.45,0.58,0.048,73,207255715,True,,60,-0.15,-0.11874319387037684,0.3064938157012958,-0.9836745923469361,-1.1218413910197258,0.028739101990841027,-0.021179042782000668,0.3734500456982218,-1.349916522236304,0.010281142798796904,46.78875065713876,48.34586696906849,114.04922412538804,113.06911218702538,1.5571163119297253,-0.9801119383626542,True,False,0.09071795328941251,0.38674102345450123,4.263114515168817,0.37393451430232333,0.12178282014509358,0.3256795387617872,-3.5494966447887686,-0.9836745923469361,-2.105515983366662,-2.571841391019726,1.4163254076530638,-0.27350618429870416,-0.019260898009158974,2.571841391019726,1.4163254076530638,0.27350618429870416,0.019260898009158974,True,True,strong,mid,high,mid,-0.05630565285783149,0.489830445736808,0.17918826328121248,0.14744001593076783,0.5278236639432633,1200,500,10,68.16501998901367
-2.4,1.45,0.58,0.048,74,1743762340,True,,60,-0.15,-0.021296396471535015,0.6610577886593478,-2.143264759776158,1.5275604658094464,0.053853172661422755,0.0562380837195902,0.445571928439688,-1.1320581820822224,0.034060366608947,50.03356359371799,54.96999707810937,120.53884999854648,126.31737240510715,4.9364334843913795,5.778522406560668,True,True,0.09071795328941251,0.38674102345450123,4.263114515168817,0.1172713545622827,0.5402602592441688,4.606924353016124,-2.9214939604685948,-2.143264759776158,-0.6157042939667114,0.07756046580944642,0.2567352402238421,0.08105778865934787,0.005853172661422754,0.07756046580944642,0.2567352402238421,0.08105778865934787,0.005853172661422754,True,True,strong,mid,high,mid,0.08247760464514978,0.6674761712566181,0.2691717523356856,0.1632536897746978,2.0052600530473743,1200,500,10,51.952574014663696
-2.4,1.45,0.58,0.048,75,2048938864,True,,60,-0.15,-0.05437459100242516,0.5725777900071238,-2.3592978039443135,1.3585981297472918,0.02460617793092406,-0.09127461527536423,0.4800170838728516,-1.6857218755096843,0.04576057903664678,37.1025454058766,40.11132308490494,94.6768136228637,96.60002441869828,3.0087776790283414,1.9232107958345779,True,True,0.09071795328941251,0.38674102345450123,4.263114515168817,0.09448654798838624,0.36762213544442573,3.8907351709961064,-3.7047577321696195,-2.3592978039443135,-1.0006996741970218,-0.09140187025270818,0.04070219605568637,-0.007422209992876128,-0.02339382206907594,0.09140187025270818,0.04070219605568637,0.007422209992876128,0.02339382206907594,True,True,strong,mid,high,mid,-0.050529820940797616,0.5208859339112729,0.19057774021812554,0.15666504771967177,0.8086405058739623,1200,500,10,57.45779085159302
-2.4,1.45,0.58,0.048,76,1447333884,True,,60,-0.15,-0.11191944075304627,0.206681003152905,-2.0957916566641073,1.238480081570248,0.023492178323064935,-0.05276867863571488,0.27536696960708856,-1.668471538184087,0.061486207406990644,40.75234565017574,41.60107377528226,101.97641411146199,99.57952579945292,0.8487281251065184,-2.396888312009068,True,False,0.09071795328941251,0.38674102345450123,4.263114515168817,0.12297285283055935,0.4243012523996717,3.4503652036462378,-3.7510877505510427,-2.0957916566641073,-0.8573115750938594,-0.21151991842975204,0.30420834333589264,-0.37331899684709496,-0.024507821676935066,0.21151991842975204,0.30420834333589264,0.37331899684709496,0.024507821676935066,True,True,strong,mid,high,mid,-0.0253634127931383,0.4258150354935861,0.1675494947987196,0.1356633039238881,1.1455059417521625,1200,500,10,50.72450256347656
-2.4,1.45,0.58,0.048,77,89172745,True,,60,-0.15,-0.14706002749710156,0.25890397382243835,-2.078347387959083,0.5124830401780835,0.018047513080236697,-0.16022684564698408,0.34058394062966113,-2.0046642501168233,0.01233339973900411,31.46007815469892,32.33051414754168,83.39187912050835,81.03840654397176,0.8704359928427579,-2.353472576536589,True,False,0.09071795328941251,0.38674102345450123,4.263114515168817,0.12513684406566375,0.20890736649508745,1.6694313178096958,-4.014747383183984,-2.078347387959083,-1.5658643477809995,-0.9375169598219164,0.3216526120409169,-0.3210960261775616,-0.029952486919763304,0.9375169598219164,0.3216526120409169,0.3210960261775616,0.029952486919763304,True,True,strong,mid,high,mid,-0.1889628146139901,0.3387984813355826,0.1394226117127846,0.12017939265972413,0.3810267111785772,1200,500,10,55.68979024887085
-2.4,1.45,0.58,0.048,78,1556044812,True,,60,-0.15,-0.028417847810284183,0.4884067494696044,-2.1131341072933307,0.899349436855365,0.018262345077634544,-0.04243214927545967,0.35467821365624225,-1.719800701528481,0.021455550866051346,36.42940448264929,37.48008944263024,93.33053177640909,91.33755713414888,1.0506849599809485,-1.992974642260208,True,False,0.09071795328941251,0.38674102345450123,4.263114515168817,0.1208585884547398,0.29707083395875933,2.458003504401419,-4.002913985027705,-2.1131341072933307,-1.2137846704379658,-0.550650563144635,0.2868658927066692,-0.09159325053039558,-0.029737654922365457,0.550650563144635,0.2868658927066692,0.09159325053039558,0.029737654922365457,True,True,strong,mid,high,mid,-0.007814916427596885,0.4255686504981129,0.16629188170111403,0.1415459743328473,0.564412469899294,1200,500,10,47.94955849647522
-2.4,1.45,0.58,0.048,79,2127945464,True,,60,-0.15,0.20153948559929138,0.5283940945776997,-1.2162300467332905,-1.1410456380101541,0.023882570801340285,0.07976509419644048,0.4912484404935698,-1.659875899248334,0.03937620585515912,39.42987987740057,40.138754188925745,99.33148256591164,96.6548866267399,0.7088743115251717,-2.6765959391717473,True,False,0.09071795328941251,0.38674102345450123,4.263114515168817,0.29634527148156925,0.09467780435771567,0.3194847816682778,-3.7346063412546195,-1.2162300467332905,-2.3572756847434446,-2.5910456380101543,1.1837699532667094,-0.05160590542230026,-0.024117429198659716,2.5910456380101543,1.1837699532667094,0.05160590542230026,0.024117429198659716,True,True,strong,mid,high,mid,0.1234299376378469,0.4448460338215286,0.18584351566291513,0.15190377325843846,0.6809548509002944,1200,500,10,54.8839967250824
-2.4,1.45,0.58,0.048,80,1565416854,True,,60,-0.15,-0.06385348396790423,0.5927326696215844,-2.1083324933373815,0.5907634036851547,0.0220396718694197,-0.01710781956731085,0.525610504444283,-1.9510916312264979,0.034209384634436193,34.2201535860909,34.64387164269757,88.91202998329231,85.66512153428354,0.42371805660666695,-3.246908449008771,True,False,0.09071795328941251,0.38674102345450123,4.263114515168817,0.12144030019973964,0.2192442026851641,1.805366112604802,-3.814911182765614,-2.1083324933373815,-1.517569089652227,-0.8592365963148453,0.2916675066626184,0.01273266962158448,-0.0259603281305803,0.8592365963148453,0.2916675066626184,0.01273266962158448,0.0259603281305803,True,True,strong,mid,high,mid,-0.0448775619341901,0.4670569037902692,0.17390970897883254,0.133526886754339,0.7204280038633291,1200,500,10,49.157461643218994
-2.4,1.45,0.58,0.048,81,2118573422,True,,60,-0.15,-0.13683438865250877,0.3111271435779861,-1.8032064592042096,0.13299761546477498,0.03146207109181457,-0.07221561551396541,0.3535669455292484,-1.5647679034729927,0.019530586021873263,40.36900937315814,42.69258609599028,101.20974155742678,101.76255044086896,2.3235767228321365,0.5528088834421823,True,True,0.09071795328941251,0.38674102345450123,4.263114515168817,0.16476971292289402,0.18820775552259988,1.1422472745987848,-3.4589725509754974,-1.8032064592042096,-1.6702088437394347,-1.317002384535225,0.5967935407957903,-0.26887285642201386,-0.01653792890818543,1.317002384535225,0.5967935407957903,0.26887285642201386,0.01653792890818543,True,True,strong,mid,high,mid,-0.14689928977000272,0.4246081006257079,0.1599571576553718,0.1206539402217881,0.8897474513705165,1200,500,10,53.46825814247131
-2.4,1.45,0.58,0.048,82,1674127782,True,,60,-0.15,0.09077048883421686,0.4984350239470404,-2.0164482691274777,0.5747049227261828,0.019414156863806546,0.08762677926138063,0.4306382998292058,-1.8331643908290614,0.023822716268578705,35.04386641682257,35.273443803796816,90.55945564475564,86.92426585648204,0.229577386974249,-3.635189788273607,True,False,0.09071795328941251,0.38674102345450123,4.263114515168817,0.13312745929288852,0.23651507135965752,1.7766062134432383,-3.9417527437924,-2.0164482691274777,-1.441743346401295,-0.8752950772738172,0.38355173087252226,-0.08156497605295954,-0.028585843136193455,0.8752950772738172,0.38355173087252226,0.08156497605295954,0.028585843136193455,True,True,strong,mid,high,mid,0.13115842194682872,0.46161380488124193,0.18993154474144683,0.14398889774122944,0.7002131192524063,1200,500,10,55.55471587181091
-2.4,1.45,0.58,0.048,83,975621959,True,,60,-0.15,-0.20185550078312578,0.6371534476062752,-1.976924293002511,0.9428580103026235,0.04835251105035905,-0.2270593677905925,0.5444787870169688,-1.180650469737137,0.025530566473407602,47.17700696408316,50.07906510630048,114.82573673927683,116.53550846148937,2.902058142217321,1.7097717222125368,True,True,0.09071795328941251,0.38674102345450123,4.263114515168817,0.1384945515659547,0.3555582168386355,2.5673083368143153,-3.029237123573924,-1.976924293002511,-1.0340662826998877,-0.5071419896973764,0.42307570699748887,0.057153447606275276,0.00035251105035905006,0.5071419896973764,0.42307570699748887,0.057153447606275276,0.00035251105035905006,True,True,strong,mid,high,mid,-0.31237870297755704,0.5848721098669599,0.23028479843181243,0.13826837151367308,2.2460363127877687,1200,500,10,57.72367739677429
-2.4,1.45,0.58,0.048,84,1683499824,True,,60,-0.15,-0.1383817359441961,0.4174023291610518,-2.1061871991977315,0.9771005062358452,0.022286843579470236,-0.08874079542411689,0.28773816621666876,-1.5741073520216347,0.015159497206481952,35.85945721594776,36.97153476508312,92.19063724300602,90.32044777905465,1.112077549135364,-1.8701894639513768,True,False,0.09071795328941251,0.38674102345450123,4.263114515168817,0.12170110501557212,0.323328419735737,2.656741856981215,-3.8037587486340017,-2.1061871991977315,-1.1290866929618861,-0.47289949376415474,0.29381280080226846,-0.16259767083894816,-0.025713156420529765,0.47289949376415474,0.29381280080226846,0.16259767083894816,0.025713156420529765,True,True,strong,mid,high,mid,-0.09722768218576282,0.41278632247139796,0.1563547214859727,0.12894211105400893,0.7348817539878788,1200,500,10,75.20520186424255
-2.4,1.45,0.58,0.048,85,1181233730,True,,60,-0.15,-0.1652452575367752,0.6559040227294808,-2.200428013514864,1.3667984741915826,0.03543342194462609,-0.1159402473079244,0.5302010139042308,-1.3927405881184622,0.04106995816433545,46.00009164249035,48.579827785071906,112.4719060960912,113.53703381903222,2.5797361425815595,1.065127722941014,True,True,0.09071795328941251,0.38674102345450123,4.263114515168817,0.11075574326094115,0.4344694969780018,3.92277171536278,-3.3400997815164,-2.200428013514864,-0.8336295393232813,-0.08320152580841733,0.19957198648513597,0.07590402272948082,-0.012566578055373909,0.08320152580841733,0.19957198648513597,0.07590402272948082,0.012566578055373909,True,True,strong,mid,high,mid,-0.21211498321797065,0.6063656962083702,0.20991105181193156,0.15604314495828026,0.7310319539632462,1200,500,10,47.8547203540802
-2.4,1.45,0.58,0.048,86,1792210752,True,,60,-0.15,0.06267526956954082,0.6609441410622309,-0.9016871458910627,-1.830167675145937,0.02542599974299408,-0.06561242066658575,0.5252338569143135,-1.5960419564266988,0.02312250087845574,41.09728858942829,41.81186276788871,102.66629998996709,100.00110378466583,0.714574178460424,-2.665196205301257,True,False,0.09071795328941251,0.38674102345450123,4.263114515168817,0.4058842957268487,0.06509843167725449,0.16038667266166984,-3.6719830165622027,-0.9016871458910627,-2.7318548210369995,-3.280167675145937,1.4983128541089372,0.08094414106223091,-0.02257400025700592,3.280167675145937,1.4983128541089372,0.08094414106223091,0.02257400025700592,True,True,strong,mid,high,mid,-0.12925886884521354,0.4934955267531785,0.17496319673333147,0.1438063788025738,0.560760358325619,1200,500,10,61.80171322822571
-2.4,1.45,0.58,0.048,87,1289944658,True,,60,-0.15,-0.11913639773091715,0.7402117461538161,-2.251003623628211,0.45180168775349727,0.03636075557163116,-0.023213884102528018,0.8002294330776856,-2.5005286275424554,0.07114418053999873,33.06991852948386,32.81176625441159,86.61155987007822,82.00091075771158,-0.2581522750722698,-4.610649112366644,False,False,0.09071795328941251,0.38674102345450123,4.263114515168817,0.10529349647417705,0.16543085998818766,1.5711403413102454,-3.31426522959088,-2.251003623628211,-1.7992019358747138,-0.9981983122465027,0.14899637637178875,0.16021174615381617,-0.01163924442836884,0.9981983122465027,0.14899637637178875,0.16021174615381617,0.01163924442836884,True,True,strong,mid,high,mid,-0.04799889333806567,0.5021956572524287,0.17747342810302522,0.142874407370736,0.5326231283982139,1200,500,10,46.16700077056885
-2.4,1.45,0.58,0.048,88,1359805083,True,,60,-0.15,-0.19524928910955708,0.2109177968408707,-1.7273170120978514,-3.389229129685763,0.015187114002287054,-0.16507997883835143,0.35640816700958133,-3.0853414585422323,0.05400262267446097,15.804826209288947,17.396038207281293,52.0813752296884,51.16945466345099,1.591211997992346,-0.9119205662374057,True,False,0.09071795328941251,0.38674102345450123,4.263114515168817,0.17776070055229004,0.005996698916252184,0.033734671936040184,-4.187307973691621,-1.7273170120978514,-5.116546141783614,-4.839229129685763,0.6726829879021485,-0.36908220315912926,-0.03281288599771295,4.839229129685763,0.6726829879021485,0.36908220315912926,0.03281288599771295,True,True,strong,mid,high,mid,-0.17401525435861423,0.30208770196669704,0.13353995296637436,0.12299965227257602,0.2729904402908654,1200,500,10,62.92299962043762
-2.4,1.45,0.58,0.048,89,1299316700,True,,60,-0.15,-0.14045758289353696,0.42662737337063616,-2.2497504411397533,1.4761770096928513,0.02885171092507835,-0.08660543494629486,0.35349124046169417,-1.5601128244286082,0.028202294257642323,40.65572833672798,44.44243403939077,101.78317948456646,105.26224632766994,3.786705702662786,3.4790668431034817,True,True,0.09071795328941251,0.38674102345450123,4.263114515168817,0.105425531154602,0.4613614755368655,4.376183553301702,-3.5455859836242896,-2.2497504411397533,-0.773573431446902,0.026177009692851305,0.1502495588602466,-0.1533726266293638,-0.01914828907492165,0.026177009692851305,0.1502495588602466,0.1533726266293638,0.01914828907492165,True,True,strong,mid,high,mid,-0.12177729092183485,0.49350234597308057,0.179230918456431,0.14183228846255713,1.0648678248337964,1200,500,10,43.386372089385986
-2.4,1.45,0.58,0.048,90,1350433041,True,,60,-0.15,-0.09808981205438974,0.39838759155799636,-1.9569493453484381,0.5310600786425991,0.018576625010568268,-0.11764982567579207,0.4194135795903914,-1.7410610629039922,0.012087386334796217,35.81090776259389,36.26590574818159,92.09353833629828,88.90918974525158,0.45499798558769555,-3.1843485910466995,True,False,0.09071795328941251,0.38674102345450123,4.263114515168817,0.14128878743407497,0.24029468210783406,1.700734265413347,-3.9858512084595303,-1.9569493453484381,-1.425889266705839,-0.9189399213574009,0.4430506546515618,-0.1816124084420036,-0.029423374989431733,0.9189399213574009,0.4430506546515618,0.1816124084420036,0.029423374989431733,True,True,strong,mid,high,mid,-0.12356005506865562,0.43603374070375367,0.16204505409956688,0.13035948406096118,0.5203701269196135,1200,500,10,58.9900324344635
-2.4,1.45,0.58,0.048,91,1408027628,True,,60,-0.15,-0.15506758760771094,0.8013237584054553,-2.2515091981238533,1.003882680519984,0.030941232606227626,-0.007742017950190503,0.8016856126252119,-1.5287552012533432,0.028286680122072767,39.02745616469199,43.46710177954721,98.52663514049448,103.31158180798282,4.439645614855216,4.784946667488342,True,True,0.09071795328941251,0.38674102345450123,4.263114515168817,0.10524027622233732,0.28718561859152913,2.7288565642378444,-3.475665596032575,-2.2515091981238533,-1.2476265176038692,-0.4461173194800159,0.1484908018761466,0.22132375840545537,-0.017058767393772375,0.4461173194800159,0.1484908018761466,0.22132375840545537,0.017058767393772375,True,True,strong,mid,high,mid,0.07627751451764131,0.6986830897852266,0.343537097010814,0.14743876354949764,6.675580483473797,1200,500,10,51.86207914352417
-2.4,1.45,0.58,0.048,92,1241722113,True,,60,-0.15,-0.25258357389217484,0.5994130375123042,-2.9308015717222466,2.2031653320715523,0.03928182287535401,-0.27530029403600514,0.46019447187258883,-1.5165530678912074,0.05503483520199151,32.6258695452463,42.66469438419516,85.72346190160312,101.70676701727872,10.038824838948855,15.983305115675606,True,True,0.09071795328941251,0.38674102345450123,4.263114515168817,0.053354253739044046,0.4830494548145834,9.053625924133078,-3.2369933893589566,-2.9308015717222466,-0.7276362396506943,0.7531653320715523,-0.5308015717222467,0.019413037512304276,-0.008718177124645989,0.7531653320715523,0.5308015717222467,0.019413037512304276,0.008718177124645989,True,True,strong,mid,high,mid,-0.2637898799858723,0.5396259163902755,0.22869447493919653,0.12792475527473302,3.6268364799291293,1200,500,10,62.52707505226135
-2.4,1.45,0.58,0.048,93,1417399670,True,,60,-0.15,-0.17396208000860477,0.6865572895926403,-2.054226587062816,1.1610789858451869,0.036931569040757034,-0.08345202051167178,0.4885309847494861,-1.160702702661629,0.02058664093844469,50.68518721596414,52.96841763680679,121.84209724303878,122.31421352250199,2.2832304208426493,0.4721162794632079,True,True,0.09071795328941251,0.38674102345450123,4.263114515168817,0.12819194255409697,0.409365204336336,3.1933770265130668,-3.2986885641326626,-2.054226587062816,-0.8931476012176292,-0.2889210141548131,0.3457734129371839,0.10655728959264033,-0.011068430959242967,0.2889210141548131,0.3457734129371839,0.10655728959264033,0.011068430959242967,True,True,strong,mid,high,mid,-0.2047078496476876,0.6627941030188601,0.24681350296190635,0.15990597886798025,1.6115247601391927,1200,500,10,49.29958701133728
-2.4,1.45,0.58,0.048,94,1232350071,True,,60,-0.15,-0.15149441683825035,-0.0009456097660768608,-1.950397084290109,0.9083725509521849,0.021278881234571913,-0.1552645672592825,-0.017023610075751146,-1.5354285121053506,0.01440551360062961,40.36145154063374,41.040329664261556,101.19462589237799,98.45803757741152,0.6788781236278183,-2.7365883149664683,True,False,0.09071795328941251,0.38674102345450123,4.263114515168817,0.14221758800291073,0.35273982504170687,2.480282713235774,-3.8500401894540817,-1.950397084290109,-1.042024533337924,-0.541627449047815,0.44960291570989086,-0.5809456097660768,-0.026721118765428088,0.541627449047815,0.44960291570989086,0.5809456097660768,0.026721118765428088,True,True,strong,mid,high,mid,-0.19315435118615684,0.3726658507002267,0.14803112323952852,0.1351224024801495,0.39284577024701534,1200,500,10,49.800341844558716
-2.4,1.45,0.58,0.048,95,1734616165,True,,60,-0.15,-0.10752063009203636,0.5182052517161035,-1.6042561154763797,0.7266597808743397,0.03974591799384461,-0.1123762050053837,0.38948776318743306,-1.0107044507426028,0.05654572800552651,52.650528934047294,54.869152473742346,125.77278067920508,126.1156831963731,2.218623539695052,0.3429025171680138,True,True,0.09071795328941251,0.38674102345450123,4.263114515168817,0.20103904913741402,0.4157811102010764,2.0681609467665263,-3.2252481351337305,-1.6042561154763797,-0.87759633460204,-0.7233402191256603,0.7957438845236202,-0.06179474828389642,-0.008254082006155392,0.7233402191256603,0.7957438845236202,0.06179474828389642,0.008254082006155392,True,True,strong,mid,high,mid,-0.11962961253981393,0.5773055899423138,0.2069732859087837,0.16655174528351868,1.225100846676414,1200,500,10,66.11490869522095
-2.4,1.45,0.58,0.048,96,1123639143,True,,60,-0.15,0.04064216522182374,-0.029633945605782055,-2.201024319714284,0.6603154987845633,0.022154059178325154,0.02921196363796942,-0.06797694871733703,-1.8730027697955012,0.021721535639542554,32.616947780255074,32.71961590016711,85.70561837162066,81.81661004922263,0.10266811991203895,-3.889008322398027,True,False,0.09071795328941251,0.38674102345450123,4.263114515168817,0.11068971861202345,0.21422919745806623,1.9354028553361597,-3.80973454066567,-2.201024319714284,-1.5407088209297206,-0.7896845012154367,0.1989756802857161,-0.609633945605782,-0.025845940821674847,0.7896845012154367,0.1989756802857161,0.609633945605782,0.025845940821674847,True,True,strong,mid,high,mid,-0.0005933508322196237,0.3568668325457813,0.15147530146930877,0.13592941052042268,0.40062559568294775,1200,500,10,57.12206745147705
-2.4,1.45,0.58,0.048,97,1725244123,True,,60,-0.15,-0.04279811727126985,0.5007843735873236,-1.7724091276169647,1.1893814428538236,0.05999889600846754,-0.11604375561243307,0.4845428889278367,-0.3236414175239568,0.11095620011583023,59.72312417573185,68.83051118363532,139.9179711625742,154.03840061615904,9.107387007903476,14.120429453584848,True,True,0.09071795328941251,0.38674102345450123,4.263114515168817,0.16992312881871266,0.5582057344832388,3.285048588522499,-2.81342911678819,-1.7724091276169647,-0.583027684763141,-0.2606185571461763,0.6275908723830352,-0.07921562641267632,0.011998896008467541,0.2606185571461763,0.6275908723830352,0.07921562641267632,0.011998896008467541,True,True,strong,mid,high,mid,-0.14712925837702748,0.7336859675198826,0.2829758601226185,0.16773697880341465,2.184838227633591,1200,500,10,46.50096559524536
-2.4,1.45,0.58,0.048,98,1114267101,True,,60,-0.15,-0.3461819657687,0.5821779915035247,-1.8856954126559307,0.9624561208929134,0.03506087208830099,-0.21893624022845287,0.4677579211592495,-1.194721472362303,0.025614531577811343,50.65230357422395,51.33534874559765,121.77632995955841,119.0480757400837,0.6830451713736991,-2.7282542194747066,True,False,0.09071795328941251,0.38674102345450123,4.263114515168817,0.15172351228362937,0.3972302102139113,2.618118999719278,-3.3506695256312353,-1.8856954126559307,-0.9232392917630172,-0.4875438791070865,0.5143045873440693,0.002177991503524712,-0.01293912791169901,0.4875438791070865,0.5143045873440693,0.002177991503524712,0.01293912791169901,True,True,strong,mid,high,mid,-0.34709585794393444,0.6036230683299769,0.22853200571371962,0.15390605624208753,1.2822252294703522,1200,500,10,47.62208342552185
-2.4,1.45,0.58,0.048,99,1616533195,True,,60,-0.15,-0.0560152716102149,0.5058566281991558,-2.0525238695226253,1.1126852063161574,0.023644544526684585,0.023140161836917063,0.46960381612702834,-1.4559782819607419,0.020439501283254228,43.165785820390866,43.90848934374808,106.80329445189224,104.19435693638457,0.7427035233572141,-2.6089375155076766,True,False,0.09071795328941251,0.38674102345450123,4.263114515168817,0.1284104031587657,0.39069086308515116,3.0425172219271346,-3.744622866058316,-2.0525238695226253,-0.9398386632064679,-0.33731479368384254,0.3474761304773746,-0.07414337180084418,-0.024355455473315416,0.33731479368384254,0.3474761304773746,0.07414337180084418,0.024355455473315416,True,True,strong,mid,high,mid,0.002597270884427257,0.5231608068956581,0.1967006988392135,0.14269397455156546,1.3921395559548873,1200,500,10,56.096445083618164
-0.6,-0.55,0.58,0.048,0,622052359,True,,60,-0.15,-0.15088270233253875,0.5216736184855703,-0.199626066990616,-0.809845825454353,0.07850686691817751,-0.0107305779784517,0.4868565364181698,-0.4404376860213073,0.011579942853793001,68.4467938228274,69.6137188279759,157.36531045676531,155.6048159048402,1.1669250051484994,-1.7604945519251203,True,False,0.5488116360940264,0.3166367693790533,0.5769498103804866,0.8190369607793712,0.3644113771651605,0.4449266573005417,-2.544569181354953,-0.199626066990616,-1.009471892444969,-0.259845825454353,0.40037393300938395,-0.058326381514429704,0.030506866918177514,0.259845825454353,0.40037393300938395,0.058326381514429704,0.030506866918177514,False,False,ictal_scale,high,high,mid,-0.12888596949168424,0.8193836328445133,0.40397427809028313,0.4171794311446474,0.5488116360940264,1200,500,10,49.959468841552734
-0.6,-0.55,0.58,0.048,1,11075337,True,,60,-0.15,0.01588543442575266,0.6134454495681552,-0.7028105426126583,-1.1710922297778315,0.04373193926118622,-0.006329668171518629,0.44069847938875323,-1.1775263684018418,0.04146543086508938,50.92905107070281,52.58441986990198,122.32982495251613,121.54621798869236,1.6553687991991666,-0.7836069638237717,True,False,0.5488116360940264,0.3166367693790533,0.5769498103804866,0.49519158909898037,0.15352332449504663,0.3100281343113846,-3.1296765682980348,-0.7028105426126583,-1.8739027723904897,-0.6210922297778314,-0.10281054261265832,0.033445449568155206,-0.004268060738813778,0.6210922297778314,0.10281054261265832,0.033445449568155206,0.004268060738813778,False,False,ictal_scale,high,high,mid,0.0311224990244842,0.7068893555103305,0.4112812990821041,0.4366077264493513,0.5488116360940264,1200,500,10,51.80097723007202
-0.6,-0.55,0.58,0.048,2,513341431,True,,60,-0.15,-0.16602082585288286,0.46428486332084484,-0.3595817841644696,-1.0719352960709263,0.043299390215765884,-0.20575087396336317,0.5031338482130834,-0.4631376339132778,0.10830541260012891,60.69000749870844,64.87337147953787,141.8517378085274,146.12412120796412,4.1833639808294265,4.272383399436734,True,True,0.5488116360940264,0.3166367693790533,0.5769498103804866,0.6979681663805344,0.23894614665707914,0.3423453363155319,-3.1396167268496256,-0.3595817841644696,-1.431517080235396,-0.5219352960709263,0.24041821583553036,-0.11571513667915512,-0.004700609784234117,0.5219352960709263,0.24041821583553036,0.11571513667915512,0.004700609784234117,False,False,ictal_scale,high,high,mid,-0.23218819761817303,0.6944826389426988,0.42018142556185883,0.43173701513473783,0.5488116360940264,1200,500,10,48.48169255256653
-0.6,-0.55,0.58,0.048,3,2145780352,True,,60,-0.15,-0.29755441244162534,0.4343294658343477,-0.10576179869938802,-1.0507693373995564,0.05748495762157614,-0.20314273753168582,0.5015992061217099,-0.25246445183107424,0.10905046632515396,66.37719500980403,70.81478204378371,153.22611283071856,158.0069423364558,4.437587033979682,4.780829505737245,True,True,0.5488116360940264,0.3166367693790533,0.5769498103804866,0.8996389177155385,0.3145755100539421,0.34966863244727847,-2.8562319719850877,-0.10576179869938802,-1.1565311360989443,-0.5007693373995563,0.49423820130061197,-0.14567053416565223,0.00948495762157614,0.5007693373995563,0.49423820130061197,0.14567053416565223,0.00948495762157614,False,False,ictal_scale,high,high,mid,-0.1758583258734247,0.738631653433108,0.4039196709028804,0.3921828021349748,0.5488116360940264,1200,500,10,60.29179334640503
-0.6,-0.55,0.58,0.048,4,503969389,True,,60,-0.15,-0.048945058916026046,0.7095108902901991,0.08123053051527292,-1.5750986113033767,0.03350015007411833,-0.036305159810920064,0.7276476499921922,-0.9476364393844512,0.08539183363311317,56.95852563220789,63.18169497650648,134.38877407552627,142.74076820190135,6.22316934429859,8.351994126375075,True,True,0.5488116360940264,0.3166367693790533,0.5769498103804866,1.0846209059645833,0.22450257974695403,0.20698714040303112,-3.396205360336723,0.08123053051527292,-1.4938680807881037,-1.0250986113033767,0.6812305305152729,0.12951089029019913,-0.014499849925881672,1.0250986113033767,0.6812305305152729,0.12951089029019913,0.014499849925881672,False,False,ictal_scale,high,high,mid,-0.4077132997482976,0.9034527907398866,0.3706326602414158,0.355073875869679,0.5488116360940264,1200,500,10,75.21215629577637
-0.6,-0.55,0.58,0.048,5,1141248168,True,,60,-0.15,-0.12237680919541545,0.6716115282647114,-0.6832711484325735,-0.626644034686875,0.06299071348991377,0.09044709288476047,0.45904141945213794,-0.6980812797221941,0.046365837279248166,60.070679754704294,61.82093914896579,140.61308232051908,140.01925654681997,1.750259394261498,-0.593825773699109,True,False,0.5488116360940264,0.3166367693790533,0.5769498103804866,0.5049624805373143,0.2698429426507367,0.5343821631333987,-2.7647679683777815,-0.6832711484325735,-1.3099151831194487,-0.07664403468687497,-0.08327114843257355,0.09161152826471142,0.014990713489913765,0.07664403468687497,0.08327114843257355,0.09161152826471142,0.014990713489913765,False,False,ictal_scale,high,high,mid,0.09286665919835096,0.7538139796058874,0.38961550680588536,0.3845801844527385,0.5488116360940264,1200,500,10,58.09588289260864
-0.6,-0.55,0.58,0.048,6,395258461,True,,60,-0.15,0.04350318098030535,0.40851271025332386,-0.9374546114601772,0.08630606875027103,0.060523644421847905,0.022059420416318455,0.4898845939417846,-0.35689384280742137,0.10363393374313085,64.0431737206467,67.52813769539992,148.55807025240392,151.43365363968823,3.4849639747532137,2.8755833872843084,True,True,0.5488116360940264,0.3166367693790533,0.5769498103804866,0.3916234014877636,0.4269243094489134,1.0901399350167609,-2.8047211734043223,-0.9374546114601772,-0.8511485427099061,0.6363060687502711,-0.3374546114601772,-0.1714872897466761,0.012523644421847904,0.6363060687502711,0.3374546114601772,0.1714872897466761,0.012523644421847904,False,False,ictal_scale,high,high,mid,0.008732646598748102,0.6646913587331578,0.4156029534003059,0.4079520728805496,0.5488116360940264,1200,500,10,42.790327310562134
-0.6,-0.55,0.58,0.048,7,1150620210,True,,60,-0.15,0.22988420944267962,0.5310958925459363,-0.6956857106399341,0.08374780500109678,0.07034546426597327,0.12227460218040495,0.38707813568010496,-0.33349054417033636,0.05362301090597019,69.40881409366413,71.33693699206145,159.28935099843878,159.0512522330113,1.9281228983973193,-0.23809876542748043,True,False,0.5488116360940264,0.3166367693790533,0.5769498103804866,0.4987323446313928,0.5422989259738988,1.0873546338260967,-2.6543369713314915,-0.6956857106399341,-0.6119379056388373,0.6337478050010968,-0.09568571063993414,-0.048904107454063706,0.022345464265973267,0.6337478050010968,0.09568571063993414,0.048904107454063706,0.022345464265973267,False,False,ictal_scale,high,high,mid,0.1257300551452497,0.8249037245002342,0.38806855513661537,0.40274731544704767,0.5488116360940264,1200,500,10,45.627854347229004
-0.6,-0.55,0.58,0.048,8,385886419,True,,60,-0.15,0.09655660517375393,0.4191934586409227,-0.921172112281447,-0.6569524139529554,0.0346073563231994,0.0684598926380266,0.4113381972962858,-1.0663599353375508,0.056652016375094434,53.20139804180927,54.41971567002336,126.87451889472905,125.21680958893512,1.2183176282140877,-1.6577093057939294,True,False,0.5488116360940264,0.3166367693790533,0.5769498103804866,0.3980522056672782,0.20636176157309716,0.5184288860481526,-3.3636890090197746,-0.921172112281447,-1.5781245262344026,-0.1069524139529554,-0.32117211228144704,-0.16080654135907724,-0.013392643676800604,0.1069524139529554,0.32117211228144704,0.16080654135907724,0.013392643676800604,False,False,ictal_scale,high,high,mid,0.07641221200859513,0.6443787025668438,0.4155035907250481,0.43209867625816767,0.5488116360940264,1200,500,10,46.016995668411255
-0.6,-0.55,0.58,0.048,9,1259331138,True,,60,-0.15,0.007849212487203397,0.6055446531205612,-0.6394477319411419,-0.6782137998893911,0.04847212211950284,0.044014342021902,0.41311866627777877,-0.797919201522946,0.0310606054692289,58.85939618521115,59.755552274712066,138.19051518153282,135.88848279831254,0.8961560895009129,-2.302032383220279,True,False,0.5488116360940264,0.3166367693790533,0.5769498103804866,0.5275837112334274,0.26776072034191606,0.5075227203582985,-3.0267664479602403,-0.6394477319411419,-1.3176615318305331,-0.12821379988939108,-0.03944773194114193,0.0255446531205612,0.0004721221195028366,0.12821379988939108,0.03944773194114193,0.0255446531205612,0.0004721221195028366,False,False,ictal_scale,high,high,mid,0.06981437794443096,0.7477702818310307,0.41128465140174764,0.4280989590819396,0.5488116360940264,1200,500,10,50.18034291267395
-0.6,-0.55,0.58,0.048,10,277175491,True,,60,-0.15,-0.0298367445250156,0.41458210816414176,-0.3460428181432849,-0.9958293796512905,0.05829425060289715,-0.054765536940052394,0.32755396761877464,-0.7030221382665862,0.008830371873102982,63.245522989616475,64.92603203499476,146.96276879034346,146.22944231887791,1.6805090453782867,-0.7333264714655456,True,False,0.5488116360940264,0.3166367693790533,0.5769498103804866,0.707482193384018,0.2613559003116852,0.3694169305683464,-2.8422518079347285,-0.3460428181432849,-1.3418721977945753,-0.44582937965129044,0.25395718185671506,-0.1654178918358582,0.010294250602897147,0.44582937965129044,0.25395718185671506,0.1654178918358582,0.010294250602897147,False,False,ictal_scale,high,high,mid,-0.06698973370353085,0.7024458923230529,0.4105135222439857,0.4313452480719969,0.5488116360940264,1200,500,10,49.78442192077637
-0.6,-0.55,0.58,0.048,11,1368042066,True,,60,-0.15,-0.641780121055868,0.41038008651807195,-0.3874954631490411,-0.966601575713069,0.03852301360973601,-0.6296269431644668,0.3115632352507869,-0.61191921900219,0.06424139823501906,60.25225472052788,63.00997215626491,140.97623225216626,142.3973225614182,2.757717435737028,1.4210903092519516,True,True,0.5488116360940264,0.3166367693790533,0.5769498103804866,0.6787547136534025,0.2581803160232185,0.38037351465827907,-3.2564994601763715,-0.3874954631490411,-1.35409703886211,-0.416601575713069,0.21250453685095888,-0.169619913481928,-0.009476986390263988,0.416601575713069,0.21250453685095888,0.169619913481928,0.009476986390263988,False,False,ictal_scale,high,high,mid,-0.6550773894297365,0.6939571187482741,0.39124688192716295,0.3845113772225829,0.5488116360940264,1200,500,10,52.7731499671936
-0.6,-0.55,0.58,0.048,12,766437086,True,,60,-0.15,-0.14422750418248215,0.8032819252804497,-0.968138660865175,-0.5923616073824249,0.058986536750828836,-0.04115802454045717,0.8612104096827483,-1.5193501242026095,0.08888097018833163,52.78192499231727,53.730206602640294,126.03557279574505,123.837791454169,0.948281610323022,-2.1977813415760608,True,False,0.5488116360940264,0.3166367693790533,0.5769498103804866,0.37978929728759064,0.21003097308748397,0.5530197259045998,-2.8304460517797865,-0.968138660865175,-1.5605002682476,-0.04236160738242489,-0.368138660865175,0.22328192528044977,0.010986536750828835,0.04236160738242489,0.368138660865175,0.22328192528044977,0.010986536750828835,False,False,ictal_scale,high,high,mid,-0.03919195577914871,0.8900982027671326,0.38166592114419906,0.3713495580588671,0.5488116360940264,1200,500,10,64.20048642158508
-0.6,-0.55,0.58,0.048,13,1377414108,True,,60,-0.15,-0.1402709997620954,0.7141276823763996,-0.2827484792834253,-1.2599372741952861,0.05569962309929061,-0.24560706534433346,0.6967926512030755,-0.7988036254275206,0.0197716052139791,56.365027176836534,59.66662323971866,133.20177716478358,135.7106247283257,3.301596062882126,2.5088475635421332,True,True,0.5488116360940264,0.3166367693790533,0.5769498103804866,0.7537093375335485,0.21380609914088278,0.28367181948487674,-2.8877818986913506,-0.2827484792834253,-1.5426857534787115,-0.7099372741952861,0.3172515207165747,0.1341276823763996,0.007699623099290606,0.7099372741952861,0.3172515207165747,0.1341276823763996,0.007699623099290606,False,False,ictal_scale,high,high,mid,-0.24588460523851158,0.9094294280634442,0.36677605002653146,0.3611913962735994,0.5488116360940264,1200,500,10,53.96655035018921
-0.6,-0.55,0.58,0.048,14,875148014,True,,60,-0.15,0.1862946008111373,0.6128134209601535,-0.492379432249744,-1.1420014157460883,0.04603314205656924,0.036183322144677774,0.5985573905267738,-1.141773340222214,0.08357437795236636,55.87695933906106,57.522578504344935,132.22564148923263,131.42253525757826,1.6456191652838754,-0.8031062316543682,True,False,0.5488116360940264,0.3166367693790533,0.5769498103804866,0.6111704240631184,0.19507311382572104,0.31917957110695355,-3.0783936624231574,-0.492379432249744,-1.6343808479958324,-0.5920014157460882,0.10762056775025597,0.032813420960153494,-0.0019668579434307595,0.5920014157460882,0.10762056775025597,0.032813420960153494,0.0019668579434307595,False,False,ictal_scale,high,high,mid,0.14537684702771173,0.7432992005390526,0.39966346329125846,0.3911612192313639,0.5488116360940264,1200,500,10,57.71555542945862
-0.6,-0.55,0.58,0.048,15,1486125036,True,,60,-0.15,-0.17387792249413397,0.46592060827213116,-0.9779420684755824,-0.21834702076743476,0.0561286676546237,-0.06533520575689068,0.6051926878277489,-1.315491803040726,0.11775490193106955,57.47678442767045,57.72967628543188,135.42529166645141,131.83673081975215,0.2528918577614263,-3.5885608466992664,True,False,0.5488116360940264,0.3166367693790533,0.5769498103804866,0.3760842586753109,0.30231399317226093,0.8038464418508436,-2.880108587088235,-0.9779420684755824,-1.1962890892430171,0.3316529792325653,-0.3779420684755824,-0.1140793917278688,0.008128667654623702,0.3316529792325653,0.3779420684755824,0.1140793917278688,0.008128667654623702,False,False,ictal_scale,high,high,mid,-0.17509732531781558,0.6576869327422774,0.4180466957221712,0.4266325567762481,0.5488116360940264,1200,500,10,55.61965894699097
-0.6,-0.55,0.58,0.048,16,884520056,True,,60,-0.15,-0.16939615814135786,0.5101776412066549,-0.4448776188772599,-0.8719721821171468,0.0478338561773969,-0.11098407745198702,0.39344726281586806,-0.7451707341746179,0.034286780809376464,59.89050442303248,61.924048323470075,140.25273165717547,140.22547489582854,2.033543900437593,-0.027256761346933445,True,False,0.5488116360940264,0.3166367693790533,0.5769498103804866,0.6409027056257517,0.2679781582138946,0.4181261147154176,-3.0400216019723945,-0.4448776188772599,-1.3168498009944067,-0.32197218211714673,0.15512238112274007,-0.06982235879334509,-0.00016614382260310423,0.32197218211714673,0.15512238112274007,0.06982235879334509,0.00016614382260310423,False,False,ictal_scale,high,high,mid,-0.24187140646153868,0.7453977285849636,0.3969241599572658,0.3928816128741144,0.5488116360940264,1200,500,10,68.54291915893555
-0.6,-0.55,0.58,0.048,17,651986573,True,,60,-0.15,-0.13271888505697735,0.3510784913248605,-0.3105021561006953,-2.3830662865897083,0.028101510511073752,-0.07980110424141318,0.40449159133113866,-1.1184365823744629,0.04107957717346521,49.401439532981314,55.055161275090825,119.27460187707314,126.48770079907005,5.653721742109511,7.213098921996917,True,True,0.5488116360940264,0.3166367693790533,0.5769498103804866,0.7330787438184752,0.06763914180680226,0.09226722555681009,-3.5719319492446946,-0.3105021561006953,-2.6935684426904034,-1.8330662865897083,0.28949784389930466,-0.22892150867513944,-0.01989848948892625,1.8330662865897083,0.28949784389930466,0.22892150867513944,0.01989848948892625,False,False,ictal_scale,high,high,mid,-0.1711714521278964,0.6252965421322123,0.4324927076678169,0.45108626890843684,0.5488116360940264,1200,500,10,93.28470921516418
-0.6,-0.55,0.58,0.048,18,993230984,True,,60,-0.15,-0.24574458473299343,0.5316989796014807,-0.27533476890008585,-1.448197466134177,0.06016549420256037,-0.15966404510283963,0.49983829452310446,-0.9606338064613358,0.04260005290820691,57.92099865361946,61.2458508912394,136.31372011834944,138.8690800313672,3.324852237619936,2.555359913017753,True,True,0.5488116360940264,0.3166367693790533,0.5769498103804866,0.7593178846586975,0.17843475995219368,0.23499349028555744,-2.8106562770052386,-0.27533476890008585,-1.7235322350342628,-0.898197466134177,0.32466523109991413,-0.048301020398519245,0.01216549420256037,0.898197466134177,0.32466523109991413,0.048301020398519245,0.01216549420256037,False,False,ictal_scale,high,high,mid,-0.2286723970277982,0.7294365901207588,0.4004217369865523,0.4183050771622322,0.5488116360940264,1200,500,10,45.71102023124695
-0.6,-0.55,0.58,0.048,19,1656518757,True,,60,-0.15,-0.24511496518283776,0.6149029494323125,-0.10986818626265613,-1.251099047104371,0.0927451699394814,-0.15354290459190503,0.5615867556742332,-0.4530514236688188,0.005656519043265966,65.04745943971959,67.98157593617125,150.5666416905497,152.3405301212309,2.934116496451665,1.773888430681211,True,True,0.5488116360940264,0.3166367693790533,0.5769498103804866,0.8959522263247808,0.25641264610564174,0.2861900875646607,-2.3778996549747906,-0.10986818626265613,-1.360967233367027,-0.701099047104371,0.4901318137373438,0.034902949432312536,0.0447451699394814,0.701099047104371,0.4901318137373438,0.034902949432312536,0.0447451699394814,False,False,ictal_scale,high,high,mid,-0.3670512445448583,0.8197668707187741,0.37721848143164655,0.34592455140807415,0.5488116360940264,1200,500,10,45.938769578933716
-0.6,-0.55,0.58,0.048,20,1002603026,True,,60,-0.15,-0.23664898262679984,0.5786412726001029,-1.1162368811765468,-0.04583552089345523,0.04911983131322921,-0.16628762436025799,0.3915576877600962,-0.9623085630429233,0.04418835132487177,56.65486760141867,58.292947632648385,133.78145801394786,132.96327351418518,1.6380800312297126,-0.8181844997626797,True,False,0.5488116360940264,0.3166367693790533,0.5769498103804866,0.32750993739493095,0.31283718419574436,0.9551990595586317,-3.0134924293260767,-1.1162368811765468,-1.1620724020700022,0.5041644791065448,-0.5162368811765469,-0.001358727399897064,0.0011198313132292081,0.5041644791065448,0.5162368811765469,0.001358727399897064,0.0011198313132292081,False,False,ictal_scale,high,high,mid,-0.18687716095123066,0.7057696473290785,0.41666098959056425,0.41761489397809404,0.5488116360940264,1200,500,10,46.82218551635742
-0.6,-0.55,0.58,0.048,21,1647146715,True,,60,-0.15,-0.19997863786338138,0.4493747627203546,-0.6586317608968841,-0.22082463162248012,0.054054714501887854,-0.22355116369161007,0.4049537350693578,-0.658516636573115,0.030397124036084827,64.30687155939016,65.16439493723941,149.08546592989083,146.7061681233672,0.8575233778492475,-2.379297806523624,True,False,0.5488116360940264,0.3166367693790533,0.5769498103804866,0.5175589947118413,0.4150084520723791,0.8018572883723937,-2.9177585138739963,-0.6586317608968841,-0.8794563925193642,0.32917536837751993,-0.058631760896884155,-0.13062523727964537,0.006054714501887853,0.32917536837751993,0.058631760896884155,0.13062523727964537,0.006054714501887853,False,False,ictal_scale,high,high,mid,-0.22149850209482416,0.7208087794170794,0.41312264862388454,0.4272028263794182,0.5488116360940264,1200,500,10,56.37607932090759
-0.6,-0.55,0.58,0.048,22,1111313954,True,,60,-0.15,0.1976098124795013,0.24753630067147997,-0.7822075152852126,-0.803416232502164,0.04337072942820996,0.1250799769785455,0.1996331056505539,-0.8122653953059213,0.03450480264653739,56.02659557631192,57.620309830386226,132.52491396373435,131.61799790966086,1.5937142540743068,-0.9069160540734913,True,False,0.5488116360940264,0.3166367693790533,0.5769498103804866,0.45739518914161076,0.20481999724465264,0.44779657090192915,-3.137970502548835,-0.7822075152852126,-1.5856237477873765,-0.25341623250216394,-0.18220751528521262,-0.33246369932852,-0.004629270571790044,0.25341623250216394,0.18220751528521262,0.33246369932852,0.004629270571790044,False,False,ictal_scale,high,high,mid,0.18639808546732123,0.6174572096942927,0.4070394763714883,0.4097192281601433,0.5488116360940264,1200,500,10,51.890146017074585
-0.6,-0.55,0.58,0.048,23,1538435787,True,,60,-0.15,-0.2258449511619651,0.5648132116150457,0.09353511329776164,-1.4048100644265213,0.07462380526725952,-0.21025315074395454,0.4985087806681705,-0.3765534706335279,0.15031259106175576,65.43596881726849,70.794118185012,151.3436604456475,157.96561461891238,5.358149367743508,6.621954173264896,True,True,0.5488116360940264,0.3166367693790533,0.5769498103804866,1.0980491587914607,0.2694762682023717,0.24541366481165905,-2.5952957172164974,0.09353511329776164,-1.3112749511287598,-0.8548100644265213,0.6935351132977616,-0.015186788384954242,0.02662380526725952,0.8548100644265213,0.6935351132977616,0.015186788384954242,0.02662380526725952,False,False,ictal_scale,high,high,mid,-0.3001396845899368,0.8496572061197594,0.3801877082751287,0.38481581795562947,0.5488116360940264,1200,500,10,57.951353788375854
-0.6,-0.55,0.58,0.048,24,1120685996,True,,60,-0.15,-0.08428865282107362,0.6511243192668725,-0.9503021398035026,-0.854312863060547,0.06075498608597926,-0.06821490552796446,0.5202331274696891,-1.1307442105128196,0.04547271151411081,54.06928655383045,57.01576337448339,128.6102959187714,130.4089049978552,2.94647682065294,1.798609079083775,True,True,0.5488116360940264,0.3166367693790533,0.5769498103804866,0.38662419124838693,0.16453779096287036,0.42557551929585014,-2.8009061246401172,-0.9503021398035026,-1.8046150028640495,-0.30431286306054695,-0.35030213980350267,0.07112431926687257,0.012754986085979261,0.30431286306054695,0.35030213980350267,0.07112431926687257,0.012754986085979261,False,False,ictal_scale,high,high,mid,-0.07933822602974061,0.7468101321772994,0.4074679212663049,0.4061496276036214,0.5488116360940264,1200,500,10,61.17881202697754
-0.6,-0.55,0.58,0.048,25,618419902,True,,60,-0.15,-0.1689721495864187,0.5290567696610395,-0.3112176418289923,-1.0208638761347093,0.05803550183857666,-0.11503136694708385,0.3461020775233554,-0.4276776988323682,0.03889611973606998,64.49293591237391,66.65298053580048,149.45759463585833,149.68333932048935,2.1600446234265718,0.22574468463102448,True,True,0.5488116360940264,0.3166367693790533,0.5769498103804866,0.7325544240335843,0.26392731968467503,0.3602835653239808,-2.846700355027805,-0.3112176418289923,-1.3320815179637016,-0.47086387613470926,0.28878235817100767,-0.05094323033896042,0.010035501838576662,0.47086387613470926,0.28878235817100767,0.05094323033896042,0.010035501838576662,False,False,ictal_scale,high,high,mid,-0.2646945219878264,0.7710443470048829,0.4029198641997003,0.39258153329543344,0.5488116360940264,1200,500,10,61.63134717941284
-0.6,-0.55,0.58,0.048,26,2031329839,True,,60,-0.15,-0.19282711982652356,0.35080610608582685,-1.2514525480510907,0.03351508402345461,0.057712859917724395,-0.13618394689258134,0.3163369498072594,-1.0262493711516174,0.038463012414539755,54.945597365889434,55.25261267296374,130.36291754288936,126.88260359481589,0.3070153070743089,-3.480313948073473,True,False,0.5488116360940264,0.3166367693790533,0.5769498103804866,0.28608893697723237,0.29583971815800686,1.0340830417414935,-2.8522752547773234,-1.2514525480510907,-1.2179374640276361,0.5835150840234546,-0.6514525480510908,-0.2291938939141731,0.009712859917724394,0.5835150840234546,0.6514525480510908,0.2291938939141731,0.009712859917724394,False,False,ictal_scale,high,high,mid,-0.1986146831657748,0.6104022330473811,0.44041266389900996,0.4677461509641977,0.5488116360940264,1200,500,10,45.969892263412476
-0.6,-0.55,0.58,0.048,27,1420352817,True,,60,-0.15,-0.26751869302636194,0.3929339809932985,-0.4299362625615166,-0.6939775503048939,0.041774349704850125,-0.24933322489066792,0.31421091319664235,-0.41036398426058696,0.03651393529200863,64.27084245995832,66.45912033866304,149.01340773102714,149.29561892621447,2.1882778787047243,0.2822111951873296,True,True,0.5488116360940264,0.3166367693790533,0.5769498103804866,0.6505505578280864,0.3250052922735354,0.4995849874583013,-3.1754727712322506,-0.4299362625615166,-1.1239138128664106,-0.1439775503048939,0.17006373743848335,-0.18706601900670145,-0.006225650295149876,0.1439775503048939,0.17006373743848335,0.18706601900670145,0.006225650295149876,False,False,ictal_scale,high,high,mid,-0.25509563352775144,0.6856141004188739,0.414721727288551,0.43380880660467025,0.5488116360940264,1200,500,10,54.558762311935425
-0.6,-0.55,0.58,0.048,28,2021957797,True,,60,-0.15,-0.2474779732195487,0.5320165200847699,-0.6964434247279498,-0.7991485215038993,0.030928905245373433,-0.06736364882828702,0.4311584010532261,-1.03572645836761,0.03453728361527876,54.25766182396124,55.263761665971245,128.987046459033,126.9049015808309,1.006099842010002,-2.082144878202101,True,False,0.5488116360940264,0.3166367693790533,0.5769498103804866,0.49835459124032294,0.22411590089461048,0.4497117209993444,-3.4760640875002,-0.6964434247279498,-1.495591946231849,-0.2491485215038992,-0.09644342472794987,-0.04798347991523011,-0.017071094754626568,0.2491485215038992,0.09644342472794987,0.04798347991523011,0.017071094754626568,False,False,ictal_scale,high,high,mid,-0.11472447572739636,0.6799629084141637,0.41974049170871763,0.4147966793415693,0.5488116360940264,1200,500,10,54.11278033256531
-0.6,-0.55,0.58,0.048,29,736502872,True,,60,-0.15,-0.030933278789009457,0.4862511690710091,-0.4716089773677063,-0.9939743041162965,0.03774088085868249,-0.015771718040626867,0.411642443053306,-0.9374558743130088,0.02702909106730548,59.8881331250818,62.23757159722432,140.2479890612741,140.85252144333703,2.3494384721425163,0.6045323820629278,True,True,0.5488116360940264,0.3166367693790533,0.5769498103804866,0.6239974623500419,0.23094324726426338,0.3701028629099005,-3.2770113991264456,-0.4716089773677063,-1.4655832814840029,-0.44397430411629646,0.12839102263229368,-0.09374883092899083,-0.01025911914131751,0.44397430411629646,0.12839102263229368,0.09374883092899083,0.01025911914131751,False,False,ictal_scale,high,high,mid,-0.061571592986050944,0.7177934357281407,0.41422919897236127,0.42915734008990297,0.5488116360940264,1200,500,10,57.30810284614563
-0.6,-0.55,0.58,0.048,30,1913246869,True,,60,-0.15,-0.167592279579012,0.7416796064401604,-0.18704598307931333,-2.1685417657781105,0.047712667936639655,-0.13030637640301523,0.7931606197277885,-1.2138183910540001,0.011208004688344247,48.0371561867925,53.53352194817696,116.54603518469551,123.44442214524233,5.49636576138446,6.898386960546816,True,True,0.5488116360940264,0.3166367693790533,0.5769498103804866,0.8294055968851803,0.09483774937178992,0.11434423607454736,-3.0425583411550834,-0.18704598307931333,-2.355587748857424,-1.6185417657781105,0.4129540169206867,0.16167960644016044,-0.000287332063360346,1.6185417657781105,0.4129540169206867,0.16167960644016044,0.000287332063360346,False,False,ictal_scale,high,high,mid,-0.18857568831809338,0.8114719829921538,0.396449009572124,0.410563385615611,0.5488116360940264,1200,500,10,52.37670087814331
-0.6,-0.55,0.58,0.048,31,1879454335,True,,60,-0.15,-0.3585409695786639,0.5977930026265407,0.0405911208951424,-1.2315354187270464,0.08075866312247955,-0.43380165539318594,0.500593578730031,-0.24692542222026814,0.17859446119881742,68.09533855281056,74.50801693036989,156.66239991673163,165.39341210962817,6.412678377559331,8.731012192896543,True,True,0.5488116360940264,0.3166367693790533,0.5769498103804866,1.0414262010668247,0.3039341241807495,0.2918441305484757,-2.5162900393832865,0.0405911208951424,-1.190944297831904,-0.6815354187270464,0.6405911208951424,0.01779300262654071,0.03275866312247955,0.6815354187270464,0.6405911208951424,0.01779300262654071,0.03275866312247955,False,False,ictal_scale,high,high,mid,-0.4315363026089837,0.8939249315510415,0.3871363720789534,0.4129774700618691,0.5488116360940264,1200,500,10,55.35842156410217
-0.6,-0.55,0.58,0.048,32,1903874827,True,,60,-0.15,-0.06383565274941405,0.637240164390867,-0.9119952236066833,-0.403005821484389,0.036572604133375694,-0.008323544130992178,0.6007244992079953,-1.0871267093818036,0.01890052067772289,56.2908193409006,55.74254389997924,133.0533614929117,127.86246604884688,-0.5482754409213584,-5.190895444064822,False,False,0.5488116360940264,0.3166367693790533,0.5769498103804866,0.4017218988747966,0.26847404265926483,0.6683082087664315,-3.3084558398025123,-0.9119952236066833,-1.3150010450910723,0.14699417851561103,-0.3119952236066833,0.05724016439086699,-0.011427395866624307,0.14699417851561103,0.3119952236066833,0.05724016439086699,0.011427395866624307,False,False,ictal_scale,high,high,mid,-0.11779593603508808,0.7424818399415176,0.4078080336758473,0.41549616045424737,0.5488116360940264,1200,500,10,49.37431454658508
-0.6,-0.55,0.58,0.048,33,258657274,True,,60,-0.15,-0.14506972733842122,0.5510722625036331,-0.38590350558356934,-1.5971832578488052,0.054834463895878156,-0.14199304506747595,0.4949539019720187,-0.8347920237603313,0.06952352551093453,56.073840441672665,60.95491507369618,132.61940369445583,138.28720839628076,4.8810746320235125,5.6678047018249345,True,True,0.5488116360940264,0.3166367693790533,0.5769498103804866,0.6798361229053355,0.13764370733109083,0.202466010106758,-2.90343637949546,-0.38590350558356934,-1.9830867634323746,-1.0471832578488052,0.21409649441643064,-0.0289277374963669,0.006834463895878155,1.0471832578488052,0.21409649441643064,0.0289277374963669,0.006834463895878155,False,False,ictal_scale,high,high,mid,-0.32563315135018817,0.7175583509595639,0.409989651111969,0.4026361433563497,0.5488116360940264,1200,500,10,65.20931053161621
-0.6,-0.55,0.58,0.048,34,1795163899,True,,60,-0.15,-0.4466450815006575,0.6795023889408692,-1.0929640306479849,-0.21612403921549078,0.05467308759172397,-0.4649426742820648,0.6550728929373723,-1.2188481958474071,0.04875708167568522,56.2787651919463,56.291722384610054,133.0292531950031,128.9608230181085,0.01295719266375528,-4.068430176894594,True,False,0.5488116360940264,0.3166367693790533,0.5769498103804866,0.33522141316815673,0.27006622565307015,0.8056353652968975,-2.9063836907772878,-1.0929640306479849,-1.3090880698634757,0.33387596078450926,-0.4929640306479849,0.09950238894086927,0.00667308759172397,0.33387596078450926,0.4929640306479849,0.09950238894086927,0.00667308759172397,False,False,ictal_scale,high,high,mid,-0.4659945146710946,0.7734216779780262,0.38645126848843003,0.3834691913808846,0.5488116360940264,1200,500,10,42.15403699874878
-0.6,-0.55,0.58,0.048,35,1997537305,True,,60,-0.15,-0.3149500394631674,0.6196357933458815,-0.4498949684703274,-1.0120310953763012,0.04917104906971573,-0.08519562609610148,0.5357027594325376,-0.8839438781524505,0.039676227809024966,58.453450253482856,61.29588803757417,137.37862331807622,138.96915432403674,2.8424377840913166,1.5905310059605142,True,True,0.5488116360940264,0.3166367693790533,0.5769498103804866,0.63769512619906,0.23178940332670028,0.3634799668428796,-3.0124502622212006,-0.4498949684703274,-1.4619260638466285,-0.46203109537630116,0.15010503152967258,0.03963579334588152,0.0011710490697157266,0.46203109537630116,0.15010503152967258,0.03963579334588152,0.0011710490697157266,False,False,ictal_scale,high,high,mid,-0.240542795177666,0.7982703867932669,0.39312656693426024,0.38652665817674536,0.5488116360940264,1200,500,10,61.33807969093323
-0.6,-0.55,0.58,0.048,36,1686452971,True,,60,-0.15,0.15876557416198342,0.596407897643757,0.15701442999367365,-1.1997224576061745,0.09375483095745837,0.12166803501107826,0.4975485483273227,-0.13788942456091743,0.17347632323999548,72.28408779029374,76.41002645198856,165.039898391698,169.1974311528655,4.125938661694818,4.157532761167516,True,True,0.5488116360940264,0.3166367693790533,0.5769498103804866,1.170012497052032,0.35249881176585546,0.3012778176763179,-2.367072085246363,0.15701442999367365,-1.042708027612501,-0.6497224576061744,0.7570144299936736,0.016407897643757052,0.04575483095745837,0.6497224576061744,0.7570144299936736,0.016407897643757052,0.04575483095745837,False,False,ictal_scale,high,high,mid,0.11657670853004559,0.8981649582089337,0.3760280073572407,0.3928560129510804,0.5488116360940264,1200,500,10,51.13698935508728
-0.6,-0.55,0.58,0.048,37,140574304,True,,60,-0.15,-0.19662718847668204,0.7053240376888861,-0.15053994766020456,-1.2365760766232756,0.0722085611773871,-0.03744361306829863,0.664171472209932,-0.38143836132649933,0.06486909081591992,63.42222978414444,68.17581990409272,147.31618237939938,152.72901805707383,4.753590119948278,5.412835677674451,True,True,0.5488116360940264,0.3166367693790533,0.5769498103804866,0.8602433646113864,0.24979466857728794,0.2903767455272756,-2.6281966642488315,-0.15053994766020456,-1.3871160242834801,-0.6865760766232756,0.4494600523397954,0.12532403768888611,0.024208561177387095,0.6865760766232756,0.4494600523397954,0.12532403768888611,0.024208561177387095,False,False,ictal_scale,high,high,mid,-0.2440066787880579,0.8624528122694511,0.3793989894899051,0.3718413351652565,0.5488116360940264,1200,500,10,52.11475467681885
-0.6,-0.55,0.58,0.048,38,1504643253,True,,60,-0.15,0.05829895999994121,0.705219013288156,0.05388698239196678,-1.8133241086130256,0.059186300608282186,0.02393468015068905,0.6149543754607475,-0.8414533287875254,0.02330349890916021,59.68647247618124,62.65729522403244,139.84466776347298,141.69196869695327,2.9708227478512015,1.847300933480284,True,True,0.5488116360940264,0.3166367693790533,0.5769498103804866,1.0553653205506164,0.17214173062503196,0.16311103584038592,-2.8270651725151708,0.05388698239196678,-1.7594371262210589,-1.2633241086130256,0.6538869823919667,0.125219013288156,0.011186300608282185,1.2633241086130256,0.6538869823919667,0.125219013288156,0.011186300608282185,False,False,ictal_scale,high,high,mid,0.09680642547451754,0.8478607355494404,0.3739352714707582,0.370301647097277,0.5488116360940264,1200,500,10,49.43532967567444
-0.6,-0.55,0.58,0.048,39,31863376,True,,60,-0.15,-0.2752710331158463,0.67615710508712,-0.5076512730231229,-1.5113818127463245,0.06949167515105545,-0.08720016640730055,0.6683320356650906,-0.7265887710778386,0.04597563140109159,55.07816576323379,60.25767926402307,130.62805433757808,136.89273677693453,5.179513500789277,6.264682439356449,True,True,0.5488116360940264,0.3166367693790533,0.5769498103804866,0.6019076365976876,0.1327837935683909,0.22060493254240432,-2.6665483155850294,-0.5076512730231229,-2.0190330857694474,-0.9613818127463245,0.09234872697687713,0.09615710508712005,0.021491675151055448,0.9613818127463245,0.09234872697687713,0.09615710508712005,0.021491675151055448,False,False,ictal_scale,high,high,mid,-0.2886506741347726,0.8009254337858995,0.3914240521890136,0.398430586675577,0.5488116360940264,1200,500,10,50.83205509185791
-0.6,-0.55,0.58,0.048,40,1613354181,True,,60,-0.15,-0.09134504925731918,0.5587390466243588,-0.2271067452198407,-0.7214049284520078,0.06751561060197582,-0.12326249945104804,0.49457616541704347,-0.2186720532788815,0.14520532844483477,69.09464493423582,73.04336770939686,158.66101267958214,162.4641136676821,3.9487227751610448,3.8031009880999704,True,True,0.5488116360940264,0.3166367693790533,0.5769498103804866,0.7968357193461506,0.38731704885243734,0.4860688840232378,-2.695396439664596,-0.2271067452198407,-0.9485116736718484,-0.17140492845200772,0.3728932547801593,-0.021260953375641156,0.01951561060197582,0.17140492845200772,0.3728932547801593,0.021260953375641156,0.01951561060197582,False,False,ictal_scale,high,high,mid,-0.10093941098587934,0.8075338851747872,0.4053034478737359,0.404672489708304,0.5488116360940264,1200,500,10,61.82452368736267
-0.6,-0.55,0.58,0.048,41,22491334,True,,60,-0.15,0.07520554042449143,0.4841484789515121,0.19220303124677285,-2.894774234452443,0.040857978170381705,0.10006350597943292,0.43161292987978594,-0.8656181765725128,0.04823951157465451,50.91243352058373,58.486314672341564,122.29658985227798,133.35000759357152,7.573881151757831,11.053417741293543,True,True,0.5488116360940264,0.3166367693790533,0.5769498103804866,1.2119165489158796,0.0670329356703884,0.05531151111877524,-3.1976531726969664,0.19220303124677285,-2.7025712032056703,-2.3447742344524434,0.7922030312467728,-0.09585152104848788,-0.007142021829618296,2.3447742344524434,0.7922030312467728,0.09585152104848788,0.007142021829618296,False,False,ictal_scale,high,high,mid,0.1432591802367055,0.6690723049408869,0.41020300115768354,0.41158269990108476,0.5488116360940264,1200,500,10,65.27813649177551
-0.6,-0.55,0.58,0.048,42,1622726223,True,,60,-0.15,-0.6321990331205897,0.7046077811824591,-0.8682208919724161,-0.522796509691777,0.04999819138490975,-0.29291530204335114,0.5566082397482709,-1.0284418327787987,0.08143615219881747,56.82806312603945,58.66149540644678,134.12784906318942,133.70036906178197,1.8334322804073295,-0.4274800014074458,True,False,0.5488116360940264,0.3166367693790533,0.5769498103804866,0.41969757274349156,0.24882202386820934,0.5928602880443223,-2.9957684465100294,-0.8682208919724161,-1.3910174016641932,0.027203490308223,-0.26822089197241616,0.12460778118245919,0.0019981913849097463,0.027203490308223,0.26822089197241616,0.12460778118245919,0.0019981913849097463,False,False,ictal_scale,high,high,mid,-0.5452187115725686,0.8163100567551262,0.3771318510514404,0.38547222343763987,0.5488116360940264,1200,500,10,59.608420848846436
-0.6,-0.55,0.58,0.048,43,2061264053,True,,60,-0.15,-0.38388064120448884,0.5233010253739174,-0.8381520496280258,-0.11634033008437074,0.0455637022183608,-0.3233645809932355,0.4801055985348541,-0.7609302151961614,0.02799717704447236,62.245225813599895,62.435725481697304,144.96217443831029,141.248829212283,0.19049966809740937,-3.713345226027286,True,False,0.5488116360940264,0.3166367693790533,0.5769498103804866,0.4325090406342794,0.3850075325917404,0.8901722193532012,-3.088643883424506,-0.8381520496280258,-0.9544923797123965,0.4336596699156293,-0.23815204962802583,-0.05669897462608253,-0.0024362977816392017,0.4336596699156293,0.23815204962802583,0.05669897462608253,0.0024362977816392017,False,False,ictal_scale,high,high,mid,-0.4172335009773589,0.7348170653690397,0.3948742157002305,0.38983216823216904,0.5488116360940264,1200,500,10,42.58055305480957
-0.6,-0.55,0.58,0.048,44,1731437151,True,,60,-0.15,0.13856744260033227,0.6708066049532476,-0.00871523625530088,-1.203760925677368,0.06548221544533861,0.19655796513445842,0.5130989960472823,-0.365272668404167,0.17337576775264651,66.01504554365164,71.68959101020263,152.5018138984138,159.75656026929366,5.674545466550995,7.254746370879872,True,True,0.5488116360940264,0.3166367693790533,0.5769498103804866,0.991322631328031,0.29745980810415884,0.3000635703289303,-2.7259766931276324,-0.00871523625530088,-1.212476161932669,-0.653760925677368,0.5912847637446991,0.09080660495324766,0.01748221544533861,0.653760925677368,0.5912847637446991,0.09080660495324766,0.01748221544533861,False,False,ictal_scale,high,high,mid,0.20007517243823447,0.8520937684826507,0.3764096229537353,0.364056611282965,0.5488116360940264,1200,500,10,65.00541925430298
-0.6,-0.55,0.58,0.048,45,1129832171,True,,60,-0.15,0.14599026943113352,0.6520787811956039,-0.4780939131447672,-1.107408359945919,0.0516975610582656,0.021233234524220795,0.6322294565475668,-1.0849771378780593,0.03672387351385292,56.373527299355295,58.195004330214246,133.2187774098211,132.76738690931688,1.8214770308589507,-0.4513905005042034,True,False,0.5488116360940264,0.3166367693790533,0.5769498103804866,0.6199639714817626,0.20484487920292757,0.3304141669931758,-2.9623446734690035,-0.4780939131447672,-1.5855022730906863,-0.557408359945919,0.1219060868552328,0.07207878119560396,0.0036975610582655957,0.557408359945919,0.1219060868552328,0.07207878119560396,0.0036975610582655957,False,False,ictal_scale,high,high,mid,0.04496417202121282,0.7647609199938711,0.392271608658901,0.39344087705170017,0.5488116360940264,1200,500,10,50.33760619163513
-0.6,-0.55,0.58,0.048,46,1740809193,True,,60,-0.15,-0.0809341534745765,0.4306528068192732,-0.36093765360503427,-1.1144778409193548,0.0490174025500499,-0.1912269932153015,0.26568407815208545,-0.4375111615524029,0.04684966324013899,61.98504033705664,64.85006243600186,144.44180348522377,146.07750312089212,2.865022098945225,1.6356996356683453,True,True,0.5488116360940264,0.3166367693790533,0.5769498103804866,0.6970224539494262,0.22868369048179157,0.3280865475509977,-3.0155798898411423,-0.36093765360503427,-1.475415494524389,-0.5644778409193547,0.2390623463949657,-0.14934719318072676,0.001017402550049902,0.5644778409193547,0.2390623463949657,0.14934719318072676,0.001017402550049902,False,False,ictal_scale,high,high,mid,-0.22009383151645998,0.6865728625830639,0.409255387132211,0.41408713769303096,0.5488116360940264,1200,500,10,57.06167411804199
-0.6,-0.55,0.58,0.048,47,1238543099,True,,60,-0.15,0.07022020405870023,0.5278911797528634,0.13038204415315408,-1.2538001904819058,0.05323353932919975,0.01766466825258733,0.38734182453651034,-0.2810732190940994,0.031224964043194532,68.30450034617331,70.99781794876291,157.08072350345714,158.37301414641422,2.6933176025896017,1.2922906429570844,True,True,0.5488116360940264,0.3166367693790533,0.5769498103804866,1.1392635491709076,0.3251664264525887,0.28541809021207315,-2.9330666427586256,0.13038204415315408,-1.1234181463287518,-0.7038001904819058,0.7303820441531541,-0.05210882024713659,0.005233539329199746,0.7038001904819058,0.7303820441531541,0.05210882024713659,0.005233539329199746,False,False,ictal_scale,high,high,mid,-0.007983597527272802,0.8350758706152417,0.3875233229749672,0.4014551268493496,0.5488116360940264,1200,500,10,60.83029341697693
-0.6,-0.55,0.58,0.048,48,1849520121,True,,60,-0.15,-0.05463236755505421,0.5680140870155278,-0.2850856961432894,-1.6003507117937992,0.05875899396495321,0.027938880314233538,0.6305432097692899,-0.9113894670351473,0.0132648103200356,56.8385326640308,60.58356506122037,134.1487881391721,137.54450837132913,3.7450323971895685,3.395720232157032,True,True,0.5488116360940264,0.3166367693790533,0.5769498103804866,0.751949812359342,0.15176281447877743,0.2018257229197272,-2.834311048909597,-0.2850856961432894,-1.8854364079370884,-1.0503507117937991,0.3149143038567106,-0.011985912984472158,0.010758993964953209,1.0503507117937991,0.3149143038567106,0.011985912984472158,0.010758993964953209,False,False,ictal_scale,high,high,mid,-0.1925672169601815,0.738569677530827,0.4113413751564415,0.41272423243454426,0.5488116360940264,1200,500,10,61.94006586074829
-0.6,-0.55,0.58,0.048,49,1247915141,True,,60,-0.15,-0.38927550841117864,0.4920509358642371,-1.7463763718736631,0.826780335016068,0.03480131186383585,-0.34819321705897477,0.31209384642625015,-1.2408323990534929,0.06444180750304923,49.034102071254665,51.27702367360003,118.53992695361984,118.93142559608846,2.242921602345362,0.3914986424686191,True,True,0.5488116360940264,0.3166367693790533,0.5769498103804866,0.17440477786394493,0.3986800606094458,2.285946896021739,-3.358100195675569,-1.7463763718736631,-0.9195960368575952,1.376780335016068,-1.146376371873663,-0.08794906413576287,-0.01319868813616415,1.376780335016068,1.146376371873663,0.08794906413576287,0.01319868813616415,False,False,ictal_scale,high,high,mid,-0.38958801441842206,0.6221437675260855,0.42360437335522527,0.4441637229719371,0.5488116360940264,1200,500,10,43.022300720214844
-0.6,-0.55,0.58,0.048,50,1401834600,True,,60,-0.15,-0.19931474181751377,0.6637785315966938,0.15405687653132688,-2.230610334792935,0.039866624972846626,-0.049663084884494293,0.5671728244679592,-0.9868014475885776,0.05402194712236001,54.610353188273976,61.31514000594932,129.69242918765846,139.00765826078703,6.704786817675341,9.315229073128563,True,True,0.5488116360940264,0.3166367693790533,0.5769498103804866,1.1665572346207036,0.12536153224362165,0.10746282181720979,-3.222215771965869,0.15405687653132688,-2.0765534582616083,-1.680610334792935,0.7540568765313269,0.0837785315966938,-0.008133375027153375,1.680610334792935,0.7540568765313269,0.0837785315966938,0.008133375027153375,False,False,ictal_scale,high,high,mid,-0.19855868464994036,0.7840599016506496,0.39654422896763486,0.4008619791032331,0.5488116360940264,1200,500,10,49.768640995025635
-0.6,-0.55,0.58,0.048,51,1356626069,True,,60,-0.15,-0.1362534131849761,0.731954768406975,-1.6348461812449535,0.28165796541143717,0.05532505114721165,-0.0911282920736768,0.6903391684003042,-1.3107573499312464,0.03994116175263671,50.803427463842404,51.552052877381776,122.0785777387953,119.48148400365196,0.7486254135393722,-2.5970937351433463,True,False,0.5488116360940264,0.3166367693790533,0.5769498103804866,0.19498236093665433,0.2584150628954741,1.3253253353488101,-2.8945294685590226,-1.6348461812449535,-1.3531882158335162,0.8316579654114372,-1.0348461812449536,0.15195476840697508,0.007325051147211652,0.8316579654114372,1.0348461812449536,0.15195476840697508,0.007325051147211652,False,False,ictal_scale,high,high,mid,-0.271724331462846,0.6884674820074699,0.41376314202708114,0.42968692985271273,0.5488116360940264,1200,500,10,48.519366979599
-0.6,-0.55,0.58,0.048,52,1293123672,True,,60,-0.15,-0.27581944215455717,0.5694592088993853,-0.13918561023878467,-2.181708465094874,0.05599754440562056,-0.25958897712194384,0.6265432583329498,-0.9059641093697239,0.03140111737967406,53.60126290606597,58.30204192016582,127.67424862324245,132.98146208922003,4.700779014099851,5.307213465977583,True,True,0.5488116360940264,0.3166367693790533,0.5769498103804866,0.8700665202153478,0.09818576088233166,0.11284856801297213,-2.8824474391080557,-0.13918561023878467,-2.320894075333659,-1.631708465094874,0.4608143897612153,-0.010540791100614677,0.00799754440562056,1.631708465094874,0.4608143897612153,0.010540791100614677,0.00799754440562056,False,False,ictal_scale,high,high,mid,-0.3547157954627687,0.6972653407637949,0.40718171104537465,0.41367598609245315,0.5488116360940264,1200,500,10,69.32377290725708
-0.6,-0.55,0.58,0.048,53,1365998111,True,,60,-0.15,-0.0013945489854370378,0.560575493617135,0.20992294785244664,-1.5308383940168309,0.06483304268691954,-0.033941056918529194,0.514305126483731,-0.23275875679097754,0.13830875675834295,66.15011090570468,73.26852640898218,152.77194462251987,162.91443106685276,7.118415503277504,10.142486444332889,True,True,0.5488116360940264,0.3166367693790533,0.5769498103804866,1.233583006074934,0.26689086587940364,0.21635420118878596,-2.735939887579899,0.20992294785244664,-1.3209154461643842,-0.9808383940168308,0.8099229478524466,-0.01942450638286497,0.01683304268691954,0.9808383940168308,0.8099229478524466,0.01942450638286497,0.01683304268691954,False,False,ictal_scale,high,high,mid,-0.05629700020580001,0.8423264789976551,0.3931795116762741,0.3844961354078046,0.5488116360940264,1200,500,10,61.91511416435242
-0.6,-0.55,0.58,0.048,54,1283751630,True,,60,-0.15,-0.5973229331118471,0.7465864437778422,-0.2838308598185335,-1.1226904591899918,0.08922222708436571,-0.23319856399003927,0.7390639253561809,-0.6825147546200883,0.03444663584794717,64.29510997512992,66.12452697199058,149.06194276137035,148.62643219286954,1.8294169968606582,-0.4355105685008027,True,False,0.5488116360940264,0.3166367693790533,0.5769498103804866,0.7528939785614158,0.24499405868211724,0.32540313199241816,-2.416625087876837,-0.2838308598185335,-1.4065213190085253,-0.5726904591899917,0.31616914018146647,0.16658644377784226,0.04122222708436571,0.5726904591899917,0.31616914018146647,0.16658644377784226,0.04122222708436571,False,False,ictal_scale,high,high,mid,-0.44672206812185966,0.8402451495479735,0.39173326687794224,0.40939989286468137,0.5488116360940264,1200,500,10,60.14774537086487
-0.6,-0.55,0.58,0.048,55,1474709039,True,,60,-0.15,-0.30985462194159663,0.4894754580698076,-1.2935632312602392,0.09799671565840706,0.0349196917163252,-0.1556753636492615,0.48453852172999423,-1.1278832815466566,0.04312358763550233,55.152815048460674,54.95556077218072,130.77735290803184,126.28849979324984,-0.1972542762799563,-4.488853114782003,False,False,0.5488116360940264,0.3166367693790533,0.5769498103804866,0.27429167506053126,0.30253251623508337,1.1029591626079058,-3.354704376333634,-1.2935632312602392,-1.1955665156018322,0.6479967156584071,-0.6935632312602392,-0.09052454193019238,-0.013080308283674798,0.6479967156584071,0.6935632312602392,0.09052454193019238,0.013080308283674798,False,False,ictal_scale,high,high,mid,-0.17117547632852534,0.6458491782858636,0.42281228633713336,0.4364663921805154,0.5488116360940264,1200,500,10,52.78500294685364
-0.6,-0.55,0.58,0.048,56,1175040702,True,,60,-0.15,0.00496865071933988,0.535313242300942,-0.5627497550197492,-0.1622949083036031,0.08135067430465381,0.0034551883381225283,0.4601861211033878,-0.19733676088010182,0.11284909041970285,70.14637438470031,72.88466359378896,160.76447158051113,162.1467054364663,2.7382892090886486,1.3822338559551781,True,True,0.5488116360940264,0.3166367693790533,0.5769498103804866,0.5696405363796342,0.4843029378935929,0.8501904393454744,-2.5089861564190055,-0.5627497550197492,-0.7250446633233523,0.38770509169639694,0.03725024498025076,-0.044686757699057944,0.03335067430465381,0.38770509169639694,0.03725024498025076,0.044686757699057944,0.03335067430465381,False,False,ictal_scale,high,high,mid,0.027067187777312863,0.8177452141275611,0.39787571679268624,0.4036414301356527,0.5488116360940264,1200,500,10,44.92023587226868
-0.6,-0.55,0.58,0.048,57,1776645682,True,,60,-0.15,-0.3604863446000467,0.41564422223106207,-1.00952913195196,0.12286139648085492,0.04587671131821352,-0.3348518636542579,0.35429761270985344,-0.7319779259249333,0.022734488700823376,60.65031708848356,61.40401261291514,141.77235698807763,139.18540347471867,0.7536955244315777,-2.5869535133589636,True,False,0.5488116360940264,0.3166367693790533,0.5769498103804866,0.36439051903454994,0.4120264488434619,1.1307276872491716,-3.081797669363918,-1.00952913195196,-0.886667735471105,0.672861396480855,-0.40952913195195995,-0.1643557777689379,-0.0021232886817864824,0.672861396480855,0.40952913195195995,0.1643557777689379,0.0021232886817864824,False,False,ictal_scale,high,high,mid,-0.42839389031452574,0.6453424462388534,0.41395654903164736,0.41802580343421114,0.5488116360940264,1200,500,10,44.285088539123535
-0.6,-0.55,0.58,0.048,58,1165668660,True,,60,-0.15,0.08242590013935926,0.7152630540819007,-0.4131681093338605,-1.1687731747560908,0.05902305591979567,0.011640343396606093,0.6314250161911354,-1.096737146169506,0.04411648197639855,57.06398133229,58.280672162526244,134.5996854756905,132.93872257394088,1.2166908302362458,-1.6609629017496275,True,False,0.5488116360940264,0.3166367693790533,0.5769498103804866,0.6615510605712532,0.20557562989000674,0.3107479409261183,-2.829827133108751,-0.4131681093338605,-1.5819412840899512,-0.6187731747560907,0.18683189066613948,0.13526305408190076,0.011023055919795667,0.6187731747560907,0.18683189066613948,0.13526305408190076,0.011023055919795667,False,False,ictal_scale,high,high,mid,-0.1734790293183902,0.7694942427694844,0.39749306365952725,0.3943820061927379,0.5488116360940264,1200,500,10,47.96987581253052
-0.6,-0.55,0.58,0.048,59,1667934754,True,,60,-0.15,-0.13075977301799746,0.4340754119166673,-0.4454798157514336,-0.32124605332397205,0.05529923407799761,-0.10566390560727432,0.33882527569991044,-0.19854392239555874,0.029596871936680345,69.17294802683196,71.41336713928999,158.81761886477443,159.20411252746837,2.240419112458028,0.3864936626939368,True,True,0.5488116360940264,0.3166367693790533,0.5769498103804866,0.6405168722052742,0.46453151816201094,0.7252447801455212,-2.8949962208572217,-0.4454798157514336,-0.7667258690754056,0.228753946676028,0.1545201842485664,-0.14592458808333264,0.00729923407799761,0.228753946676028,0.1545201842485664,0.14592458808333264,0.00729923407799761,False,False,ictal_scale,high,high,mid,-0.10162867509608633,0.783093191445181,0.412639868790788,0.4150623529869688,0.5488116360940264,1200,500,10,54.06368660926819
-0.6,-0.55,0.58,0.048,60,1056957732,True,,60,-0.15,0.027722573132440507,0.5321204432644874,-0.014774915272973232,-1.3040758121910252,0.05572758708599672,0.040933425010826634,0.48910064890269495,-0.2668510714741822,0.12316791162206275,66.38868119631351,72.29799565447402,153.24908520373754,160.97336955783643,5.909314458160509,7.724284354098899,True,True,0.5488116360940264,0.3166367693790533,0.5769498103804866,0.9853336982113807,0.26744248971920853,0.2714232652396659,-2.8872799748390583,-0.014774915272973232,-1.3188507274639985,-0.7540758121910252,0.5852250847270267,-0.047879556735512585,0.007727587085996718,0.7540758121910252,0.5852250847270267,0.047879556735512585,0.007727587085996718,False,False,ictal_scale,high,high,mid,0.02623132208993582,0.8083114258562624,0.4059487993273116,0.4209458029712992,0.5488116360940264,1200,500,10,76.26911306381226
-0.6,-0.55,0.58,0.048,61,1559223826,True,,60,-0.15,-0.1529911182335712,0.4744100389872997,0.13534208495827024,-1.7243562600878268,0.0603955524500592,-0.005637538236503327,0.3296201386752868,-0.38050962864695625,0.05682067276374524,63.61693320258097,66.95407555548579,147.70558921627244,150.28552935985996,3.33714235290482,2.579940143587521,True,True,0.5488116360940264,0.3166367693790533,0.5769498103804866,1.1449283801451247,0.20412674579917384,0.17828778580307345,-2.806839811685347,0.13534208495827024,-1.5890141751295566,-1.1743562600878268,0.7353420849582702,-0.10558996101270024,0.012395552450059202,1.1743562600878268,0.7353420849582702,0.10558996101270024,0.012395552450059202,False,False,ictal_scale,high,high,mid,0.06567234070210276,0.7189976458325472,0.4094775904786585,0.40990882509801696,0.5488116360940264,1200,500,10,51.97944688796997
-0.6,-0.55,0.58,0.048,62,1099897957,True,,60,-0.15,-0.21295139983122474,0.6796454820816724,-0.5037226210230253,-0.9265746248236264,0.07807238171580493,-0.16265311185336545,0.4886208455724265,-0.6396419788403871,0.018645509755222688,62.7111263045699,64.62012190510549,145.8939754202503,145.61762205909938,1.9089956005355901,-0.2763533611509388,True,False,0.5488116360940264,0.3166367693790533,0.5769498103804866,0.6042769733404261,0.2392377992315845,0.3959075221898407,-2.5501189118757392,-0.5037226210230253,-1.4302972458466519,-0.37657462482362636,0.09627737897697464,0.09964548208167245,0.030072381715804924,0.37657462482362636,0.09627737897697464,0.09964548208167245,0.030072381715804924,False,False,ictal_scale,high,high,mid,-0.3057234642113738,0.7927167550568944,0.39202658098819865,0.37366636645367135,0.5488116360940264,1200,500,10,58.69210481643677
-0.6,-0.55,0.58,0.048,63,1549851784,True,,60,-0.15,-0.11928076265511742,0.36457156019781023,-0.4890170323644263,-1.0602815117032935,0.056140783849349896,-0.10400221176267169,0.31047965033212954,-0.7444628340990009,0.028551289385976616,58.05700270839227,59.56699475555497,136.58572822789503,135.51136775999834,1.5099920471627044,-1.074360467896696,True,False,0.5488116360940264,0.3166367693790533,0.5769498103804866,0.61322888216718,0.2123969086566014,0.34635829269159774,-2.879892745742064,-0.4890170323644263,-1.5492985440677198,-0.5102815117032935,0.11098296763557369,-0.21542843980218973,0.008140783849349895,0.5102815117032935,0.11098296763557369,0.21542843980218973,0.008140783849349895,False,False,ictal_scale,high,high,mid,-0.11532483488693558,0.654733906595189,0.4132967687661923,0.4156180683816514,0.5488116360940264,1200,500,10,52.4664421081543
-0.6,-0.55,0.58,0.048,64,95365773,True,,60,-0.15,-0.33400872081743604,0.6703151510211549,0.13586313288646096,-2.1648550568022897,0.04499031466865539,0.004326378582278597,0.6374635978574884,-1.2522430399329112,0.04535822265719937,52.20013546681048,56.156601081898735,124.87199374473147,128.69058041268588,3.9564656150882556,3.8185866679544063,True,True,0.5488116360940264,0.3166367693790533,0.5769498103804866,1.1455250981513663,0.13146798410151495,0.11476656802515832,-3.101308041962464,0.13586313288646096,-2.0289919239158287,-1.6148550568022897,0.7358631328864609,0.09031515102115495,-0.0030096853313446095,1.6148550568022897,0.7358631328864609,0.09031515102115495,0.0030096853313446095,False,False,ictal_scale,high,high,mid,-0.011807600691829213,0.744082257723715,0.4002190112115388,0.4123899642396686,0.5488116360940264,1200,500,10,67.95794439315796
-0.6,-0.55,0.58,0.048,65,1441140856,True,,60,-0.15,-0.3311300894446517,0.5884647489496699,0.39514250509644083,-1.7937946579020159,0.054900247628972866,-0.1273632114475881,0.4050625625397048,-0.25899727174798737,0.03756397584024588,66.32372266061141,73.6007134840325,153.11916813233333,163.57880521695338,7.276990823421087,10.459637084620056,True,True,0.5488116360940264,0.3166367693790533,0.5769498103804866,1.4845957383061288,0.24692956306365313,0.1663278134863778,-2.902237419930871,0.39514250509644083,-1.398652152805575,-1.2437946579020158,0.9951425050964409,0.008464748949669976,0.006900247628972865,1.2437946579020158,0.9951425050964409,0.008464748949669976,0.006900247628972865,False,False,ictal_scale,high,high,mid,-0.25012131728851306,0.8749661871953746,0.3869998908753833,0.38321146641451087,0.5488116360940264,1200,500,10,67.16775488853455
-0.6,-0.55,0.58,0.048,66,104737815,True,,60,-0.15,-0.5641001304184905,0.28827752195216233,-0.13326485162638055,-1.84200902169243,0.03533498504311422,-0.4467089416685456,0.26253739712585,-0.6096083594705995,0.07818081878644767,56.81089034911215,62.237711297684186,134.0935035093348,140.85280084425676,5.426820948572036,6.759297334921968,True,True,0.5488116360940264,0.3166367693790533,0.5769498103804866,0.8752332544579314,0.13872331442538047,0.15849867874512794,-3.3428817281275305,-0.13326485162638055,-1.9752738733188107,-1.29200902169243,0.4667351483736194,-0.29172247804783763,-0.012665014956885781,1.29200902169243,0.4667351483736194,0.29172247804783763,0.012665014956885781,False,False,ictal_scale,high,high,mid,-0.45385174324130567,0.71183048191786,0.4051373723414233,0.4255872874884947,0.5488116360940264,1200,500,10,60.961965799331665
-0.6,-0.55,0.58,0.048,67,1431768814,True,,60,-0.15,-0.056591778492545555,0.5821250573921998,-0.5179952718833574,-0.41873591555759243,0.06744236641922775,0.027559268093423836,0.6103258859827172,-0.656247678179247,0.030684250435863588,66.24063561290485,66.58109827023318,152.95299403692022,149.53957478935476,0.3404626573283309,-3.4134192475654572,True,False,0.5488116360940264,0.3166367693790533,0.5769498103804866,0.5957135954970277,0.3919068137641552,0.6578779076498525,-2.69648187665107,-0.5179952718833574,-0.9367311874409499,0.1312640844424076,0.08200472811664261,0.002125057392199814,0.019442366419227752,0.1312640844424076,0.08200472811664261,0.002125057392199814,0.019442366419227752,False,False,ictal_scale,high,high,mid,-0.06548716135260459,0.7830509092757044,0.39985404612635994,0.40647484096968967,0.5488116360940264,1200,500,10,51.00941181182861
-0.6,-0.55,0.58,0.048,68,213448743,True,,60,-0.15,-0.15871350920103838,0.48104145561457445,-1.0591250940492667,-0.19801833327836996,0.026701265325220356,-0.13047569312084223,0.3923706218715248,-1.0785090782393203,0.048878107913495186,53.00206955551822,53.63261229337915,126.47586192214695,123.6426028356467,0.6305427378609281,-2.8332590865002487,True,False,0.5488116360940264,0.3166367693790533,0.5769498103804866,0.3467590592179659,0.28446546325252464,0.8203548132068131,-3.623044324241134,-1.0591250940492667,-1.2571434273276367,0.3519816667216301,-0.4591250940492667,-0.0989585443854255,-0.021298734674779645,0.3519816667216301,0.4591250940492667,0.0989585443854255,0.021298734674779645,False,False,ictal_scale,high,high,mid,-0.16711879500029803,0.6785806512665292,0.4221450145596988,0.43449468040193007,0.5488116360940264,1200,500,10,41.29951620101929
-0.6,-0.55,0.58,0.048,69,1323057886,True,,60,-0.15,0.0853604202332019,0.46733198456993014,-1.0651186041420313,0.4260082837358307,0.04762147858496899,0.017841859535069157,0.48824347398015416,-0.37092472736363946,0.10723987783049213,65.59487817148147,68.4664550546857,151.66147915407345,153.31028835825978,2.871576883204227,1.6488092041863354,True,True,0.5488116360940264,0.3166367693790533,0.5769498103804866,0.3446869710403088,0.5277617540984139,1.5311334585858065,-3.0444713887420956,-1.0651186041420313,-0.6391103204062005,0.9760082837358308,-0.4651186041420313,-0.11266801543006982,-0.0003785214150310093,0.9760082837358308,0.4651186041420313,0.11266801543006982,0.0003785214150310093,False,False,ictal_scale,high,high,mid,0.0692929359544593,0.7422444298424477,0.3999325631369709,0.40300897280741943,0.5488116360940264,1200,500,10,36.914509534835815
-0.6,-0.55,0.58,0.048,70,1924662866,True,,60,-0.15,0.03759049039607612,0.4615032995815667,-0.30709133473366945,-1.8560120979761843,0.03427978105157254,0.028644178046869032,0.49092193306615234,-1.2138917351954719,0.07744293477248969,53.04234963036019,57.157341899242354,126.5564220718309,130.6920620473731,4.114992268882162,4.135639975542205,True,True,0.5488116360940264,0.3166367693790533,0.5769498103804866,0.7355834135238632,0.11496777207620475,0.15629467707196343,-3.373199572333266,-0.30709133473366945,-2.1631034327098537,-1.3060120979761842,0.2929086652663305,-0.11849670041843324,-0.013720218948427461,1.3060120979761842,0.2929086652663305,0.11849670041843324,0.013720218948427461,False,False,ictal_scale,high,high,mid,0.055712097557613256,0.7209242180155915,0.40010314174444983,0.40832573082603646,0.5488116360940264,1200,500,10,54.364601135253906
-0.6,-0.55,0.58,0.048,71,1868038338,True,,60,-0.15,-0.37869634104078226,0.7413760155707599,-0.3122418335502086,-1.0914174655148583,0.04601227835131873,0.07071179420276771,0.6798534469886008,-0.7967467835086339,0.034970773770386085,58.565682841083046,61.281998440481196,137.6030884932766,138.9413751298508,2.7163155993981505,1.338286636574196,True,True,0.5488116360940264,0.3166367693790533,0.5769498103804866,0.7318045319393371,0.2456962409145638,0.33574025602636026,-3.078846997429187,-0.3122418335502086,-1.403659299065067,-0.5414174655148583,0.28775816644979135,0.16137601557075998,-0.001987721648681273,0.5414174655148583,0.28775816644979135,0.16137601557075998,0.001987721648681273,False,False,ictal_scale,high,high,mid,-0.20395186420503847,0.8363749363681265,0.3917573898040571,0.4025587204774689,0.5488116360940264,1200,500,10,54.269315242767334
-0.6,-0.55,0.58,0.048,72,331531713,True,,60,-0.15,-0.14527376970512956,0.5702020458372649,-0.5963178469742421,-1.1622844776583001,0.057904484343270904,-0.13978154686670125,0.4769244211472521,-0.9925774698793347,0.049944151017271524,55.88927698957385,58.88170748354362,132.2502767902582,134.14079321597563,2.9924304939697706,1.8905164257174363,True,True,0.5488116360940264,0.3166367693790533,0.5769498103804866,0.5508361695540167,0.17228549481414546,0.3127708461004585,-2.8489604476048433,-0.5963178469742421,-1.7586023246325422,-0.6122844776583001,0.003682153025757917,-0.0097979541627351,0.009904484343270903,0.6122844776583001,0.003682153025757917,0.0097979541627351,0.009904484343270903,False,False,ictal_scale,high,high,mid,-0.15676014818731324,0.741875748419715,0.39932606319716135,0.3973612847906258,0.5488116360940264,1200,500,10,57.966500997543335
-0.6,-0.55,0.58,0.048,73,1976749266,True,,60,-0.15,-0.08567767933543537,0.7393735461398567,-0.33689087902469306,-1.0693937810546843,0.0850211812033308,-0.0021559167751567633,0.7360881048123827,-0.8502252112646177,0.04178484832152666,61.84663664233324,62.82390561487394,144.16499609577698,142.02518947863626,0.9772689725406991,-2.139806617140721,True,False,0.5488116360940264,0.3166367693790533,0.5769498103804866,0.7139867465821597,0.24505204557497992,0.3432165187211656,-2.464854862907227,-0.33689087902469306,-1.4062846600793772,-0.5193937810546843,0.2631091209753069,0.15937354613985677,0.0370211812033308,0.5193937810546843,0.2631091209753069,0.15937354613985677,0.0370211812033308,False,False,ictal_scale,high,high,mid,-0.009649875901215047,0.8974876929448186,0.37983921311243457,0.39489956766786305,0.5488116360940264,1200,500,10,59.41343069076538
-0.6,-0.55,0.58,0.048,74,1806579896,True,,60,-0.15,-0.34188578881978726,0.6762357785029992,-0.3647715095722768,-1.0273011014663371,0.0646733360319541,-0.04250526444654112,0.6844431904738764,-0.9299710733276194,0.09174587143995885,61.61583878225351,63.11339780092145,143.70340037561752,142.60417385073129,1.4975590186679355,-1.0992265248862338,True,False,0.5488116360940264,0.3166367693790533,0.5769498103804866,0.6943552862903084,0.24855960301488325,0.35797178753091685,-2.738406279390163,-0.3647715095722768,-1.392072611038614,-0.4773011014663371,0.2352284904277232,0.09623577850299925,0.016673336031954103,0.4773011014663371,0.2352284904277232,0.09623577850299925,0.016673336031954103,False,False,ictal_scale,high,high,mid,-0.15699177592299618,0.7384735429704459,0.41229060401013234,0.417809636858675,0.5488116360940264,1200,500,10,66.38187742233276
-0.6,-0.55,0.58,0.048,75,1986121308,True,,60,-0.15,-0.08412546298199745,0.7605716200186422,-0.4751444126609602,-0.9164213165242737,0.0988346175372376,-0.10606013542788034,0.7107893874721274,-0.9215854383648979,0.07828692978644179,62.74869740811978,63.67178790230581,145.96911762735007,143.7209540535,0.9230904941860274,-2.2481635738500643,True,False,0.5488116360940264,0.3166367693790533,0.5769498103804866,0.621795254873604,0.24868562530364224,0.3999477695502743,-2.314307355665474,-0.4751444126609602,-1.391565729185234,-0.3664213165242737,0.12485558733903979,0.18057162001864224,0.0508346175372376,0.3664213165242737,0.12485558733903979,0.18057162001864224,0.0508346175372376,False,False,ictal_scale,high,high,mid,-0.11681650960208574,0.9175574091431651,0.36591521880324046,0.3473884630417706,0.5488116360940264,1200,500,10,47.8561737537384
-0.6,-0.55,0.58,0.048,76,663628433,True,,60,-0.15,-0.11927218496806667,0.6990307464604859,-0.670300410373443,-0.9063104630249279,0.04542075447423374,-0.04150096273513276,0.6649528762467138,-1.0648329075681162,0.026583582647955538,55.23350517821598,56.423008134594205,130.93873316754247,129.22339451807682,1.1895029563782273,-1.7153386494656502,True,False,0.5488116360940264,0.3166367693790533,0.5769498103804866,0.5115548783092102,0.20667435816042254,0.40401209513145897,-3.0917861313851405,-0.670300410373443,-1.576610873398371,-0.35631046302492786,-0.07030041037344303,0.11903074646048595,-0.0025792455257662578,0.35631046302492786,0.07030041037344303,0.11903074646048595,0.0025792455257662578,False,False,ictal_scale,high,high,mid,-0.1393583112436804,0.7828303589363952,0.3985596869165434,0.4018609165226386,0.5488116360940264,1200,500,10,52.924134254455566
-0.6,-0.55,0.58,0.048,77,2094832236,True,,60,-0.15,0.10040904367985093,0.5774838971520292,-0.5513737585593523,-0.6232488779388684,0.0764084396458178,0.13685327278622145,0.46118833603876275,-0.4170651738093373,0.11228119810843978,65.85355788099577,68.13772326978261,152.17883857310204,152.65282478845361,2.284165388786846,0.47398621535157304,True,True,0.5488116360940264,0.3166367693790533,0.5769498103804866,0.5761577648044177,0.3089355386907844,0.5361995577646262,-2.5716621223423486,-0.5513737585593523,-1.1746226364982206,-0.07324887793886836,0.048626241440647644,-0.0025161028479707692,0.028408439645817796,0.07324887793886836,0.048626241440647644,0.0025161028479707692,0.028408439645817796,False,False,ictal_scale,high,high,mid,0.11702356215760473,0.8048785699862626,0.39080934155127495,0.3934475874206392,0.5488116360940264,1200,500,10,50.520437240600586
-0.6,-0.55,0.58,0.048,78,1493227256,True,,60,-0.15,-0.3382925301869028,0.5930407660765784,-0.5273113064375894,-0.9011638310457213,0.04227455160875753,-0.20575778221039687,0.5376478754044268,-0.6521632312676479,0.09154474423918184,57.5113344637907,61.33982684259852,135.49439173869192,139.05703193408544,3.828492378807816,3.562640195393527,True,True,0.5488116360940264,0.3166367693790533,0.5769498103804866,0.5901896775133455,0.23967411381189807,0.40609675659140704,-3.1635699907881594,-0.5273113064375894,-1.4284751374833107,-0.35116383104572124,0.07268869356241059,0.013040766076578447,-0.00572544839124247,0.35116383104572124,0.07268869356241059,0.013040766076578447,0.00572544839124247,False,False,ictal_scale,high,high,mid,-0.1713338252954597,0.7460831799167106,0.4102845216315076,0.4180556466986508,0.5488116360940264,1200,500,10,56.70579791069031
-0.6,-0.55,0.58,0.048,79,2104204278,True,,60,-0.15,-0.10955841791296876,0.5743772164405672,-0.0706640311396518,-1.773337066931444,0.05119439371580312,-0.2791552579584464,0.5292196325519373,-0.8823484488712295,0.07098671172993969,56.741531726622156,60.60584099439221,133.95478626435482,137.5890602376728,3.8643092677700537,3.6342739733179883,True,True,0.5488116360940264,0.3166367693790533,0.5769498103804866,0.9317748868932513,0.15818325155299026,0.16976552360238972,-2.97212525067021,-0.0706640311396518,-1.844001098071096,-1.223337066931444,0.5293359688603482,-0.005622783559432798,0.003194393715803122,1.223337066931444,0.5293359688603482,0.005622783559432798,0.003194393715803122,False,False,ictal_scale,high,high,mid,-0.3954687148662078,0.7901047714073123,0.3893514445763618,0.38684722881055805,0.5488116360940264,1200,500,10,58.04643774032593
-0.6,-0.55,0.58,0.048,80,545545463,True,,60,-0.15,-0.510469513147299,0.5818132627843087,-0.1866300973990957,-1.5577384397766658,0.05195403629336275,-0.22923199246752152,0.43568413532185923,-0.8183371378173239,0.08474930734627159,57.721234706832696,60.85803956386443,135.9141922247759,138.09345737661727,3.136804857031734,2.1792651518413777,True,True,0.5488116360940264,0.3166367693790533,0.5769498103804866,0.8297506065333305,0.17475530561154728,0.21061184437293626,-2.957395868721415,-0.1866300973990957,-1.7443685371757616,-1.0077384397766658,0.4133699026009043,0.0018132627843087112,0.003954036293362752,1.0077384397766658,0.4133699026009043,0.0018132627843087112,0.003954036293362752,False,False,ictal_scale,high,high,mid,-0.31032629772729575,0.7579957909540156,0.40312467818366005,0.4121447456980091,0.5488116360940264,1200,500,10,62.745280027389526
-0.6,-0.55,0.58,0.048,81,65431559,True,,60,-0.15,0.18279287049672815,0.5065541680432254,0.18165686864035152,-2.0243824637556336,0.04279799918343345,0.0764972720680569,0.3882663022726699,-0.8408955211795063,0.05020725066922523,59.675158971183734,64.52904039247412,139.82204075347798,145.43545903383662,4.853881421290382,5.613418280358644,True,True,0.5488116360940264,0.3166367693790533,0.5769498103804866,1.1992026392431578,0.15838514348741428,0.13207537934320634,-3.1512639255377306,0.18165686864035152,-1.8427255951152821,-1.4743824637556335,0.7816568686403516,-0.07344583195677457,-0.005202000816566549,1.4743824637556335,0.7816568686403516,0.07344583195677457,0.005202000816566549,False,False,ictal_scale,high,high,mid,0.0961088663274944,0.7920202176757487,0.3919929258736795,0.39392364538295854,0.5488116360940264,1200,500,10,63.886659383773804
-0.6,-0.55,0.58,0.048,82,436834535,True,,60,-0.15,-0.5516850007926034,0.2823220581060455,-0.7464251569858732,-0.1694290499088282,0.049122792369181295,-0.5420380079229661,0.1858681869067399,-0.8232262871893248,0.0032462548634337933,63.27578188704583,64.95288826475326,147.02328658520216,146.2831547783949,1.6771063777074247,-0.7401318068072555,True,False,0.5488116360940264,0.3166367693790533,0.5769498103804866,0.47405821091684874,0.400174648108139,0.8441466446371307,-3.0134321488522455,-0.7464251569858732,-0.9158542068947014,0.3805709500911718,-0.14642515698587322,-0.29767794189395447,0.001122792369181294,0.3805709500911718,0.14642515698587322,0.29767794189395447,0.001122792369181294,False,False,ictal_scale,high,high,mid,-0.5515737589404115,0.6787038500548345,0.4047636949716665,0.41437710018424023,0.5488116360940264,1200,500,10,51.12904596328735
-0.6,-0.55,0.58,0.048,83,1038439515,True,,60,-0.15,-0.09141423810589823,0.6000425627683291,-0.33816283486306575,-0.9028124857890047,0.07076388267597128,-0.11269205089113718,0.6520100835150826,-0.6187611424696239,0.0055050381359183125,65.49349474474892,67.76399108397598,151.45871230060834,151.90536041684035,2.2704963392270656,0.44664811623201217,True,True,0.5488116360940264,0.3166367693790533,0.5769498103804866,0.7130791642959803,0.28910211312859796,0.40542779484242414,-2.6484065401392254,-0.33816283486306575,-1.2409753206520704,-0.3528124857890047,0.2618371651369342,0.020042562768329164,0.022763882675971278,0.3528124857890047,0.2618371651369342,0.020042562768329164,0.022763882675971278,False,False,ictal_scale,high,high,mid,-0.14827580447746053,0.82214219822389,0.4059694888424538,0.4265069918843728,0.5488116360940264,1200,500,10,60.71991777420044
-0.6,-0.55,0.58,0.048,84,1720021154,True,,60,-0.15,-0.26055557906287136,0.619920322567557,-0.1270368753769049,-1.111334951222383,0.05106303300181112,-0.049479716385451906,0.38461682418428106,-0.5740819126977568,0.06845893592486235,62.62118497239591,65.88687797485241,145.71409275590233,148.1511341985932,3.2656930024565014,2.4370414426908837,True,True,0.5488116360940264,0.3166367693790533,0.5769498103804866,0.8807011958098276,0.2898557694048902,0.32911930945927725,-2.97469446819243,-0.1270368753769049,-1.2383718265992878,-0.5613349512223829,0.4729631246230951,0.039920322567557065,0.0030630330018111204,0.5613349512223829,0.4729631246230951,0.039920322567557065,0.0030630330018111204,False,False,ictal_scale,high,high,mid,-0.07031747567643144,0.8089069617590509,0.4027560516753156,0.4059463192302485,0.5488116360940264,1200,500,10,69.83990907669067
-0.6,-0.55,0.58,0.048,85,929728587,True,,60,-0.15,0.24137279984584736,0.4652285005656301,-0.0759892543941573,-2.1286070272964914,0.034614061405143455,0.05618513274955972,0.3914159937532053,-0.8599259112988261,0.015090249128155942,55.98786069151089,62.66532908001392,132.4474441941323,141.70803640891623,6.67746838850303,9.26059221478394,True,True,0.5488116360940264,0.3166367693790533,0.5769498103804866,0.9268261658145356,0.11029504444615788,0.11900294630679285,-3.3634952804835767,-0.0759892543941573,-2.2045962816906486,-1.5786070272964914,0.5240107456058427,-0.11477149943436987,-0.013385938594856546,1.5786070272964914,0.5240107456058427,0.11477149943436987,0.013385938594856546,False,False,ictal_scale,high,high,mid,0.11568052576221956,0.6694138941293006,0.4173751089624395,0.4370152505971121,0.5488116360940264,1200,500,10,65.07254076004028
-0.6,-0.55,0.58,0.048,86,318751565,True,,60,-0.15,-0.2660825540409042,0.5046882577668542,-0.040054763542970565,-1.6378153573601961,0.07565914840960207,0.0020297877700515775,0.5956514489016869,-0.5203439228163755,0.09002340108283408,66.80023765663358,68.42553254198546,154.07219812437768,153.2284433328593,1.6252948853518774,-0.8437547915183643,True,False,0.5488116360940264,0.3166367693790533,0.5769498103804866,0.9607368243592859,0.18677135310750417,0.19440428260055687,-2.5815169153309214,-0.040054763542970565,-1.6778701209031668,-1.087815357360196,0.5599452364570294,-0.07531174223314574,0.02765914840960207,1.087815357360196,0.5599452364570294,0.07531174223314574,0.02765914840960207,False,False,ictal_scale,high,high,mid,-0.1585894724555355,0.8331284857708713,0.4010626626699461,0.41502405903903977,0.5488116360940264,1200,500,10,66.8446638584137
-0.6,-0.55,0.58,0.048,87,920356545,True,,60,-0.15,-0.21377657140259004,0.5397134314710853,0.28588103512327057,-1.7246318918854027,0.07138121259690595,-0.1177463854063742,0.5061291973028884,-0.3095211691791763,0.15415857283908554,64.34493011255799,71.45255586321333,149.1615830362265,159.28248997531506,7.107625750655345,10.12090693908857,True,True,0.5488116360940264,0.3166367693790533,0.5769498103804866,1.3309341114213011,0.23722390031289323,0.1782386507920835,-2.6397205731559543,0.28588103512327057,-1.438750856762132,-1.1746318918854026,0.8858810351232705,-0.04028656852891466,0.023381212596905954,1.1746318918854026,0.8858810351232705,0.04028656852891466,0.023381212596905954,False,False,ictal_scale,high,high,mid,-0.10057274789219714,0.9015451372759667,0.3693255516767511,0.36521479207559193,0.5488116360940264,1200,500,10,62.66707754135132
-0.6,-0.55,0.58,0.048,88,1838104124,True,,60,-0.15,0.21072754196845478,0.6046823351870887,-0.506233371223257,-0.9963495191629547,0.056141672513991034,0.02888640738542445,0.6861177717551157,-0.9444281901299952,0.04990435929678175,58.09967882815624,59.57959386254923,136.671080467423,135.53656597398685,1.479915034392988,-1.1345144934361429,True,False,0.5488116360940264,0.3166367693790533,0.5769498103804866,0.6027616878562957,0.222554583049175,0.36922483218978946,-2.8798769166505043,-0.506233371223257,-1.5025828903862117,-0.4463495191629546,0.09376662877674302,0.024682335187088733,0.008141672513991033,0.4463495191629546,0.09376662877674302,0.024682335187088733,0.008141672513991033,False,False,ictal_scale,high,high,mid,0.2335030929172998,0.7650514683016839,0.38815521555115473,0.38431709244663725,0.5488116360940264,1200,500,10,48.603410720825195
-0.6,-0.55,0.58,0.048,89,811645617,True,,60,-0.15,-0.18027354765472842,0.5708361381696578,-0.49637736761063606,-0.3993762891532471,0.039443505854033306,-0.17868457880438998,0.4627381646409065,-0.4790969492700562,0.03923013176508172,66.61817001839071,67.7255574397909,153.70806284789194,151.8284931284702,1.1073874214001904,-1.8795697194217382,True,False,0.5488116360940264,0.3166367693790533,0.5769498103804866,0.6087318820279737,0.4082997647754669,0.670738262328609,-3.232885862375912,-0.49637736761063606,-0.8957536567638831,0.15062371084675297,0.10362263238936392,-0.009163861830342124,-0.008556494145966695,0.15062371084675297,0.10362263238936392,0.009163861830342124,0.008556494145966695,False,False,ictal_scale,high,high,mid,-0.20202443646920687,0.8081750374207042,0.3950280104249854,0.3926240462424815,0.5488116360940264,1200,500,10,63.103537797927856
-0.6,-0.55,0.58,0.048,90,833571940,True,,60,-0.15,-0.2964082895904441,0.545982106723103,-1.1010982907588347,-0.21824572787334298,0.057502230053433495,-0.12749644531163717,0.46321197819538734,-1.103411708170481,0.04742023575432826,57.165474871263314,57.16377851410986,134.80267255363714,130.70493527710812,-0.0016963571534560629,-4.097737276529017,False,False,0.5488116360940264,0.3166367693790533,0.5769498103804866,0.3325056951511318,0.26731059523490086,0.8039278699073162,-2.8559315483929204,-1.1010982907588347,-1.3193440186321777,0.3317542721266571,-0.5010982907588347,-0.03401789327689697,0.009502230053433494,0.3317542721266571,0.5010982907588347,0.03401789327689697,0.009502230053433494,False,False,ictal_scale,high,high,mid,-0.2486786303237171,0.6879408293944057,0.4236751409885741,0.44426864756039,0.5488116360940264,1200,500,10,44.58311629295349
-0.6,-0.55,0.58,0.048,91,802273575,True,,60,-0.15,-0.2123424643543051,0.48833556138299894,-0.43779751136264344,-0.377919386390466,0.07620273487930793,-0.14328147121574936,0.4771937481755519,-0.17478591329323218,0.11772684475479427,70.25369164844123,73.50400242800747,160.97910610799298,163.38538310490333,3.2503107795662345,2.40627699691035,True,True,0.5488116360940264,0.3166367693790533,0.5769498103804866,0.6454564672263198,0.44232211394050797,0.6852857417964553,-2.57435792612903,-0.43779751136264344,-0.8157168977531095,0.17208061360953403,0.16220248863735653,-0.09166443861700102,0.028202734879307925,0.17208061360953403,0.16220248863735653,0.09166443861700102,0.028202734879307925,False,False,ictal_scale,high,high,mid,-0.18676333384361318,0.7967048046933847,0.3967905240617649,0.3950343565246296,0.5488116360940264,1200,500,10,42.42975425720215
-0.6,-0.55,0.58,0.048,92,1304539669,True,,60,-0.15,-0.2363405164411525,0.4091708103316574,-1.1696972429263386,-0.18404792822663602,0.03212028530028688,-0.10062968327571342,0.41848836907143017,-1.2248175035812658,0.03728561423098409,53.39205183678138,52.64856451591508,127.25582648467326,121.67450728071857,-0.7434873208662935,-5.581319203954692,False,False,0.5488116360940264,0.3166367693790533,0.5769498103804866,0.3104609212782227,0.2582711773242029,0.8318959315744301,-3.4382675076177787,-1.1696972429263386,-1.3537451711529747,0.36595207177336403,-0.5696972429263386,-0.17082918966834254,-0.015879714699713124,0.36595207177336403,0.5696972429263386,0.17082918966834254,0.015879714699713124,False,False,ictal_scale,high,high,mid,-0.2275340992925674,0.6149586414626584,0.421901226947267,0.4224721998671526,0.5488116360940264,1200,500,10,50.91430163383484
-0.6,-0.55,0.58,0.048,93,693562647,True,,60,-0.15,-0.2408346107317227,0.5630743817786439,-0.783178700800917,-0.4297619992017921,0.07059763796920827,-0.07783708165574069,0.592873839185932,-0.6643929601716206,0.025494855639825034,66.08557990226436,67.10610657175422,152.64288261563922,150.58959139239684,1.0205266694898683,-2.0532912232423826,True,False,0.5488116360940264,0.3166367693790533,0.5769498103804866,0.45695118919701955,0.29732165878928,0.650663934832406,-2.6507585915694176,-0.783178700800917,-1.212940700002709,0.12023800079820796,-0.18317870080091703,-0.016925618221356076,0.022597637969208273,0.12023800079820796,0.18317870080091703,0.016925618221356076,0.022597637969208273,False,False,ictal_scale,high,high,mid,-0.33634716620353206,0.8023262560478164,0.4069082668457282,0.4337782109267503,0.5488116360940264,1200,500,10,53.958964347839355
-0.6,-0.55,0.58,0.048,94,951654910,True,,60,-0.15,-0.15894183098754133,0.8199092139178505,-0.7735460692094345,-0.6212153024536964,0.0573206468879838,-0.11270510835694669,0.8058646821603095,-0.6311782360074341,0.07819210431497653,56.33662009102054,60.110869415081616,133.14496299315158,136.59911707905164,3.774249324061074,3.4541540859000577,True,True,0.5488116360940264,0.3166367693790533,0.5769498103804866,0.46137409959182796,0.24789218340931776,0.5372910695000542,-2.8590943905313497,-0.7735460692094345,-1.3947613716631309,-0.07121530245369634,-0.1735460692094345,0.23990921391785058,0.0093206468879838,0.07121530245369634,0.1735460692094345,0.23990921391785058,0.0093206468879838,False,False,ictal_scale,high,high,mid,-0.3641234555388935,0.9507497652096304,0.36402551952788087,0.35615388889710337,0.5488116360940264,1200,500,10,80.14330291748047
-0.6,-0.55,0.58,0.048,95,350049930,True,,60,-0.15,-0.14107241368477794,0.6595944682330184,-0.21543878501002284,-1.8240047987999897,0.08006258496681434,0.0803713980523013,0.4823162591436459,-0.6062214463110938,0.07843765298634064,58.888573233410874,63.01829671992128,138.24886927793224,142.41397168873095,4.129723486510407,4.16510241079871,True,True,0.5488116360940264,0.3166367693790533,0.5769498103804866,0.8061876195146932,0.13010108109043353,0.16137816798619592,-2.5249466380696743,-0.21543878501002284,-2.0394435838100127,-1.2740047987999896,0.38456121498997714,0.07959446823301841,0.03206258496681434,1.2740047987999896,0.38456121498997714,0.07959446823301841,0.03206258496681434,False,False,ictal_scale,high,high,mid,0.056544364320644844,0.7072964807281676,0.40622208968578877,0.4292178560476122,0.5488116360940264,1200,500,10,76.1880030632019
-0.6,-0.55,0.58,0.048,96,1186456699,True,,60,-0.15,-0.4411555347504569,0.4245537767140892,-0.2962771303721018,-1.8309650743782324,0.027775633218584783,-0.47833235864611434,0.27907670884368485,-1.0064697062721637,0.029025376985110683,53.82561500618601,56.914610640798095,128.12295282348254,130.2065995304846,3.0889956346120826,2.0836467070020603,True,True,0.5488116360940264,0.3166367693790533,0.5769498103804866,0.743581330492749,0.1191654750972212,0.16025883142904332,-3.58359614556745,-0.2962771303721018,-2.1272422047503343,-1.2809650743782324,0.3037228696278982,-0.15544622328591073,-0.020224366781415218,1.2809650743782324,0.3037228696278982,0.15544622328591073,0.020224366781415218,False,False,ictal_scale,high,high,mid,-0.4625910709440949,0.6483022355532542,0.40652608117822114,0.41282898207267976,0.5488116360940264,1200,500,10,79.10155963897705
-0.6,-0.55,0.58,0.048,97,458760858,True,,60,-0.15,-0.3238761958925067,0.6823588205386747,-1.082875661072762,-0.6177204212939745,0.0659201221534513,-0.17628317912509045,0.4775013514688913,-1.1108826873737612,0.05214489256603574,53.13895733422773,55.07560839799697,126.74963747956596,126.52859504488235,1.93665106376924,-0.22104243468361062,True,False,0.5488116360940264,0.3166367693790533,0.5769498103804866,0.33862036679652824,0.18257466207392986,0.5391721230508152,-2.719311540326641,-1.082875661072762,-1.7005960823667365,-0.06772042129397449,-0.4828756610727619,0.10235882053867473,0.017920122153451304,0.06772042129397449,0.4828756610727619,0.10235882053867473,0.017920122153451304,False,False,ictal_scale,high,high,mid,-0.23301554175589087,0.7116332365008159,0.4054857298366741,0.41026501987932534,0.5488116360940264,1200,500,10,46.632720947265625
-0.6,-0.55,0.58,0.048,98,1069737880,True,,60,-0.15,-0.08908339935352741,0.7119249905719514,-0.025233697113539316,-1.288415895816316,0.06553160280714104,-0.04615407945025069,0.733697711325307,-0.7072526945821609,0.055992300291125986,63.315037658799746,65.74923860277826,147.10179812871,147.87585545444492,2.4342009439785173,0.7740573257349297,True,True,0.5488116360940264,0.3166367693790533,0.5769498103804866,0.9750820115479648,0.26883711776850716,0.2757071862516694,-2.7252227670944777,-0.025233697113539316,-1.3136495929298555,-0.7384158958163161,0.5747663028864607,0.1319249905719514,0.017531602807141042,0.7384158958163161,0.5747663028864607,0.1319249905719514,0.017531602807141042,False,False,ictal_scale,high,high,mid,-0.13331707761338424,0.9562816733509185,0.3647358093026531,0.3585840147101059,0.5488116360940264,1200,500,10,54.30568742752075
-0.6,-0.55,0.58,0.048,99,468132900,True,,60,-0.15,-0.056071503068386,0.3551614634080632,-0.08792015535597315,-0.990336496147249,0.06582892891136488,0.11607696859362301,0.5140264698370997,-0.11587491792702163,0.1358947688557235,70.58313372264168,74.50735591317839,161.63799025639386,165.39209007524516,3.9242221905367103,3.7540998188513015,True,True,0.5488116360940264,0.3166367693790533,0.5769498103804866,0.9158339982436834,0.34018807535433104,0.3714516779315005,-2.720695888159329,-0.08792015535597315,-1.0782566515032221,-0.4403364961472489,0.5120798446440268,-0.22483853659193676,0.01782892891136488,0.4403364961472489,0.5120798446440268,0.22483853659193676,0.01782892891136488,False,False,ictal_scale,high,high,mid,0.12931550084972016,0.7931345306772571,0.39134186577729674,0.39956844682237813,0.5488116360940264,1200,500,10,53.29723620414734
-0.6,-0.3,0.58,0.048,0,1792852248,True,,60,-0.15,0.00012755020486021357,0.6538942212566142,-0.7283877795162803,-0.4728728062761847,0.06384578913623436,-0.06447803678570813,0.5663780046492698,-0.9794217860577885,0.04992144805686447,61.40110580437407,61.41971286704874,143.27393441985865,139.21680398298588,0.018607062674668384,-4.057130436872768,True,False,0.5488116360940264,0.40656965974059917,0.7408182206817179,0.48268656027417833,0.3008147699776956,0.6232093344526209,-2.7512846479933857,-0.7283877795162803,-1.201260585792465,-0.17287280627618473,-0.12838777951628033,0.07389422125661427,0.015845789136234356,0.17287280627618473,0.12838777951628033,0.07389422125661427,0.015845789136234356,False,False,ictal_scale,high,high,mid,-0.041580998489460126,0.8408315872922412,0.45098756402286105,0.46978733826671887,0.5488116360940264,1200,500,10,53.40146493911743
-0.6,-0.3,0.58,0.048,1,856897493,True,,60,-0.15,-0.34196042101583923,0.5408577999057519,-0.25977499378630864,-2.150493406149667,0.05567240518612839,-0.2216599897434779,0.4999582898476058,-0.6029755185705554,0.09344977713415621,53.49770548038032,61.353293283985444,127.46713377187115,139.0839648168593,7.855587803605125,11.616831044988146,True,True,0.5488116360940264,0.40656965974059917,0.7408182206817179,0.771225096721234,0.0897911913877261,0.11642669795039347,-2.8882706733706502,-0.25977499378630864,-2.4102683999359757,-1.8504934061496672,0.34022500621369134,-0.03914220009424807,0.007672405186128391,1.8504934061496672,0.34022500621369134,0.03914220009424807,0.007672405186128391,False,False,ictal_scale,high,high,mid,-0.20940843728561662,0.6620457850322499,0.4757752593605621,0.48791835911497117,0.5488116360940264,1200,500,10,120.8339295387268
-0.6,-0.3,0.58,0.048,2,1901563176,True,,60,-0.15,0.15043048581470098,0.5738096485749773,-0.9364040151965389,0.06766012809542371,0.054713692046613076,0.0757571170186052,0.3958781170199047,-0.7070808343049065,0.06560920892999969,62.74630803039963,63.74888659587062,145.96433887190977,143.87515144062965,1.0025785654709907,-2.0891874312801235,True,False,0.5488116360940264,0.40656965974059917,0.7408182206817179,0.39203505577348347,0.41947813034607423,1.0700015831962928,-2.9056412892386683,-0.9364040151965389,-0.8687438871011153,0.3676601280954237,-0.33640401519653895,-0.0061903514250226666,0.006713692046613075,0.3676601280954237,0.33640401519653895,0.0061903514250226666,0.006713692046613075,False,False,ictal_scale,high,high,mid,0.10179648791446269,0.7783415920397154,0.46184970641858797,0.4731842009206382,0.5488116360940264,1200,500,10,42.54264760017395
-0.6,-0.3,0.58,0.048,3,1299958196,True,,60,-0.15,-0.22508335024355708,0.3808808363497643,-1.0815859820217342,0.37143218623435525,0.04382322315111385,-0.279759410055757,0.48593034042539335,-0.36586887030453513,0.09521293009869142,63.300048164686096,66.67407805220395,147.0718191404827,149.7255343532963,3.3740298875178567,2.6537152128136086,True,True,0.5488116360940264,0.40656965974059917,0.7408182206817179,0.3390573601198344,0.4915685904686738,1.4498095257243104,-3.1275913931812864,-1.0815859820217342,-0.7101537957873789,0.6714321862343553,-0.4815859820217342,-0.1991191636502357,-0.004176776848886149,0.6714321862343553,0.4815859820217342,0.1991191636502357,0.004176776848886149,False,False,ictal_scale,high,high,mid,-0.2902626461690804,0.761375041945166,0.4661515086537198,0.4703333112244184,0.5488116360940264,1200,500,10,47.57726001739502
-0.6,-0.3,0.58,0.048,4,1349791545,True,,60,-0.15,-0.38141032822834914,0.5733518676441046,-0.2640723721430921,-0.8788660466662707,0.0673236050862158,-0.15925291505015832,0.5388872144942697,-0.553485546795393,0.03339232134737808,65.29886404855682,66.1207761056921,151.06945090822416,148.6189304602726,0.8219120571352789,-2.450520447951561,True,False,0.5488116360940264,0.40656965974059917,0.7408182206817179,0.7679179617769726,0.31888063894313956,0.4152535229222213,-2.6982443596047134,-0.2640723721430921,-1.1429384188093628,-0.5788660466662707,0.3359276278569079,-0.006648132355895342,0.019323605086215792,0.5788660466662707,0.3359276278569079,0.006648132355895342,0.019323605086215792,False,False,ictal_scale,high,high,mid,-0.1873242036284378,0.8603887479105551,0.45314622403436644,0.4697723855774723,0.5488116360940264,1200,500,10,55.75527596473694
-0.6,-0.3,0.58,0.048,5,1408669124,True,,60,-0.15,0.37548888220204885,0.5823202081061128,-1.1663498556950713,0.5980789699647844,0.08057969184200263,0.25916823754493434,0.4194367206407829,-0.5186348482753981,0.08696260681333214,67.57759404015879,68.91232388216856,155.62691089142808,154.20202601322552,1.3347298420097786,-1.4248848782025618,True,False,0.5488116360940264,0.40656965974059917,0.7408182206817179,0.3115018955018194,0.5665041427071639,1.8186218154292262,-2.518508623475409,-1.1663498556950713,-0.568270885730287,0.8980789699647844,-0.5663498556950713,0.0023202081061128865,0.03257969184200263,0.8980789699647844,0.5663498556950713,0.0023202081061128865,0.03257969184200263,False,False,ictal_scale,high,high,mid,0.3718977103757325,0.8326733816480864,0.4417438917531603,0.4488822634533494,0.5488116360940264,1200,500,10,43.66036033630371
-0.6,-0.3,0.58,0.048,6,1241080617,True,,60,-0.15,-0.24957153897449977,0.5553164482979462,-0.027217507275639246,-0.3894018537126272,0.08725689318056908,-0.24357248054546565,0.5684921727246819,0.04505784556652413,0.18767551964039356,78.71189431354097,82.13090165044565,177.89551143819244,180.6391815497797,3.4190073369046843,2.7436701115872495,True,True,0.5488116360940264,0.40656965974059917,0.7408182206817179,0.9731495513953862,0.6592718167633292,0.6774619746964978,-2.4388987160854367,-0.027217507275639246,-0.41661936098826646,-0.08940185371262721,0.5727824927243608,-0.02468355170205372,0.039256893180569075,0.08940185371262721,0.5727824927243608,0.02468355170205372,0.039256893180569075,False,False,ictal_scale,high,high,mid,-0.36173206318657775,1.020126019035394,0.4326381461774084,0.4373085542485597,0.5488116360940264,1200,500,10,46.488525390625
-0.6,-0.3,0.58,0.048,7,1418041166,True,,60,-0.15,-0.17646473920494107,0.6304486832266197,-0.3078776244191012,-0.9488577135729316,0.08059799654229294,0.0314403638989864,0.5418409506616713,-0.676560217306115,0.036701120371982074,63.98123147113546,66.0437619177089,148.43418575338143,148.4649020843062,2.0625304465734473,0.030716330924775548,True,True,0.5488116360940264,0.40656965974059917,0.7408182206817179,0.7350052592012121,0.28458157426464714,0.38718304488586147,-2.5182814865738625,-0.3078776244191012,-1.2567353379920327,-0.6488577135729316,0.29212237558089876,0.05044868322661977,0.03259799654229294,0.6488577135729316,0.29212237558089876,0.05044868322661977,0.03259799654229294,False,False,ictal_scale,high,high,mid,-0.05190823617464825,0.8318408290800641,0.4526378527988386,0.45772862627780864,0.5488116360940264,1200,500,10,70.58785724639893
-0.6,-0.3,0.58,0.048,8,1231708575,True,,60,-0.15,-0.5492612464012224,0.4691446170043909,-0.19831349901487133,-1.215502549290853,0.041794950489739975,-0.4029943588501712,0.5128223548014802,-0.5713060093428595,0.0664003932560989,61.03892599049142,65.24750997639205,142.54957479209335,146.8723982016725,4.208583985900631,4.322823409579144,True,True,0.5488116360940264,0.40656965974059917,0.7408182206817179,0.8201127083064739,0.2432133959670517,0.29656094034841307,-3.174979748429399,-0.19831349901487133,-1.4138160483057245,-0.9155025492908531,0.40168650098512865,-0.11085538299560904,-0.006205049510260026,0.9155025492908531,0.40168650098512865,0.11085538299560904,0.006205049510260026,False,False,ictal_scale,high,high,mid,-0.5324029760186458,0.823156235787007,0.44732888101375806,0.4574776257341972,0.5488116360940264,1200,500,10,62.46476364135742
-0.6,-0.3,0.58,0.048,9,1526752094,True,,60,-0.15,-0.11318700150422929,0.3766237859917455,-1.3809969677400171,0.6416380249861796,0.05991296289805814,-0.04221947738551991,0.32946464229903066,-0.7964331435947583,0.03890098331956061,63.985579608554495,63.74629894972325,148.4428820282195,143.8699761483349,-0.23928065883124816,-4.572905879884587,False,False,0.5488116360940264,0.40656965974059917,0.7408182206817179,0.25132786234431814,0.4774198709108061,1.8995899080092553,-2.8148623882911727,-1.3809969677400171,-0.7393589427538375,0.9416380249861795,-0.7809969677400171,-0.20337621400825445,0.011912962898058141,0.9416380249861795,0.7809969677400171,0.20337621400825445,0.011912962898058141,False,False,ictal_scale,high,high,mid,-0.13145102427477803,0.7013812407758052,0.46942011330502,0.48320077783803383,0.5488116360940264,1200,500,10,48.01876139640808
-0.6,-0.3,0.58,0.048,10,1122997647,True,,60,-0.15,-0.0847914476002547,0.7055443127098595,0.0438737565508868,-2.0451079406700785,0.07265382531817116,-0.01428745849672609,0.5083729082851287,-0.6417583891025977,0.1462842529336689,56.48978196866092,65.21217810450074,133.45128674843235,146.80173445788986,8.722396135839816,13.350447709457512,True,True,0.5488116360940264,0.40656965974059917,0.7408182206817179,1.044850441038505,0.13516835760894372,0.1293662253466594,-2.622049236282219,0.0438737565508868,-2.0012341841191916,-1.7451079406700785,0.6438737565508867,0.12554431270985955,0.02465382531817116,1.7451079406700785,0.6438737565508867,0.12554431270985955,0.02465382531817116,False,False,ictal_scale,high,high,mid,-0.016616173402688266,0.8469941564860592,0.45205130527803217,0.45030525066700616,0.5488116360940264,1200,500,10,75.12526440620422
-0.6,-0.3,0.58,0.048,11,1724602627,True,,60,-0.15,-0.047206749951460514,0.5648240534128525,0.2964838223080723,-1.8762162499011514,0.0963252631938002,-0.2395374755787456,0.5035273190275015,-0.2532143669172018,0.1368083122748657,67.81468041095015,72.70690728655504,156.1010836330108,161.79119282199846,4.892226875604891,5.6901091889876625,True,True,0.5488116360940264,0.40656965974059917,0.7408182206817179,1.34512079887134,0.20603021883172645,0.15316856226191852,-2.340024656121713,0.2964838223080723,-1.579732427593079,-1.5762162499011514,0.8964838223080722,-0.015175946587147493,0.048325263193800205,1.5762162499011514,0.8964838223080722,0.015175946587147493,0.048325263193800205,False,False,ictal_scale,high,high,mid,-0.25914897923285507,0.8589705080894271,0.4519600438174412,0.4581437857888386,0.5488116360940264,1200,500,10,55.852558851242065
-0.6,-0.3,0.58,0.048,12,1113625605,True,,60,-0.15,0.05328590948469869,0.558875943511945,-0.3373159186765292,-0.7420945474799188,0.06222393232292962,-0.022904422799100238,0.44367713111364065,-0.8520328634125002,0.05374609651441967,65.09160056860807,65.97646913901947,150.65492394832665,148.33031652692733,0.884868570411399,-2.324607421399321,True,False,0.5488116360940264,0.40656965974059917,0.7408182206817179,0.7136833383888009,0.3397957877252626,0.47611562362150645,-2.7770155892054644,-0.3373159186765292,-1.0794104661564479,-0.4420945474799188,0.26268408132347076,-0.021124056488054932,0.014223932322929622,0.4420945474799188,0.26268408132347076,0.021124056488054932,0.014223932322929622,False,False,ictal_scale,high,high,mid,-0.06299621542849981,0.7729048761990944,0.4568697763558764,0.46575755433881694,0.5488116360940264,1200,500,10,62.32520079612732
-0.6,-0.3,0.58,0.048,13,1615891699,True,,60,-0.15,-0.4669899681223493,0.3532122361674175,-0.5612476034211599,-0.3741309932246495,0.0500783694013308,-0.3647932680987405,0.22932285905291627,-0.5317155791202006,0.02644601199152943,64.0077983873258,65.32469673646035,148.48731958576212,147.0267717218091,1.3168983491345472,-1.4605478639530247,True,False,0.5488116360940264,0.40656965974059917,0.7408182206817179,0.5704968658292813,0.3924372619718156,0.6878867974171321,-2.994166112597958,-0.5612476034211599,-0.9353785966458094,-0.0741309932246495,0.03875239657884011,-0.22678776383258248,0.0020783694013307985,0.0741309932246495,0.03875239657884011,0.22678776383258248,0.0020783694013307985,False,False,ictal_scale,high,high,mid,-0.4696960694690559,0.692914360720092,0.46715964406289945,0.4781194747577817,0.5488116360940264,1200,500,10,53.47338390350342
-0.6,-0.3,0.58,0.048,14,1004914677,True,,60,-0.15,0.10313449758990272,0.502630252063639,-0.23611032118680897,-0.3447040521497844,0.09390333978421261,0.18193160054898966,0.5203022062377334,-0.03843454040208087,0.18184174446560453,75.43897522014285,78.65474720981292,171.3496732513962,173.68687266851424,3.215771989670074,2.337199417118029,True,True,0.5488116360940264,0.40656965974059917,0.7408182206817179,0.7896935491974761,0.5594425858774784,0.7084299807767334,-2.3654893259434235,-0.23611032118680897,-0.5808143733365934,-0.0447040521497844,0.363889678813191,-0.07736974793636098,0.04590333978421261,0.0447040521497844,0.363889678813191,0.07736974793636098,0.04590333978421261,False,False,ictal_scale,high,high,mid,0.16883291132779069,0.9528968563951905,0.43602950030354576,0.43394717964221463,0.5488116360940264,1200,500,10,43.98904824256897
-0.6,-0.3,0.58,0.048,15,1606519657,True,,60,-0.15,0.13207949027698881,0.8091046228157044,-0.5960793899977759,-0.9597796397314556,0.09047188378310038,0.15615993021854546,0.8034189250232656,-1.0005477105558875,0.044733947578049445,59.74050066557514,62.743107122424405,139.9527241422608,141.8635924937372,3.0026064568492643,1.9108683514764095,True,True,0.5488116360940264,0.40656965974059917,0.7408182206817179,0.5509675359435303,0.21100804258218672,0.38297726965135254,-2.4027161529760064,-0.5960793899977759,-1.5558590297292314,-0.6597796397314557,0.003920610002224101,0.22910462281570443,0.04247188378310038,0.6597796397314557,0.003920610002224101,0.22910462281570443,0.04247188378310038,False,False,ictal_scale,high,high,mid,-0.3487677560958088,0.9237695185663896,0.4477930802212711,0.4654218678536032,0.5488116360940264,1200,500,10,66.79365849494934
-0.6,-0.3,0.58,0.048,16,995542635,True,,60,-0.15,0.19215004131765506,0.5845798350080615,0.48086889091519874,-1.8985798766380158,0.059848756729184605,-0.14368420810659965,0.478228455014656,-0.20223961222470693,0.11909890096599471,65.2322756805831,72.61591643800826,150.9362741722767,161.6092111249049,7.383640757425155,10.672936952628191,True,True,0.5488116360940264,0.40656965974059917,0.7408182206817179,1.6174792047809652,0.24226793745688446,0.14978117600571672,-2.815934620306958,0.48086889091519874,-1.417710985722817,-1.5985798766380157,1.0808688909151987,0.0045798350080615835,0.011848756729184604,1.5985798766380157,1.0808688909151987,0.0045798350080615835,0.011848756729184604,False,False,ictal_scale,high,high,mid,-0.155100389305628,0.8579361030379667,0.44619056948421704,0.4413818791288303,0.5488116360940264,1200,500,10,58.519519329071045
-0.6,-0.3,0.58,0.048,17,1497808729,True,,60,-0.15,-0.292777379930135,0.4209180775768647,0.09338279173221012,-1.8810691796999341,0.04210842554201835,-0.16717704489650562,0.48421595858875616,-0.5098736301853783,0.09878215725821625,59.911942382785355,65.24707176931885,140.29560757668122,146.8715217875261,5.335129386533495,6.575914210844871,True,True,0.5488116360940264,0.40656965974059917,0.7408182206817179,1.0978819149622854,0.16734689792155805,0.15242704669864862,-3.1675074266780756,0.09338279173221012,-1.787686387967724,-1.581069179699934,0.6933827917322101,-0.15908192242313524,-0.005891574457981649,1.581069179699934,0.6933827917322101,0.15908192242313524,0.005891574457981649,False,False,ictal_scale,high,high,mid,-0.16196380155259077,0.7203761854104566,0.46383841723881153,0.4724061875121963,0.5488116360940264,1200,500,10,65.64233756065369
-0.6,-0.3,0.58,0.048,18,147408828,True,,60,-0.15,-0.4850742834295089,0.5875754268100233,-0.6536251559078716,-0.3328556196945004,0.05552503117060004,-0.4959262727633993,0.49946495939887026,-0.4621305696720023,0.12934463436692292,64.48107887577707,67.29484369999827,149.43388056266465,150.96706564888493,2.8137648242211952,1.5331850862202714,True,True,0.5488116360940264,0.40656965974059917,0.7408182206817179,0.5201567055867841,0.3728866564578545,0.7168736891264421,-2.890921347822244,-0.6536251559078716,-0.986480775602372,-0.032855619694500404,-0.05362515590787165,0.007575426810023322,0.007525031170600036,0.032855619694500404,0.05362515590787165,0.007575426810023322,0.007525031170600036,False,False,ictal_scale,high,high,mid,-0.4683349123718362,0.7963168828367537,0.45521008363880433,0.4614878472718466,0.5488116360940264,1200,500,10,39.88900303840637
-0.6,-0.3,0.58,0.048,19,1488436687,True,,60,-0.15,-0.38491585921606497,0.4954089994237741,-0.8097563627426172,-0.4537029775612308,0.06626028897140177,-0.15357085638781603,0.3811026645046096,-0.6220188462676481,0.03477179537413933,62.32961398787279,63.96749054756382,145.1309507868561,144.31235934401604,1.6378765596910299,-0.8185914428400451,True,False,0.5488116360940264,0.40656965974059917,0.7408182206817179,0.4449664634263828,0.28267446598700136,0.6352713950851898,-2.714164520945708,-0.8097563627426172,-1.2634593403038479,-0.1537029775612308,-0.20975636274261722,-0.08459100057622587,0.018260288971401764,0.1537029775612308,0.20975636274261722,0.08459100057622587,0.018260288971401764,False,False,ictal_scale,high,high,mid,-0.3124086727293845,0.7161704246725472,0.4653536600385136,0.4729121024524562,0.5488116360940264,1200,500,10,51.47427272796631
-0.6,-0.3,0.58,0.048,20,156780870,True,,60,-0.15,-0.3148685847901319,0.6520963601938883,0.008161636866762311,-2.09123452942674,0.04987213870098651,-0.2832171464664477,0.5480294104969784,-0.8345829637992292,0.03401841501519694,56.552010287039046,60.583163469933496,133.5757433851886,137.54370518875538,4.03115318289445,3.9679618035667943,True,True,0.5488116360940264,0.40656965974059917,0.7408182206817179,1.008195033821043,0.12454690431259724,0.12353453462329253,-2.998292774821576,0.008161636866762311,-2.0830728925599775,-1.7912345294267398,0.6081616368667623,0.07209636019388832,0.0018721387009865073,1.7912345294267398,0.6081616368667623,0.07209636019388832,0.0018721387009865073,False,False,ictal_scale,high,high,mid,-0.3947967427307835,0.7663470125664466,0.45768137161235956,0.46441175327840406,0.5488116360940264,1200,500,10,69.18015956878662
-0.6,-0.3,0.58,0.048,21,1379725759,True,,60,-0.15,-0.4974121579351035,0.33483351689556395,-0.4689391925655922,-0.7690886371563976,0.05743775632377503,-0.3851706238540412,0.3116639988231339,-0.31379926592950513,0.037068431703133745,61.81774994792162,66.26242508550247,144.10722270695373,148.90222841989333,4.444675137580852,4.795005712939599,True,True,0.5488116360940264,0.40656965974059917,0.7408182206817179,0.6256656271212034,0.2899554960362738,0.46343523356143046,-2.857053416220693,-0.4689391925655922,-1.2380278297219898,-0.46908863715639765,0.1310608074344078,-0.245166483104436,0.009437756323775026,0.46908863715639765,0.1310608074344078,0.245166483104436,0.009437756323775026,False,False,ictal_scale,high,high,mid,-0.42368458287863103,0.6881211365530153,0.4701385761665253,0.47895511008831304,0.5488116360940264,1200,500,10,65.25718998908997
-0.6,-0.3,0.58,0.048,22,265491798,True,,60,-0.15,-0.47710237305224146,0.48467844316273445,-0.2342076150802765,-0.6071880307540846,0.07549173471679042,-0.42872074300381546,0.3007730926392431,-0.10445359404693297,0.08253968243858081,71.02066017550673,74.28867421329974,162.51304316212398,164.95472667548788,3.2680140377930087,2.4416835133638983,True,True,0.5488116360940264,0.40656965974059917,0.7408182206817179,0.7911975343029071,0.4311084286886457,0.5448809052071658,-2.583732102669664,-0.2342076150802765,-0.841395645834361,-0.3071880307540846,0.3657923849197235,-0.09532155683726551,0.027491734716790422,0.3071880307540846,0.3657923849197235,0.09532155683726551,0.027491734716790422,False,False,ictal_scale,high,high,mid,-0.3674961842577813,0.7893965989718011,0.4555459102189323,0.460461440955802,0.5488116360940264,1200,500,10,60.422603607177734
-0.6,-0.3,0.58,0.048,23,1271014831,True,,60,-0.15,0.2713933405841527,0.6845364831088645,-0.462564938774659,-0.5761423186852613,0.05560295508929626,-0.08365137974674916,0.6362641847404374,-0.8359737564088765,0.05595719070219937,65.04913438263432,65.27291630896194,150.56999157637915,146.92321086681227,0.22378192632761795,-3.646780709566883,True,False,0.5488116360940264,0.40656965974059917,0.7408182206817179,0.6296665164118959,0.35391190333322403,0.5620624475158098,-2.889518930049901,-0.462564938774659,-1.0387072574599203,-0.27614231868526135,0.137435061225341,0.10453648310886454,0.007602955089296259,0.27614231868526135,0.137435061225341,0.10453648310886454,0.007602955089296259,False,False,ictal_scale,high,high,mid,0.08608769164708853,0.8762409014893769,0.4460506311738934,0.4573240732886187,0.5488116360940264,1200,500,10,77.94418430328369
-0.6,-0.3,0.58,0.048,24,274863840,True,,60,-0.15,-0.4379053999082272,0.7355195083219369,0.09121624593618005,-1.4149736376092439,0.057452210238809726,-0.041417658615128895,0.7173003827907951,-0.8583190594580784,0.0731625338156076,62.59075426548564,64.59134793249315,145.6532313420818,145.5600741138747,2.0005936670075073,-0.09315722820710448,True,False,0.5488116360940264,0.40656965974059917,0.7408182206817179,1.0955058783403742,0.26613345335415206,0.2429320176331033,-2.8568018030373423,0.09121624593618005,-1.3237573916730638,-1.1149736376092438,0.69121624593618,0.15551950832193695,0.009452210238809725,1.1149736376092438,0.69121624593618,0.15551950832193695,0.009452210238809725,False,False,ictal_scale,high,high,mid,-0.0980567993364875,0.8482174585886444,0.44682768545594,0.4496291355068328,0.5488116360940264,1200,500,10,60.575305223464966
-0.6,-0.3,0.58,0.048,25,1920081393,True,,60,-0.15,-0.130952528657425,0.5170844974993986,-0.27010897249017474,-0.400195571814108,0.0797559039212173,-0.02171494390436509,0.4886910202746779,-0.08656129403223026,0.12243573112672188,73.37857222777589,76.04082228709264,167.2288672666623,168.45902282307367,2.6622500593167473,1.2301555564113755,True,True,0.5488116360940264,0.40656965974059917,0.7408182206817179,0.7632963115048095,0.5115527635810936,0.6701889631466802,-2.5287845096972035,-0.27010897249017474,-0.6703045443042828,-0.10019557181410799,0.32989102750982524,-0.0629155025006014,0.0317559039212173,0.10019557181410799,0.32989102750982524,0.0629155025006014,0.0317559039212173,False,False,ictal_scale,high,high,mid,-0.003850904716666286,0.8398697205233968,0.4545672233209513,0.4769175219997569,0.5488116360940264,1200,500,10,53.9195876121521
-0.6,-0.3,0.58,0.048,26,383574768,True,,60,-0.15,0.10328865860043493,0.16769455494597607,-0.25253369808927656,-1.7822361496141739,0.05063769596508915,-0.07206811361611681,0.1796521247053547,-0.7325310348266205,0.013173390736261208,59.718950560318866,63.09515164722728,139.90962393174823,142.56768154334296,3.3762010869084165,2.658057611594728,True,True,0.5488116360940264,0.40656965974059917,0.7408182206817179,0.776830034710377,0.1307105623785309,0.1682614684527012,-2.983059000501021,-0.25253369808927656,-2.0347698477034504,-1.4822361496141738,0.3474663019107234,-0.4123054450540239,0.00263769596508915,1.4822361496141738,0.3474663019107234,0.4123054450540239,0.00263769596508915,False,False,ictal_scale,high,high,mid,0.024719019579569804,0.6283632286957036,0.4719100982704948,0.47984276759174227,0.5488116360940264,1200,500,10,53.60808062553406
-0.6,-0.3,0.58,0.048,27,2028792321,True,,60,-0.15,-0.16887369838100239,0.7272807585848472,-1.638251454204447,0.5780444362431798,0.044111508123578266,-0.009655417595670495,0.6420649832753027,-1.1933416171859639,0.039246538863149556,52.78146484203212,53.5449993910015,126.03465249517475,123.4673770308914,0.7635345489693748,-2.5672754642833553,True,False,0.5488116360940264,0.40656965974059917,0.7408182206817179,0.19431952198966668,0.3463840951779521,1.782549131612066,-3.1210345753890376,-1.638251454204447,-1.0602070179612673,0.8780444362431798,-1.0382514542044472,0.14728075858484724,-0.0038884918764217347,0.8780444362431798,1.0382514542044472,0.14728075858484724,0.0038884918764217347,False,False,ictal_scale,high,high,mid,-0.0840478096295974,0.7301949754936876,0.4672295814580289,0.4821279720988422,0.5488116360940264,1200,500,10,51.39388346672058
-0.6,-0.3,0.58,0.048,28,1754536841,True,,60,-0.15,-0.016190565008450356,0.4354073448069241,-1.4025947455857406,0.05252835134174643,0.04432811855994613,0.0016294057997030009,0.42968007244956163,-1.3261617930724587,0.03643274240126996,51.251767039874196,51.74535081322117,122.9752568908589,119.86807987533075,0.4935837733469768,-3.1071770155281513,True,False,0.5488116360940264,0.40656965974059917,0.7408182206817179,0.24595793697269694,0.25922304915615135,1.053932442053809,-3.1161360728144087,-1.4025947455857406,-1.350066394243994,0.3525283513417464,-0.8025947455857406,-0.14459265519307585,-0.00367188144005387,0.3525283513417464,0.8025947455857406,0.14459265519307585,0.00367188144005387,False,False,ictal_scale,high,high,mid,-0.038201884538243136,0.6401339058811438,0.47129949097391743,0.4782051176958908,0.5488116360940264,1200,500,10,45.55487895011902
-0.6,-0.3,0.58,0.048,29,2038164363,True,,60,-0.15,0.07782123670766515,0.5970866944383664,-0.30034520887756383,-1.6569014913959774,0.05713894394682356,-0.08028218633451775,0.41898748583810086,-0.9486421561875074,0.0683894443194957,55.145616819969725,58.697014308893344,130.76295645104994,133.77140686667508,3.5513974889236195,3.008450415625134,True,True,0.5488116360940264,0.40656965974059917,0.7408182206817179,0.7405625277915445,0.1412467807630244,0.19072904104970176,-2.862269364204982,-0.30034520887756383,-1.9572467002735412,-1.3569014913959774,0.29965479112243615,0.017086694438366412,0.00913894394682356,1.3569014913959774,0.29965479112243615,0.017086694438366412,0.00913894394682356,False,False,ictal_scale,high,high,mid,-0.09821356181228087,0.6931233142046226,0.4689334879399335,0.47464315283312486,0.5488116360940264,1200,500,10,57.990912437438965
-0.6,-0.3,0.58,0.048,30,611585378,True,,60,-0.15,0.3355336864294299,0.5677599141019883,-0.22116278387716473,-0.6649169731519318,0.08140923265259897,0.2229403529772187,0.4932088185188392,-0.25279931208287887,0.15368386473358311,69.24626016023119,72.72388593413123,158.96424313157289,161.82515011715086,3.4776257739000442,2.8609069855779694,True,True,0.5488116360940264,0.40656965974059917,0.7408182206817179,0.8015861843621948,0.41226878274949386,0.5143162279892928,-2.5082665891549714,-0.22116278387716473,-0.8860797570290965,-0.3649169731519318,0.3788372161228353,-0.012240085898011621,0.03340923265259897,0.3649169731519318,0.3788372161228353,0.012240085898011621,0.03340923265259897,False,False,ictal_scale,high,high,mid,0.21032085596455147,0.846848520553043,0.4487335680143872,0.4559036195173459,0.5488116360940264,1200,500,10,42.9453809261322
-0.6,-0.3,0.58,0.048,31,2146875291,True,,60,-0.15,-0.0847377611958875,0.6836247641869742,-0.06619857237387723,-1.5863135924652503,0.048931306978569414,-0.025567731491354502,0.5931505892345437,-0.9013175966809513,0.046652676780768974,56.57218195830804,62.45864016473597,133.61608672772658,141.29465857836033,5.886458206427925,7.678571850633745,True,True,0.5488116360940264,0.40656965974059917,0.7408182206817179,0.9359449930186974,0.19156805309662675,0.20467875198387836,-3.0173378628469694,-0.06619857237387723,-1.6525121648391274,-1.2863135924652502,0.5338014276261227,0.1036247641869742,0.0009313069785694128,1.2863135924652502,0.5338014276261227,0.1036247641869742,0.0009313069785694128,False,False,ictal_scale,high,high,mid,0.0585170311696914,0.8478629200434403,0.4483783482009716,0.44581320249421846,0.5488116360940264,1200,500,10,74.26028084754944
-0.6,-0.3,0.58,0.048,32,602213336,True,,60,-0.15,-0.19125317068078934,0.09830616554495596,-0.7409534253545303,-0.022606627206743377,0.05802771993405625,-0.1614116809909504,0.024114915076507357,-0.02350604401680404,0.009883947962666376,65.60453662682178,70.30235016528103,151.68079606475408,156.98207857945044,4.697813538459243,5.301282514696368,True,True,0.5488116360940264,0.40656965974059917,0.7408182206817179,0.47665923980109953,0.46600447003101025,0.9776469878680305,-2.8468344527103135,-0.7409534253545303,-0.7635600525612737,0.2773933727932566,-0.14095342535453037,-0.481693834455044,0.010027719934056246,0.2773933727932566,0.14095342535453037,0.481693834455044,0.010027719934056246,False,False,ictal_scale,high,high,mid,-0.2176279771703061,0.6415598743423903,0.4763517346306813,0.4928036395461627,0.5488116360940264,1200,500,10,47.54132294654846
-0.6,-0.3,0.58,0.048,33,8763686,True,,60,-0.15,-0.3670328826533573,0.6558111579562143,-0.6699108884489952,-0.6844168521999041,0.08718240451534787,-0.2401550008980052,0.5601160473097688,-0.6981446168899645,0.029888678273154057,64.14943349708902,66.63376904717919,148.77058980528855,149.64491634324676,2.484335550090165,0.8743265379582112,True,True,0.5488116360940264,0.40656965974059917,0.7408182206817179,0.5117541789633372,0.25812076023307595,0.5043842744107188,-2.439752751509021,-0.6699108884489952,-1.3543277406488992,-0.3844168521999041,-0.06991088844899518,0.07581115795621429,0.039182404515347866,0.3844168521999041,0.06991088844899518,0.07581115795621429,0.039182404515347866,False,False,ictal_scale,high,high,mid,-0.36761891510324485,0.915512627212728,0.44524867727823575,0.4496017923373049,0.5488116360940264,1200,500,10,62.082131147384644
-0.6,-0.3,0.58,0.048,34,493502408,True,,60,-0.15,-0.03872524056925385,0.5033306888134528,-0.8343082293148931,-0.311957287386019,0.03972349177799636,-0.08846261799474733,0.4887403706300721,-0.6123217199344448,0.09323034910419858,59.941581043525204,61.86317036091134,140.35488489816092,140.10371897071107,1.921589317386136,-0.251165927449847,True,False,0.5488116360940264,0.40656965974059917,0.7408182206817179,0.43417472691880143,0.3178214548233419,0.7320127937404802,-3.2258125338503674,-0.8343082293148931,-1.1462655167009121,-0.011957287386019033,-0.23430822931489315,-0.07666931118654718,-0.00827650822200364,0.011957287386019033,0.23430822931489315,0.07666931118654718,0.00827650822200364,False,False,ictal_scale,high,high,mid,-0.12314426513131613,0.6918916996971824,0.4697558964815603,0.4854250840198267,0.5488116360940264,1200,500,10,62.08015584945679
-0.6,-0.3,0.58,0.048,35,117474614,True,,60,-0.15,-0.6125771350676896,0.6343682300763201,0.5188230588222664,-1.3989437006980938,0.08354711009135372,-0.36788465322662145,0.4782579629109653,-0.09317801120826119,0.17985682163730812,72.00260965578325,78.5058426186829,164.476942122677,173.3890634862542,6.503232962899659,8.9121213635772,True,True,0.5488116360940264,0.40656965974059917,0.7408182206817179,1.680049166603363,0.41473287451140467,0.2468575817634494,-2.4823446135113736,0.5188230588222664,-0.8801206418758274,-1.0989437006980938,1.1188230588222665,0.05436823007632019,0.03554711009135372,1.0989437006980938,1.1188230588222665,0.05436823007632019,0.03554711009135372,False,False,ictal_scale,high,high,mid,-0.40829992135881543,1.0210152080892694,0.43823785656071146,0.45098668754505605,0.5488116360940264,1200,500,10,61.73424744606018
-0.6,-0.3,0.58,0.048,36,1663353281,True,,60,-0.15,-0.6584763723775278,0.5475228250652051,0.16695512392413914,-2.1871669883316707,0.05057026503660647,-0.4541108510107136,0.5040974154511384,-0.7864523903833732,0.065047786318769,57.14731246128321,62.68262473350958,134.76634773367692,141.74262771590756,5.535312272226371,6.976279982230636,True,True,0.5488116360940264,0.40656965974059917,0.7408182206817179,1.1817012340042299,0.13262736308561804,0.11223425961586436,-2.984391522919078,0.16695512392413914,-2.0202118644075315,-1.8871669883316706,0.7669551239241391,-0.03247717493479485,0.00257026503660647,1.8871669883316706,0.7669551239241391,0.03247717493479485,0.00257026503660647,False,False,ictal_scale,high,high,mid,-0.6158840599881118,0.7339625530321059,0.44628629404924863,0.4418202503064088,0.5488116360940264,1200,500,10,56.42097783088684
-0.6,-0.3,0.58,0.048,37,986396460,True,,60,-0.15,-0.32069075847542616,0.5587178397244461,-0.9963248169988022,-0.2250765085429728,0.07374250341434979,-0.06206297363437252,0.60440926777985,-0.8435071502011446,0.05712766490503835,61.03324575608459,61.16440471419654,142.53821432327967,138.7061876772815,0.13115895811195344,-3.8320266459981838,True,False,0.5488116360940264,0.40656965974059917,0.7408182206817179,0.3692339529548543,0.2948167430887449,0.7984551277839602,-2.6071759375477646,-0.9963248169988022,-1.221401325541775,0.0749234914570272,-0.3963248169988022,-0.021282160275553852,0.02574250341434979,0.0749234914570272,0.3963248169988022,0.021282160275553852,0.02574250341434979,False,False,ictal_scale,high,high,mid,-0.25340676569485887,0.7294746448564201,0.4633555326041814,0.47499990516990803,0.5488116360940264,1200,500,10,43.12277889251709
-0.6,-0.3,0.58,0.048,38,375419438,True,,60,-0.15,0.16784032496496662,0.64043381433006,0.23437198855447386,-1.380868238090341,0.068825633295082,0.09913831491251218,0.7424276091454763,-0.4262830126539213,0.04429061105930043,66.08100338942802,69.56404257771214,152.63372958996655,155.50546340431268,3.483039188284124,2.871733814346129,True,True,0.5488116360940264,0.40656965974059917,0.7408182206817179,1.2641146409353543,0.3177481314374427,0.2513602177744985,-2.676179026469,0.23437198855447386,-1.146496249535867,-1.080868238090341,0.8343719885544738,0.06043381433006001,0.020825633295081997,1.080868238090341,0.8343719885544738,0.06043381433006001,0.020825633295081997,False,False,ictal_scale,high,high,mid,0.3291748705268435,0.9589419769012555,0.4294751767140153,0.4347256994834726,0.5488116360940264,1200,500,10,51.4141104221344
-0.6,-0.3,0.58,0.048,39,877685532,True,,60,-0.15,-0.22273215790326414,0.7043091974731391,-0.15790490301784343,-1.2705495615406146,0.05868543534785849,0.026012585521815592,0.6324303597447287,-0.8353093551887861,0.08945851084164147,61.83134730697883,64.93090498519253,144.13441742506816,146.23918821927344,3.0995576782136993,2.1047707942052796,True,True,0.5488116360940264,0.40656965974059917,0.7408182206817179,0.8539309843669523,0.2396790686280571,0.2806773299199809,-2.8355637030736776,-0.15790490301784343,-1.428454464558458,-0.9705495615406146,0.44209509698215654,0.12430919747313918,0.010685435347858492,0.9705495615406146,0.44209509698215654,0.12430919747313918,0.010685435347858492,False,False,ictal_scale,high,high,mid,-0.2883949235000326,0.8273352292958346,0.45577478157003987,0.4585037587499088,0.5488116360940264,1200,500,10,63.84907650947571
-0.6,-0.3,0.58,0.048,40,1781436251,True,,60,-0.15,-0.14713549844194357,0.2885127974920587,0.15511873947265564,-1.7286532852785856,0.045661341927415555,-0.08326697323449314,0.4791201428367572,-0.11157365597716568,0.10925742709002,63.30881226787869,72.66062301619245,147.0893473468679,161.69862428127328,9.351810748313753,14.609276934405386,True,True,0.5488116360940264,0.40656965974059917,0.7408182206817179,1.1677966164274358,0.20731113515620903,0.17752332233195064,-3.0865032487500317,0.15511873947265564,-1.57353454580593,-1.4286532852785856,0.7551187394726556,-0.29148720250794125,-0.002338658072584446,1.4286532852785856,0.7551187394726556,0.29148720250794125,0.002338658072584446,False,False,ictal_scale,high,high,mid,-0.06752559917449372,0.6847829956182705,0.465016294117035,0.46668112298478664,0.5488116360940264,1200,500,10,54.51215410232544
-0.6,-0.3,0.58,0.048,41,868313490,True,,60,-0.15,-0.33416609845716594,0.47660640009836186,-0.3869341423744218,-0.9406263356389455,0.05202854136518576,-0.2003980359995636,0.4817221714590444,-0.4464616532465434,0.11004234609877307,61.6786671284785,65.72956980023562,143.8290570680675,147.83651784935964,4.050902671757122,4.007460781292139,True,True,0.5488116360940264,0.40656965974059917,0.7408182206817179,0.6791358197264183,0.26512324702154544,0.3903832478286112,-2.955962838568656,-0.3869341423744218,-1.3275604780133672,-0.6406263356389454,0.21306585762557817,-0.1033935999016381,0.00402854136518576,0.6406263356389454,0.21306585762557817,0.1033935999016381,0.00402854136518576,False,False,ictal_scale,high,high,mid,-0.1996601482192806,0.7575146723402632,0.46337660126333263,0.4644389375375777,0.5488116360940264,1200,500,10,59.3029260635376
-0.6,-0.3,0.58,0.048,42,1890147179,True,,60,-0.15,0.1293670156441836,0.2552243103377424,-0.8786240960272792,0.17801256111746266,0.05102556227190269,0.13903099008089642,0.22239876946376824,-0.21160737040698094,0.043056947459075776,64.93916102170058,68.41305611674301,150.35004485451168,153.2034904823744,3.4738950950424226,2.853445627862726,True,True,0.5488116360940264,0.40656965974059917,0.7408182206817179,0.41535400593290994,0.4962817173787451,1.1948403296702694,-2.9754285508094087,-0.8786240960272792,-0.7006115349098165,0.47801256111746265,-0.2786240960272792,-0.32477568966225756,0.0030255622719026903,0.47801256111746265,0.2786240960272792,0.32477568966225756,0.0030255622719026903,False,False,ictal_scale,high,high,mid,0.13079170549595093,0.7405430449785237,0.46216263020144605,0.4804491626337001,0.5488116360940264,1200,500,10,51.1314742565155
-0.6,-0.3,0.58,0.048,43,759602562,True,,60,-0.15,-0.6678219680286912,0.8487588685228176,-1.9560546630058329,0.8134417466186833,0.12294509809310997,0.021245208352507726,0.7918287616384415,-1.0495030475403877,0.01716329771655363,62.46682306873767,72.7397801109987,145.40536894858585,161.85693847088578,10.272957042261027,16.451569522299934,True,True,0.5488116360940264,0.40656965974059917,0.7408182206817179,0.14141525258203194,0.31898445225833866,2.2556580456079347,-2.096017380223229,-1.9560546630058329,-1.1426129163871495,1.1134417466186832,-1.3560546630058328,0.2687588685228176,0.07494509809310997,1.1134417466186832,1.3560546630058328,0.2687588685228176,0.07494509809310997,False,False,ictal_scale,high,high,mid,-0.32730215941677154,0.9265101669478331,0.44622695774467275,0.45894291676401733,0.5488116360940264,1200,500,10,63.16417360305786
-0.6,-0.3,0.58,0.048,44,885614995,True,,60,-0.15,-0.08454886465545318,0.6545023255168095,-1.22103353030199,0.23072886093999023,0.0719094368873673,-0.174800269273915,0.4940581456099707,-0.5184198523817857,0.1229096186685167,62.229585728791356,65.58276227584645,144.9308942686932,147.5429028005813,3.3531765470550923,2.6120085318880797,True,True,0.5488116360940264,0.40656965974059917,0.7408182206817179,0.29492519522632926,0.3714635002324164,1.2595176887052688,-2.632347772695679,-1.22103353030199,-0.9903046693619997,0.5307288609399903,-0.6210335303019899,0.07450232551680958,0.023909436887367297,0.5307288609399903,0.6210335303019899,0.07450232551680958,0.023909436887367297,False,False,ictal_scale,high,high,mid,-0.20796298890523462,0.8049303875493125,0.45944257784266124,0.47141972219762085,0.5488116360940264,1200,500,10,53.06924629211426
-0.6,-0.3,0.58,0.048,45,750230520,True,,60,-0.15,-0.28573398771532366,0.6250539436142146,-0.3742920993045026,-0.6199815155694421,0.07484170868449705,-0.045954085020204316,0.694118762403479,-0.532810221429366,0.06426441285820556,68.30574482296613,69.21518819773893,157.08321245704278,154.80775464436624,0.9094433747727919,-2.2754578126765352,True,False,0.5488116360940264,0.40656965974059917,0.7408182206817179,0.6877759835984472,0.3699921037181309,0.5379543812831766,-2.5923799466704263,-0.3742920993045026,-0.9942736148739447,-0.31998151556944215,0.2257079006954974,0.045053943614214664,0.026841708684497048,0.31998151556944215,0.2257079006954974,0.045053943614214664,0.026841708684497048,False,False,ictal_scale,high,high,mid,-0.09133114723465016,0.8871933219260503,0.4500021750832129,0.45938509414936857,0.5488116360940264,1200,500,10,49.51298475265503
-0.6,-0.3,0.58,0.048,46,894987037,True,,60,-0.15,-0.20475348287095935,0.6635912773523476,-0.07114976620902891,-0.9836466875942564,0.06352809601613285,-0.12165851116610082,0.6833790856315911,-0.7236614667999632,0.09088818308623281,68.26286034874697,69.58127718220143,156.99744350860445,155.53993261329126,1.3184168334544637,-1.4575108953131917,True,False,0.5488116360940264,0.40656965974059917,0.7408182206817179,0.9313224010569384,0.3482633077639797,0.3739449489980515,-2.7562730139917284,-0.07114976620902891,-1.0547964538032852,-0.6836466875942564,0.5288502337909711,0.08359127735234761,0.01552809601613285,0.6836466875942564,0.5288502337909711,0.08359127735234761,0.01552809601613285,False,False,ictal_scale,high,high,mid,-0.13680430086936365,0.9606932991281115,0.438696671656646,0.44581453749336136,0.5488116360940264,1200,500,10,54.09414768218994
-0.6,-0.3,0.58,0.048,47,641519592,True,,60,-0.15,0.05633833926508219,0.2126738535714591,-0.9322755625661993,0.3650601590874407,0.0578686994942649,0.03440897175983204,0.18796725228417926,-0.15721962515019428,0.010661194231318977,67.14910620459072,69.82946587522706,154.76993522029196,156.0363099993425,2.680359670636335,1.266374779050551,True,True,0.5488116360940264,0.40656965974059917,0.7408182206817179,0.3936568994795596,0.5671023934411847,1.4406006707641388,-2.8495786365318376,-0.9322755625661993,-0.5672154034787585,0.6650601590874408,-0.3322755625661993,-0.3673261464285409,0.009868699494264901,0.6650601590874408,0.3322755625661993,0.3673261464285409,0.009868699494264901,False,False,ictal_scale,high,high,mid,0.019345512823933427,0.7616339029584956,0.4553829933117988,0.45963612428808287,0.5488116360940264,1200,500,10,50.71239948272705
-0.6,-0.3,0.58,0.048,48,1003697965,True,,60,-0.15,-0.17624274110644922,0.5898605117979551,-0.8089941294551212,-0.16233196310211448,0.09913109861641607,-0.15949768263183312,0.49928660008367304,-0.33055013841855374,0.136627194213214,67.07417864154247,70.29921766543576,154.62008009419546,156.97581357975992,3.225039023893288,2.355733485564457,True,True,0.5488116360940264,0.40656965974059917,0.7408182206817179,0.44530576097214,0.3785806720735407,0.8501589362937214,-2.3113120764161126,-0.8089941294551212,-0.9713260925572357,0.1376680368978855,-0.2089941294551212,0.009860511797955107,0.05113109861641607,0.1376680368978855,0.2089941294551212,0.009860511797955107,0.05113109861641607,False,False,ictal_scale,high,high,mid,-0.20643754299347236,0.7751869511530116,0.4579212297958444,0.47121105275324515,0.5488116360940264,1200,500,10,39.57636117935181
-0.6,-0.3,0.58,0.048,49,402092985,True,,60,-0.15,-0.01220354022624565,0.5066490416135164,-0.845514255861544,0.011885885527271779,0.04655422758603161,-0.004290781381803183,0.4991459809850192,-0.6019130730194827,0.008528536687849421,64.88365853313452,65.51688511628242,150.23903987737955,147.41114848145324,0.633226583147902,-2.827891395926315,True,False,0.5488116360940264,0.40656965974059917,0.7408182206817179,0.4293365126118488,0.43447000486836534,1.01195680335988,-3.0671374612080964,-0.845514255861544,-0.8336283703342723,0.31188588552727176,-0.24551425586154407,-0.07335095838648353,-0.0014457724139683922,0.31188588552727176,0.24551425586154407,0.07335095838648353,0.0014457724139683922,False,False,ictal_scale,high,high,mid,-0.10785761845278083,0.8017034756365844,0.45664366723587374,0.46667340597480594,0.5488116360940264,1200,500,10,38.005356788635254
-0.6,-0.3,0.58,0.048,50,1134413644,True,,60,-0.15,-0.25017527722037347,0.5632234678122914,-1.11290966838582,-0.2524666913031481,0.06469385605499486,-0.21193304012445094,0.469499255807544,-1.0577631630784328,0.05100215232282172,56.804014820078386,57.096074149851106,134.07975245126727,130.5695265485906,0.2920593297727194,-3.510225902676666,True,False,0.5488116360940264,0.40656965974059917,0.7408182206817179,0.328601447483937,0.2552845790809297,0.7768820893383582,-2.7380890424944426,-1.11290966838582,-1.365376359688968,0.047533308696851906,-0.51290966838582,-0.01677653218770858,0.016693856054994863,0.047533308696851906,0.51290966838582,0.01677653218770858,0.016693856054994863,False,False,ictal_scale,high,high,mid,-0.2671751256865802,0.6768076615572077,0.47065964071789496,0.4761226585601944,0.5488116360940264,1200,500,10,50.069459676742554
-0.6,-0.3,0.58,0.048,51,510803913,True,,60,-0.15,-0.06984920778692347,0.41862982289223327,-0.5959098809423313,-0.7546491506486158,0.04672765773454351,-0.034341675564448476,0.3719848799443747,-0.7309137243055603,0.034390079418340276,59.50176239458095,60.66080149491842,139.4752476002724,137.69898123872522,1.1590391003374663,-1.7762663615471865,True,False,0.5488116360940264,0.40656965974059917,0.7408182206817179,0.5510609378461393,0.2590953776514037,0.4701755465812844,-3.0634190469040754,-0.5959098809423313,-1.3505590315909473,-0.45464915064861583,0.004090119057668651,-0.1613701771077667,-0.0012723422654564928,0.45464915064861583,0.004090119057668651,0.1613701771077667,0.0012723422654564928,False,False,ictal_scale,high,high,mid,-0.0734926935601197,0.6360856254679169,0.47359681896378325,0.48340638978531575,0.5488116360940264,1200,500,10,57.00740432739258
-0.6,-0.3,0.58,0.048,52,1121780935,True,,60,-0.15,-0.1785240934329113,0.6539584790712996,-0.9333636736205884,-0.13930292996198615,0.07090530330564289,-0.021775082236075327,0.6425327571562319,-0.8545503128416095,0.06398576242169293,61.92916819094378,62.741745454532825,144.33005919299805,141.86086915795406,0.8125772635890485,-2.4691900350439937,True,False,0.5488116360940264,0.40656965974059917,0.7408182206817179,0.3932287900131604,0.34209506812216534,0.8699644502395569,-2.6464100484439186,-0.9333636736205884,-1.0726666035825745,0.16069707003801384,-0.3333636736205884,0.0739584790712996,0.022905303305642888,0.16069707003801384,0.3333636736205884,0.0739584790712996,0.022905303305642888,False,False,ictal_scale,high,high,mid,-0.24280830201016534,0.828373803839801,0.45586480786379957,0.4589053905464758,0.5488116360940264,1200,500,10,41.87704515457153
-0.6,-0.3,0.58,0.048,53,520175955,True,,60,-0.15,-0.166843473475722,0.5642354300500393,0.34834447354298614,-1.7354476080897778,0.09591131406990654,-0.06732837603781068,0.5839080834512412,-0.18622326686426044,0.07118545789017489,68.45156571391097,74.01351102204168,157.37485423893244,164.40440029297176,5.561945308130717,7.029546054039315,True,True,0.5488116360940264,0.40656965974059917,0.7408182206817179,1.416720188316923,0.24979788838554326,0.17632125979817195,-2.344331326263187,0.34834447354298614,-1.3871031345467917,-1.4354476080897778,0.9483444735429861,-0.015764569949960672,0.047911314069906535,1.4354476080897778,0.9483444735429861,0.015764569949960672,0.047911314069906535,False,False,ictal_scale,high,high,mid,-0.17879861488837456,0.9325391140964115,0.4403653581721367,0.4398302443191464,0.5488116360940264,1200,500,10,49.569138050079346
-0.6,-0.3,0.58,0.048,54,1016330674,True,,60,-0.15,-0.058127245619838286,0.2723713660967067,-0.0076148008450955765,-1.3876207803096863,0.07907608111524231,-0.028899315743081667,0.26381500990176415,-0.08464677696332462,0.02205034794911157,68.04495507261741,72.62988972750952,156.56163295634533,161.63715770390743,4.584934654892109,5.075524747562099,True,True,0.5488116360940264,0.40656965974059917,0.7408182206817179,0.9924141182997936,0.24777465845096672,0.24966861502882978,-2.5373448378605876,-0.0076148008450955765,-1.3952355811547819,-1.0876207803096862,0.5923851991549044,-0.30762863390329326,0.031076081115242307,1.0876207803096862,0.5923851991549044,0.30762863390329326,0.031076081115242307,False,False,ictal_scale,high,high,mid,-0.03556277369344223,0.7370068228537797,0.4644223845081847,0.4785931468677442,0.5488116360940264,1200,500,10,60.70185089111328
-0.6,-0.3,0.58,0.048,55,628886883,True,,60,-0.15,0.11052807263462838,0.700949047832457,-1.053847988636797,0.21166246895523724,0.06696438648674248,0.010224683677827716,0.6973551072767317,-0.8525047937742514,0.04143869986274043,65.06236744400164,64.53514649953175,150.59645769911378,145.4476712479519,-0.5272209444698888,-5.148786451161897,False,False,0.5488116360940264,0.40656965974059917,0.7408182206817179,0.348593780076124,0.43076804186453993,1.2357307171988874,-2.7035943458852745,-1.053847988636797,-0.8421855196815599,0.5116624689552373,-0.4538479886367971,0.12094904783245708,0.01896438648674248,0.5116624689552373,0.4538479886367971,0.12094904783245708,0.01896438648674248,False,False,ictal_scale,high,high,mid,-0.08662389203759599,0.9137450592315729,0.4436790695316292,0.44733007205205644,0.5488116360940264,1200,500,10,51.22516441345215
-0.6,-0.3,0.58,0.048,56,2020862858,True,,60,-0.15,-0.09807187047273164,0.569511477618353,-0.3677528854289618,-1.016196072777604,0.04999136800170552,-0.2673541540734175,0.3336930325177111,-0.6170862107160431,0.05592701959636191,61.33826436818407,63.78386016094147,143.14825154747865,143.94509857077134,2.445595792757402,0.7968470232926848,True,True,0.5488116360940264,0.40656965974059917,0.7408182206817179,0.6922882350632118,0.2505870388805774,0.36196922927297276,-2.995904928423875,-0.3677528854289618,-1.3839489582065658,-0.716196072777604,0.2322471145710382,-0.010488522381646992,0.001991368001705518,0.716196072777604,0.2322471145710382,0.010488522381646992,0.001991368001705518,False,False,ictal_scale,high,high,mid,-0.21005613534390105,0.7829844445336409,0.46117504436273554,0.4767100438123012,0.5488116360940264,1200,500,10,62.41412973403931
-0.6,-0.3,0.58,0.048,57,638258925,True,,60,-0.15,-0.06924422456836796,0.5735832241760804,-0.9383693709864052,0.048313504604144936,0.0591427339090032,-0.06353770777712854,0.5023228184752219,-0.5035827010613761,0.1052811062814067,63.778867791989725,66.0110059967367,148.02945839508996,148.3993902423618,2.232138204746974,0.36993184727182893,True,True,0.5488116360940264,0.40656965974059917,0.7408182206817179,0.39126532405290065,0.41063281154191206,1.0494996267197776,-2.827801537878504,-0.9383693709864052,-0.8900558663822602,0.3483135046041449,-0.3383693709864052,-0.006416775823919529,0.011142733909003201,0.3483135046041449,0.3383693709864052,0.006416775823919529,0.011142733909003201,False,False,ictal_scale,high,high,mid,-0.06823778988018527,0.80332800288317,0.4580825658076371,0.46360256517667553,0.5488116360940264,1200,500,10,41.10535287857056
-0.6,-0.3,0.58,0.048,58,135992831,True,,60,-0.15,0.3369857663928437,0.454185117537787,-0.004116598772795727,-0.9291218529225241,0.08008468724904165,0.10357917434749578,0.3960273819648409,-0.07967898642053166,0.08506121882913927,71.02979648140355,75.20652586650439,162.5313157739176,166.79042998189718,4.176729385100842,4.2591142079795645,True,True,0.5488116360940264,0.40656965974059917,0.7408182206817179,0.9958918628049768,0.39327803396246364,0.3949003387323372,-2.5246706136071677,-0.004116598772795727,-0.9332384516953198,-0.6291218529225242,0.5958834012272043,-0.12581488246221295,0.03208468724904165,0.6291218529225242,0.5958834012272043,0.12581488246221295,0.03208468724904165,False,False,ictal_scale,high,high,mid,0.08527130366470413,0.816998600559273,0.45518033148221926,0.47069810493560515,0.5488116360940264,1200,500,10,49.45231747627258
-0.6,-0.3,0.58,0.048,59,746969853,True,,60,-0.15,-0.22394571502870683,0.2759973465681858,-0.42919681022963907,-0.8252343436284575,0.0397576147374661,-0.2645670813277632,0.4888638656222359,-0.3062018047110983,0.08899306825792205,61.46843708322344,67.67929648883646,143.40859697755738,151.7359712265613,6.210859405613014,8.327374249003924,True,True,0.5488116360940264,0.40656965974059917,0.7408182206817179,0.6510317868561124,0.28523805865288,0.4381323069190196,-3.2249538905057484,-0.42919681022963907,-1.2544311538580966,-0.5252343436284574,0.1708031897703609,-0.30400265343181415,-0.008242385262533902,0.5252343436284574,0.1708031897703609,0.30400265343181415,0.008242385262533902,False,False,ictal_scale,high,high,mid,-0.28753868083500495,0.6291511864214746,0.4718322350764122,0.48165171149130476,0.5488116360940264,1200,500,10,51.58256983757019
-0.6,-0.3,0.58,0.048,60,1902779888,True,,60,-0.15,-0.4136176474153347,0.6613102837871979,-0.7330291309499264,-0.013644210500280689,0.07669615033009572,-0.034806011247577096,0.6314618860260992,-0.46856687108932066,0.10206085801528123,67.63998853258205,69.84524681310879,155.7516998762746,156.06787187510596,2.205258280526735,0.3161719988313507,True,True,0.5488116360940264,0.40656965974059917,0.7408182206817179,0.4804514333329153,0.47394057163243447,0.9864484498353671,-2.56790376313197,-0.7330291309499264,-0.746673341450207,0.2863557894997193,-0.1330291309499264,0.08131028378719796,0.028696150330095718,0.2863557894997193,0.1330291309499264,0.08131028378719796,0.028696150330095718,False,False,ictal_scale,high,high,mid,-0.346685915793315,0.9117323677840867,0.44434313195216535,0.450685837398882,0.5488116360940264,1200,500,10,43.21804237365723
-0.6,-0.3,0.58,0.048,61,756341895,True,,60,-0.15,-0.01624309365101548,0.4118343144771898,-0.2556525458917133,-1.0694021202587054,0.057319538927353475,-0.010758974079309811,0.4507813959497858,-0.7466091450593231,0.013520763890201239,63.91174815083595,65.61557541602107,148.2952191127824,147.60852908093054,1.7038272651851258,-0.6866900318518674,True,False,0.5488116360940264,0.40656965974059917,0.7408182206817179,0.7744109943340107,0.2657884290615372,0.34321365658052655,-2.859113719889942,-0.2556525458917133,-1.3250546661504188,-0.7694021202587054,0.34434745410828665,-0.16816568552281014,0.009319538927353474,0.7694021202587054,0.34434745410828665,0.16816568552281014,0.009319538927353474,False,False,ictal_scale,high,high,mid,-0.10398225182977762,0.7043779710106808,0.4661761618305318,0.4706968205243494,0.5488116360940264,1200,500,10,55.037779569625854
-0.6,-0.3,0.58,0.048,62,254075801,True,,60,-0.15,-0.028637500063418815,0.5989955102795393,0.10422431795236183,-2.001622250840323,0.04229831269439335,-0.3066051631330099,0.523185806343671,-0.9525616615163847,0.027067988992330854,56.19826714600983,61.1303852338908,132.86825710313016,138.63814871667,4.932118087880966,5.769891613539841,True,True,0.5488116360940264,0.40656965974059917,0.7408182206817179,1.109849386136396,0.14995831359328313,0.1351159134441814,-3.1630080827469267,0.10422431795236183,-1.897397932887961,-1.701622250840323,0.7042243179523618,0.018995510279539385,-0.005701687305606648,1.701622250840323,0.7042243179523618,0.018995510279539385,0.005701687305606648,False,False,ictal_scale,high,high,mid,-0.29731942214299373,0.7332630343391281,0.4610442575310021,0.4625772041499596,0.5488116360940264,1200,500,10,65.82007050514221
-0.6,-0.3,0.58,0.048,63,248190293,True,,60,-0.15,0.07352534558675211,0.6633190194936105,-0.3680394325582312,-1.7692496532000295,0.07952504181258502,0.3333639790925629,0.7507782029884484,-1.5225139930677263,0.11549142474776079,57.12725628708216,58.270764155541926,134.72623538527483,132.91890655997224,1.1435078684597642,-1.8073288253025908,True,False,0.5488116360940264,0.40656965974059917,0.7408182206817179,0.6920898902757493,0.11797422792828428,0.17046084560096636,-2.5316833155679412,-0.3680394325582312,-2.1372890857582605,-1.4692496532000294,0.2319605674417688,0.08331901949361054,0.03152504181258502,1.4692496532000294,0.2319605674417688,0.08331901949361054,0.03152504181258502,False,False,ictal_scale,high,high,mid,0.22660143883688777,0.8111130621212003,0.45379558712162255,0.4645555142390032,0.5488116360940264,1200,500,10,62.67998695373535
-0.6,-0.3,0.58,0.048,64,362786729,True,,60,-0.15,0.035362196809148407,0.6703777100874933,0.033703599221601925,-1.4593968731955342,0.06382791194156338,0.20650375242653096,0.5199386619395295,-0.4381628433927609,0.1244327668409449,63.99131600678502,68.34947262914443,148.45435482468054,153.07632350717725,4.3581566223594095,4.621968682496714,True,True,0.5488116360940264,0.40656965974059917,0.7408182206817179,1.034278000486774,0.2403417827345825,0.23237638489986998,-2.7515646930557107,0.033703599221601925,-1.4256932739739323,-1.1593968731955342,0.6337035992216019,0.09037771008749329,0.015827911941563383,1.1593968731955342,0.6337035992216019,0.09037771008749329,0.015827911941563383,False,False,ictal_scale,high,high,mid,0.25576542388020157,0.8073005135422902,0.44219203084499253,0.45104355085313597,0.5488116360940264,1200,500,10,61.89491558074951
-0.6,-0.3,0.58,0.048,65,238818251,True,,60,-0.15,0.20619266716461432,0.5378206683627509,-1.0321760002616782,0.07759104397028256,0.08129534682589601,0.19706748874031177,0.38590542900558567,-0.6887036780036653,0.05075366910902075,63.95746776410086,64.68408835182196,148.38665833931222,145.7455549525323,0.7266205877210936,-2.6411033867799176,True,False,0.5488116360940264,0.40656965974059917,0.7408182206817179,0.3562309579267007,0.38497189156127204,1.080680617433831,-2.5096664986801605,-1.0321760002616782,-0.9545849562913956,0.37759104397028254,-0.43217600026167824,-0.04217933163724907,0.03329534682589601,0.37759104397028254,0.43217600026167824,0.04217933163724907,0.03329534682589601,False,False,ictal_scale,high,high,mid,0.15266086453766517,0.7613861159033748,0.45247913514318383,0.45702975139578617,0.5488116360940264,1200,500,10,45.649755239486694
-0.6,-0.3,0.58,0.048,66,372158771,True,,60,-0.15,-0.0826144129847934,0.5708778125035229,-0.30548012224283766,-1.0031033535514307,0.07051977413949342,-0.09783510325368264,0.5009706913820438,-0.3592070930893322,0.13912968670769146,63.3559334887198,69.1718916896008,147.1835897885501,154.72116162809,5.815958200880999,7.537571839539879,True,True,0.5488116360940264,0.40656965974059917,0.7408182206817179,0.7367695500101414,0.27020253385609116,0.36673955085735,-2.651862124244133,-0.30548012224283766,-1.3085834757942683,-0.7031033535514306,0.2945198777571623,-0.009122187496477085,0.022519774139493423,0.7031033535514306,0.2945198777571623,0.009122187496477085,0.022519774139493423,False,False,ictal_scale,high,high,mid,-0.13470407414881527,0.8142369614081885,0.45712724636276825,0.47291238377293077,0.5488116360940264,1200,500,10,65.76681351661682
-0.6,-0.3,0.58,0.048,67,130107323,True,,60,-0.15,-0.2709182780276833,0.35536798372161305,-0.17180018936931962,-1.4006351839872686,0.0359942407221027,-0.3602034499021646,0.5000002809778501,-0.35986329031451725,0.09462895352898561,60.85150793512054,66.25028771754499,142.17473868135158,148.87795368397838,5.398779782424455,6.703215002626791,True,True,0.5488116360940264,0.40656965974059917,0.7408182206817179,0.8421474263669395,0.20753913112490313,0.24644037923411577,-3.3243963332657747,-0.17180018936931962,-1.5724353733565883,-1.1006351839872686,0.42819981063068036,-0.22463201627838691,-0.0120057592778973,1.1006351839872686,0.42819981063068036,0.22463201627838691,0.0120057592778973,False,False,ictal_scale,high,high,mid,-0.34090030241932934,0.644773099627758,0.4737676885158944,0.47793771018328557,0.5488116360940264,1200,500,10,48.9997034072876
-0.6,-0.3,0.58,0.048,68,480869699,True,,60,-0.15,-0.24011351005629494,0.6797904002466647,-0.7399860647351088,-0.36781252394239905,0.05832251639577041,-0.02011171752371655,0.6682722640263501,-0.9606651431060274,0.02853563062161558,61.3113229200012,60.986391888710365,143.09436865111292,138.35016202630914,-0.3249310312908378,-4.74420662480378,False,False,0.5488116360940264,0.40656965974059917,0.7408182206817179,0.47712056427615646,0.33028525504609973,0.6922469492531269,-2.8417670441369616,-0.7399860647351088,-1.107798588677508,-0.06781252394239906,-0.13998606473510877,0.09979040024666475,0.010322516395770406,0.06781252394239906,0.13998606473510877,0.09979040024666475,0.010322516395770406,False,False,ictal_scale,high,high,mid,-0.18554624170296694,0.8368310642294632,0.4568024043279798,0.4622638441030852,0.5488116360940264,1200,500,10,41.8041787147522
-0.6,-0.3,0.58,0.048,69,21396395,True,,60,-0.15,-0.1519252078394706,0.31864248308242316,-0.17710221870756854,-1.1302372835456824,0.08112021205695938,-0.07303761396397365,0.3518198647875061,-0.22640870328639207,0.07615156102832789,67.21925059564889,69.68209236720179,154.91022400240828,155.74156298329197,2.4628417715529025,0.831338980883686,True,True,0.5488116360940264,0.40656965974059917,0.7408182206817179,0.8376941521328836,0.27053886781082204,0.3229566150390249,-2.51182312502829,-0.17710221870756854,-1.307339502253251,-0.8302372835456824,0.42289778129243144,-0.2613575169175768,0.03312021205695938,0.8302372835456824,0.42289778129243144,0.2613575169175768,0.03312021205695938,False,False,ictal_scale,high,high,mid,-0.0644835439211857,0.7110499424069604,0.46423436045670147,0.47112168793909937,0.5488116360940264,1200,500,10,43.91818833351135
-0.6,-0.3,0.58,0.048,70,623001375,True,,60,-0.15,0.16041209628044734,0.50856367604659,-0.927729866884697,0.2381696825851304,0.06775568108127647,0.019807299379658132,0.5006146939263131,-0.472091619907931,0.008467160044053111,68.23356472085979,69.31916989949632,156.9388522528301,155.01571804788102,1.085605178636527,-1.923134204949065,True,False,0.5488116360940264,0.40656965974059917,0.7408182206817179,0.39545041725217495,0.5017967186152036,1.2689244889460127,-2.6918469691396667,-0.927729866884697,-0.6895601842995667,0.5381696825851304,-0.3277298668846971,-0.07143632395340993,0.01975568108127647,0.5381696825851304,0.3277298668846971,0.07143632395340993,0.01975568108127647,False,False,ictal_scale,high,high,mid,0.15964585640513526,0.7716795631901823,0.45186242101497315,0.46411602383361655,0.5488116360940264,1200,500,10,41.78614401817322
-0.6,-0.3,0.58,0.048,71,12024353,True,,60,-0.15,-0.24443067668632498,0.46535145553488616,-0.2631165002215231,-0.9239682607103249,0.048327343693197584,-0.20245342874681094,0.4001912639618708,-0.45032307069228406,0.07784690593898001,65.50911413789206,66.97379782876287,151.48995108689462,150.32497390641413,1.4646836908708138,-1.1649771804804914,True,False,0.5488116360940264,0.40656965974059917,0.7408182206817179,0.7686523439264253,0.3051094357684767,0.39694074724330963,-3.02975775649785,-0.2631165002215231,-1.187084760931848,-0.623968260710325,0.33688349977847687,-0.1146485444651138,0.00032734369319758344,0.623968260710325,0.33688349977847687,0.1146485444651138,0.00032734369319758344,False,False,ictal_scale,high,high,mid,-0.20020740171674353,0.7393814609816604,0.4603736469896698,0.47291944130694175,0.5488116360940264,1200,500,10,62.173606872558594
-0.6,-0.3,0.58,0.048,72,514290447,True,,60,-0.15,-0.11201200269801533,0.6689612484613419,-0.5042812129326693,-0.4613895900989809,0.10106218671056065,0.13023380126243317,0.6952476964801735,-0.5897905070144146,0.04607551189687452,68.69832025105063,69.73755247562119,157.86836331321177,155.85248320013076,1.0392322245705543,-2.0158801130810104,True,False,0.5488116360940264,0.40656965974059917,0.7408182206817179,0.6039395233691204,0.3807277207515641,0.6304070292132015,-2.292019241606963,-0.5042812129326693,-0.9656708030316501,-0.1613895900989809,0.09571878706733072,0.0889612484613419,0.05306218671056065,0.1613895900989809,0.09571878706733072,0.0889612484613419,0.05306218671056065,False,False,ictal_scale,high,high,mid,-0.20605455630298217,0.9516914427489823,0.4461433419527133,0.4639414585360163,0.5488116360940264,1200,500,10,66.44087672233582
-0.6,-0.3,0.58,0.048,73,2050797072,True,,60,-0.15,-0.4169296284953568,0.5040113708298244,-1.240425222597876,0.5452011641466422,0.04109724000299461,-0.3765329775509352,0.3585730532264629,-0.7328503653761917,0.037944330628868886,60.92301428477968,61.84336951786828,142.31775138066988,140.06411728462496,0.9203552330885998,-2.2536340960449195,True,False,0.5488116360940264,0.40656965974059917,0.7408182206817179,0.2892611913888027,0.49896263866364954,1.7249553466471839,-3.191814312946636,-1.240425222597876,-0.6952240584512338,0.8452011641466421,-0.640425222597876,-0.07598862917017557,-0.006902759997005389,0.8452011641466421,0.640425222597876,0.07598862917017557,0.006902759997005389,False,False,ictal_scale,high,high,mid,-0.40144534931938336,0.72015777147066,0.46782439433876805,0.48325492324875907,0.5488116360940264,1200,500,10,51.736961126327515
-0.6,-0.3,0.58,0.048,74,504918405,True,,60,-0.15,-0.2914305586960224,0.7037714847369766,-0.9053929583040125,0.01621162320329686,0.07213689674593081,0.08222910206542336,0.6707640882623419,-0.8373521235730386,0.010388744211898483,64.10884710789571,65.76707882461763,148.68941702690194,147.91153589812365,1.6582317167219145,-0.7778811287782901,True,False,0.5488116360940264,0.40656965974059917,0.7408182206817179,0.40438294823977206,0.41099207985362507,1.016343744568414,-2.6291896215385933,-0.9053929583040125,-0.8891813351007156,0.3162116232032969,-0.3053929583040125,0.12377148473697663,0.024136896745930808,0.3162116232032969,0.3053929583040125,0.12377148473697663,0.024136896745930808,False,False,ictal_scale,high,high,mid,-0.248793819692386,0.8785293978798738,0.4493448101207418,0.45465984169117857,0.5488116360940264,1200,500,10,41.594863414764404
-0.6,-0.3,0.58,0.048,75,1140299152,True,,60,-0.15,0.08476698631183553,0.4040108049486213,-0.45488545870634295,-0.5157420952791401,0.05522932507893724,0.11653951503614426,0.4322700539145664,-0.24640493133951957,0.10697855295280119,66.38549841986469,70.24041177208673,153.2427196508399,156.85820179306185,3.8549133522220416,3.615482142221964,True,True,0.5488116360940264,0.40656965974059917,0.7408182206817179,0.6345206426012799,0.37884521766239576,0.5970573567304011,-2.8962612153331477,-0.45488545870634295,-0.970627553985483,-0.21574209527914007,0.14511454129365703,-0.17598919505137867,0.00722932507893724,0.21574209527914007,0.14511454129365703,0.17598919505137867,0.00722932507893724,False,False,ictal_scale,high,high,mid,0.13979991857035995,0.7266746679582969,0.4651151644393427,0.49397862538196,0.5488116360940264,1200,500,10,43.627588748931885
-0.6,-0.3,0.58,0.048,76,396207477,True,,60,-0.15,-0.1550157086288645,0.5013986111261991,-0.1724655876674451,-1.8609640854826173,0.04870332451280268,-0.09853444123424288,0.4973860553483769,-0.5472704389088863,0.10483012981268967,55.672411816054,63.24717587188326,131.8165464432185,142.8717299926549,7.574764055829256,11.055183549436407,True,True,0.5488116360940264,0.40656965974059917,0.7408182206817179,0.8415872492937682,0.1308858547830632,0.15552262096758027,-3.0220079860736,-0.1724655876674451,-2.0334296731500623,-1.5609640854826172,0.42753441233255485,-0.07860138887380086,0.0007033245128026805,1.5609640854826172,0.42753441233255485,0.07860138887380086,0.0007033245128026805,False,False,ictal_scale,high,high,mid,-0.13702061912604108,0.6993764661890409,0.46432211611780344,0.46445510013477465,0.5488116360940264,1200,500,10,65.32180571556091
-0.6,-0.3,0.58,0.048,77,1249010080,True,,60,-0.15,-0.1111374783566106,0.5388908838081419,0.015968707430346587,-1.1470763866136886,0.09267557245648349,-0.2947488333506032,0.469828563655531,-0.17473131456126645,0.06054305709844019,69.41614466365453,73.46359947589788,159.30401213841958,163.30457720068415,4.047454812243345,4.00056506226457,True,True,0.5488116360940264,0.40656965974059917,0.7408182206817179,1.016096888625934,0.32267563730877574,0.31756384742515004,-2.378650352931956,0.015968707430346587,-1.131107679183342,-0.8470763866136886,0.6159687074303466,-0.041109116191858086,0.04467557245648349,0.8470763866136886,0.6159687074303466,0.041109116191858086,0.04467557245648349,False,False,ictal_scale,high,high,mid,-0.3534795257521014,0.828290355853404,0.45473584018125607,0.4630722593617447,0.5488116360940264,1200,500,10,54.307358741760254
-0.6,-0.3,0.58,0.048,78,386835435,True,,60,-0.15,-0.013987639954136072,0.8417211787406862,-0.8044206230671931,-0.6775443964506476,0.09259098540537887,0.08830074762169163,0.7935575543362604,-1.0058818442569755,0.044101570869884636,58.43964722596802,59.33811927327061,137.35101726304654,135.0536167954296,0.8984720473025902,-2.2974004676169386,True,False,0.5488116360940264,0.40656965974059917,0.7408182206817179,0.4473470340441433,0.22719081508431288,0.5078625715486339,-2.3795634919027275,-0.8044206230671931,-1.4819650195178407,-0.3775443964506476,-0.2044206230671931,0.26172117874068623,0.04459098540537887,0.3775443964506476,0.2044206230671931,0.26172117874068623,0.04459098540537887,False,False,ictal_scale,high,high,mid,-0.34025725927297495,0.948476993159708,0.4427245477296036,0.44681356802312505,0.5488116360940264,1200,500,10,61.03117656707764
-0.6,-0.3,0.58,0.048,79,1258382122,True,,60,-0.15,0.03866742879518013,0.4042221627155966,-0.32390493575411106,-0.8974436288192175,0.05501243706185163,-0.02574250276529247,0.3581740248111097,-0.6335637569709205,0.004070645247049626,64.75816329577245,65.26115649605636,149.9880494026554,146.8996912410011,0.5029932002839104,-3.0883581616542983,True,False,0.5488116360940264,0.40656965974059917,0.7408182206817179,0.7233190008869093,0.29483229831597535,0.40761033230768434,-2.900195990915536,-0.32390493575411106,-1.2213485645733284,-0.5974436288192175,0.2760950642458889,-0.17577783728440338,0.007012437061851631,0.5974436288192175,0.2760950642458889,0.17577783728440338,0.007012437061851631,False,False,ictal_scale,high,high,mid,-0.006481356011878501,0.7489255319965026,0.459601882650937,0.46307011655550256,0.5488116360940264,1200,500,10,42.954442501068115
-0.6,-0.3,0.58,0.048,80,278124507,True,,60,-0.15,-0.13514162870043653,0.5503556512292044,-1.0958809667856841,0.08493922654446305,0.06628131109160014,-0.15685124796523953,0.5073746683805562,-0.5113281033790151,0.10086788317021697,61.125824897865755,63.90901410808908,142.72337260684202,144.19540646506655,2.783189210223327,1.4720338582245347,True,True,0.5488116360940264,0.40656965974059917,0.7408182206817179,0.3342450184467854,0.3638761413594525,1.0886509036106535,-2.7138473055150105,-1.0958809667856841,-1.010941740241221,0.38493922654446305,-0.49588096678568416,-0.02964434877079558,0.01828131109160014,0.38493922654446305,0.49588096678568416,0.02964434877079558,0.01828131109160014,False,False,ictal_scale,high,high,mid,-0.1725591444854622,0.7308125112575192,0.46365377925774603,0.4652304740675271,0.5488116360940264,1200,500,10,44.80083107948303
-0.6,-0.3,0.58,0.048,81,1367093050,True,,60,-0.15,0.2098419048267074,0.5840848380018978,-0.5026436533039529,-0.9916645831438897,0.053724733881493444,0.04672424546012188,0.5483194238372413,-0.9996270860227239,0.02180213298325407,58.38772231984442,60.65974128680308,137.24716745079934,137.69686082249456,2.2720189669586617,0.4496933716952185,True,True,0.5488116360940264,0.40656965974059917,0.7408182206817179,0.6049293205555456,0.22440378540989075,0.3709586852292203,-2.923881789811695,-0.5026436533039529,-1.4943082364478426,-0.6916645831438897,0.09735634669604709,0.00408483800189785,0.005724733881493443,0.6916645831438897,0.09735634669604709,0.00408483800189785,0.005724733881493443,False,False,ictal_scale,high,high,mid,0.13168056603186742,0.8118753838275051,0.45516313395205493,0.4614913579689869,0.5488116360940264,1200,500,10,64.85197162628174
-0.6,-0.3,0.58,0.048,82,765488070,True,,60,-0.15,-0.15581519981606334,0.5232652259018241,-0.10351772813754387,-1.2172484565923711,0.04667355636811251,0.0029504460222867764,0.4992141029625775,-0.2777328922200596,0.13505484335444942,64.1336059494734,70.93528710825922,148.73893471005732,158.24795246540683,6.8016811587858115,9.509017755349504,True,True,0.5488116360940264,0.40656965974059917,0.7408182206817179,0.9016600378469959,0.266930705366067,0.29604362416177404,-3.0645775194785783,-0.10351772813754387,-1.320766184729915,-0.9172484565923711,0.4964822718624561,-0.056734774098175844,-0.0013264436318874903,0.9172484565923711,0.4964822718624561,0.056734774098175844,0.0013264436318874903,False,False,ictal_scale,high,high,mid,0.04806148565974539,0.7799567514026772,0.45596319151498255,0.4670316772405935,0.5488116360940264,1200,500,10,67.2912003993988
-0.6,-0.3,0.58,0.048,83,1376465092,True,,60,-0.15,-0.04236766278896856,0.7569482607500463,-1.0259745596293874,0.11386546940612739,0.05662864761093389,-0.0006612475136507081,0.7645965452933122,-0.815195647919805,0.07161693532474428,64.06302462508833,63.971367863246634,148.59777206128717,144.32011397538167,-0.09165676184169769,-4.2776580859055,False,False,0.5488116360940264,0.40656965974059917,0.7408182206817179,0.3584469671866894,0.40167615876555207,1.120601359576709,-2.8712402802834878,-1.0259745596293874,-0.91210909022326,0.4138654694061274,-0.42597455962938746,0.17694826075004633,0.00862864761093389,0.4138654694061274,0.42597455962938746,0.17694826075004633,0.00862864761093389,False,False,ictal_scale,high,high,mid,-0.008274619638519352,0.9624352967961662,0.43688825443171975,0.4409318350222776,0.5488116360940264,1200,500,10,56.506547689437866
-0.6,-0.3,0.58,0.048,84,874198998,True,,60,-0.15,-0.13049891144794173,0.6003345936761643,-0.14413048820963328,-0.9502823698736875,0.07175677399973458,-0.04312084413002934,0.639888251347781,-0.3705604868306643,0.057961182149867965,68.80934877016361,71.29461537442953,158.09042035143773,158.96660899774744,2.4852666042659166,0.8761886463097142,True,True,0.5488116360940264,0.40656965974059917,0.7408182206817179,0.865774767288707,0.33473608684978495,0.3866318348570693,-2.6344730176527316,-0.14413048820963328,-1.0944128580833208,-0.6502823698736875,0.4558695117903667,0.020334593676164303,0.02375677399973458,0.6502823698736875,0.4558695117903667,0.020334593676164303,0.02375677399973458,False,False,ictal_scale,high,high,mid,-0.26687532598571706,0.8656665433353531,0.44700140670995026,0.45074919934201385,0.5488116360940264,1200,500,10,58.050190448760986
-0.6,-0.3,0.58,0.048,85,1485176020,True,,60,-0.15,0.2302779189480727,0.4827460902250584,-0.6316424167498386,-1.2783413845467893,0.044560788214206136,0.14215924314100048,0.29657259587944573,-0.9371283645292173,0.06954165564870121,56.71560719568989,59.2311842933873,133.90293720249028,134.839746835663,2.5155770976974097,0.9368096331727145,True,True,0.5488116360940264,0.40656965974059917,0.7408182206817179,0.5317177812609067,0.14808278532514826,0.27849884006885606,-3.1109009946908706,-0.6316424167498386,-1.9099838012966277,-0.9783413845467892,-0.03164241674983859,-0.09725390977494158,-0.003439211785793865,0.9783413845467892,0.03164241674983859,0.09725390977494158,0.003439211785793865,False,False,ictal_scale,high,high,mid,0.11133078210352791,0.6277899065423888,0.46735246031673694,0.4694826236936984,0.5488116360940264,1200,500,10,60.153640031814575
-0.6,-0.3,0.58,0.048,86,883571040,True,,60,-0.15,-0.4613394471201666,0.5016899514932788,-1.037810331715183,0.28429182965724065,0.06679770002133714,-0.12795164942387335,0.4280060282723142,-0.47845541990595297,0.07595413929160479,68.00764750063134,69.1183962475457,156.48701781237318,154.6141707439798,1.1107487469143678,-1.8728470683933836,True,False,0.5488116360940264,0.40656965974059917,0.7408182206817179,0.3542294784300426,0.47070745054196345,1.3288206634528423,-2.7060866298505974,-1.037810331715183,-0.7535185020579424,0.5842918296572406,-0.437810331715183,-0.07831004850672119,0.01879770002133714,0.5842918296572406,0.437810331715183,0.07831004850672119,0.01879770002133714,False,False,ictal_scale,high,high,mid,-0.38312255881104895,0.8142306930789338,0.45566668238758445,0.467725179157581,0.5488116360940264,1200,500,10,43.97592854499817
-0.6,-0.3,0.58,0.048,87,652935589,True,,60,-0.15,-0.17564414438986237,0.688683194191952,-0.07859840964817909,-0.9524283978777003,0.08284013784923455,-0.03733074740857624,0.5078386672186147,-0.3244074654031505,0.18334249378359224,68.56453543972317,73.05199855408415,157.60079369055686,162.4813753570567,4.487463114360978,4.880581666499836,True,True,0.5488116360940264,0.40656965974059917,0.7408182206817179,0.9244110844855987,0.35664057127307836,0.3858030017798152,-2.4908425784141954,-0.07859840964817909,-1.0310268075258793,-0.6524283978777004,0.5214015903518209,0.10868319419195205,0.03484013784923455,0.6524283978777004,0.5214015903518209,0.10868319419195205,0.03484013784923455,False,False,ictal_scale,high,high,mid,-0.01743263443595512,0.9491394872949881,0.4378200917355634,0.43543959442009017,0.5488116360940264,1200,500,10,41.62238335609436
-0.6,-0.3,0.58,0.048,88,992281968,True,,60,-0.15,-0.3946512616508416,0.659978520310474,-0.4376713379824383,-0.9286015506815186,0.038053709358545705,-0.17282157579054852,0.7078864198978221,-0.9879533860523471,0.12317814345231291,60.19542779852701,61.58509791521586,140.86257840816452,139.54757407932013,1.3896701166888548,-1.3150043288443953,True,False,0.5488116360940264,0.40656965974059917,0.7408182206817179,0.6455379117885248,0.25505581162256624,0.39510585972543366,-3.2687567129989783,-0.4376713379824383,-1.366272888663957,-0.6286015506815186,0.1623286620175617,0.07997852031047403,-0.009946290641454296,0.6286015506815186,0.1623286620175617,0.07997852031047403,0.009946290641454296,False,False,ictal_scale,high,high,mid,-0.2944791023827401,0.7842264407593482,0.4598563003247777,0.46895734460832367,0.5488116360940264,1200,500,10,52.69592094421387
-0.6,-0.3,0.58,0.048,89,1657467773,True,,60,-0.15,-0.36048300492755597,0.4937854463469641,-0.703026689545309,-0.14311157870427182,0.05654520975905268,-0.30624620787615,0.4366004707128436,-0.32321259829716786,0.09035738096277687,67.47300462970479,70.07818821245927,155.4177320705201,156.53375467380692,2.605183582754478,1.1160226032868366,True,True,0.5488116360940264,0.40656965974059917,0.7408182206817179,0.49508456652263966,0.429068684881944,0.8666573629948191,-2.872714788070667,-0.703026689545309,-0.8461382682495808,0.15688842129572816,-0.10302668954530902,-0.08621455365303587,0.00854520975905268,0.15688842129572816,0.10302668954530902,0.08621455365303587,0.00854520975905268,False,False,ictal_scale,high,high,mid,-0.36798842945046917,0.7904837242245496,0.45473633353763115,0.4622905251876835,0.5488116360940264,1200,500,10,43.08910369873047
-0.6,-0.3,0.58,0.048,90,1001654010,True,,60,-0.15,-0.03520487600603957,0.4635604193770563,-0.29979872901074,-0.6358994468858866,0.052022641920686716,0.021030392737650942,0.34148868590271264,-0.44568810832622574,0.034729440491805326,67.06095893097414,68.77782989635524,154.5936406730588,153.93303804159888,1.716870965381105,-0.6606026314599092,True,False,0.5488116360940264,0.40656965974059917,0.7408182206817179,0.7409673409041403,0.39231186720349215,0.5294590537887769,-2.9560762336174973,-0.29979872901074,-0.9356981758966266,-0.33589944688588663,0.30020127098925997,-0.11643958062294368,0.004022641920686715,0.33589944688588663,0.30020127098925997,0.11643958062294368,0.004022641920686715,False,False,ictal_scale,high,high,mid,0.12368666960438669,0.8173374217831841,0.44845212506571247,0.44590902629791707,0.5488116360940264,1200,500,10,54.45032072067261
-0.6,-0.3,0.58,0.048,91,1648095731,True,,60,-0.15,-0.22426251546259943,0.3616776978318466,-0.8045387912780688,0.0696564144700714,0.06197843846728297,-0.1813590690466054,0.340937266889458,-0.23121363919634771,0.050448133466456345,66.52656563275565,69.33017885954922,153.5248540766218,155.03773596798683,2.8036132267935727,1.5128818913650264,True,True,0.5488116360940264,0.40656965974059917,0.7408182206817179,0.4472941749686824,0.47956186325472205,1.0721397462604982,-2.780968721078619,-0.8045387912780688,-0.7348823768079974,0.36965641447007136,-0.20453879127806884,-0.21832230216815335,0.013978438467282972,0.36965641447007136,0.20453879127806884,0.21832230216815335,0.013978438467282972,False,False,ictal_scale,high,high,mid,-0.21936809681568928,0.7764645312599295,0.46207097863100305,0.4747695327378322,0.5488116360940264,1200,500,10,49.78312063217163
-0.6,-0.3,0.58,0.048,92,1110364938,True,,60,-0.15,-0.7810183149336118,0.5477489540186354,0.03942304827577926,-1.4191307007436316,0.04063082784379173,-0.38154006791300044,0.33209568634186143,-0.659528600233707,0.06215298922603517,63.865465422866066,65.5879947571541,148.20265365684264,147.5533677631966,1.7225293342880406,-0.649285893646038,True,False,0.5488116360940264,0.40656965974059917,0.7408182206817179,1.0402104498173748,0.2516521121807747,0.24192423006801764,-3.203228194004453,0.03942304827577926,-1.3797076524678522,-1.1191307007436315,0.6394230482757792,-0.03225104598136452,-0.007369172156208269,1.1191307007436315,0.6394230482757792,0.03225104598136452,0.007369172156208269,False,False,ictal_scale,high,high,mid,-0.3348570452960049,0.734627483827891,0.47193768214195086,0.4814612795762879,0.5488116360940264,1200,500,10,75.75422406196594
-0.6,-0.3,0.58,0.048,93,1539384803,True,,60,-0.15,-0.01555551221595836,0.6562427121620001,-0.549839686580693,-0.8742386491178815,0.07350383019191535,-0.031699925631168684,0.6883691660307062,-0.715407470487779,0.030942905067327855,61.729156189972194,63.21430015052325,143.93003519105488,142.8059785499349,1.4851439605510564,-1.124056641119978,True,False,0.5488116360940264,0.40656965974059917,0.7408182206817179,0.5770423105916718,0.24073023345623346,0.41717951879369136,-2.61041776266647,-0.549839686580693,-1.4240783356985744,-0.5742386491178815,0.050160313419306934,0.07624271216200018,0.02550383019191535,0.5742386491178815,0.050160313419306934,0.07624271216200018,0.02550383019191535,False,False,ictal_scale,high,high,mid,-0.07234527962308214,0.8230209362126113,0.4548680863289168,0.46654296750702284,0.5488116360940264,1200,500,10,89.67159533500671
-0.6,-0.3,0.58,0.048,94,2041650897,True,,60,-0.15,-0.2482287767210245,0.635053499018767,-0.0004146715695759629,-1.6999542500793778,0.06366789616534324,-0.24258253660678467,0.5131859534816878,-0.46091702551427827,0.13832499032091694,62.022285469907686,68.33238687288775,144.51629375092588,153.0421519946639,6.310101402980067,8.525858243738014,True,True,0.5488116360940264,0.40656965974059917,0.7408182206817179,0.9995854143947966,0.18261614057618034,0.18269188200064532,-2.7540748282925436,-0.0004146715695759629,-1.7003689216489537,-1.3999542500793778,0.599585328430424,0.055053499018766994,0.01566789616534324,1.3999542500793778,0.599585328430424,0.055053499018766994,0.01566789616534324,False,False,ictal_scale,high,high,mid,-0.22278467233134056,0.7902126161919995,0.46980794336429804,0.4865029715962001,0.5488116360940264,1200,500,10,68.13758516311646
-0.6,-0.3,0.58,0.048,95,617470886,True,,60,-0.15,0.43026557022845263,0.7077649260633798,-1.6033834425593827,0.8757095724299024,0.04737778235559126,0.06922492603477232,0.6637812576280666,-0.982618221700022,0.06467824834393762,59.53890558960006,61.93382647298156,139.54953399031064,140.24503119485152,2.394920883381495,0.6954972045408851,True,True,0.5488116360940264,0.40656965974059917,0.7408182206817179,0.20121456704457816,0.48303127777432897,2.4005780737898346,-3.0496018868430834,-1.6033834425593827,-0.7276738701294803,1.1757095724299025,-1.0033834425593828,0.12776492606337986,-0.0006222176444087429,1.1757095724299025,1.0033834425593828,0.12776492606337986,0.0006222176444087429,False,False,ictal_scale,high,high,mid,0.35338906451329255,0.8754365620674784,0.435604512793111,0.44705229642044914,0.5488116360940264,1200,500,10,50.13439965248108
-0.6,-0.3,0.58,0.048,96,2032278855,True,,60,-0.15,0.1770032559865921,0.5975796533993525,-0.6898319984935256,-0.3348502403770495,0.0656550694193171,0.058916693731337524,0.5515898463902914,-0.7392352139282983,0.038454777729975735,64.4291232051895,64.96545883438628,149.3299692214895,146.30829591766096,0.5363356291967847,-3.0216733038285497,True,False,0.5488116360940264,0.40656965974059917,0.7408182206817179,0.5016603416800349,0.3589104950921741,0.7154452231368361,-2.7233404623369153,-0.6898319984935256,-1.0246822388705752,-0.034850240377049535,-0.08983199849352563,0.017579653399352524,0.017655069419317104,0.034850240377049535,0.08983199849352563,0.017579653399352524,0.017655069419317104,False,False,ictal_scale,high,high,mid,0.13828594488845816,0.7102203474548483,0.46042952927629427,0.46568219107356223,0.5488116360940264,1200,500,10,45.151182651519775
-0.6,-0.3,0.58,0.048,97,1421301833,True,,60,-0.15,-0.4313432607655928,0.5845353166782165,-0.6588902145987683,-0.3031600319553319,0.05179262942226392,-0.30384009018314906,0.4644871653737546,-0.5950382979437016,0.08131884808686426,62.62235647891797,64.74317512643782,145.71643576894644,145.86372850176403,2.1208186475198474,0.14729273281758992,True,True,0.5488116360940264,0.40656965974059917,0.7408182206817179,0.5174252469582601,0.3821086653525732,0.7384809063702247,-2.9605074289862445,-0.6588902145987683,-0.9620502465541002,-0.0031600319553319323,-0.05889021459876831,0.004535316678216494,0.003792629422263917,0.0031600319553319323,0.05889021459876831,0.004535316678216494,0.003792629422263917,False,False,ictal_scale,high,high,mid,-0.36131585012858625,0.8107075311456983,0.4558277417076519,0.46847558408558604,0.5488116360940264,1200,500,10,47.53413391113281
-0.6,-0.3,0.58,0.048,98,1923567927,True,,60,-0.15,-0.13308491838005476,0.5928910532062764,0.3268802050683649,-2.251385819109801,0.036574368921780474,0.21953530489026435,0.35032839474125094,-0.7505820323666597,0.012925384522340445,60.12341249771932,64.04613471418735,140.71854780654914,144.46964767726308,3.922722216468024,3.7510998707139436,True,True,0.5488116360940264,0.40656965974059917,0.7408182206817179,1.3866353553426276,0.1459478936123424,0.10525326146489299,-3.308407586584876,0.3268802050683649,-1.9245056140414358,-1.9513858191098008,0.9268802050683649,0.012891053206276482,-0.011425631078219527,1.9513858191098008,0.9268802050683649,0.012891053206276482,0.011425631078219527,False,False,ictal_scale,high,high,mid,0.18076079394488076,0.7328869030351587,0.45549986162990963,0.4560197479875774,0.5488116360940264,1200,500,10,84.42060828208923
-0.6,-0.3,0.58,0.048,99,735553856,True,,60,-0.15,-0.2237183311491993,0.6304022425910338,-0.04534846697177139,-1.2946532247273328,0.06042567924779845,-0.00035241901059864927,0.5541326071691866,-0.7906297882212094,0.0457830669519854,63.312606934943155,64.98903746365804,147.0969366809968,146.35545317620446,1.6764305287148815,-0.7414835047923418,True,False,0.5488116360940264,0.40656965974059917,0.7408182206817179,0.9556644063218622,0.2618452256166177,0.2739928618084681,-2.806341111284097,-0.04534846697177139,-1.3400016916991042,-0.9946532247273328,0.5546515330282286,0.050402242591033874,0.01242567924779845,0.9946532247273328,0.5546515330282286,0.050402242591033874,0.01242567924779845,False,False,ictal_scale,high,high,mid,0.022260178456970845,0.8312131642957881,0.45162938116629825,0.45413370998052327,0.5488116360940264,1200,500,10,52.63706707954407
-0.6,1.45,0.58,0.048,0,364636019,True,,60,-0.15,1.8251650555206342,0.40251709819465986,0.4961771971258413,0.683348571658851,14.908412801878123,21.14188392536282,0.5152887802072793,8.34387649172412,2755.691503548714,280.9660809443237,356.4587085215899,582.4038846997579,729.2947952920682,75.4926275772662,146.89091059231032,True,True,0.5488116360940264,2.3396468519259908,4.263114515168817,1.6424305660107272,3.2528312429451702,1.9804984821038243,2.701925671190596,0.4961771971258413,1.1795257687846923,-0.766651428341149,1.0961771971258414,-0.1774829018053401,14.860412801878123,0.766651428341149,1.0961771971258414,0.1774829018053401,14.860412801878123,True,True,strong,high,high,mid,20.409658664234083,101.7692725158256,11751.752533718614,22026.465794806718,22026.465794806718,1200,500,10,114.71700811386108
-0.6,1.45,0.58,0.048,1,975613041,True,,60,-0.15,41.83756701762354,0.3500829716966247,4.98230824651694,1.568006004137418,144.3111306618114,42.81641796640382,0.5085193161000798,9.182505683679295,2815.5324807717534,374.22090959134755,369.8777439118059,768.9135419938056,756.1328660725002,-4.343165679541642,-12.780675921305374,False,False,0.5488116360940264,2.3396468519259908,4.263114515168817,145.8105602306173,699.4639462850754,4.797073306479224,4.971971598368519,4.98230824651694,6.550314250654358,0.11800600413741802,5.58230824651694,-0.22991702830337524,144.2631306618114,0.11800600413741802,5.58230824651694,0.22991702830337524,144.2631306618114,True,True,strong,high,high,mid,41.32757510708547,120.71577026407631,12860.91822785133,22026.465794806718,22026.465794806718,1200,500,10,73.21958804130554
-0.6,1.45,0.58,0.048,2,374008061,True,,60,-0.15,-26.9426494731306,0.64833439480445,0.0005459384168742532,4.334748786568535,148.412853384717,-35.0588084426277,0.5543231366157509,9.82989207299898,122.15723330827456,377.53442410991914,379.6144233367339,775.5405710309487,775.6062249223562,2.0799992268147776,0.06565389140746447,True,True,0.5488116360940264,2.3396468519259908,4.263114515168817,1.000546087468375,76.34745707738904,76.30578744310186,4.999997940087144,0.0005459384168742532,4.33529472498541,2.884748786568535,0.6005459384168742,0.06833439480445003,148.364853384717,2.884748786568535,0.6005459384168742,0.06833439480445003,148.364853384717,True,True,strong,high,high,mid,-29.159268288815568,166.10496547860737,17104.05057461731,22026.465794806718,22026.465794806718,1200,500,10,108.08884048461914
-0.6,1.45,0.58,0.048,3,1162498568,True,,60,-0.15,-26.457282477207357,0.6678982571470002,0.3420714081060725,1.9924600458305157,148.37289401570598,-28.978699772489087,0.5887975449596957,9.619321346310556,606.592831482061,374.08292383903074,374.5571126927651,768.6375704891719,765.4916036344185,0.47418885373434705,-3.1459668547533965,True,False,0.5488116360940264,2.3396468519259908,4.263114515168817,1.4078608266000052,10.324621235246518,7.3335524649695385,4.9997286591691585,0.3420714081060725,2.334531453936588,0.5424600458305158,0.9420714081060725,0.08789825714700028,148.32489401570598,0.5424600458305158,0.9420714081060725,0.08789825714700028,148.32489401570598,True,True,strong,high,high,mid,-26.876881766201368,162.74660727241383,16925.08949866827,22026.465794806718,22026.465794806718,1200,500,10,89.85832190513611
-0.6,1.45,0.58,0.048,4,482718989,True,,60,-0.15,-1.917471098291529,0.3870864506327506,0.48276470977001407,0.6476982629402134,29.212365773123107,-7.4914293746964,0.5202804178918883,8.814439292587302,3488.4888243456962,309.94732071121257,362.5614306522752,640.3663642335356,741.5002395534387,52.61410994106262,101.13387531990315,True,True,0.5488116360940264,2.3396468519259908,4.263114515168817,1.6205485609069634,3.0970900364229945,1.9111368280686778,3.3745921050105383,0.48276470977001407,1.1304629727102276,-0.8023017370597866,1.082764709770014,-0.19291354936724936,29.16436577312311,0.8023017370597866,1.082764709770014,0.19291354936724936,29.16436577312311,True,True,strong,high,high,mid,-7.31307527906336,110.66128719451231,13787.552931084274,22026.465794806718,22026.465794806718,1200,500,10,99.4972722530365
-0.6,1.45,0.58,0.048,5,19547105,True,,60,-0.15,4.101938713376343,0.999437601178002,2.961856075668657,0.19033699145217609,122.97152386970478,56.16641264960438,0.5250534329698986,9.241926993230525,1443.2222907586456,337.77226564215226,368.87395167479065,696.016254095415,754.1252815984697,31.101686032638383,58.109027503054676,True,True,0.5488116360940264,2.3396468519259908,4.263114515168817,19.333823512827312,23.38729829585842,1.2096571731060735,4.811952815314655,2.961856075668657,3.1521930671208334,-1.259663008547824,3.5618560756686573,0.419437601178002,122.92352386970478,1.259663008547824,3.5618560756686573,0.419437601178002,122.92352386970478,True,True,strong,high,high,mid,52.19342373196041,128.453441863321,11029.669763362472,11223.72189160337,22026.465794806718,1200,500,10,112.00477910041809
-0.6,1.45,0.58,0.048,6,492091031,True,,60,-0.15,12.78831584752129,0.9382589942959192,3.4419651633182147,0.27598516264919604,134.80221179967188,23.67884001838327,0.7257397442882091,8.742775308062793,583.3361332571125,329.8417138265537,350.9364614162804,680.1551504642179,718.2503010814492,21.094747589726694,38.0951506172313,True,True,0.5488116360940264,2.3396468519259908,4.263114515168817,31.248305893915468,41.17990217158085,1.3178283108012978,4.903808606353032,3.4419651633182147,3.7179503259674105,-1.174014837350804,4.041965163318214,0.35825899429591923,134.75421179967188,1.174014837350804,4.041965163318214,0.35825899429591923,134.75421179967188,True,True,strong,high,high,mid,33.74909862620418,110.52339986480834,12590.152621959764,22026.465794806718,22026.465794806718,1200,500,10,77.99970722198486
-0.6,1.45,0.58,0.048,7,2137308584,True,,60,-0.15,-2.7339767261741565,0.784765695178295,0.010375350044804985,0.9419343061807324,11.876697493698055,-7.4977701927059,0.721968111247535,9.494990669284604,109.2145892459692,265.3026588734705,373.8333538263966,551.0770405580514,764.0440859016816,108.53069495292613,212.96704534363016,True,True,0.5488116360940264,2.3396468519259908,4.263114515168817,1.0104293606203418,2.591688661790139,2.5649379984356364,2.4745782865425103,0.010375350044804985,0.9523096562255373,-0.5080656938192676,0.6103753500448049,0.20476569517829502,11.828697493698055,0.5080656938192676,0.6103753500448049,0.20476569517829502,11.828697493698055,True,True,strong,high,high,mid,-6.752230237136604,172.38176883283876,8769.647094790378,13.556210573983856,22026.465794806718,1200,500,10,102.48440337181091
-0.6,1.45,0.58,0.048,8,600801959,True,,60,-0.15,3.56546811788787,0.31102569205810165,0.7152892877138906,0.6996131911931374,24.9632985948668,6.1070133423641355,0.5066043186729169,8.903607358737519,1328.8186297204725,271.28517552505764,354.53044185601937,563.0420738612257,725.4382619609271,83.24526633096173,162.39618809970136,True,True,0.5488116360940264,2.3396468519259908,4.263114515168817,2.044778125895197,4.116085041287898,2.0129739208188613,3.217406690012553,0.7152892877138906,1.414902478907028,-0.7503868088068626,1.3152892877138904,-0.2689743079418983,24.9152985948668,0.7503868088068626,1.3152892877138904,0.2689743079418983,24.9152985948668,True,True,strong,high,high,mid,5.989372881521791,82.83316685690245,8878.1146514667,39.74382784075971,22026.465794806718,1200,500,10,82.37124252319336
-0.6,1.45,0.58,0.048,9,2048947782,True,,60,-0.15,3.43934793367697,0.6285613671802053,0.8594836566900912,0.5651226581284285,44.84792664085174,10.813724519996189,0.5619911878387919,9.156201569795888,183.63028824351883,290.4496008985785,364.9562608857817,601.3709246082675,746.2899000204518,74.5066599872032,144.9189754121843,True,True,0.5488116360940264,2.3396468519259908,4.263114515168817,2.361940806458773,4.156221277903415,1.7596636065299132,3.803277358692673,0.8594836566900912,1.4246063148185197,-0.8848773418715714,1.4594836566900913,0.04856136718020532,44.79992664085174,0.8848773418715714,1.4594836566900913,0.04856136718020532,44.79992664085174,True,True,strong,high,high,mid,10.054818804349255,134.57960361394763,10647.736831968168,15.050984246274199,22026.465794806718,1200,500,10,97.35999369621277
-0.6,1.45,0.58,0.048,10,610174001,True,,60,-0.15,4.272598185719655,0.5361512530949751,-0.171174511235981,0.9094750119271764,29.81689121235145,12.854806255811525,0.5233044147531125,8.8425163313124,2625.2989867708948,298.7576748053273,363.29842418960664,617.9870724217651,742.9742266281016,64.54074938427931,124.98715420633653,True,True,0.5488116360940264,2.3396468519259908,4.263114515168817,0.8426745044700918,2.0923764986652778,2.483018635980983,3.3950750521364546,-0.171174511235981,0.7383005006911953,-0.5405249880728236,0.428825488764019,-0.04384874690502483,29.768891212351452,0.5405249880728236,0.428825488764019,0.04384874690502483,29.768891212351452,True,True,strong,high,high,mid,13.105880584288055,114.61673038399077,10656.977205085916,248.54766416535796,22026.465794806718,1200,500,10,157.53625202178955
-0.6,1.45,0.58,0.048,11,107907907,True,,60,-0.15,22.822210822749796,0.4957715868745689,3.6229167957854793,0.5273583666197919,147.8594150626272,24.6990872298027,0.5086330068663184,9.076040737380545,2156.605901810912,364.9783866737025,365.17424617004247,750.4284961585155,746.7258705889733,0.19585949633994915,-3.7026255695421924,True,False,0.5488116360940264,2.3396468519259908,4.263114515168817,37.44663286542213,63.45145735187363,1.694450274872754,4.9962619240994,3.6229167957854793,4.150275162405271,-0.9226416333802081,4.222916795785479,-0.08422841312543106,147.8114150626272,0.9226416333802081,4.222916795785479,0.08422841312543106,147.8114150626272,True,True,strong,high,high,mid,23.347798616311316,120.56119652729353,15740.036793032072,22026.465794806718,22026.465794806718,1200,500,10,95.94063258171082
-0.6,1.45,0.58,0.048,12,394358187,True,,60,-0.15,0.08623003533494086,0.448233041386128,-1.108463133778498,1.206843098939508,6.8309269241319255,13.653227832044603,0.5458169716331683,7.44300291610917,836.7713276216954,195.521563401289,340.55409155834593,411.5148496136885,697.4855613655802,145.03252815705693,285.9707117518917,True,True,0.5488116360940264,2.3396468519259908,4.263114515168817,0.3300658385120958,1.1033819521701365,3.3429147261772783,1.9214603780101502,-1.108463133778498,0.09837996516101,-0.24315690106049193,-0.508463133778498,-0.13176695861387194,6.782926924131925,0.24315690106049193,0.508463133778498,0.13176695861387194,6.782926924131925,True,True,strong,high,high,mid,13.349239640907353,63.51897042068509,3308.8884862607097,1.3650399664064587,22026.465794806718,1200,500,10,115.99716854095459
-0.6,1.45,0.58,0.048,13,1930864812,True,,60,-0.15,2.45075964078773,0.5681741385829228,-1.9667602344199087,3.56812598527271,76.70193032624157,2.492628795201175,0.5677708838606104,10.15376939924574,656.963902652698,374.3687691325165,386.1387947469367,769.2092610761434,788.6549677427618,11.770025614420206,19.44570666661832,True,True,0.5488116360940264,2.3396468519259908,4.263114515168817,0.13990939640396322,4.959801654141128,35.45009685997495,4.339926875282617,-1.9667602344199087,1.6013657508528012,2.1181259852727097,-1.3667602344199086,-0.0118258614170772,76.65393032624156,2.1181259852727097,1.3667602344199086,0.0118258614170772,76.65393032624156,True,True,strong,high,high,mid,2.3915768769572323,179.15210361019402,19831.41365237805,22026.465794806718,22026.465794806718,1200,500,10,88.25459480285645
-0.6,1.45,0.58,0.048,14,384986145,True,,60,-0.15,15.086397344735687,0.43106016703286265,-1.6300931896571473,3.008858558840419,148.3839394261461,15.656893154641608,0.5003043614093149,10.772964063685212,1469.1248127788385,370.57179333970953,382.9059025237104,761.6153094905295,782.1891832963091,12.334109184000852,20.573873805779613,True,True,0.5488116360940264,2.3396468519259908,4.263114515168817,0.19591131636780182,3.96999711970321,20.264256263022496,4.999803099985345,-1.6300931896571473,1.3787653691832715,1.558858558840419,-1.0300931896571472,-0.1489398329671373,148.3359394261461,1.558858558840419,1.0300931896571472,0.1489398329671373,148.3359394261461,True,True,strong,high,high,mid,14.653371670086347,155.55206038393786,17710.231826164312,22026.465794806718,22026.465794806718,1200,500,10,119.34082531929016
-0.6,1.45,0.58,0.048,15,225990877,True,,60,-0.15,-21.25977734969903,0.7400699018430983,4.999996292948169,0.14589009719873375,148.41316898494745,-33.18513640408062,0.5033723673920082,9.321069089371326,4235.063066067971,360.79833807421005,375.56835411299244,742.0683989595306,767.5140864748732,14.770016038782387,25.445687515342684,True,True,0.5488116360940264,2.3396468519259908,4.263114515168817,148.41260892832318,171.72363136526783,1.1570690159365287,5.000000066586889,4.999996292948169,5.145886390146903,-1.3041099028012662,5.599996292948169,0.16006990184309833,148.36516898494745,1.3041099028012662,5.599996292948169,0.16006990184309833,148.36516898494745,True,True,strong,high,high,mid,-32.57148467104715,160.0632954146856,13250.40541101674,22026.465794806718,22026.465794806718,1200,500,10,91.38783264160156
-0.6,1.45,0.58,0.048,16,276275217,True,,60,-0.15,13.866221403087886,0.5403535317204154,0.5894366669664338,0.6806200015185686,146.23095840204908,20.56144988425906,0.592888486565203,9.046257406538873,3913.1330108049133,341.3770254027064,369.3974022246788,703.2257736165233,755.1721826982459,28.020376821972377,51.94640908172266,True,True,0.5488116360940264,2.3396468519259908,4.263114515168817,1.8029724553200963,3.5610543561931673,1.9751019188814756,4.985187278674998,0.5894366669664338,1.2700566684850023,-0.7693799984814313,1.1894366669664338,-0.03964646827958451,146.18295840204908,0.7693799984814313,1.1894366669664338,0.03964646827958451,146.18295840204908,True,True,strong,high,high,mid,19.684614062718666,132.64073780899315,15420.034628885418,22026.465794806718,22026.465794806718,1200,500,10,111.26822662353516
-0.6,1.45,0.58,0.048,17,1368942340,True,,60,-0.15,-70.28930005075964,0.6502043290825155,2.1664904691292497,4.294853326191441,148.38333476058554,-72.10758909709025,0.5694655095640528,11.170020579436478,654.6433961376961,402.4559529637765,387.16079246591295,825.3836287386634,790.6989631807143,-15.295160497863549,-34.68466555794919,False,False,0.5488116360940264,2.3396468519259908,4.263114515168817,8.727600446529262,639.9204010892627,73.32145931860826,4.999799024970253,2.1664904691292497,6.4613437953206905,2.8448533261914406,2.76649046912925,0.0702043290825155,148.33533476058554,2.8448533261914406,2.76649046912925,0.0702043290825155,148.33533476058554,True,True,strong,high,high,mid,-70.51036369303864,197.09339515613573,18384.2874247532,22026.465794806718,22026.465794806718,1200,500,10,116.67963743209839
-0.6,1.45,0.58,0.048,18,266903175,True,,60,-0.15,-2.798681858575848,0.47881156778419687,0.22159729218714552,1.1597457796671429,57.67737138487639,-2.6343093488062053,0.5261216297386333,9.594412955095418,1988.4723457328018,345.54038806833216,378.20893660753603,711.5524989477748,772.7952514639604,32.66854853920387,61.24275251618565,True,True,0.5488116360940264,2.3396468519259908,4.263114515168817,1.2480686696445686,3.9802437926469953,3.189122433287672,4.05486491955399,0.22159729218714552,1.3813430718542885,-0.2902542203328571,0.8215972921871455,-0.10118843221580309,57.629371384876386,0.2902542203328571,0.8215972921871455,0.10118843221580309,57.629371384876386,True,True,strong,high,high,mid,-2.451914376942634,148.25736536285737,15452.398876608662,22026.465794806718,22026.465794806718,1200,500,10,62.795833110809326
-0.6,1.45,0.58,0.048,19,769169269,True,,60,-0.15,-8.394161840369781,0.561578730551008,1.9767864114495821,0.39374971904695955,100.35519567472625,-13.314027615778867,0.529671386968231,9.265076545336978,1648.6135906249474,328.8003786679953,372.5364704141806,678.072480147101,761.4503190772496,43.73609174618531,83.37783893014853,True,True,0.5488116360940264,2.3396468519259908,4.263114515168817,7.219505147652941,10.70312902003016,1.482529453353149,4.608715849434938,1.9767864114495821,2.3705361304965415,-1.0562502809530403,2.576786411449582,-0.018421269448991917,100.30719567472624,1.0562502809530403,2.576786411449582,0.018421269448991917,100.30719567472624,True,True,strong,high,high,mid,-12.001129735681047,141.74454741880115,12772.37134496693,22026.465794806718,22026.465794806718,1200,500,10,105.32450366020203
-0.6,1.45,0.58,0.048,20,158192247,True,,60,-0.15,-86.92586689733255,0.4048227961505251,-7.726484798386511,-1.6831213158901028,148.4131664232047,-86.77492980943818,0.480632194337732,11.205583811309895,1405.026262831883,4118.10451924012,378.23039009846053,8256.68076129135,772.8381584458094,-3739.874129141659,-7483.8426028455415,False,False,0.5488116360940264,2.3396468519259908,4.263114515168817,0.0004409915699823083,8.193321331942754e-05,0.18579315092738505,5.000000049326003,-7.726484798386511,-9.409606114276613,-3.1331213158901026,-7.126484798386511,-0.17517720384947488,148.3651664232047,3.1331213158901026,7.126484798386511,0.17517720384947488,148.3651664232047,True,True,strong,high,high,mid,-88.02272844704258,139.15277676900197,19476.421579166632,22026.465794806718,22026.465794806718,1200,500,10,88.41982078552246
-0.6,1.45,0.58,0.048,21,660458341,True,,60,-0.15,72.7752052335476,0.4398471248666329,-5.894916045590271,2.2085438345271875,148.41316847117847,77.93136071513814,0.5281243199358229,10.63132029342809,1373.692916125946,5128.759036885965,383.2710895205183,10277.98979658304,782.9195572899249,-4745.487947365446,-9495.070239293116,False,False,0.5488116360940264,2.3396468519259908,4.263114515168817,0.0027534074940633218,0.025062759720330615,9.102452061443483,5.000000063125141,-5.894916045590271,-3.686372211063084,0.7585438345271875,-5.294916045590272,-0.14015287513336705,148.36516847117846,0.7585438345271875,5.294916045590272,0.14015287513336705,148.36516847117846,True,True,strong,high,high,mid,71.40590256318306,156.05179149539336,18358.075838307235,22026.465794806718,22026.465794806718,1200,500,10,128.9789161682129
-0.6,1.45,0.58,0.048,22,49481319,True,,60,-0.15,-3.9185606709266896,0.43657676754571006,4.491608411828818,0.939548001976446,73.64915605040893,-34.18792621386502,0.5088071660738304,9.223089116736148,3192.2378031772414,353.8284355991935,372.1595089127237,728.1285940094974,760.6963960743358,18.331073313530226,32.56780206483836,True,True,0.5488116360940264,2.3396468519259908,4.263114515168817,89.26490520632377,228.41323297107581,2.558824573253391,4.299312683921179,4.491608411828818,5.431156413805264,-0.510451998023554,5.091608411828818,-0.1434232324542899,73.60115605040893,0.510451998023554,5.091608411828818,0.1434232324542899,73.60115605040893,True,True,strong,high,high,mid,-32.12428652642174,130.89048849175808,14892.275733961713,22026.465794806718,22026.465794806718,1200,500,10,90.80603051185608
-0.6,1.45,0.58,0.048,23,651086299,True,,60,-0.15,-38.982078129597404,0.315312456561224,4.216108849047168,2.3805511185865917,148.4131641546426,-42.04842164546935,0.5154254914108352,9.164971024525427,2512.7198201830506,374.23370894920765,368.96441762404527,768.9391407095258,754.3062134969789,-5.269291325162385,-14.63292721254686,False,False,0.5488116360940264,2.3396468519259908,4.263114515168817,67.76927011419562,732.644043249822,10.810859287923112,5.000000034040553,4.216108849047168,6.59665996763376,0.9305511185865918,4.8161088490471675,-0.264687543438776,148.3651641546426,0.9305511185865918,4.8161088490471675,0.264687543438776,148.3651641546426,True,True,strong,high,high,mid,-40.40219022513816,117.588379563808,15860.08795293588,22026.465794806718,22026.465794806718,1200,500,10,108.16130113601685
-0.6,1.45,0.58,0.048,24,994131258,True,,60,-0.15,-21.791226831779124,0.5623650098167119,3.7825529069167456,0.5748390257640165,148.11284200596856,-27.577028015393626,0.5134457539963532,9.444309628042014,1440.9680526509233,367.87081907755703,374.2037505562198,756.2133609662245,764.784879361328,6.332931478662772,8.571518395103453,True,True,0.5488116360940264,2.3396468519259908,4.263114515168817,43.928042915048934,78.05330047017387,1.7768444777091192,4.997974429236106,3.7825529069167456,4.357391932680762,-0.8751609742359835,4.382552906916746,-0.01763499018328807,148.06484200596856,0.8751609742359835,4.382552906916746,0.01763499018328807,148.06484200596856,True,True,strong,high,high,mid,-25.334841141823404,140.71896425704506,14687.624011513595,22026.465794806718,22026.465794806718,1200,500,10,110.9198830127716
-0.6,1.45,0.58,0.048,25,542375371,True,,60,-0.15,61.44629215966836,0.3638894114766873,2.8662368389995834,1.2620466436540096,144.37401589609203,60.820002436283616,0.5458885481089237,11.197716061429855,125.05389167043704,389.1610948157651,381.53417753892643,798.7939124426407,779.4457333267412,-7.626917276838697,-19.348179115899484,False,False,0.5488116360940264,2.3396468519259908,4.263114515168817,17.57077198654533,62.07128500059508,3.532644157475017,4.9724072649487026,2.8662368389995834,4.128283482653593,-0.1879533563459903,3.4662368389995835,-0.21611058852331266,144.32601589609203,0.1879533563459903,3.4662368389995835,0.21611058852331266,144.32601589609203,True,True,strong,high,high,mid,57.79334257897397,140.904642025482,15808.629086805457,22026.465794806718,22026.465794806718,1200,500,10,124.96860313415527
-0.6,1.45,0.58,0.048,26,1102842186,True,,60,-0.15,-35.81246547774561,0.3640702334424698,4.784463619282772,1.1863684766891207,148.38303742986884,-42.3628065341141,0.5228728357195962,10.550078604059964,773.8187672072164,383.0892288365959,383.16727855939564,786.6501804843023,782.7119353676796,0.07804972279973299,-3.9382451166226247,True,False,0.5488116360940264,2.3396468519259908,4.263114515168817,119.63717479709341,391.83157661516714,3.2751657440901605,4.999797021166962,4.784463619282772,5.970832095971893,-0.26363152331087925,5.384463619282772,-0.21592976655753016,148.33503742986883,0.26363152331087925,5.384463619282772,0.21592976655753016,148.33503742986883,True,True,strong,high,high,mid,-38.0095925363526,149.46387387156375,16894.593787433594,22026.465794806718,22026.465794806718,1200,500,10,99.83586049079895
-0.6,1.45,0.58,0.048,27,533003329,True,,60,-0.15,45.43361736033492,0.7220688932418959,3.8340883627474533,1.583922503249176,148.38873110003902,22.674668818046,0.6400353849901838,11.82506008010601,20.22999752337248,391.7301790635222,393.76609786176215,803.9320809381549,803.9095739724127,2.0359187982399476,-0.02250696574219546,True,False,0.5488116360940264,2.3396468519259908,4.263114515168817,46.25124408572426,225.43026522544656,4.874036789315834,4.999835391866433,3.8340883627474533,5.41801086599663,0.13392250324917598,4.434088362747453,0.14206889324189598,148.34073110003902,0.13392250324917598,4.434088362747453,0.14206889324189598,148.34073110003902,True,True,strong,high,high,mid,22.867225601000975,213.9006852596953,19364.441418336766,22026.465794806718,22026.465794806718,1200,500,10,124.76405358314514
-0.6,1.45,0.58,0.048,28,1112214228,True,,60,-0.15,-60.735518339788676,0.5273749502128203,4.996535855405986,2.115410315080976,136.95196627585534,-61.05747980061176,0.5341271664841846,9.345227963002817,1054.859647844405,375.5613521265147,367.38370383704023,771.5944270641398,751.1447859229688,-8.177648289474462,-20.449641141171014,False,False,0.5488116360940264,2.3396468519259908,4.263114515168817,147.89992393345693,1226.5322657003962,8.29298780608053,4.919630253224531,4.996535855405986,7.111946170486962,0.6654103150809763,5.596535855405985,-0.052625049787179634,136.90396627585534,0.6654103150809763,5.596535855405985,0.052625049787179634,136.90396627585534,True,True,strong,high,high,mid,-58.59000141303135,128.19843962512937,12638.544065753564,22026.465794806718,22026.465794806718,1200,500,10,78.255859375
-0.6,1.45,0.58,0.048,29,424292401,True,,60,-0.15,34.87370044587286,0.4357984275455208,4.987878046845465,0.6526861866902482,133.84988245154116,40.303752535287956,0.4971611888559637,9.635397534382319,680.6224469819011,377.4864708148419,376.7950628298815,775.4446644407942,769.9675039086513,-0.6914079849603922,-5.477160532142875,False,False,0.5488116360940264,2.3396468519259908,4.263114515168817,146.62496185871132,281.6215739916872,1.9206932463727386,4.8967188917556,4.987878046845465,5.640564233535713,-0.7973138133097517,5.587878046845464,-0.14420157245447918,133.80188245154116,0.7973138133097517,5.587878046845464,0.14420157245447918,133.80188245154116,True,True,strong,high,high,mid,34.38197814710116,141.09670324715142,19103.872077319094,22026.465794806718,22026.465794806718,1200,500,10,55.15075206756592
-0.6,1.45,0.58,0.048,30,1220925156,True,,60,-0.15,1.1604608714384055,0.61233952529379,1.3632406248075726,0.476076246578366,54.99073965294676,12.035133714874204,0.5298528753688359,9.165133824388732,1850.7215916816876,274.6015895414115,362.7736489027401,569.6749018939335,741.9246760543685,88.17205936132859,172.2497741604351,True,True,0.5488116360940264,2.3396468519259908,4.263114515168817,3.9088398828086977,6.292238384422607,1.6097457488847862,4.007164801110238,1.3632406248075726,1.8393168713859387,-0.973923753421634,1.9632406248075727,0.03233952529379003,54.942739652946756,0.973923753421634,1.9632406248075727,0.03233952529379003,54.942739652946756,True,True,strong,high,high,mid,11.486109921649374,127.59189190381296,7836.674153738087,4.816681340682441,22026.465794806718,1200,500,10,147.72996163368225
-0.6,1.45,0.58,0.048,31,619320176,True,,60,-0.15,-4.130763792770436,0.525503199141224,2.5128723552302548,0.2932991116802945,59.014049688273246,-27.29565644566432,0.5198591788813708,9.270033551573832,2491.5857531685756,318.3513043655775,372.87723440408524,657.1743315422655,762.1318470570588,54.52593003850774,104.95751551479339,True,True,0.5488116360940264,2.3396468519259908,4.263114515168817,12.340324999811882,16.546448173384384,1.340843792496277,4.077775545866913,2.5128723552302548,2.8061714669105493,-1.1567008883197054,3.112872355230255,-0.05449680085877595,58.966049688273245,1.1567008883197054,3.112872355230255,0.05449680085877595,58.966049688273245,True,True,strong,high,high,mid,-25.904379825866954,134.07653509244585,12858.983849507784,22026.465794806718,22026.465794806718,1200,500,10,97.56962776184082
-0.6,1.45,0.58,0.048,32,1230297198,True,,60,-0.15,55.406610691824035,0.5923609946743857,-6.873698825671507,-0.5230263185125691,148.41316830318465,60.54589940544459,0.5186565136173515,9.606367719210347,1553.132870244562,5046.327325624536,376.0626434453346,10113.126374060183,768.5026651395575,-4670.264682179201,-9344.623708920624,False,False,0.5488116360940264,2.3396468519259908,4.263114515168817,0.0010346430141029237,0.0006132578071156554,0.59272405917453,5.000000061993207,-6.873698825671507,-7.396725144184076,-1.9730263185125692,-6.273698825671508,0.012360994674385783,148.36516830318465,1.9730263185125692,6.273698825671508,0.012360994674385783,148.36516830318465,True,True,strong,high,high,mid,53.39023641481557,154.76087830939915,19025.94221498361,22026.465794806718,22026.465794806718,1200,500,10,185.83075070381165
-0.6,1.45,0.58,0.048,33,728031104,True,,60,-0.15,5.7917154135664575,0.7079542419038605,3.304612485103177,0.26304559081010664,111.28780848122652,32.6083239809804,0.5804531161658734,9.40522782267994,222.93503928954976,349.91073964892405,374.30849593662424,720.2932021089586,764.9943701221368,24.39775628770019,44.70116801317829,True,True,0.5488116360940264,2.3396468519259908,4.263114515168817,27.237984418681187,35.43351330796376,1.3008860260475685,4.712119714826547,3.304612485103177,3.5676580759132834,-1.1869544091898934,3.904612485103177,0.1279542419038605,111.23980848122652,1.1869544091898934,3.904612485103177,0.1279542419038605,111.23980848122652,True,True,strong,high,high,mid,29.885451077529435,157.28906622140317,16728.525746869844,22026.465794806718,22026.465794806718,1200,500,10,119.63405728340149
-0.6,1.45,0.58,0.048,34,1339008126,True,,60,-0.15,-28.992232162346834,0.5899515626856395,3.3785903003328444,1.4555218777046757,145.04472140350083,-32.7794824874976,0.5700180160244066,9.776251680204986,235.4877316382005,379.04562269338123,379.1338454629814,778.5629681978729,774.6450691748512,0.08822276960017916,-3.9178990230217323,True,False,0.5488116360940264,2.3396468519259908,4.263114515168817,29.329396316897128,125.72691052903772,4.286720025553491,4.977042118340252,3.3785903003328444,4.83411217803752,0.005521877704675715,3.9785903003328444,0.00995156268563957,144.99672140350083,0.005521877704675715,3.9785903003328444,0.00995156268563957,144.99672140350083,True,True,strong,high,high,mid,-28.33469741047364,161.7968110887009,18035.673019158832,22026.465794806718,22026.465794806718,1200,500,10,96.60415077209473
-0.6,1.45,0.58,0.048,35,737403146,True,,60,-0.15,-80.00853652361607,0.6334998599540002,4.775624247713424,0.4122255614691983,147.75666044018527,-88.11374641228633,0.5719769195051954,10.843412584358568,335.35176022875714,389.91925260363837,383.2685901692097,800.3102280183872,782.9145585873077,-6.650662434428682,-17.395669431079455,False,False,0.5488116360940264,2.3396468519259908,4.263114515168817,118.58431750930623,179.08307587044447,1.5101750352139978,4.995566734391564,4.775624247713424,5.187849809182622,-1.0377744385308016,5.375624247713423,0.053499859954000195,147.70866044018527,1.0377744385308016,5.375624247713423,0.053499859954000195,147.70866044018527,True,True,strong,high,high,mid,-80.72678195484342,176.4174291396945,15634.489859815318,22026.465794806718,22026.465794806718,1200,500,10,63.30986475944519
-0.6,1.45,0.58,0.048,36,1348380168,True,,60,-0.15,51.822897187448056,0.5053039201368335,4.999507203314007,3.67324737956763,121.89178751671633,51.42745430211326,0.5410504689156489,9.168167823238004,2334.044381528533,375.44227271061743,369.11501147212005,771.3562682323453,754.6074011931285,-6.327261238497385,-16.74886703921686,False,False,0.5488116360940264,2.3396468519259908,4.263114515168817,148.34003960761524,5841.568291765973,39.379578886576525,4.803133663559119,4.999507203314007,8.672754582881637,2.2232473795676304,5.5995072033140065,-0.07469607986316651,121.84378751671633,2.2232473795676304,5.5995072033140065,0.07469607986316651,121.84378751671633,True,True,strong,high,high,mid,50.5922013621172,129.65370700208757,14330.769916305137,22026.465794806718,22026.465794806718,1200,500,10,67.41032147407532
-0.6,1.45,0.58,0.048,37,846114074,True,,60,-0.15,-10.217841105279337,0.5024893304813862,-1.0182552630251829,1.9458345216575037,104.34888268601311,-15.04191881219575,0.5818732469557926,11.983592824364983,204.36187005875314,379.72575065781,386.81825492230814,779.9232241267305,790.0138880935046,7.092504264498132,10.090663966774173,True,True,0.5488116360940264,2.3396468519259908,4.263114515168817,0.36122463266227695,2.528381206513895,6.99947062823309,4.647739926096581,-1.0182552630251829,0.9275792586323208,0.49583452165750375,-0.4182552630251829,-0.07751066951861374,104.30088268601311,0.49583452165750375,0.4182552630251829,0.07751066951861374,104.30088268601311,True,True,strong,high,high,mid,-14.049974797710812,174.1869310802985,18000.305953375275,22026.465794806718,22026.465794806718,1200,500,10,90.88052582740784
-0.6,1.45,0.58,0.048,38,1803635667,True,,60,-0.15,-27.543342417206702,0.6121231886495091,4.930850879217418,2.527488809342555,119.98732999048349,-28.07343844245042,0.5984489498917445,9.719860335594928,128.0618469269301,375.3737872365195,374.30931421256867,771.2192972841494,764.9960066740257,-1.0644730239508249,-6.22329061012374,False,False,0.5488116360940264,2.3396468519259908,4.263114515168817,138.4973066984061,1734.2662435724174,12.522021437925734,4.7873861537950875,4.930850879217418,7.458339688559974,1.0774888093425552,5.530850879217418,0.03212318864950914,119.93932999048349,1.0774888093425552,5.530850879217418,0.03212318864950914,119.93932999048349,True,True,strong,high,high,mid,-28.519766932844057,151.92604615641508,17990.56307948152,22026.465794806718,22026.465794806718,1200,500,10,69.17249584197998
-0.6,1.45,0.58,0.048,39,855486116,True,,60,-0.15,-66.37609783805851,0.5475938139233495,4.664098105030066,1.4074462875988505,148.41317507587866,-69.97334921862456,0.5152902819129375,10.120606781536072,6465.0914937238285,402.6717815564382,393.7960432020482,825.8152859239868,803.9694646529848,-8.875738354389966,-21.845821271002023,False,False,0.5488116360940264,2.3396468519259908,4.263114515168817,106.06987818002064,433.34942669937374,4.0855088563776585,5.000000107627256,4.664098105030066,6.071544392628916,-0.04255371240114947,5.264098105030065,-0.03240618607665047,148.36517507587865,0.04255371240114947,5.264098105030065,0.03240618607665047,148.36517507587865,True,True,strong,high,high,mid,-67.41644733805721,201.20722643049504,20578.00391647167,22026.465794806718,22026.465794806718,1200,500,10,88.72637748718262
-0.6,1.45,0.58,0.048,40,1794263625,True,,60,-0.15,-32.2077388994288,0.5609033281427027,2.382813737503955,1.7677420970584388,148.4131658257104,-32.22173462128566,0.5427223621841734,9.401282442208446,1238.0548851699393,373.23255764310244,369.3807937293729,766.9368380973153,755.1389657076342,-3.851763913729542,-11.797872389681174,False,False,0.5488116360940264,2.3396468519259908,4.263114515168817,10.835347836340059,63.469268908768235,5.857612498225694,5.000000045300118,2.382813737503955,4.150555834562393,0.3177420970584388,2.982813737503955,-0.019096671857297243,148.3651658257104,0.3177420970584388,2.982813737503955,0.019096671857297243,148.3651658257104,True,True,strong,high,high,mid,-31.819405019436406,133.78855128648988,16569.880453860387,22026.465794806718,22026.465794806718,1200,500,10,83.85013008117676
-0.6,1.45,0.58,0.048,41,964197044,True,,60,-0.15,-7.982492817634602,0.4959878737804774,-0.47111784885589575,1.289789646003391,65.3015483860936,-8.481782340846298,0.5309362125362365,8.612159252102588,1834.6602680844746,316.5593110283771,364.5378549166197,653.5903448678647,745.4530880821278,47.9785438882426,91.8627432142631,True,True,0.5488116360940264,2.3396468519259908,4.263114515168817,0.6243040005637662,2.26748615500549,3.632022464949574,4.179015747886311,-0.47111784885589575,0.8186717971474953,-0.16021035399660888,0.12888215114410423,-0.08401212621952259,65.2535483860936,0.16021035399660888,0.12888215114410423,0.08401212621952259,65.2535483860936,True,True,strong,high,high,mid,-8.743651821374591,109.94564870618628,12141.06801747744,22026.465794806718,22026.465794806718,1200,500,10,70.57369112968445
-0.6,1.45,0.58,0.048,42,1685552697,True,,60,-0.15,-33.71245251327999,0.39097927448196906,2.3160186344025346,1.9145651065221228,148.38816237946642,-33.7171890119382,0.5277937293333044,10.81642381393651,1148.5330802361887,382.3714856587715,381.07131129168044,785.2146941286535,778.5200008322493,-1.3001743670910741,-6.694693296404239,False,False,0.5488116360940264,2.3396468519259908,4.263114515168817,10.135241768226638,68.75735694459155,6.783987843303513,4.999831559219181,2.3160186344025346,4.230583740924658,0.4645651065221228,2.9160186344025347,-0.1890207255180309,148.34016237946642,0.4645651065221228,2.9160186344025347,0.1890207255180309,148.34016237946642,True,True,strong,high,high,mid,-33.80328893619807,146.57589215013505,14692.169744828892,22026.465794806718,22026.465794806718,1200,500,10,110.80787992477417
-0.6,1.45,0.58,0.048,43,139674030,True,,60,-0.15,61.713253387499066,0.5215817762162026,4.999926899408437,3.9822719153836355,147.81628498224174,63.91490931848589,0.5294526754896973,8.996798836356566,1659.4004476265136,374.96717814932396,364.35093522544685,770.4060791097584,745.079248699782,-10.61624292387711,-25.32683040997631,False,False,0.5488116360940264,2.3396468519259908,4.263114515168817,148.40231040937823,7960.115707031958,53.638758622243934,4.9959701850035945,4.999926899408437,8.982198814792072,2.5322719153836353,5.599926899408437,-0.05841822378379735,147.76828498224174,2.5322719153836353,5.599926899408437,0.05841822378379735,147.76828498224174,True,True,strong,high,high,mid,61.79253002379698,121.17181809730101,13242.970175128088,22026.465794806718,22026.465794806718,1200,500,10,82.24105143547058
-0.6,1.45,0.58,0.048,44,471302992,True,,60,-0.15,1.024396573553254,0.648639946162163,0.601807502658177,0.48787127989908663,147.8651711966991,5.697092391700956,0.6060148595662,8.461331865553074,904.0144194718314,361.9211763784712,355.01398554082067,744.3140755680529,726.4053493305297,-6.907190837650546,-17.908726237523183,False,False,0.5488116360940264,2.3396468519259908,4.263114515168817,1.8254152632509404,2.9733188372788106,1.6288451713631078,4.996300853118766,0.601807502658177,1.0896787825572636,-0.9621287201009133,1.201807502658177,0.06863994616216307,147.8171711966991,0.9621287201009133,1.201807502658177,0.06863994616216307,147.8171711966991,True,True,strong,high,high,mid,6.059650947368175,119.3299187478034,7488.170424124819,3.7935938764494974,22026.465794806718,1200,500,10,107.11762642860413
-0.6,1.45,0.58,0.048,45,30963102,True,,60,-0.15,-33.12017689819151,0.4080216177051694,4.486931661115481,0.6777951695246599,148.4131636810419,-34.045404317609055,0.5116996329728751,8.75050473376738,3372.744771207941,368.883720492507,363.88643724028594,758.2391637961244,744.1502527294602,-4.997283252221052,-14.088911066664195,False,False,0.5488116360940264,2.3396468519259908,4.263114515168817,88.84841017806556,174.9896502314723,1.9695304607113033,5.000000030849456,4.486931661115481,5.164726830640141,-0.77220483047534,5.0869316611154805,-0.17197838229483053,148.3651636810419,0.77220483047534,5.0869316611154805,0.17197838229483053,148.3651636810419,True,True,strong,high,high,mid,-33.03945296880699,112.50184983309514,13615.113223033366,22026.465794806718,22026.465794806718,1200,500,10,81.46092748641968
-0.6,1.45,0.58,0.048,46,1567469727,True,,60,-0.15,35.77086462024337,0.4758939445583332,3.07400379709612,0.7141103163733515,145.43508573859873,42.08464469483977,0.3426648611890031,13.988131367191317,12.120376914076191,383.8220166021168,395.6567014072975,788.115756015344,807.6907810634833,11.8346848051807,19.57502504813931,True,True,0.5488116360940264,2.3396468519259908,4.263114515168817,21.628324975607015,44.17301637781179,2.042368811622318,4.979729840932284,3.07400379709612,3.7881141134694714,-0.7358896836266484,3.67400379709612,-0.10410605544166673,145.38708573859873,0.7358896836266484,3.67400379709612,0.10410605544166673,145.38708573859873,True,True,strong,high,high,mid,34.017655580604064,158.3330048596011,17082.092728166754,22026.465794806718,22026.465794806718,1200,500,10,104.40992951393127
-0.6,1.45,0.58,0.048,47,2069735821,True,,60,-0.15,13.02110105930844,0.625219754436995,-1.369764955897828,3.004102383922394,144.25229890887744,15.768541856604323,0.5885582820499818,9.640799820739435,484.01118711184046,370.4922355635492,375.6322804446562,761.4561939382088,767.6419391382008,5.1400448811070305,6.18574519999197,True,True,0.5488116360940264,2.3396468519259908,4.263114515168817,0.25416669291467625,5.12606048758073,20.16810475360573,4.9715638422378365,-1.369764955897828,1.634337428024566,1.554102383922394,-0.769764955897828,0.045219754436995,144.20429890887743,1.554102383922394,0.769764955897828,0.045219754436995,144.20429890887743,True,True,strong,high,high,mid,14.183939361990873,155.62983761167723,16048.452999680772,22026.465794806718,22026.465794806718,1200,500,10,123.32823085784912
-0.6,1.45,0.58,0.048,48,589385962,True,,60,-0.15,51.11346098517523,0.7533003307715334,4.999973377751171,2.771167527662693,131.04434813959702,57.06708233437525,0.7195974415021509,9.023042192959082,24.411554148203358,369.1835234414472,378.50821627466763,758.8387696940049,773.3938107982236,9.32469283322041,14.55504110421873,True,True,0.5488116360940264,2.3396468519259908,4.263114515168817,148.40920806311843,2371.1750321354943,15.977277037466791,4.875535801327738,4.999973377751171,7.771140905413864,1.3211675276626929,5.59997337775117,0.1733003307715334,130.99634813959702,1.3211675276626929,5.59997337775117,0.1733003307715334,130.99634813959702,True,True,strong,high,high,mid,50.47453070132268,142.44277894830066,13338.208187498345,22026.465794806718,22026.465794806718,1200,500,10,58.12123703956604
-0.6,1.45,0.58,0.048,49,2060363779,True,,60,-0.15,18.309860372449744,0.42407066656828496,-1.8906598930766363,3.790284853339791,148.41316660590118,18.70956139598283,0.5052397866555599,9.552411153439436,1125.0044469499226,367.45357130796145,376.24578605649896,755.3788654270334,768.8689503618863,8.792214748537504,13.490084934852916,True,True,0.5488116360940264,2.3396468519259908,4.263114515168817,0.15097215048119053,6.683387436329872,44.26900865509331,5.000000050557002,-1.8906598930766363,1.8996249602631547,2.3402848533397913,-1.2906598930766364,-0.155929333431715,148.36516660590118,2.3402848533397913,1.2906598930766364,0.155929333431715,148.36516660590118,True,True,strong,high,high,mid,16.57869403008656,140.7278901703926,16335.852628212251,22026.465794806718,22026.465794806718,1200,500,10,78.70716285705566
-0.6,1.45,0.58,0.048,50,1732337425,True,,60,-0.15,7.939368047408621,0.4095130759808515,-1.2079777187206184,2.6065647644311016,110.38330680028923,8.464731245952123,0.517669434225511,9.385050231654782,5925.960145177799,370.0532358133263,379.4243336923763,760.578194437763,775.226045633641,9.371097879050012,14.647851195877934,True,True,0.5488116360940264,2.3396468519259908,4.263114515168817,0.2988009283738957,4.049474200732163,13.552415056973897,4.703958915891017,-1.2079777187206184,1.3985870457104832,1.1565647644311017,-0.6079777187206185,-0.17048692401914844,110.33530680028923,1.1565647644311017,0.6079777187206185,0.17048692401914844,110.33530680028923,True,True,strong,high,high,mid,8.43538954858839,146.35821365608157,18716.85130284982,22026.465794806718,22026.465794806718,1200,500,10,97.46215105056763
-0.6,1.45,0.58,0.048,51,1951652851,True,,60,-0.15,-66.16365503882975,0.5721343342396332,-6.979886467036181,3.6539085532657403,148.41317084982532,-68.68375396933729,0.5504123940370101,10.414940255055594,625.3599526340712,6305.214520551761,388.6489135351316,12630.900763914633,793.6752053191516,-5916.56560701663,-11837.22555859548,False,False,0.5488116360940264,2.3396468519259908,4.263114515168817,0.000930408829280767,0.03593735792691353,38.625340598599166,5.000000079152336,-6.979886467036181,-3.3259779137704406,2.20390855326574,-6.379886467036181,-0.007865665760366736,148.36517084982532,2.20390855326574,6.379886467036181,0.007865665760366736,148.36517084982532,True,True,strong,high,high,mid,-62.35902308913618,173.69128882544152,19166.926477487803,22026.465794806718,22026.465794806718,1200,500,10,138.14939427375793
-0.6,1.45,0.58,0.048,52,405774184,True,,60,-0.15,-50.06670196701992,0.319537109389476,-1.1571217076139488,4.999740651051854,148.41316364065437,-51.80157252254228,0.49336727065974295,8.799436521154918,3783.05246778532,378.37936950962086,365.67346657927965,777.2304618303522,747.7243114074477,-12.70590293034121,-29.50615042290451,False,False,0.5488116360940264,2.3396468519259908,4.263114515168817,0.31438978556558045,46.647481721117195,148.37467329671472,5.000000030577327,-1.1571217076139488,3.8426189434379054,3.549740651051854,-0.5571217076139489,-0.26046289061052397,148.36516364065437,3.549740651051854,0.5571217076139489,0.26046289061052397,148.36516364065437,True,True,strong,high,high,mid,-49.020511459214134,112.0958570324969,17077.026735131087,22026.465794806718,22026.465794806718,1200,500,10,77.0864884853363
-0.6,1.45,0.58,0.048,53,1942280809,True,,60,-0.15,-16.394729276004423,0.5974658971316749,1.945739763417655,0.4798523484591509,148.4131678900865,-28.75959347110181,0.533660503651119,9.693098891904894,954.6963612174334,360.09862690773247,376.9162668743883,740.6689766265754,770.209911997665,16.81763996665586,29.54093537108963,True,True,0.5488116360940264,2.3396468519259908,4.263114515168817,6.99880740214005,11.308923585205118,1.6158358039324168,5.000000059209774,1.945739763417655,2.425592111876806,-0.970147651540849,2.545739763417655,0.0174658971316749,148.3651678900865,0.970147651540849,2.545739763417655,0.0174658971316749,148.3651678900865,True,True,strong,high,high,mid,-26.854756913904744,151.4099137820111,16161.399261380857,22026.465794806718,22026.465794806718,1200,500,10,100.95943260192871
-0.6,1.45,0.58,0.048,54,1850420395,True,,60,-0.15,-7.40580664115576,0.2824433587595497,1.060481451972893,0.4738961534021841,148.40961712163977,-11.873466473031936,0.5181985926926693,8.35408281064472,1349.174003391148,365.0008065931107,351.5841793443905,750.4733359973319,719.5457369376694,-13.416627248720204,-30.927599059662498,False,False,0.5488116360940264,2.3396468519259908,4.263114515168817,2.8877609728535627,4.638437692672024,1.6062401757886897,4.999976134035386,1.060481451972893,1.534377605375077,-0.9761038465978158,1.6604814519728928,-0.2975566412404503,148.36161712163977,0.9761038465978158,1.6604814519728928,0.2975566412404503,148.36161712163977,True,True,strong,high,high,mid,-11.12839877517276,80.97738268309087,6991.904353032232,5.328434992798685,22026.465794806718,1200,500,10,91.53231573104858
-0.6,1.45,0.58,0.048,55,1833569881,True,,60,-0.15,-27.52873635902698,0.4989120011542007,-2.585009256153853,4.685900073913276,148.41316936825547,-30.511276998413106,0.5237587189412148,10.689660720293075,862.607160180423,382.12731357174374,383.81689156344225,784.7263499545979,784.0111613757729,1.6895779916985134,-0.7151885788250638,True,False,0.5488116360940264,2.3396468519259908,4.263114515168817,0.07539538172664488,8.173447722872282,108.40780344485968,5.000000069169598,-2.585009256153853,2.1008908177594225,3.2359000739132755,-1.985009256153853,-0.08108799884579926,148.36516936825547,3.2359000739132755,1.985009256153853,0.08108799884579926,148.36516936825547,True,True,strong,high,high,mid,-28.58901499640422,162.95257417185334,20558.83167459527,22026.465794806718,22026.465794806718,1200,500,10,92.20587825775146
-0.6,1.45,0.58,0.048,56,287691214,True,,60,-0.15,-0.6925130874989724,0.4358449933037536,1.3760770202653851,0.8161372942949682,68.3227890551988,-2.230977991617737,0.5168447675679345,9.269658892152757,3188.8006525203173,357.03039837159764,372.2953433198857,734.5325195543057,760.9680648886598,15.264944948288075,26.43554533435406,True,True,0.5488116360940264,2.3396468519259908,4.263114515168817,3.9593387154164774,8.955020408895214,2.261746481559421,4.224243372054539,1.3760770202653851,2.192214314560353,-0.6338627057050318,1.976077020265385,-0.14415500669624637,68.2747890551988,0.6338627057050318,1.976077020265385,0.14415500669624637,68.2747890551988,True,True,strong,high,high,mid,-2.199069138719197,129.76346427588945,18397.292570183767,22026.465794806718,22026.465794806718,1200,500,10,73.9150128364563
-0.6,1.45,0.58,0.048,57,1357526343,True,,60,-0.15,13.325707225568369,0.3018991384568444,-0.6065164445472873,3.1474242216008115,130.0980455793156,16.15157599894031,0.4997758094772613,9.61038238700338,572.0956149959494,367.17021379871284,375.3094927036417,754.8121504085361,766.9963636561718,8.139278904928858,12.184213247635626,True,True,0.5488116360940264,2.3396468519259908,4.263114515168817,0.5452469626132441,12.691186511168286,23.276033396577446,4.868288362956087,-0.6065164445472873,2.5409077770535244,1.6974242216008115,-0.006516444547287281,-0.27810086154315555,130.0500455793156,1.6974242216008115,0.006516444547287281,0.27810086154315555,130.0500455793156,True,True,strong,high,high,mid,13.756763063281843,128.36291465528265,18947.568144605775,22026.465794806718,22026.465794806718,1200,500,10,74.88543319702148
-0.6,1.45,0.58,0.048,58,1968503365,True,,60,-0.15,-50.30587068946504,0.4359552325590675,4.274491269455909,1.5289116197304962,130.363779139621,-56.654019442605154,0.5210365150358812,9.605628319029998,1109.225575232831,381.8098189767453,375.4300151975894,784.0913607646011,767.2374086440672,-6.379803779155907,-16.853952120533904,False,False,0.5488116360940264,2.3396468519259908,4.263114515168817,71.84358098723482,331.42544725883386,4.613153224053817,4.8703288435738665,4.274491269455909,5.803402889186406,0.07891161973049621,4.874491269455909,-0.14404476744093248,130.315779139621,0.07891161973049621,4.874491269455909,0.14404476744093248,130.315779139621,True,True,strong,high,high,mid,-51.438775964334795,138.66729931781651,16162.36415168171,22026.465794806718,22026.465794806718,1200,500,10,85.63849449157715
-0.6,1.45,0.58,0.048,59,1466237271,True,,60,-0.15,-4.537631005191693,0.4217485208762793,-0.7020303118565071,1.6109989788303303,101.6671292767274,-0.015434776042033234,0.5033848248922053,11.002796110422338,875.0357216321405,368.38681552162313,381.75142701399636,757.2453538543567,779.8802322768811,13.364611492373228,22.634878422524366,True,True,0.5488116360940264,2.3396468519259908,4.263114515168817,0.4955781035726149,2.481761690276484,5.007811427473293,4.621704038191842,-0.7020303118565071,0.9089686669738232,0.16099897883033032,-0.10203031185650713,-0.15825147912372067,101.61912927672739,0.16099897883033032,0.10203031185650713,0.15825147912372067,101.61912927672739,True,True,strong,high,high,mid,0.03371710110445794,151.70729555385748,19142.60346747656,22026.465794806718,22026.465794806718,1200,500,10,91.15489625930786
-0.6,1.45,0.58,0.048,60,169608244,True,,60,-0.15,53.35894694043114,0.6910152635187241,0.9916682504781222,4.15351554284939,148.4117693702047,52.31869441091304,0.5801973558212381,10.58353794198861,1727.025541022747,401.53294001030827,391.217671029707,823.537602831727,798.8127203083023,-10.315268980601275,-24.72488252342464,False,False,0.5488116360940264,2.3396468519259908,4.263114515168817,2.695727872560907,171.60302126315494,63.65739769576008,4.999990636013093,0.9916682504781222,5.145183793327512,2.7035155428493898,1.591668250478122,0.11101526351872415,148.3637693702047,2.7035155428493898,1.591668250478122,0.11101526351872415,148.3637693702047,True,True,strong,high,high,mid,52.767275664995026,220.41718183143365,19623.193559472038,22026.465794806718,22026.465794806718,1200,500,10,87.55523824691772
-0.6,1.45,0.58,0.048,61,1475609313,True,,60,-0.15,-20.651146938157193,0.5763364316223608,-1.9130153961962875,3.980883072896642,148.39635476012373,-27.438357988560433,0.6095181011811244,10.634765148339326,10.599379469088781,380.25136568038585,396.1273918557065,780.9744541718821,808.6321619603013,15.876026175320646,27.657707788419202,True,True,0.5488116360940264,2.3396468519259908,4.263114515168817,0.1476345381037281,7.907942836374417,53.56431454283613,4.9998867668205635,-1.9130153961962875,2.0678676767003545,2.530883072896642,-1.3130153961962874,-0.003663568377639148,148.34835476012373,2.530883072896642,1.3130153961962874,0.003663568377639148,148.34835476012373,True,True,strong,high,high,mid,-20.83197886927645,180.7089506125813,18395.027773553855,22026.465794806718,22026.465794806718,1200,500,10,101.9080560207367
-0.6,1.45,0.58,0.048,62,1174140428,True,,60,-0.15,10.379242830141031,0.405525494804566,1.0144357775616064,0.7403590913955114,134.19718518800067,16.490842943130446,0.5080431902573262,10.728378346563753,407.2242198046621,354.28998834195363,378.81300267415753,729.0516994950177,774.0033835972034,24.5230143322039,44.95168410218571,True,True,0.5488116360940264,2.3396468519259908,4.263114515168817,2.7578069417666806,5.782261498961803,2.0966882820512533,4.899310249563515,1.0144357775616064,1.7547948689571178,-0.7096409086044886,1.6144357775616065,-0.17447450519543395,134.14918518800067,0.7096409086044886,1.6144357775616065,0.17447450519543395,134.14918518800067,True,True,strong,high,high,mid,14.725046984998292,141.17604765681315,16057.706129826833,22026.465794806718,22026.465794806718,1200,500,10,137.31034874916077
-0.6,1.45,0.58,0.048,63,1584320241,True,,60,-0.15,-3.1932190801545133,0.32172657396004695,-0.7532625027663562,1.4707156942188622,41.64103278918564,-3.0206611030021318,0.515904904600165,8.761563363091152,4152.523523458183,329.5501438649648,367.66584802928116,679.5720105410401,751.7090743074507,38.115704164316355,72.13706376641062,True,True,0.5488116360940264,2.3396468519259908,4.263114515168817,0.47082796674121913,2.049207619697142,4.352348977654182,3.72908604625344,-0.7532625027663562,0.717453191452506,0.020715694218862213,-0.15326250276635622,-0.258273426039953,41.593032789185635,0.020715694218862213,0.15326250276635622,0.258273426039953,41.593032789185635,True,True,strong,high,high,mid,-2.905300155497924,117.42145490028096,15829.89797497787,22026.465794806718,22026.465794806718,1200,500,10,77.77549171447754
-0.6,1.45,0.58,0.048,64,982715261,True,,60,-0.15,-48.487935489761945,0.5392845535652252,4.962318964442273,1.5296347402818002,132.83236254034878,-58.13920017234567,0.5263945081648315,9.73256874484525,748.2080932288927,382.1757156505023,377.4123338786639,784.823154112115,771.2020460062162,-4.763381771838397,-13.621108105898884,False,False,0.5488116360940264,2.3396468519259908,4.263114515168817,142.92484954182237,659.8111810190811,4.616490296363816,4.889087901181743,4.962318964442273,6.491953704724073,0.07963474028180029,5.562318964442273,-0.04071544643477476,132.78436254034878,0.07963474028180029,5.562318964442273,0.04071544643477476,132.78436254034878,True,True,strong,high,high,mid,-49.32258769546386,152.73434133267565,16900.576054525824,22026.465794806718,22026.465794806718,1200,500,10,90.16045308113098
-0.6,1.45,0.58,0.048,65,1593692283,True,,60,-0.15,-70.9082633826657,0.7664247616061273,4.771436365437872,0.8873097187189121,148.41316514625916,-80.5013457693218,0.682097599295375,9.02851617603966,27.784422079190044,368.91510821289404,354.41342741215925,758.3019392368985,725.2042330732069,-14.501680800734789,-33.09770616369167,False,False,0.5488116360940264,2.3396468519259908,4.263114515168817,118.08873878483173,286.7888079720858,2.4285872719382726,5.0000000407220115,4.771436365437872,5.6587460841567845,-0.5626902812810879,5.371436365437872,0.1864247616061273,148.36516514625916,0.5626902812810879,5.371436365437872,0.1864247616061273,148.36516514625916,True,True,strong,high,high,mid,-72.6329129204254,127.44798448961366,10791.567274665304,4322.084798862979,22026.465794806718,1200,500,10,81.74107837677002
-0.6,1.45,0.58,0.048,66,1056057458,True,,60,-0.15,-41.881397265935675,0.2476815984043356,3.1584729885506864,3.682749238934573,148.41179927426,-43.62806267451879,0.5123183359401353,8.407777128132334,3427.096036585556,371.1998350793423,358.2893537073797,762.871392969795,732.9560856636477,-12.91048137196259,-29.91530730614727,False,False,0.5488116360940264,2.3396468519259908,4.263114515168817,23.53463082576806,935.6319913074428,39.75554145013482,4.9999908375069,3.1584729885506864,6.841222227485259,2.2327492389345727,3.7584729885506865,-0.3323184015956644,148.36379927426,2.2327492389345727,3.7584729885506865,0.3323184015956644,148.36379927426,True,True,strong,high,high,mid,-42.11057032915207,98.54061949075421,14744.575144949746,22026.465794806718,22026.465794806718,1200,500,10,82.44733119010925
-0.6,1.45,0.58,0.048,67,1702403211,True,,60,-0.15,3.782287365664472,0.5481320424696198,0.9569728431032222,0.516511879431267,31.51056985357432,8.14322804225963,0.5317664830283417,9.327512920933891,2081.5021644607937,320.60533762411876,372.4073087148174,661.682398059348,761.1919956785232,51.80197109069866,99.50959761917522,True,True,0.5488116360940264,2.3396468519259908,4.263114515168817,2.603802412739644,4.364417456481323,1.676170755172322,3.4503230404540934,0.9569728431032222,1.4734847225344891,-0.933488120568733,1.5569728431032221,-0.031867957530380187,31.462569853574323,0.933488120568733,1.5569728431032221,0.031867957530380187,31.462569853574323,True,True,strong,high,high,mid,7.837951515737225,139.29698592300838,14694.854904599704,22026.465794806718,22026.465794806718,1200,500,10,124.54936456680298
-0.6,1.45,0.58,0.048,68,1100798231,True,,60,-0.15,-0.714193743021758,0.509959487055266,-0.8569241429460733,1.0902732296488518,0.9217532283256094,1.6274384383641318,0.49564371114303685,7.448253332391994,798.7503818881966,149.97595771811245,321.34525895226113,320.4236382473354,659.0678961534106,171.36930123414868,338.6442579060752,True,True,0.5488116360940264,2.3396468519259908,4.263114515168817,0.4244656721938976,1.262822236842346,2.975086843454997,-0.08147773948659111,-0.8569241429460733,0.23334908670277843,-0.3597267703511482,-0.25692414294607335,-0.07004051294473401,0.8737532283256093,0.3597267703511482,0.25692414294607335,0.07004051294473401,0.8737532283256093,True,True,strong,high,high,mid,1.5714104830812667,48.68569350381845,1534.7334280004955,2.965739152226605,22026.465794806718,1200,500,10,100.72254800796509
-0.6,1.45,0.58,0.048,69,1548951510,True,,60,-0.15,-15.131949417377179,0.494253332330212,4.263229529547062,0.30897027447356695,129.8682170994772,-22.111434779894786,0.5070319224393907,9.079786118528592,2581.2042896369253,357.3159923824322,363.225489559136,735.1037075759749,742.8283573671604,5.9094971767037805,7.72464979118547,True,True,0.5488116360940264,2.3396468519259908,4.263114515168817,71.03903605505796,96.75672166019515,1.362021883084182,4.86652022168001,4.263229529547062,4.572199804020629,-1.141029725526433,4.863229529547062,-0.08574666766978795,129.8202170994772,1.141029725526433,4.863229529547062,0.08574666766978795,129.8202170994772,True,True,strong,high,high,mid,-21.18566228646448,117.3802294377307,17685.479155568093,22026.465794806718,22026.465794806718,1200,500,10,71.32880306243896
-0.6,1.45,0.58,0.048,70,1209509159,True,,60,-0.15,0.003831601361940411,0.2492658096681292,0.07286068475214932,0.9677142894441615,6.637971045012405,1.8394761207670034,0.5038482190813369,6.764830986001284,3608.6481748407514,254.07142132641016,338.88376261957006,528.6145654639308,694.1449034880285,84.8123412931599,165.53033802409766,True,True,0.5488116360940264,2.3396468519259908,4.263114515168817,1.075580681687134,2.830844208883181,2.6319217675449282,1.8928063512835096,0.07286068475214932,1.0405749741963108,-0.48228571055583846,0.6728606847521493,-0.3307341903318708,6.589971045012405,0.48228571055583846,0.6728606847521493,0.3307341903318708,6.589971045012405,True,True,strong,high,high,mid,1.7969354425420727,68.43014698729722,8460.955399195027,35.74510269661326,22026.465794806718,1200,500,10,92.59394264221191
-0.6,1.45,0.58,0.048,71,1440240582,True,,60,-0.15,25.417816706551317,0.4073877148956948,4.593153596275628,0.7787489061397412,120.68342557456131,29.80634556273595,0.5193126207900917,8.78688189150662,3726.0175061500604,368.13143601186545,364.37783078401384,756.7345948348413,745.133039816916,-3.753605227851608,-11.601555017925307,False,False,0.5488116360940264,2.3396468519259908,4.263114515168817,98.80553211722881,215.27203392556288,2.1787447454880486,4.793170799490924,4.593153596275628,5.371902502415369,-0.6712510938602587,5.193153596275628,-0.17261228510430515,120.63542557456131,0.6712510938602587,5.193153596275628,0.17261228510430515,120.63542557456131,True,True,strong,high,high,mid,29.599530893089106,113.80428325591326,11474.810529998205,22026.465794806718,22026.465794806718,1200,500,10,87.69193291664124
-0.6,1.45,0.58,0.048,72,829263560,True,,60,-0.15,-15.4489033850136,0.6436989153111912,2.8577489247503536,0.29066965480238144,145.0259640201744,-16.78510628960336,0.5772406770645218,9.644998393408791,544.64846486103,357.10330270458087,375.98045717762886,734.6783282202722,768.3382926041461,18.877154473047995,33.6599643838739,True,True,0.5488116360940264,2.3396468519259908,4.263114515168817,17.422263934038558,23.299189616352233,1.337322732829899,4.97691278859895,2.8577489247503536,3.148418579552735,-1.1593303451976185,3.4577489247503537,0.0636989153111912,144.9779640201744,1.1593303451976185,3.4577489247503537,0.0636989153111912,144.9779640201744,True,True,strong,high,high,mid,-16.087877241525096,155.38298983614087,15795.333211871457,22026.465794806718,22026.465794806718,1200,500,10,92.08298754692078
-0.6,1.45,0.58,0.048,73,1430868540,True,,60,-0.15,41.59128749365863,0.6745763110817695,4.901500552295116,0.27387363387208613,148.33918300615355,45.03909693761132,0.5502184540923835,11.020456615399812,488.3962883149369,432.3784874552131,389.1050447155452,885.2286977215366,794.5874676799788,-43.27344273966787,-90.64123004155783,False,False,0.5488116360940264,2.3396468519259908,4.263114515168817,134.49143978497617,176.8627815025611,1.3150486141372852,4.9995014287170925,4.901500552295116,5.175374186167202,-1.1761263661279138,5.5015005522951155,0.09457631108176956,148.29118300615355,1.1761263661279138,5.5015005522951155,0.09457631108176956,148.29118300615355,True,True,strong,high,high,mid,41.90036278235552,194.3594590432997,16916.52157243726,22026.465794806718,22026.465794806718,1200,500,10,118.74204993247986
-0.6,1.45,0.58,0.048,74,1327592129,True,,60,-0.15,-1.2662726234602986,0.7862353926049412,-0.5995560196671375,0.9555276944763499,6.012423136629149,-1.311754734323923,0.5746626955776013,8.821529527333762,1234.1799285862442,268.28237739326033,358.4118991838069,557.0364775976311,733.2011766165022,90.12952179054656,176.16469901887103,True,True,0.5488116360940264,2.3396468519259908,4.263114515168817,0.5490553517653773,1.4275671115803616,2.600042248910435,1.7938278514215407,-0.5995560196671375,0.35597167480921243,-0.49447230552365007,0.0004439803328625258,0.20623539260494128,5.964423136629149,0.49447230552365007,0.0004439803328625258,0.20623539260494128,5.964423136629149,True,True,strong,high,high,mid,-1.350260602814909,116.83110163295976,10656.184411338916,264.1015006984292,22026.465794806718,1200,500,10,96.17226505279541
-0.6,1.45,0.58,0.048,75,1322157612,True,,60,-0.15,1.9681995398717667,0.22486149482039583,0.24189768644766563,0.6658973359152872,8.690618421758224,10.80127441732388,0.543266638576195,8.61351948795372,246.25088918053598,252.13143718134174,341.6011108458576,524.734597173794,699.5795999406035,89.46967366451585,174.84500276680956,True,True,0.5488116360940264,2.3396468519259908,4.263114515168817,1.2736638730742365,2.478850692615729,1.9462361656160811,2.1622441015044984,0.24189768644766563,0.9077950223629528,-0.7841026640847127,0.8418976864476656,-0.3551385051796041,8.642618421758224,0.7841026640847127,0.8418976864476656,0.3551385051796041,8.642618421758224,True,True,strong,high,high,mid,9.395305959693836,83.75041492521733,6615.503556921986,2.6718489617990766,22026.465794806718,1200,500,10,115.34617638587952
-0.6,1.45,0.58,0.048,76,323059945,True,,60,-0.15,-1.755834975200695,0.25182040883062845,-0.7582054200477898,1.6134986244158243,70.00003127144984,-1.613883408424533,0.4920664196136744,10.2998212124685,1860.4575023279099,357.4244467036327,381.04990001515887,735.3206162183759,778.4771782792061,23.625453311526144,43.1565620608302,True,True,0.5488116360940264,2.3396468519259908,4.263114515168817,0.4685064453187101,2.3520639148964686,5.020344839218666,4.248495688784257,-0.7582054200477898,0.8552932043680345,0.1634986244158243,-0.1582054200477898,-0.3281795911693715,69.95203127144984,0.1634986244158243,0.1582054200477898,0.3281795911693715,69.95203127144984,True,True,strong,high,high,mid,-1.4194146225208053,136.12977555019864,17461.907530929086,22026.465794806718,22026.465794806718,1200,500,10,96.14657926559448
-0.6,1.45,0.58,0.048,77,1312785570,True,,60,-0.15,0.12409320535242992,0.17348704074008336,0.4992904029222837,0.6616375149895167,5.94503170441059,-11.009984282073088,0.5126417407694082,8.308993435790185,1210.6439416789833,227.88828795128506,338.89114501300776,476.24829871368064,694.1596682749039,111.0028570617227,217.91136956122324,True,True,0.5488116360940264,2.3396468519259908,4.263114515168817,1.6475517578949785,3.1928946460821725,1.9379631812973368,1.7825558630823668,0.4992904029222837,1.1609279179118004,-0.7883624850104832,1.0992904029222836,-0.4065129592599166,5.8970317044105895,0.7883624850104832,1.0992904029222836,0.4065129592599166,5.8970317044105895,True,True,strong,high,high,mid,-10.784438988064249,69.99006390917204,7783.817310124852,6.731088752460647,22026.465794806718,1200,500,10,159.93550491333008
-0.6,1.45,0.58,0.048,78,1815051664,True,,60,-0.15,-5.723676914664609,0.5322911814504927,0.6017093610967806,0.7089295716643966,41.44945453943571,-6.784918241459819,0.5219086305948635,9.28369182886624,1698.52618241896,327.313770189879,372.8806932475023,675.0992631908684,762.1387647438929,45.566923057623285,87.03950155302448,True,True,0.5488116360940264,2.3396468519259908,4.263114515168817,1.8252361229375071,3.7085424646697343,2.03181518164415,3.7244747220118635,0.6017093610967806,1.3106389327611772,-0.7410704283356033,1.2017093610967806,-0.04770881854950726,41.40145453943571,0.7410704283356033,1.2017093610967806,0.04770881854950726,41.40145453943571,True,True,strong,high,high,mid,-6.348023682188495,135.4338251982787,12747.374392887456,22026.465794806718,22026.465794806718,1200,500,10,75.07493615150452
-0.6,1.45,0.58,0.048,79,1204074642,True,,60,-0.15,-29.30462153195503,0.6757179403669984,2.874451303342802,1.2273460581378237,148.41211428220504,-35.42781180877405,0.6399017664466607,10.086981215210223,28.653668712435284,384.62031280599274,414.90561820366895,789.7123484230959,846.1886146562263,30.28530539767621,56.47626623313033,True,True,0.5488116360940264,2.3396468519259908,4.263114515168817,17.715700908290007,60.44883842933856,3.4121618299082757,4.999992960030933,2.874451303342802,4.101797361480626,-0.22265394186217624,3.474451303342802,0.09571794036699843,148.36411428220504,0.22265394186217624,3.474451303342802,0.09571794036699843,148.36411428220504,True,True,strong,high,high,mid,-30.771979459401344,180.68790365410888,15809.501879028832,22026.465794806718,22026.465794806718,1200,500,10,97.14905858039856
-0.6,1.45,0.58,0.048,80,441142915,True,,60,-0.15,-79.15407912718166,0.6614955771566472,3.56176673255654,0.9524042652342961,148.41317100489456,-84.18852083526244,0.6872772830012408,9.722093498060183,13.093715244044704,393.2571949430768,409.44463790808607,806.986112697264,835.2666540650605,16.187442965009268,28.280541367796445,True,True,0.5488116360940264,2.3396468519259908,4.263114515168817,35.22537602084348,91.301845208985,2.5919338704847354,5.000000080197184,3.56176673255654,4.514170997790836,-0.49759573476570385,4.16176673255654,0.08149557715664724,148.36517100489456,0.49759573476570385,4.16176673255654,0.08149557715664724,148.36517100489456,True,True,strong,high,high,mid,-77.75291075621058,174.77594198432277,18379.152369322015,22026.465794806718,22026.465794806718,1200,500,10,105.26195526123047
-0.6,1.45,0.58,0.048,81,1194702600,True,,60,-0.15,43.8330172150676,0.5370137159948604,-2.136017105871606,4.001632242539486,148.4131625516722,44.74998274472152,0.5113389453860556,8.611592952786294,1862.7213824813696,376.4732040255178,352.4392824527744,773.4181308621461,721.2559431544372,-24.033921572743395,-52.16218770770888,False,False,0.5488116360940264,2.3396468519259908,4.263114515168817,0.1181243842510186,6.459908390571532,54.68734022641754,5.000000023239823,-2.136017105871606,1.8656151366678801,2.551632242539486,-1.536017105871606,-0.0429862840051396,148.3651625516722,2.551632242539486,1.536017105871606,0.0429862840051396,148.3651625516722,True,True,strong,high,high,mid,44.154338849880524,99.51827704663286,9604.225649861131,40.50653205953658,22026.465794806718,1200,500,10,79.14017057418823
-0.6,1.45,0.58,0.048,82,1696968694,True,,60,-0.15,64.37538708695303,0.47559010410791996,4.997503127846275,0.15833074685702153,148.41316582656688,62.95401602489248,0.5250082056756197,9.125412013091347,3148.9183023433056,379.2624449659481,371.2495455172349,778.9966127430066,758.8764692833581,-8.012899448713199,-20.12014345964849,False,False,0.5488116360940264,2.3396468519259908,4.263114515168817,148.04305266487782,173.44037401544082,1.1715536183116568,5.000000045305889,4.997503127846275,5.155833874703297,-1.2916692531429783,5.597503127846275,-0.10440989589208,148.36516582656688,1.2916692531429783,5.597503127846275,0.10440989589208,148.36516582656688,True,True,strong,high,high,mid,61.35082861396976,133.8191516328332,13972.273705189755,22026.465794806718,22026.465794806718,1200,500,10,88.6952428817749
-0.6,1.45,0.58,0.048,83,2095732510,True,,60,-0.15,28.369595882156506,0.4907297985432515,2.8816805656773843,0.9750537818894234,118.62897253024597,31.047903602196286,0.5504368480464167,9.59184038227248,2003.2448779890178,376.809015519162,374.91560478528856,774.0897538494345,766.2085878194655,-1.893410733873452,-7.881166029968995,False,False,0.5488116360940264,2.3396468519259908,4.263114515168817,17.844236406218414,47.31059885016275,2.6513097995986987,4.776000744506329,2.8816805656773843,3.8567343475668077,-0.4749462181105766,3.4816805656773844,-0.08927020145674847,118.58097253024597,0.4749462181105766,3.4816805656773844,0.08927020145674847,118.58097253024597,True,True,strong,high,high,mid,29.36723773707863,142.10841989114581,17624.14712657181,22026.465794806718,22026.465794806718,1200,500,10,94.69060063362122
-0.6,1.45,0.58,0.048,84,1588257766,True,,60,-0.15,45.61348440813896,0.6495577066015454,-5.63292180678868,2.2899838903895753,148.41317218046316,46.123355248847275,0.5203340120271106,10.626230223570543,6129.187021525405,6958.572051159601,388.64529089739574,13937.615825130313,793.6679600436798,-6569.926760262205,-13143.947865086633,False,False,0.5488116360940264,2.3396468519259908,4.263114515168817,0.0035781055064241264,0.03533299968715594,9.874778601055533,5.000000088118103,-5.63292180678868,-3.3429379163991046,0.8399838903895753,-5.03292180678868,0.06955770660154548,148.36517218046316,0.8399838903895753,5.03292180678868,0.06955770660154548,148.36517218046316,True,True,strong,high,high,mid,46.559742529644254,182.7873933497559,20866.597732415292,22026.465794806718,22026.465794806718,1200,500,10,113.78699970245361
-0.6,1.45,0.58,0.048,85,2105104552,True,,60,-0.15,37.05584830012635,0.47274094430575336,4.85223402847325,2.165992399097165,133.7373002821399,42.102875609163235,0.5189027175001311,9.768344071422895,997.5791902021372,381.18661427623664,380.80895813816255,782.8449513635837,777.9952945252135,-0.37765613807408727,-4.849656838370265,False,False,0.5488116360940264,2.3396468519259908,4.263114515168817,128.02608452032504,1116.8041272116104,8.723254572659446,4.895877430106398,4.85223402847325,7.018226427570415,0.7159923990971648,5.452234028473249,-0.1072590556942466,133.6893002821399,0.7159923990971648,5.452234028473249,0.1072590556942466,133.6893002821399,True,True,strong,high,high,mid,36.875661362511785,154.603920316233,14477.810394466494,22026.465794806718,22026.465794806718,1200,500,10,103.19467282295227
-0.6,1.45,0.58,0.048,86,1578885724,True,,60,-0.15,-2.4518246719995043,0.2544812841758946,-0.002837075562825711,1.1320420328466874,23.57940421992867,-3.087215979739389,0.5083377181019738,9.011723285207625,2546.9706185576624,317.1665168469307,364.65779870671344,654.8047565049718,745.6929756623152,47.49128185978276,90.88821915734343,True,True,0.5488116360940264,2.3396468519259908,4.263114515168817,0.997166945132811,3.093196299084669,3.101984391061711,3.1603736284596047,-0.002837075562825711,1.1292049572838616,-0.3179579671533126,0.5971629244371742,-0.32551871582410535,23.53140421992867,0.3179579671533126,0.5971629244371742,0.32551871582410535,23.53140421992867,True,True,strong,high,high,mid,-2.906424513174463,109.67670487113378,13993.152366494547,22026.465794806718,22026.465794806718,1200,500,10,103.09237289428711
-0.6,1.45,0.58,0.048,87,66331833,True,,60,-0.15,-2.0112924750032026,0.4686505887436855,0.5946691314928514,0.7378868425833408,44.03037052843949,-7.922664519184854,0.5234390995174947,8.781593389730075,2313.941385834372,332.5538160694385,357.8229494049518,685.5793549499874,732.023277058792,25.269133335513345,46.4439221088046,True,True,0.5488116360940264,2.3396468519259908,4.263114515168817,1.812431169346886,3.7907199977626553,2.0915111491536806,3.7848796350954035,0.5946691314928514,1.3325559740761923,-0.7121131574166591,1.1946691314928515,-0.11134941125631448,43.98237052843949,0.7121131574166591,1.1946691314928515,0.11134941125631448,43.98237052843949,True,True,strong,high,high,mid,-7.535866811400025,103.89618636645132,17275.294603290324,22026.465794806718,22026.465794806718,1200,500,10,112.7416923046112
-0.6,1.45,0.58,0.048,88,435934261,True,,60,-0.15,-6.326465959798284,0.7371559135132795,-3.0780898981219873,3.8587402392211403,90.97634220051411,-5.189134558535464,0.6521098820268897,9.471281140254778,47.178004119654766,351.11122049142784,379.8930015833072,722.6941637939661,776.1633814155027,28.78178109187934,53.469217621536586,True,True,0.5488116360940264,2.3396468519259908,4.263114515168817,0.04604712740581409,2.1828914279889453,47.40559402872382,4.510599496898752,-3.0780898981219873,0.780650341099153,2.4087402392211406,-2.478089898121987,0.1571559135132795,90.92834220051411,2.4087402392211406,2.478089898121987,0.1571559135132795,90.92834220051411,True,True,strong,high,high,mid,-5.101642190860763,184.76211637725308,17782.695887945825,22026.465794806718,22026.465794806718,1200,500,10,74.04310607910156
-0.6,1.45,0.58,0.048,89,75703875,True,,60,-0.15,-3.1709440509392235,0.5992279774032034,0.7271308682556721,0.5641624865677508,39.38285055784965,-4.1144390061120975,0.525481837311288,9.678852310256026,1445.4750073212435,327.1405933344395,377.8013396994136,674.7529094799894,771.9800576477155,50.6607463649741,97.22714816772611,True,True,0.5488116360940264,2.3396468519259908,4.263114515168817,2.0691354608137256,3.6374880774796803,1.757974838461843,3.6733304565193716,0.7271308682556721,1.291293354823423,-0.8858375134322491,1.3271308682556722,0.019227977403203478,39.33485055784965,0.8858375134322491,1.3271308682556722,0.019227977403203478,39.33485055784965,True,True,strong,high,high,mid,-3.8230315976103073,159.34790129425448,12913.417471311548,22026.465794806718,22026.465794806718,1200,500,10,93.30643510818481
-0.6,1.45,0.58,0.048,90,1720921428,True,,60,-0.15,53.122410151396394,0.5995093625783359,4.999375283296689,1.2361023165497254,131.65764737290036,59.720201184651,0.5404865438648823,9.717018663951954,1329.294413383864,382.45939028895776,378.0661977325376,785.390503389026,772.5097737139636,-4.393192556420161,-12.880729675062412,False,False,0.5488116360940264,2.3396468519259908,4.263114515168817,148.32047187773725,510.54439615475115,3.4421707920104287,4.8802049729214,4.999375283296689,6.235477599846414,-0.2138976834502746,5.5993752832966885,0.01950936257833591,131.60964737290035,0.2138976834502746,5.5993752832966885,0.01950936257833591,131.60964737290035,True,True,strong,high,high,mid,53.17541173069784,161.30303971815968,17621.776442424652,22026.465794806718,22026.465794806718,1200,500,10,56.35690689086914
-0.6,1.45,0.58,0.048,91,184414803,True,,60,-0.15,41.51866574297034,0.5174882734912485,4.99943813041839,0.7215551766249282,147.88032455669997,40.730756647737145,0.5215078795788135,9.511658940710923,1623.1452606540279,378.68379033626604,375.78279982012464,777.8393034836425,767.9429778891376,-2.9009905161414054,-9.896325594504901,False,False,0.5488116360940264,2.3396468519259908,4.263114515168817,148.3297936854055,305.2079376328158,2.0576307028386696,4.996403328796209,4.99943813041839,5.720993307043319,-0.7284448233750718,5.59943813041839,-0.06251172650875148,147.83232455669997,0.7284448233750718,5.59943813041839,0.06251172650875148,147.83232455669997,True,True,strong,high,high,mid,38.97094672920665,146.87939089432615,19093.85576571998,22026.465794806718,22026.465794806718,1200,500,10,73.20743775367737
-0.6,1.45,0.58,0.048,92,1829632356,True,,60,-0.15,5.724458621781111,0.5869672945222887,-0.011748947758717335,0.9065913853669997,59.48681941751741,7.776701493037885,0.5146591055324353,9.175158748478921,1451.4124714456218,327.94215246422146,363.1006684331368,676.3560277395534,742.5787151151619,35.15851596891531,66.22268737560853,True,True,0.5488116360940264,2.3396468519259908,4.263114515168817,0.988319801620309,2.446950211759057,2.475868851102027,4.085754765617209,-0.011748947758717335,0.8948424376082823,-0.5434086146330003,0.5882510522412826,0.006967294522288725,59.43881941751741,0.5434086146330003,0.5882510522412826,0.006967294522288725,59.43881941751741,True,True,strong,high,high,mid,7.338009772728223,120.88292984762852,15087.493014081132,22026.465794806718,22026.465794806718,1200,500,10,118.04427933692932
-0.6,1.45,0.58,0.048,93,293125731,True,,60,-0.15,12.560530890799665,0.5808718212579257,-0.5907317449507375,1.5868222740459634,148.37373845666534,14.138721082188866,0.5514930409677731,9.180290262631264,776.5416608157636,344.7511193895843,362.39163644847736,709.973961590279,741.1606511458431,17.640517058893067,31.186689555564044,True,True,0.5488116360940264,2.3396468519259908,4.263114515168817,0.5539218069141132,2.707675530754701,4.888190890766885,4.9997343504954745,-0.5907317449507375,0.9960905290952259,0.13682227404596348,0.00926825504926243,0.0008718212579257312,148.32573845666533,0.13682227404596348,0.00926825504926243,0.0008718212579257312,148.32573845666533,True,True,strong,high,high,mid,13.930717252814636,123.76880153014118,16168.13218971531,22026.465794806718,22026.465794806718,1200,500,10,77.22281742095947
-0.6,1.45,0.58,0.048,94,1839004398,True,,60,-0.15,-16.443954007259716,0.41954224985615607,-1.1411484271898193,2.949029079313015,148.40993960605175,-18.231259563861293,0.510636991450723,9.636539568452594,771.9736405882613,374.33634216787084,379.9361630075931,769.1444071468521,776.2497042640746,5.59982083972227,7.105297117222449,True,True,0.5488116360940264,2.3396468519259908,4.263114515168817,0.31945194377737346,6.097510981700422,19.087412365065422,4.999978306967759,-1.1411484271898193,1.8078806521231958,1.4990290793130152,-0.5411484271898194,-0.1604577501438439,148.36193960605175,1.4990290793130152,0.5411484271898194,0.1604577501438439,148.36193960605175,True,True,strong,high,high,mid,-16.584922521690213,144.5825545682281,19455.42847780943,22026.465794806718,22026.465794806718,1200,500,10,69.98970746994019
-0.6,1.45,0.58,0.048,95,810745343,True,,60,-0.15,18.288109096170945,0.4996731407214515,4.7362658126899575,0.2732664386906365,129.61489139685264,19.88516013896748,0.5380003205450439,10.456788162718894,2657.2684218532895,390.7251968806725,391.0541137732057,801.9221165724555,798.4856057952998,0.32891689253318646,-3.4365107771557177,True,False,0.5488116360940264,2.3396468519259908,4.263114515168817,114.00767978835154,149.8346348118505,1.31425036532635,4.864567680070851,4.7362658126899575,5.009532251380594,-1.1767335613093635,5.336265812689957,-0.08032685927854843,129.56689139685264,1.1767335613093635,5.336265812689957,0.08032685927854843,129.56689139685264,True,True,strong,high,high,mid,19.326751377424024,184.15441159394516,19830.117521805554,22026.465794806718,22026.465794806718,1200,500,10,90.6244752407074
-0.6,1.45,0.58,0.048,96,1947715326,True,,60,-0.15,20.04579749610658,0.5229292237426189,4.482306974006115,0.4517458564558715,148.41316803475016,28.096057425175538,0.5139300933508368,12.291407268653678,152.08388243382777,374.7067789736658,378.8751063521254,769.885280758442,774.1275909531391,4.168327378459594,4.242310194697097,True,True,0.5488116360940264,2.3396468519259908,4.263114515168817,88.43846275077222,138.94147905157854,1.5710526249549195,5.00000006018451,4.482306974006115,4.934052830461987,-0.9982541435441284,5.082306974006115,-0.057070776257381106,148.36516803475016,0.9982541435441284,5.082306974006115,0.057070776257381106,148.36516803475016,True,True,strong,high,high,mid,27.35178646844219,152.62071866365957,18755.327288786393,22026.465794806718,22026.465794806718,1200,500,10,121.47560906410217
-0.6,1.45,0.58,0.048,97,702034415,True,,60,-0.15,-45.92422255445517,0.580296018907321,4.99424474898615,1.6527965889557659,147.53131953385045,-43.89200137118651,0.5403340221081053,11.061194224309926,934.5229964173877,388.58113446499044,386.98266106882636,797.6339917410913,790.3427003865411,-1.5984733961640814,-7.291291354550253,False,False,0.5488116360940264,2.3396468519259908,4.263114515168817,147.56145734777905,770.5012968926264,5.221561990111525,4.994040489062529,4.99424474898615,6.647041337941916,0.2027965889557659,5.594244748986149,0.0002960189073210051,147.48331953385045,0.2027965889557659,5.594244748986149,0.0002960189073210051,147.48331953385045,True,True,strong,high,high,mid,-41.08211079164564,185.83698467498314,16587.53459697938,22026.465794806718,22026.465794806718,1200,500,10,104.09041380882263
-0.6,1.45,0.58,0.048,98,1957087368,True,,60,-0.15,-10.577683911408158,0.6354570016234764,-2.835476920751574,4.345820276314449,147.90042867474497,-10.24737408737807,0.5538483775045385,9.613042143045046,867.3318743690891,364.6531874214512,379.7747565584703,749.7780976540129,775.926891365829,15.121569137019094,26.148793711816097,True,True,0.5488116360940264,2.3396468519259908,4.263114515168817,0.05869052842720306,4.5282853393796945,77.1553001945853,4.996539268121918,-2.835476920751574,1.5103433555628754,2.895820276314449,-2.235476920751574,0.05545700162347644,147.85242867474497,2.895820276314449,2.235476920751574,0.05545700162347644,147.85242867474497,True,True,strong,high,high,mid,-9.948335527183595,170.53837026452956,18530.412610282663,22026.465794806718,22026.465794806718,1200,500,10,81.52743244171143
-0.6,1.45,0.58,0.048,99,692662373,True,,60,-0.15,-19.555293242263083,0.5400439419803267,-2.3107592191493507,4.971577638772673,146.51743775766653,-21.551951648888622,0.5169326825263936,9.844310660044426,2871.8339643266463,383.38898006221365,384.66850722642226,787.2496829355377,785.7143927017329,1.2795271642086163,-1.535290233804858,True,False,0.5488116360940264,2.3396468519259908,4.263114515168817,0.09918591911720805,14.307994251426646,144.2542891044734,4.987144450436295,-2.3107592191493507,2.660818419623322,3.5215776387726727,-1.7107592191493506,-0.03995605801967328,146.46943775766653,3.5215776387726727,1.7107592191493506,0.03995605801967328,146.46943775766653,True,True,strong,high,high,mid,-20.37196896163018,173.6804619877266,20559.085109480944,22026.465794806718,22026.465794806718,1200,500,10,96.91464948654175
