alpha_true,gamma_true,phi_true,r_true,rep,seed,success,error,T,mu_true,mu_est,phi_est,alpha_est,gamma_est,r_est,gamma0_mu_est,gamma0_phi_est,gamma0_alpha_est,gamma0_r_est,joint_nll,gamma0_nll,bic_joint,bic_gamma0,delta_nll_gamma0,delta_bic_gamma0,joint_wins_nll,joint_wins_bic,q_center_true,q_dist_1_true,q_multiplier_1_true,q_center_est,q_dist_1_est,q_multiplier_1_est,log_r_est,log_q_center_est,log_q_dist_1_est,gamma_error,alpha_error,phi_error,r_error,abs_gamma_error,abs_alpha_error,abs_phi_error,abs_r_error,true_positive_coupling,true_ictal_scale_coupling,gamma_regime,alpha_regime,phi_regime,r_regime,mean_x,sd_x,mean_q,median_q,max_q,N_particles_fit,N_particles_eval,N_eval_repeats,runtime_sec
-7.98,-3.5,0.22,0.001,0,1994886035,True,,60,-0.15,-0.13976192225123105,-0.19274711858834764,-7.2434205575334385,3.7129634715426754,0.0002750641845565365,-0.13809699988139235,0.4012689592707449,-12.447398347573449,0.001255582400604742,-113.09222416187679,-114.81886832178324,-205.71272551264306,-213.2603583946781,-1.7266441599064564,-7.547632882035032,False,False,0.0003422394225150394,1.0334735063919507e-05,0.0301973834223185,0.0007148623455344084,0.029291524061373978,40.97505518978841,-8.198506089143464,-7.2434205575334385,-3.530457085990763,7.212963471542675,0.7365794424665619,-0.4127471185883477,-0.0007249358154434635,7.212963471542675,0.7365794424665619,0.4127471185883477,0.0007249358154434635,False,False,ictal_scale,low,low,low,-0.14497070945724314,0.017907171613191563,0.0003249775185637513,0.0003270232250226115,0.0003422394225150394,1200,500,10,105.52242302894592
-7.98,-3.5,0.22,0.001,1,654863706,True,,60,-0.15,-0.14331682913842234,0.20493837563273448,-7.230459829122379,-4.9674673519226005,0.0001312626274859256,-0.14275774992950463,0.4726733413843385,-7.832628018652821,0.0004784614708288286,-127.25597327765836,-128.36116722799503,-234.0402237442062,-240.34495620710166,-1.1051939503366697,-6.304732462895458,False,False,0.0003422394225150394,1.0334735063919507e-05,0.0301973834223185,0.0007241877839428318,5.040893645190523e-06,0.006960754871817138,-8.938310451703794,-7.230459829122379,-12.19792718104498,-1.4674673519226005,0.749540170877621,-0.01506162436726552,-0.0008687373725140745,1.4674673519226005,0.749540170877621,0.01506162436726552,0.0008687373725140745,False,False,ictal_scale,low,low,low,-0.14531025773871897,0.016257701553953622,0.00032684869625400294,0.00032919372598461626,0.0003422394225150394,1200,500,10,114.90923476219177
-7.98,-3.5,0.22,0.001,2,43886684,True,,60,-0.15,-0.15037834379699253,-0.07246658894506643,-6.779384818836467,0.07304731850939154,0.00012164875753439941,-0.15047736464940298,0.3723410865836053,-9.553331402029123,0.0011919992463794483,-114.69784018724049,-115.07536118966252,-208.92395756337046,-213.77334413043664,-0.3775210024220286,-4.849386567066176,False,False,0.0003422394225150394,1.0334735063919507e-05,0.0301973834223185,0.0011369741282883084,0.0012231356650688591,1.075781440084539,-9.014372702232034,-6.779384818836467,-6.706337500327076,3.5730473185093916,1.200615181163533,-0.29246658894506644,-0.0008783512424656006,3.5730473185093916,1.200615181163533,0.29246658894506644,0.0008783512424656006,False,False,ictal_scale,low,low,low,-0.14829761082430096,0.01853829557013954,0.00032536173361072895,0.0003278963354459984,0.0003422394225150394,1200,500,10,88.40242338180542
-7.98,-3.5,0.22,0.001,3,546152778,True,,60,-0.15,-0.14193940533950053,0.10381428835104868,-7.243734362676799,4.349094771387624,0.00011070082484704545,-0.14324144724839533,0.47444257060977263,-8.878455523794273,0.000818660100581809,-124.31292898797923,-124.07221916114997,-228.15413516484796,-231.76706007341156,0.24070982682926,-3.612924908563599,True,False,0.0003422394225150394,1.0334735063919507e-05,0.0301973834223185,0.0007146380532474624,0.05531895893698509,77.40835893863243,-9.10867926708462,-7.243734362676799,-2.8946395912891747,7.849094771387624,0.7362656373232017,-0.11618571164895132,-0.0008892991751529546,7.849094771387624,0.7362656373232017,0.11618571164895132,0.0008892991751529546,False,False,ictal_scale,low,low,low,-0.14434458041315215,0.016949846272759465,0.0003252272723041389,0.00032500377041649945,0.0003422394225150394,1200,500,10,88.19380569458008
-7.98,-3.5,0.22,0.001,4,1099064779,True,,60,-0.15,-0.1609483048348543,-0.14926893235310293,-6.625392678715324,-4.9999999782912,0.00017390376572655732,-0.1605492249421837,0.24405853262119218,-11.830304178162823,0.0014007799407604034,-113.01370634676182,-111.79130616087127,-205.55568988241313,-207.20523407285415,1.2224001858905496,-1.64954419044102,True,False,0.0003422394225150394,1.0334735063919507e-05,0.0301973834223185,0.0013262595348709292,8.93626664698769e-06,0.0067379471453582135,-8.657008482286697,-6.625392678715324,-11.625392657006524,-1.4999999782912,1.3546073212846768,-0.36926893235310293,-0.0008260962342734427,1.4999999782912,1.3546073212846768,0.36926893235310293,0.0008260962342734427,False,False,ictal_scale,low,low,low,-0.15454027283155636,0.017073017607474646,0.0003265268338186172,0.00033000330766696704,0.0003422394225150394,1200,500,10,131.04203414916992
-7.98,-3.5,0.22,0.001,5,536780736,True,,60,-0.15,-0.15827633298507807,0.08565607624482204,-6.461591601722651,2.054142529827481,0.00014174200237081352,-0.15721198042421336,0.44088643612718165,-7.6759892671875924,0.0013397619561447852,-103.77470715885325,-103.68870436741608,-187.07769150659598,-191.00003048594377,0.08600279143716705,-3.922338979347785,True,False,0.0003422394225150394,1.0334735063919507e-05,0.0301973834223185,0.0015623071597619755,0.01218622489788173,7.8001466112069515,-8.861502037612572,-6.461591601722651,-4.4074490718951695,5.554142529827481,1.5184083982773497,-0.13434392375517795,-0.0008582579976291865,5.554142529827481,1.5184083982773497,0.13434392375517795,0.0008582579976291865,False,False,ictal_scale,low,low,low,-0.15100462334430115,0.021373267972461113,0.0003221348867685559,0.0003226294513640033,0.0003422394225150394,1200,500,10,92.51189374923706
-7.98,-3.5,0.22,0.001,6,1108436821,True,,60,-0.15,-0.15078841133281554,0.0333994463125577,-6.705645920695596,4.943348509951305,0.0001454280728158662,-0.15180967811428958,0.41782201620787907,-8.084178239089585,0.0012591909511332692,-107.99706202843804,-107.76146262368931,-195.52240124576556,-199.14554699849023,0.23559940474872576,-3.6231457527246675,True,False,0.0003422394225150394,1.0334735063919507e-05,0.0301973834223185,0.0012239818533509217,0.17165005979156636,140.23905609518332,-8.835828938489591,-6.705645920695596,-1.7622974107442912,8.443348509951305,1.2743540793044046,-0.1866005536874423,-0.0008545719271841339,8.443348509951305,1.2743540793044046,0.1866005536874423,0.0008545719271841339,False,False,ictal_scale,low,low,low,-0.15302984766620986,0.018122832971804444,0.00032552057358545977,0.0003263590141540408,0.0003422394225150394,1200,500,10,112.84157943725586
-7.98,-3.5,0.22,0.001,7,428069808,True,,60,-0.15,-0.1577122627048587,-0.04987025864109368,-6.763881620439178,-4.9999999782912,9.807167143797247e-05,-0.15710780246200476,0.42033206293634423,-8.710098150659714,0.0009111929102693704,-118.99417549390314,-118.71072698307026,-217.51662817669578,-221.04407571725213,0.28344851083288347,-3.527447540556352,True,False,0.0003422394225150394,1.0334735063919507e-05,0.0301973834223185,0.001154738208000766,7.780565012234812e-06,0.0067379471453582135,-9.229812005389563,-6.763881620439178,-11.763881598730379,-1.4999999782912,1.2161183795608226,-0.2698702586410937,-0.0009019283285620276,1.4999999782912,1.2161183795608226,0.2698702586410937,0.0009019283285620276,False,False,ictal_scale,low,low,low,-0.15171978741965333,0.01947449847282433,0.0003244142356143552,0.0003265635244836566,0.0003422394225150394,1200,500,10,126.35576224327087
-7.98,-3.5,0.22,0.001,8,1217147749,True,,60,-0.15,-0.15114474416077436,0.015262906966285556,-6.901024455092049,-4.9999999782912,8.231591510368825e-05,-0.15209958653286745,0.3091779177142819,-9.96680264301953,0.000924058170276989,-123.41626026547048,-123.2651613566331,-226.36079771983046,-230.1529444643778,0.1510989088373833,-3.7921467445473525,True,False,0.0003422394225150394,1.0334735063919507e-05,0.0301973834223185,0.0010067535267930384,6.783452051934467e-06,0.0067379471453582135,-9.404946089830922,-6.901024455092049,-11.901024433383249,-1.4999999782912,1.0789755449079514,-0.20473709303371446,-0.0009176840848963118,1.4999999782912,1.0789755449079514,0.20473709303371446,0.0009176840848963118,False,False,ictal_scale,low,low,low,-0.15129675346756188,0.02122316497277199,0.000322614190977189,0.00032578684908923957,0.0003422394225150394,1200,500,10,112.62495422363281
-7.98,-3.5,0.22,0.001,9,615542769,True,,60,-0.15,-0.14831356036635723,0.09553108483397339,-6.478992726657053,-4.999999926422451,0.00013348852227535536,-0.1492282478077594,0.4684170759392039,-8.052148175448703,0.00118223667242805,-110.24342015706054,-109.82417535130351,-200.01511750301057,-203.27097245371863,0.4192448057570317,-3.2558549507080556,True,False,0.0003422394225150394,1.0334735063919507e-05,0.0301973834223185,0.001535356424298036,1.0345150972796373e-05,0.006737947494847113,-8.921495059285576,-6.478992726657053,-11.478992653079503,-1.4999999264224506,1.5010072733429478,-0.12446891516602661,-0.0008665114777246447,1.4999999264224506,1.5010072733429478,0.12446891516602661,0.0008665114777246447,False,False,ictal_scale,low,low,low,-0.14808171605524437,0.017846915167883386,0.00032586830409141605,0.0003276327006522681,0.0003422394225150394,1200,500,10,106.7163507938385
-7.98,-3.5,0.22,0.001,10,1226519791,True,,60,-0.15,-0.14879745712761744,-0.2577326560906682,-6.664338979305731,-2.6380254525273337,0.00014178856553905523,-0.1488115809442336,0.23096306793342314,-11.139026319420973,0.0013559554639726227,-114.31297579033576,-112.84425427238304,-208.154228769561,-209.3111302958777,1.4687215179527158,-1.1569015263166875,True,False,0.0003422394225150394,1.0334735063919507e-05,0.0301973834223185,0.001275599545277562,9.120832046897275e-05,0.07150231497544665,-8.861173585065085,-6.664338979305731,-9.302364431833064,0.8619745474726663,1.3156610206942698,-0.4777326560906682,-0.0008582114344609448,0.8619745474726663,1.3156610206942698,0.4777326560906682,0.0008582114344609448,False,False,ictal_scale,low,low,low,-0.15138992830270134,0.017148499193526106,0.00032555210169455306,0.0003272413261199522,0.0003422394225150394,1200,500,10,87.90926194190979
-7.98,-3.5,0.22,0.001,11,724253697,True,,60,-0.15,-0.15436303713579305,0.0489024011833681,-6.622016346937955,-4.986151256386545,0.00011882642439801035,-0.15635137234954155,0.2132705203352267,-9.445352017912327,0.0013401854346434979,-111.30705874233963,-111.64630474689731,-202.14239467356876,-206.91523124490624,-0.3392460045576797,-4.7728365713374785,False,False,0.0003422394225150394,1.0334735063919507e-05,0.0301973834223185,0.0013307449950233335,9.091527670590233e-06,0.0068319082202753754,-9.037846748176399,-6.622016346937955,-11.6081676033245,-1.4861512563865453,1.3579836530620453,-0.1710975988166319,-0.0008811735756019896,1.4861512563865453,1.3579836530620453,0.1710975988166319,0.0008811735756019896,False,False,ictal_scale,low,low,low,-0.1461405832866563,0.018881346816298484,0.00032455752828819396,0.0003259938855498989,0.0003422394225150394,1200,500,10,123.07932209968567
-7.98,-3.5,0.22,0.001,12,1335230719,True,,60,-0.15,-0.1518283608098092,0.02483161306925471,-6.959078434250328,0.08945297023228951,0.00012879664238518718,-0.1520093877803841,0.39804857217640627,-8.971866788383132,0.0009462352619985529,-119.45071073213253,-119.51804988406813,-218.42969865315456,-222.65872151924788,-0.0673391519355988,-4.229022866093317,False,False,0.0003422394225150394,1.0334735063919507e-05,0.0301973834223185,0.0009499716325869317,0.0010388660844888912,1.0935759014823263,-8.957275813071796,-6.959078434250328,-6.869625464018038,3.5894529702322897,1.0209215657496724,-0.19516838693074529,-0.0008712033576148128,3.5894529702322897,1.0209215657496724,0.19516838693074529,0.0008712033576148128,False,False,ictal_scale,low,low,low,-0.15544899423775496,0.01604927639518951,0.0003281511742431206,0.00033136325766508273,0.0003422394225150394,1200,500,10,83.25881719589233
-7.98,-3.5,0.22,0.001,13,733625739,True,,60,-0.15,-0.15213791398586035,-0.14616995109281758,-6.786383056898262,-4.9999999782912,9.487129677505189e-05,-0.1520819352262576,0.4152954192292171,-8.712782842151194,0.0009989531178248425,-118.68361457399165,-117.35578005605578,-216.89550633687278,-218.33418186322317,1.3278345179358695,-1.43867552635038,True,False,0.0003422394225150394,1.0334735063919507e-05,0.0301973834223185,0.0011290450896789246,7.607446138982812e-06,0.0067379471453582135,-9.262989355684299,-6.786383056898262,-11.786383035189463,-1.4999999782912,1.1936169431017385,-0.3661699510928176,-0.0009051287032249482,1.4999999782912,1.1936169431017385,0.3661699510928176,0.0009051287032249482,False,False,ictal_scale,low,low,low,-0.1555033322770812,0.019585861198250808,0.0003235965199202325,0.0003254402835307482,0.0003422394225150394,1200,500,10,132.87453842163086
-7.98,-3.5,0.22,0.001,14,802880890,True,,60,-0.15,-0.1572590194773479,0.12388868984272336,-7.141852170746775,4.975267093917758,0.00011598082524834532,-0.15544329031199172,0.45205962252801124,-8.551422708895592,0.0008413992531139519,-121.08718417087633,-120.80404694774145,-221.70264553064214,-225.23071564659452,0.28313722313487233,-3.5280701159523744,True,False,0.0003422394225150394,1.0334735063919507e-05,0.0301973834223185,0.0007912851431673126,0.11456819121148422,144.78749184257015,-9.062085680104621,-7.141852170746775,-2.1665850768290174,8.475267093917758,0.8381478292532254,-0.09611131015727664,-0.0008840191747516547,8.475267093917758,0.8381478292532254,0.09611131015727664,0.0008840191747516547,False,False,ictal_scale,low,low,low,-0.15046443035088142,0.018728530630823043,0.0003250295194895064,0.0003264925464367874,0.0003422394225150394,1200,500,10,114.3346598148346
-7.98,-3.5,0.22,0.001,15,842336667,True,,60,-0.15,-0.14774720232907257,0.019601865932616758,-7.113678033011187,4.999999980748799,0.00012369127759609416,-0.1473204154853988,0.34923214296815114,-9.21164936381214,0.0010194225418101608,-118.18509315747383,-119.22551496887866,-215.89846350383715,-222.07365168886892,-1.0404218114048263,-6.175188185031772,False,False,0.0003422394225150394,1.0334735063919507e-05,0.0301973834223185,0.0008138959440371987,0.12079286590992683,148.41315624544512,-8.99772179361385,-7.113678033011187,-2.1136780522623875,8.4999999807488,0.8663219669888136,-0.20039813406738324,-0.0008763087224039059,8.4999999807488,0.8663219669888136,0.20039813406738324,0.0008763087224039059,False,False,ictal_scale,low,low,low,-0.14609396411321268,0.02038356398610517,0.0003234675561241721,0.0003259362905099826,0.0003422394225150394,1200,500,10,127.69777512550354
-7.98,-3.5,0.22,0.001,16,1807413074,True,,60,-0.15,-0.15742876259770366,0.13985419446096983,-6.716801637201819,-4.9999999782912,8.94072934280164e-05,-0.15710178802225858,0.3484139837491073,-7.661204811061024,0.0006596482191067383,-118.10403713566313,-117.8688147549926,-215.73635146021576,-219.3602512610968,0.23522238067053536,-3.6238998008810483,True,False,0.0003422394225150394,1.0334735063919507e-05,0.0301973834223185,0.001210403338636774,8.155633720299702e-06,0.0067379471453582135,-9.32230829714357,-6.716801637201819,-11.716801615493019,-1.4999999782912,1.2631983627981818,-0.08014580553903017,-0.0009105927065719836,1.4999999782912,1.2631983627981818,0.08014580553903017,0.0009105927065719836,False,False,ictal_scale,low,low,low,-0.1506019818443064,0.01879631087501323,0.0003242937676739692,0.0003268996954219111,0.0003422394225150394,1200,500,10,125.95959115028381
-7.98,-3.5,0.22,0.001,17,851708709,True,,60,-0.15,-0.15051165181123738,-0.07674688762619826,-6.867994084448859,4.999713400914308,0.0001438718690074089,-0.14902416148984368,0.4047358803485831,-8.723374014732961,0.00120719031648836,-112.96865514631966,-112.84524969121966,-205.46558748152881,-209.31312113355094,0.12340545509999856,-3.847533652022122,True,False,0.0003422394225150394,1.0334735063919507e-05,0.0301973834223185,0.0010405622525650306,0.15438887709377075,148.37063012154778,-8.84658745305366,-6.867994084448859,-1.8682806835345511,8.499713400914308,1.1120059155511415,-0.2967468876261983,-0.0008561281309925912,8.499713400914308,1.1120059155511415,0.2967468876261983,0.0008561281309925912,False,False,ictal_scale,low,low,low,-0.151471105260241,0.01798148975492005,0.00032550200620800956,0.0003290942310579247,0.0003422394225150394,1200,500,10,108.44991850852966
-7.98,-3.5,0.22,0.001,18,1798041032,True,,60,-0.15,-0.1469406803668569,-0.1111849249696143,-6.885577304034547,4.999999980748799,0.00014816012842149234,-0.14688908318765842,0.2820861004975072,-9.158780182295228,0.001250891524214742,-113.39772026616356,-112.90066271896042,-206.3237177212166,-209.42394718903245,0.4970575472031413,-3.1002294678158364,True,False,0.0003422394225150394,1.0334735063919507e-05,0.0301973834223185,0.0010224257344451915,0.1517414302755782,148.41315624544512,-8.817216920291049,-6.885577304034547,-1.885577323285748,8.4999999807488,1.094422695965453,-0.33118492496961427,-0.0008518398715785077,8.4999999807488,1.094422695965453,0.33118492496961427,0.0008518398715785077,False,False,ictal_scale,low,low,low,-0.14911339320908587,0.018447072208870395,0.00032610987858631567,0.00032960579798278625,0.0003422394225150394,1200,500,10,114.60788297653198
-7.98,-3.5,0.22,0.001,19,960419637,True,,60,-0.15,-0.15125854353887458,0.1442633488519462,-6.611387312876196,-0.3069077806402661,0.0001515555543263684,-0.15471097393356043,0.46841595347112164,-6.621804058616437,0.00020095251240366866,-110.49841664953053,-107.66868571152,-200.52511048795054,-198.9599931741516,2.8297309380105276,1.565117313798936,True,True,0.0003422394225150394,1.0334735063919507e-05,0.0301973834223185,0.001344964967311376,0.0009895155346833797,0.7357184452628903,-8.794558305007559,-6.611387312876196,-6.918295093516462,3.193092219359734,1.3686126871238047,-0.07573665114805381,-0.0008484444456736316,3.193092219359734,1.3686126871238047,0.07573665114805381,0.0008484444456736316,False,False,ictal_scale,low,low,low,-0.1471949876879191,0.017159401811330403,0.00032625116366954125,0.0003287305990120257,0.0003422394225150394,1200,500,10,78.62823534011841
-7.98,-3.5,0.22,0.001,20,1689330104,True,,60,-0.15,-0.147737926592915,0.1489069673470435,-7.089206280613978,4.995723202463044,8.539300985299793e-05,-0.147784752428758,0.44674556446113767,-8.397546293931926,0.000763975101051948,-121.53033698435851,-121.58035867169679,-222.58895115760652,-226.78333909450518,-0.050021687338272613,-4.194387936898664,False,False,0.0003422394225150394,1.0334735063919507e-05,0.0301973834223185,0.0008340591118377028,0.1232570732626686,147.77978144869527,-9.368246312358226,-7.089206280613978,-2.0934830781509346,8.495723202463044,0.8907937193860223,-0.0710930326529565,-0.000914606990147002,8.495723202463044,0.8907937193860223,0.0710930326529565,0.000914606990147002,False,False,ictal_scale,low,low,low,-0.14816516003374353,0.016737483978523777,0.00032620356445670973,0.00032742578574614404,0.0003422394225150394,1200,500,10,90.28553414344788
-7.98,-3.5,0.22,0.001,21,969791679,True,,60,-0.15,-0.15621429227215813,-0.0098315433684806,-6.787874088024329,-4.999959908715461,9.339328476028721e-05,-0.15485467533720834,0.35886021650902794,-11.130436011508994,0.001077562416011105,-119.87997788938063,-119.86482529660573,-219.28823296765074,-223.35227234432307,0.015152592774896334,-4.064039376672326,True,False,0.0003422394225150394,1.0334735063919507e-05,0.0301973834223185,0.001127362902715691,7.596416031205245e-06,0.006738217137450879,-9.2786911129557,-6.787874088024329,-11.787833996739788,-1.4999599087154607,1.1921259119756717,-0.2298315433684806,-0.0009066067152397128,1.4999599087154607,1.1921259119756717,0.2298315433684806,0.0009066067152397128,False,False,ictal_scale,low,low,low,-0.15659149635787128,0.015608116414963244,0.0003274311094042725,0.00032983325633790573,0.0003422394225150394,1200,500,10,102.79119348526001
-7.98,-3.5,0.22,0.001,22,467525585,True,,60,-0.15,-0.1544442465198558,0.12883488632096346,-7.001987333206809,4.9999914336981615,0.00011270198085379337,-0.1542107583456315,0.4261550614322474,-8.297229375449596,0.0008380767946903966,-118.34286907312094,-118.61892921003702,-216.21401533513136,-220.86048017118566,-0.27606013691608666,-4.646464836054292,False,False,0.0003422394225150394,1.0334735063919507e-05,0.0301973834223185,0.0009100715517872293,0.13506543699386994,148.4118877561043,-9.090763560730561,-7.001987333206809,-2.001995899508648,8.499991433698161,0.978012666793191,-0.09116511367903654,-0.0008872980191462067,8.499991433698161,0.978012666793191,0.09116511367903654,0.0008872980191462067,False,False,ictal_scale,low,low,low,-0.15621865779179953,0.018171134210805257,0.00032437808253911715,0.00032603194861014953,0.0003422394225150394,1200,500,10,102.45562744140625
-7.98,-3.5,0.22,0.001,23,34740509,True,,60,-0.15,-0.14685369968274886,-0.17637708546715863,-6.861829073804946,0.5629047689533285,0.00017172667375011484,-0.14713144510177573,0.24743851303815872,-11.300528049320548,0.0012779100794248067,-115.12286971642291,-114.56585234233103,-209.7740166217353,-212.75432643577366,0.5570173740918847,-2.9803098140383497,True,False,0.0003422394225150394,1.0334735063919507e-05,0.0301973834223185,0.0010469971451372562,0.0018382811439620935,1.7557651923884705,-8.66960645122314,-6.861829073804946,-6.298924304851618,4.062904768953328,1.118170926195054,-0.39637708546715866,-0.0008282733262498852,4.062904768953328,1.118170926195054,0.39637708546715866,0.0008282733262498852,False,False,ictal_scale,low,low,low,-0.1513553604287601,0.019372204938364702,0.0003244627698764645,0.00032713135373675477,0.0003422394225150394,1200,500,10,91.27119517326355
-7.98,-3.5,0.22,0.001,24,1571247134,True,,60,-0.15,-0.14744117989723105,-0.11504264510661093,-6.962301287941941,4.999999980748799,0.0001286089255618381,-0.14614220681935142,0.3367997200041136,-11.73774691227465,0.0012707258269617013,-115.57262267905017,-115.14871295027815,-210.67352254698983,-213.92004765166791,0.42390972877201705,-3.246525104678085,True,False,0.0003422394225150394,1.0334735063919507e-05,0.0301973834223185,0.0009469149412841124,0.14053463513194547,148.41315624544512,-8.958734342956165,-6.962301287941941,-1.9623013071931412,8.4999999807488,1.0176987120580598,-0.3350426451066109,-0.0008713910744381619,8.4999999807488,1.0176987120580598,0.3350426451066109,0.0008713910744381619,False,False,ictal_scale,low,low,low,-0.14802010714434202,0.020080789825945942,0.0003237473004169425,0.00032514080498437145,0.0003422394225150394,1200,500,10,134.7078456878662
-7.98,-3.5,0.22,0.001,25,25368467,True,,60,-0.15,-0.1589990897720708,0.009506549894035873,-6.567731561434509,-4.1826631978865265,0.00011575429747551533,-0.1591866417390799,0.3866499857856417,-8.763218484611674,0.0011331644463277216,-113.7951637869376,-113.72093901150956,-207.11860476276468,-211.06449977413072,0.07422477542803563,-3.945895011366048,True,False,0.0003422394225150394,1.0334735063919507e-05,0.0301973834223185,0.0014049809128701483,2.1436944212514666e-05,0.015257818818849635,-9.064040738468854,-6.567731561434509,-10.750394759321036,-0.6826631978865265,1.4122684385654916,-0.21049345010596412,-0.0008842457025244846,0.6826631978865265,1.4122684385654916,0.21049345010596412,0.0008842457025244846,False,False,ictal_scale,low,low,low,-0.15176086437077613,0.01748214067241962,0.00032652809223377317,0.0003273223466507115,0.0003422394225150394,1200,500,10,96.90887379646301
-7.98,-3.5,0.22,0.001,26,585608555,True,,60,-0.15,-0.14708454083374375,0.28584928495469003,-6.822416643426244,-4.9999999782912,0.00011301483298711471,-0.14383217123160813,0.4734868099694902,-7.082020194378337,0.00021885091954801844,-119.71239789725891,-118.59658089757048,-218.9530729834073,-220.81578354625256,1.115816999688434,-1.8627105628452512,True,False,0.0003422394225150394,1.0334735063919507e-05,0.0301973834223185,0.001089085807438329,7.338202607279233e-06,0.0067379471453582135,-9.087991482493782,-6.822416643426244,-11.822416621717444,-1.4999999782912,1.157583356573756,0.06584928495469003,-0.0008869851670128854,1.4999999782912,1.157583356573756,0.06584928495469003,0.0008869851670128854,False,False,ictal_scale,low,low,low,-0.15158676622598313,0.018178160689888062,0.00032617371010152865,0.00032777109577585174,0.0003422394225150394,1200,500,10,117.15258765220642
-7.98,-3.5,0.22,0.001,27,2064141186,True,,60,-0.15,-0.14965140318662562,-0.06833033148043509,-7.086041360284424,4.871232710359663,0.00016274264776446084,-0.1493524427612167,0.3142621016094369,-11.480523415061676,0.0010935703142821679,-119.00993886571094,-118.79963530570171,-217.54815492031136,-221.22189236251504,0.21030356000922268,-3.6737374422036737,True,False,0.0003422394225150394,1.0334735063919507e-05,0.0301973834223185,0.0008367030241557862,0.10917440278007533,130.4816638976891,-8.723340452922372,-7.086041360284424,-2.2148086499247617,8.371232710359664,0.8939586397155761,-0.2883303314804351,-0.0008372573522355392,8.371232710359664,0.8939586397155761,0.2883303314804351,0.0008372573522355392,False,False,ictal_scale,low,low,low,-0.1479734229416703,0.018549556384268327,0.00032475410578353,0.0003257565904197361,0.0003422394225150394,1200,500,10,112.6872456073761
-7.98,-3.5,0.22,0.001,28,1728560018,True,,60,-0.15,-0.149420313032036,0.07611510716733545,-6.321498268498631,-4.863434854373959,0.0001685047500505562,-0.14936785713555606,0.3266896248830244,-7.509734103586987,0.0011901366419071536,-104.62162032776897,-105.31430691440183,-188.77151784442742,-194.25123557991526,-0.6926865866328598,-5.479717735487839,False,False,0.0003422394225150394,1.0334735063919507e-05,0.0301973834223185,0.0017972487268315377,1.388178341714508e-05,0.007723907776314288,-8.688546618358178,-6.321498268498631,-11.18493312287259,-1.363434854373959,1.658501731501369,-0.14388489283266453,-0.0008314952499494438,1.363434854373959,1.658501731501369,0.14388489283266453,0.0008314952499494438,False,False,ictal_scale,low,low,low,-0.15078365473568522,0.019669746303790026,0.0003237575621777119,0.00032546296424541566,0.0003422394225150394,1200,500,10,100.03347754478455
-7.98,-3.5,0.22,0.001,29,1955430258,True,,60,-0.15,-0.14733557016911028,0.1621964074906583,-6.8869451560329225,4.986825254445772,0.00012977848127286763,-0.15060138406720192,0.42667754317316536,-7.790014607217893,0.000847385301479386,-114.62515768925714,-114.55673168437957,-208.77859256740376,-212.73608511987075,0.06842600487756556,-3.957492552466988,True,False,0.0003422394225150394,1.0334735063919507e-05,0.0301973834223185,0.0010210281634142112,0.14955068678288777,146.47067744224208,-8.949681551160054,-6.8869451560329225,-1.9001199015871508,8.486825254445773,1.093054843967078,-0.057803592509341695,-0.0008702215187271324,8.486825254445773,1.093054843967078,0.057803592509341695,0.0008702215187271324,False,False,ictal_scale,low,low,low,-0.15175427001897177,0.01898714998206886,0.00032505612839406686,0.00032714843332471675,0.0003422394225150394,1200,500,10,109.61060690879822
-7.98,-3.5,0.22,0.001,30,409551591,True,,60,-0.15,-0.1571264455814525,0.15569880336427155,-6.470151434708692,-4.9999999782912,0.00015254059220315004,-0.15813941902126966,0.41858995473422006,-8.222372047932271,0.0012253595379805686,-109.29731114637573,-109.31660833577806,-198.12289948164096,-202.25583842266772,-0.019297189402323056,-4.132938941026765,False,False,0.0003422394225150394,1.0334735063919507e-05,0.0301973834223185,0.0015489911441424829,1.0437020457859995e-05,0.0067379471453582135,-8.788079818954676,-6.470151434708692,-11.470151412999892,-1.4999999782912,1.5098485652913087,-0.06430119663572845,-0.00084745940779685,1.4999999782912,1.5098485652913087,0.06430119663572845,0.00084745940779685,False,False,ictal_scale,low,low,low,-0.1545598971085422,0.01935977452522953,0.0003243279572159797,0.0003275372745247233,0.0003422394225150394,1200,500,10,121.76159596443176
-7.98,-3.5,0.22,0.001,31,1946058216,True,,60,-0.15,-0.1524906012737691,0.2397030886609559,-6.481632244016351,-4.993022317360379,0.00018033345283375988,-0.15033401976743183,0.45901845760809434,-7.262564219600637,0.0007528866840320823,-108.90647945983343,-109.43077281204106,-197.34123610855636,-202.48416737519372,-0.5242933522076214,-5.142931266637362,False,False,0.0003422394225150394,1.0334735063919507e-05,0.0301973834223185,0.001531309168114654,1.0390126670212016e-05,0.006785126665834788,-8.62070290512202,-6.481632244016351,-11.474654561376731,-1.4930223173603787,1.498367755983649,0.01970308866095591,-0.0008196665471662402,1.4930223173603787,1.498367755983649,0.01970308866095591,0.0008196665471662402,False,False,ictal_scale,low,low,low,-0.14394740851327656,0.01658498399722205,0.00032625809802728736,0.0003284015641375125,0.0003422394225150394,1200,500,10,112.46885919570923
-7.98,-3.5,0.22,0.001,32,1846642988,True,,60,-0.15,-0.14672490391323784,0.37496173874135535,-6.880442516123923,-4.9778372093993015,0.00012219664086460396,-0.1446631453561843,0.4748848442436056,-7.34660668826342,0.0003042711161893333,-121.40411036750429,-120.7852087546477,-222.33649792389807,-225.193039260407,0.6189016128565896,-2.85654133650894,True,False,0.0003422394225150394,1.0334735063919507e-05,0.0301973834223185,0.0010276891755080285,7.079695033695077e-06,0.00688894580425575,-9.009879000437632,-6.880442516123923,-11.858279725523225,-1.4778372093993015,1.0995574838760778,0.15496173874135535,-0.000877803359135396,1.4778372093993015,1.0995574838760778,0.15496173874135535,0.000877803359135396,False,False,ictal_scale,low,low,low,-0.14762451828651277,0.020667712114466948,0.0003235599428419757,0.0003248110689498111,0.0003422394225150394,1200,500,10,116.33701586723328
-7.98,-3.5,0.22,0.001,33,1837347288,True,,60,-0.15,-0.15391569815201486,-0.18364663127025677,-6.725905690288652,-4.295856257005313,0.00013264840543873109,-0.15293997845293383,0.13883909152708582,-12.714625647943802,0.001247597995193226,-115.87390901331769,-115.44289920212013,-211.27609521552486,-214.50842015535187,0.4310098111975549,-3.2323249398270093,True,False,0.0003422394225150394,1.0334735063919507e-05,0.0301973834223185,0.0011994337719107451,1.6342165540523215e-05,0.0136249002848148,-8.927808498268975,-6.725905690288652,-11.021761947293964,-0.7958562570053127,1.2540943097113484,-0.4036466312702568,-0.000867351594561269,0.7958562570053127,1.2540943097113484,0.4036466312702568,0.000867351594561269,False,False,ictal_scale,low,low,low,-0.14935724387121121,0.018507373723388686,0.0003255400142674531,0.000328979021316409,0.0003422394225150394,1200,500,10,109.29489994049072
-7.98,-3.5,0.22,0.001,34,291468621,True,,60,-0.15,-0.14413724795780486,0.13777371390522433,-6.79557323972981,0.2520395120470268,0.0001624638482657493,-0.14586991165232988,0.424522242198839,-7.0118985977452315,0.0006065462007113872,-113.5986204272771,-112.27160827779676,-206.72551804344369,-208.16583830670513,1.327012149480339,-1.440320263261441,True,False,0.0003422394225150394,1.0334735063919507e-05,0.0301973834223185,0.001118716492423841,0.001439393078241131,1.2866468743323016,-8.725055053155868,-6.79557323972981,-6.543533727682783,3.752039512047027,1.1844267602701901,-0.08222628609477567,-0.0008375361517342508,3.752039512047027,1.1844267602701901,0.08222628609477567,0.0008375361517342508,False,False,ictal_scale,low,low,low,-0.14624866229540787,0.01557951517294231,0.00032706820976032285,0.000329965404351214,0.0003422394225150394,1200,500,10,79.58044028282166
-7.98,-3.5,0.22,0.001,35,1353748936,True,,60,-0.15,-0.1504169087007068,0.2221304823707447,-6.778359588088083,4.999999980748799,0.0001641727938839349,-0.1508075867329874,0.48590830753626424,-7.506519182608071,0.0008450248029924697,-110.96725502501988,-110.53665024487125,-201.46278723892925,-204.69592224085412,0.43060478014862724,-3.2331350019248646,True,False,0.0003422394225150394,1.0334735063919507e-05,0.0301973834223185,0.0011381403868646691,0.1689150070649975,148.41315624544512,-8.714591063565859,-6.778359588088083,-1.7783596073392838,8.4999999807488,1.2016404119119173,0.002130482370744702,-0.0008358272061160651,8.4999999807488,1.2016404119119173,0.002130482370744702,0.0008358272061160651,False,False,ictal_scale,low,low,low,-0.14844452031732333,0.020673585962409504,0.00032272372543491724,0.0003239964897051988,0.0003422394225150394,1200,500,10,121.9180257320404
-7.98,-3.5,0.22,0.001,36,182757693,True,,60,-0.15,-0.1452550455947638,0.18207891004308777,-6.920504025069736,4.999999980748799,0.0001347234983772173,-0.1438099492653604,0.4108325955035025,-8.152528016688157,0.0010335154982689804,-114.33888509031506,-113.111163488176,-208.2060473695196,-209.84494872746362,1.2277216021390558,-1.6389013579440075,True,False,0.0003422394225150394,1.0334735063919507e-05,0.0301973834223185,0.0009873321749302747,0.14653308434408202,148.41315624544512,-8.912286040043034,-6.920504025069736,-1.9205040443209365,8.4999999807488,1.0594959749302646,-0.037921089956912235,-0.0008652765016227827,8.4999999807488,1.0594959749302646,0.037921089956912235,0.0008652765016227827,False,False,ictal_scale,low,low,low,-0.14570352721550311,0.020297279254882405,0.0003239274071583945,0.0003264440579094611,0.0003422394225150394,1200,500,10,122.52906894683838
-7.98,-3.5,0.22,0.001,37,1462459864,True,,60,-0.15,-0.15669060464745468,0.04773998902669382,-6.905746282472165,4.9934815575958265,0.00011640567501613151,-0.15721216136420665,0.2965947500119978,-9.497422041792916,0.0011742360689815572,-115.81494129724626,-115.3730437147116,-211.15815978338202,-214.3687091805348,0.44189758253466493,-3.210549397152789,True,False,0.0003422394225150394,1.0334735063919507e-05,0.0301973834223185,0.0010020110158955467,0.14774540472430642,147.44888267746146,-9.058429269421277,-6.905746282472165,-1.912264724876339,8.493481557595826,1.074253717527835,-0.17226001097330618,-0.0008835943249838685,8.493481557595826,1.074253717527835,0.17226001097330618,0.0008835943249838685,False,False,ictal_scale,low,low,low,-0.15272776968956456,0.015757171265105535,0.000326746732227378,0.0003272192111740681,0.0003422394225150394,1200,500,10,117.80145239830017
-7.98,-3.5,0.22,0.001,38,173385651,True,,60,-0.15,-0.15286725256357375,0.20286051496276442,-6.695025811176423,-4.96451717334473,0.0001212197302191213,-0.1474187660819712,0.485123429772327,-6.896718234632168,0.00028566812565512887,-114.28627180945918,-113.12638001280637,-208.10082080780785,-209.87538177672434,1.1598917966528148,-1.7745609689164894,True,False,0.0003422394225150394,1.0334735063919507e-05,0.0301973834223185,0.0012370499441352895,8.63624233638734e-06,0.006981320663188061,-9.0179057069912,-6.695025811176423,-11.659542984521153,-1.4645171733447304,1.2849741888235773,-0.017139485037235586,-0.0008787802697808787,1.4645171733447304,1.2849741888235773,0.017139485037235586,0.0008787802697808787,False,False,ictal_scale,low,low,low,-0.14943769900871878,0.014426976694005002,0.00032827081293092513,0.000330669786870356,0.0003422394225150394,1200,500,10,110.03360939025879
-7.98,-3.5,0.22,0.001,39,1471831906,True,,60,-0.15,-0.13995482775352816,0.22641586116082804,-6.701845413601246,-4.9999999782912,7.803119212893209e-05,-0.14498266650348926,0.3852534806477452,-6.993798338856928,0.00023339714403478116,-117.81507208651581,-117.48494850232528,-215.1584213619211,-218.59251875576217,0.330123584190531,-3.434097393841057,True,False,0.0003422394225150394,1.0334735063919507e-05,0.0301973834223185,0.0012286424557844896,8.278527927619007e-06,0.0067379471453582135,-9.45840191212414,-6.701845413601246,-11.701845391892446,-1.4999999782912,1.2781545863987542,0.00641586116082804,-0.0009219688078710679,1.4999999782912,1.2781545863987542,0.00641586116082804,0.0009219688078710679,False,False,ictal_scale,low,low,low,-0.1501920198781151,0.019243784659164553,0.0003245789911327567,0.0003274644838244079,0.0003422394225150394,1200,500,10,114.09328699111938
-7.98,-3.5,0.22,0.001,40,64674723,True,,60,-0.15,-0.1512525271970951,0.13552913817412612,-6.94195188963546,4.999999980748799,0.0001763792893837717,-0.1505364839991551,0.45492856559434997,-8.35956373894501,0.0010352017410056205,-114.96053325902714,-114.31671473359287,-209.44934370694378,-212.25605121829736,0.6438185254342699,-2.8067075113535793,True,False,0.0003422394225150394,1.0334735063919507e-05,0.0301973834223185,0.0009663814850630451,0.14342372633536699,148.41315624544512,-8.642873828405815,-6.94195188963546,-1.9419519088866606,8.4999999807488,1.0380481103645405,-0.08447086182587388,-0.0008236207106162284,8.4999999807488,1.0380481103645405,0.08447086182587388,0.0008236207106162284,False,False,ictal_scale,low,low,low,-0.1506594142322115,0.01854255245235092,0.0003255456632148522,0.000326901393873016,0.0003422394225150394,1200,500,10,119.09829711914062
-7.98,-3.5,0.22,0.001,41,1580542834,True,,60,-0.15,-0.1566981280871177,0.08709223696505286,-6.47821079744838,-4.9999999782912,0.00017030235871378908,-0.15839354693574442,0.42383648078341446,-7.422596222413226,0.0009433321196314743,-108.40720775832969,-108.3690338861237,-196.34269270554887,-200.360689523359,0.03817387220598789,-4.017996817810143,True,False,0.0003422394225150394,1.0334735063919507e-05,0.0301973834223185,0.0015365574338229388,1.035324277490621e-05,0.0067379471453582135,-8.677935120046337,-6.47821079744838,-11.47821077573958,-1.4999999782912,1.5017892025516204,-0.13290776303494714,-0.0008296976412862109,1.4999999782912,1.5017892025516204,0.13290776303494714,0.0008296976412862109,False,False,ictal_scale,low,low,low,-0.1499397452096806,0.017892912301187898,0.00032585935529627776,0.00032774845362080595,0.0003422394225150394,1200,500,10,116.87525534629822
-7.98,-3.5,0.22,0.001,42,978937854,True,,60,-0.15,-0.1506774005200423,-0.040748718603060015,-7.031455213600577,0.08141594733268498,7.883690698238105e-05,-0.1503020436482539,0.4102805632365567,-9.841081970797996,0.0008994183965976757,-123.26162446200894,-123.55651817594158,-226.05152611290737,-230.73565810299476,-0.2948937139326375,-4.684131990087394,False,False,0.0003422394225150394,1.0334735063919507e-05,0.0301973834223185,0.0008836449523651681,0.000958597512408286,1.084822031566524,-9.448129308027452,-7.031455213600577,-6.950039266267892,3.581415947332685,0.9485447863994239,-0.26074871860306004,-0.000921163093017619,3.581415947332685,0.9485447863994239,0.26074871860306004,0.000921163093017619,False,False,ictal_scale,low,low,low,-0.1526712388999849,0.018753624273774673,0.00032495488531959484,0.0003273079048360879,0.0003422394225150394,1200,500,10,77.69264721870422
-7.98,-3.5,0.22,0.001,43,1589914876,True,,60,-0.15,-0.1566180441303982,0.02767360874824915,-6.731855565512044,-4.9999999782912,0.00011775423083563834,-0.15538857502891645,0.5145588101229803,-10.106981672076747,0.0011168530144256424,-117.64349326490431,-117.89899256474583,-214.8152637186981,-219.42060688060326,-0.2554992998415173,-4.605343161905154,False,False,0.0003422394225150394,1.0334735063919507e-05,0.0301973834223185,0.0011923184791718443,8.033778893093775e-06,0.0067379471453582135,-9.046910895049642,-6.731855565512044,-11.731855543803244,-1.4999999782912,1.2481444344879566,-0.19232639125175086,-0.0008822457691643617,1.4999999782912,1.2481444344879566,0.19232639125175086,0.0008822457691643617,False,False,ictal_scale,low,low,low,-0.15025887439400082,0.018881946420270943,0.00032464912492492,0.0003282995228926606,0.0003422394225150394,1200,500,10,118.21516132354736
-7.98,-3.5,0.22,0.001,44,1087648782,True,,60,-0.15,-0.1530484444690225,0.049607046113811386,-6.92860140375035,3.191416312022544,0.0001118796118748565,-0.15054903754196286,0.07056023800856324,-6.508949151353807,4.894515862868821e-07,-116.4120435470822,-102.87325927908098,-212.3523642830539,-189.36914030927358,13.538784268001223,22.983223973780326,True,True,0.0003422394225150394,1.0334735063919507e-05,0.0301973834223185,0.0009793696537079687,0.023821062951369393,24.32285180695667,-9.098087158756513,-6.92860140375035,-3.737185091727806,6.691416312022544,1.0513985962496504,-0.1703929538861886,-0.0008881203881251435,6.691416312022544,1.0513985962496504,0.1703929538861886,0.0008881203881251435,False,False,ictal_scale,low,low,low,-0.15123851693485937,0.015466361375405852,0.0003278110784123167,0.0003299819488429067,0.0003422394225150394,1200,500,10,90.3751871585846
-7.98,-3.5,0.22,0.001,45,1698625804,True,,60,-0.15,-0.1630150950880001,0.295791143501781,-6.906584282035994,4.999871401755858,0.00010872529405024693,-0.16146147177492784,0.47472199463761644,-6.876318741716248,0.00023164965089113665,-115.04428179449042,-114.475539549292,-209.61684077787032,-212.5737008496956,0.5687422451984219,-2.9568600718252753,True,False,0.0003422394225150394,1.0334735063919507e-05,0.0301973834223185,0.0010011716828307636,0.14856794544751162,148.3940746580477,-9.12668609495218,-6.906584282035994,-1.9067128802801365,8.499871401755858,1.0734157179640063,0.07579114350178098,-0.0008912747059497531,8.499871401755858,1.0734157179640063,0.07579114350178098,0.0008912747059497531,False,False,ictal_scale,low,low,low,-0.15556717091909436,0.017454906221047412,0.00032612417394088503,0.00032735311833371106,0.0003422394225150394,1200,500,10,118.0986475944519
-7.98,-3.5,0.22,0.001,46,1097020824,True,,60,-0.15,-0.1544059305902318,0.09983609776258498,-6.687250753267852,-3.945401938285842,0.0001056698628626119,-0.15503055599506188,0.40392030013461516,-8.40802931065926,0.0010056718794650556,-116.21149588936316,-116.15958039977991,-211.95126896761582,-215.94178255067143,0.05191548958325143,-3.990513583055616,True,False,0.0003422394225150394,1.0334735063919507e-05,0.0301973834223185,0.0012467055669586548,2.411557425467108e-05,0.019343439937868544,-9.155190825301409,-6.687250753267852,-10.632652691553695,-0.44540193828584185,1.2927492467321482,-0.12016390223741502,-0.0008943301371373881,0.44540193828584185,1.2927492467321482,0.12016390223741502,0.0008943301371373881,False,False,ictal_scale,low,low,low,-0.1513490693942556,0.018498854100326798,0.0003259800402259854,0.00033057708431503545,0.0003422394225150394,1200,500,10,90.00159120559692
-7.98,-3.5,0.22,0.001,47,1707997846,True,,60,-0.15,-0.15253360418607326,0.024938698781285254,-6.8241195243491815,4.999999980748799,0.00014795606354614207,-0.15081941695509288,0.30636022896770365,-9.3059907405322,0.0013242322301583805,-111.4489318621044,-111.67968506590543,-202.4261409130983,-206.98199188292247,-0.23075320380102937,-4.555850969824178,False,False,0.0003422394225150394,1.0334735063919507e-05,0.0301973834223185,0.001087232802164845,0.1613596517428643,148.41315624544512,-8.818595196205639,-6.8241195243491815,-1.824119543600382,8.4999999807488,1.155880475650819,-0.19506130121871473,-0.000852043936453858,8.4999999807488,1.155880475650819,0.19506130121871473,0.000852043936453858,False,False,ictal_scale,low,low,low,-0.15165999115383186,0.011764524725842837,0.00033153206031250634,0.00033299923966277,0.0003422394225150394,1200,500,10,123.18761110305786
-7.98,-3.5,0.22,0.001,48,1205731752,True,,60,-0.15,-0.14311296237044574,0.15824428998318357,-6.812563032301014,1.0975701652326793,0.00011517667590079482,-0.1442722963784182,0.3378223299858545,-6.6080142381896545,3.729480147297962e-05,-115.62023465291877,-113.20689487829065,-210.76874649472703,-210.03641150769292,2.4133397746281133,0.7323349870341076,True,True,0.0003422394225150394,1.0334735063919507e-05,0.0301973834223185,0.001099870281213699,0.0032961740329546553,2.996875258159854,-9.069043296340453,-6.812563032301014,-5.714992867068335,4.597570165232679,1.1674369676989862,-0.06175571001681643,-0.0008848233240992052,4.597570165232679,1.1674369676989862,0.06175571001681643,0.0008848233240992052,False,False,ictal_scale,low,low,low,-0.14368189237474818,0.017508074148792047,0.00032628447520327585,0.00032970479327899143,0.0003422394225150394,1200,500,10,84.25053524971008
-7.98,-3.5,0.22,0.001,49,1444017989,True,,60,-0.15,-0.15051362359366685,0.0480187310862298,-6.885500443422576,-0.6098740446179854,0.00012129397939720177,-0.1499009027199515,0.3943096908021549,-8.371765151549564,0.0008339413602838775,-118.97171831596543,-119.43301725270369,-217.47171382082036,-222.488656256519,-0.4612989367382596,-5.016942435698638,False,False,0.0003422394225150394,1.0334735063919507e-05,0.0301973834223185,0.0010225043217329307,0.0005556485943695593,0.5434193113510281,-9.017293377234521,-6.885500443422576,-7.495374488040562,2.8901259553820147,1.094499556577424,-0.1719812689137702,-0.0008787060206027983,2.8901259553820147,1.094499556577424,0.1719812689137702,0.0008787060206027983,False,False,ictal_scale,low,low,low,-0.14928679343747983,0.017822014928871203,0.0003266347174561262,0.00032870675153506953,0.0003422394225150394,1200,500,10,71.4688024520874
-7.98,-3.5,0.22,0.001,50,1215103794,True,,60,-0.15,-0.14458430923936347,0.20704408980577327,-6.501356068737534,2.879241298424864,0.00016313382593148665,-0.1435260669786909,0.4539617988379848,-7.288886796835747,0.0010288398054189556,-104.43279685986518,-104.90089035119816,-188.39387090861985,-193.42440245350792,-0.4680934913329793,-5.030531544888078,False,False,0.0003422394225150394,1.0334735063919507e-05,0.0301973834223185,0.0015014018078185682,0.02672609713076153,17.80076258839243,-8.720939676023836,-6.501356068737534,-3.6221147703126704,6.379241298424864,1.4786439312624662,-0.012955910194226733,-0.0008368661740685134,6.379241298424864,1.4786439312624662,0.012955910194226733,0.0008368661740685134,False,False,ictal_scale,low,low,low,-0.14651942379264488,0.015907583182674163,0.0003280816061503279,0.0003311909999264574,0.0003422394225150394,1200,500,10,106.5196590423584
-7.98,-3.5,0.22,0.001,51,1434645947,True,,60,-0.15,-0.1517777938635469,-0.022896119766623077,-6.369255999779231,-4.9999999782912,0.00015495728890533493,-0.15364779583434915,0.11164304936366869,-10.982627567847098,0.0015338957916716542,-109.02813813832213,-108.82287110555212,-197.58455346553376,-201.26836396221586,0.2052670327700099,-3.6838104966820993,True,False,0.0003422394225150394,1.0334735063919507e-05,0.0301973834223185,0.0017134335463960433,1.154502467270022e-05,0.0067379471453582135,-8.772361034466858,-6.369255999779231,-11.36925597807043,-1.4999999782912,1.6107440002207696,-0.24289611976662306,-0.0008450427110946651,1.4999999782912,1.6107440002207696,0.24289611976662306,0.0008450427110946651,False,False,ictal_scale,low,low,low,-0.14846719217348714,0.016346144293413682,0.00032747274112323704,0.00033013506921470434,0.0003422394225150394,1200,500,10,122.21762728691101
-7.98,-3.5,0.22,0.001,52,1323814722,True,,60,-0.15,-0.14168000025243552,-0.15195012742448222,-6.467529375983905,-4.999098924479192,0.00012884095695822321,-0.14230591870305007,-0.15892861307191075,-16.867511201521353,0.001555110150048022,-108.61756620840546,-108.92552664403311,-196.76340960570042,-201.47367503917783,-0.3079604356276491,-4.710265433477417,False,False,0.0003422394225150394,1.0334735063919507e-05,0.0301973834223185,0.0015530580193493628,1.0473856105446458e-05,0.006744021134403183,-8.956931806035666,-6.467529375983905,-11.466628300463096,-1.499098924479192,1.5124706240160952,-0.3719501274244822,-0.0008711590430417768,1.499098924479192,1.5124706240160952,0.3719501274244822,0.0008711590430417768,False,False,ictal_scale,low,low,low,-0.14455937554842418,0.018917906411860978,0.0003247527002380297,0.0003266684474088918,0.0003422394225150394,1200,500,10,114.50011372566223
-7.98,-3.5,0.22,0.001,53,1325935019,True,,60,-0.15,-0.14832246308544805,-0.14846018064947963,-6.48635092626599,-4.9999999782912,0.00016533396120561137,-0.14900122833392704,0.21835280348929662,-14.575154905359692,0.0014917809968363754,-110.96070223467373,-110.14044009235135,-201.44968165823695,-203.90350193581432,0.8202621423223775,-2.453820277577364,True,False,0.0003422394225150394,1.0334735063919507e-05,0.0301973834223185,0.0015241004279772166,1.0269308127928318e-05,0.0067379471453582135,-8.707543122300082,-6.48635092626599,-11.48635090455719,-1.4999999782912,1.4936490737340105,-0.3684601806494796,-0.0008346660387943887,1.4999999782912,1.4936490737340105,0.3684601806494796,0.0008346660387943887,False,False,ictal_scale,low,low,low,-0.14587486924380427,0.017063778349504056,0.00032659112116334654,0.00032797444299049967,0.0003422394225150394,1200,500,10,128.42830395698547
-7.98,-3.5,0.22,0.001,54,319282538,True,,60,-0.15,-0.1505719244261852,0.11168903535355149,-6.751496060257012,-2.398281741906105,0.0001431596821343231,-0.15005220819076567,0.4938577765304015,-7.954736891391615,0.000897092186489566,-114.79099652961142,-115.40559949041578,-209.11027024811233,-214.43382073194317,-0.6146029608043619,-5.323550483830843,False,False,0.0003422394225150394,1.0334735063919507e-05,0.0301973834223185,0.0011691292240007768,0.00010624340717919305,0.0908739641419847,-8.851549892421504,-6.751496060257012,-9.149777802163117,1.1017182580938951,1.2285039397429882,-0.10831096464644852,-0.0008568403178656769,1.1017182580938951,1.2285039397429882,0.10831096464644852,0.0008568403178656769,False,False,ictal_scale,low,low,low,-0.1483675972833602,0.019942928856102212,0.000325319216263034,0.0003287719752670767,0.0003422394225150394,1200,500,10,102.260812997818
-7.98,-3.5,0.22,0.001,55,1316562977,True,,60,-0.15,-0.14710662140813727,-0.19379330465780395,-6.728509854175512,4.999999980748799,0.00016338955950815078,-0.14954521676588878,0.25319586602349037,-10.319549120784494,0.001614055846019013,-107.69465293804164,-107.24391882721082,-194.91758306497277,-198.11045940553325,0.4507341108308225,-3.192876340560474,True,False,0.0003422394225150394,1.0334735063919507e-05,0.0301973834223185,0.0011963143133508465,0.17754878310600158,148.41315624544512,-8.719373272878718,-6.728509854175512,-1.728509873426713,8.4999999807488,1.251490145824488,-0.41379330465780395,-0.0008366104404918493,8.4999999807488,1.251490145824488,0.41379330465780395,0.0008366104404918493,False,False,ictal_scale,low,low,low,-0.15129297782610238,0.020363997032276045,0.00032390766346673285,0.0003259659139373946,0.0003422394225150394,1200,500,10,122.1926212310791
-7.98,-3.5,0.22,0.001,56,1818829071,True,,60,-0.15,-0.1524438148112497,0.15720615819100986,-6.571277245656169,-4.9999999782912,0.0001557604596687266,-0.15330930582808502,0.4304504947341737,-8.02879885938524,0.0009287829281658011,-113.11661515460109,-113.17846087837832,-205.76150749809167,-209.97954350786824,-0.06184572377722475,-4.218036009776569,False,False,0.0003422394225150394,1.0334735063919507e-05,0.0301973834223185,0.0014000081154101778,9.43318068470634e-06,0.0067379471453582135,-8.767191245770077,-6.571277245656169,-11.57127722394737,-1.4999999782912,1.408722754343831,-0.06279384180899014,-0.0008442395403312734,1.4999999782912,1.408722754343831,0.06279384180899014,0.0008442395403312734,False,False,ictal_scale,low,low,low,-0.1535687199960731,0.0216105900070071,0.0003232304666591199,0.00032614015732192463,0.0003422394225150394,1200,500,10,121.71287894248962
-7.98,-3.5,0.22,0.001,57,1207852049,True,,60,-0.15,-0.1516204717486197,-0.04174952377230372,-6.555566737258632,-4.969554331262595,0.0002771503099930568,-0.1502956751058065,0.40555237268548505,-8.40988158790671,0.0014440569524589001,-106.69905836780462,-106.86863756017199,-192.92639392449874,-197.3598968714556,-0.1695791923673653,-4.43350294695685,False,False,0.0003422394225150394,1.0334735063919507e-05,0.0301973834223185,0.0014221766380768837,9.878784614272036e-06,0.0069462430683930165,-8.190950563596266,-6.555566737258632,-11.525121068521226,-1.4695543312625947,1.4244332627413687,-0.2617495237723037,-0.0007228496900069432,1.4695543312625947,1.4244332627413687,0.2617495237723037,0.0007228496900069432,False,False,ictal_scale,low,low,low,-0.15427685707854807,0.022698040062512,0.00032219171715698597,0.00032708266259712926,0.0003422394225150394,1200,500,10,108.885000705719
-7.98,-3.5,0.22,0.001,58,1710118143,True,,60,-0.15,-0.14508310599541652,0.0796408716250014,-6.692844456335051,-4.9999999782912,0.00011789710764362542,-0.14442993315523653,0.3395615060974075,-9.077607746959249,0.0010634415490496842,-116.85719961076283,-116.81112467074713,-213.24267641041516,-217.24487109260588,0.046074940015699895,-4.002194682190719,True,False,0.0003422394225150394,1.0334735063919507e-05,0.0301973834223185,0.0012397513342940285,8.353378963860485e-06,0.0067379471453582135,-9.045698283006642,-6.692844456335051,-11.69284443462625,-1.4999999782912,1.2871555436649498,-0.1403591283749986,-0.0008821028923563746,1.4999999782912,1.2871555436649498,0.1403591283749986,0.0008821028923563746,False,False,ictal_scale,low,low,low,-0.1478160393050668,0.02029649499618896,0.0003238877044779654,0.0003267151310844343,0.0003422394225150394,1200,500,10,108.75312614440918
-7.98,-3.5,0.22,0.001,59,949003640,True,,60,-0.15,-0.14634011858423404,0.14086865128680084,-6.613911112313076,-4.9999999782912,0.00016850856485874397,-0.1455127076389391,0.41857123422250575,-7.651265340374941,0.0008474977246313143,-112.40821655556246,-111.93537482661357,-204.3447103000144,-207.49337140433875,0.4728417289488931,-3.148661104324333,True,False,0.0003422394225150394,1.0334735063919507e-05,0.0301973834223185,0.0013415748253029747,9.039460264434622e-06,0.0067379471453582135,-8.68852397944144,-6.613911112313076,-11.613911090604276,-1.4999999782912,1.3660888876869244,-0.07913134871319916,-0.0008314914351412561,1.4999999782912,1.3660888876869244,0.07913134871319916,0.0008314914351412561,False,False,ictal_scale,low,low,low,-0.15085228181840052,0.021003674648766905,0.0003227550560480044,0.0003251133687016137,0.0003422394225150394,1200,500,10,115.52971005439758
-7.98,-3.5,0.22,0.001,60,1700746101,True,,60,-0.15,-0.15933899282663505,0.07789633683309297,-6.7731271435515605,-2.216094956269176,0.00014779936869615284,-0.15692123275738545,0.4168165930488209,-8.173604137942156,0.0009276394454320742,-114.56475486539132,-115.41272843145666,-208.65778691967213,-214.44807861402492,-0.8479735660653347,-5.7902916943527885,False,False,0.0003422394225150394,1.0334735063919507e-05,0.0301973834223185,0.0011441112507981418,0.00012474709629190493,0.10903406133352879,-8.81965482079791,-6.7731271435515605,-8.989222099820736,1.2839050437308241,1.20687285644844,-0.14210366316690703,-0.0008522006313038472,1.2839050437308241,1.20687285644844,0.14210366316690703,0.0008522006313038472,False,False,ictal_scale,low,low,low,-0.1515702312534399,0.018312478187200883,0.0003247646131445674,0.0003251839605889975,0.0003422394225150394,1200,500,10,88.75816702842712
-7.98,-3.5,0.22,0.001,61,2091955103,True,,60,-0.15,-0.1558077200779347,0.14172301433986934,-6.839367111844896,0.6000679000709683,9.920218023218767e-05,-0.15549324254461902,0.4447238400538302,-7.882479911671757,0.0007423027952269423,-116.44829068468985,-117.0551714211776,-212.4248585582692,-217.73296459346682,-0.6068807364877529,-5.308106035197625,False,False,0.0003422394225150394,1.0334735063919507e-05,0.0301973834223185,0.001070780869764768,0.001951222437540993,1.8222425265868294,-9.21835056576791,-6.839367111844896,-6.239299211773928,4.100067900070968,1.1406328881551042,-0.07827698566013067,-0.0009007978197678124,4.100067900070968,1.1406328881551042,0.07827698566013067,0.0009007978197678124,False,False,ictal_scale,low,low,low,-0.15323284348766203,0.02045731035147338,0.0003228847570572227,0.00032514020526477747,0.0003422394225150394,1200,500,10,84.05729937553406
-7.98,-3.5,0.22,0.001,62,1592035173,True,,60,-0.15,-0.1453973072531227,-0.23542977895463865,-7.048979934215966,-4.997199475221153,9.658652620282056e-05,-0.1454518259140779,0.20341266040321937,-18.09682903138846,0.0009130210271412769,-125.75289357580786,-124.81607562071365,-231.0340643405052,-233.2547729925389,0.9368179550942131,-2.220708652033693,True,False,0.0003422394225150394,1.0334735063919507e-05,0.0301973834223185,0.0008682942229429459,5.866927945371463e-06,0.00675684323395178,-9.245071306776149,-7.048979934215966,-12.04617940943712,-1.4971994752211533,0.9310200657840344,-0.45542977895463865,-0.0009034134737971795,1.4971994752211533,0.9310200657840344,0.45542977895463865,0.0009034134737971795,False,False,ictal_scale,low,low,low,-0.14711337466532315,0.01640085095952822,0.00032643156086787186,0.00032819527232296917,0.0003422394225150394,1200,500,10,99.67958545684814
-7.98,-3.5,0.22,0.001,63,2101327145,True,,60,-0.15,-0.15139817892516788,-0.07810626380427585,-6.735453588202055,-4.9999999782912,0.0001134962278495684,-0.15089426352686636,0.1995050439256548,-10.198851921051427,0.0011743624142792409,-117.70492791219267,-116.26842485713478,-214.93813301327484,-216.15947146538116,1.4365030550578979,-1.2213384521063233,True,False,0.0003422394225150394,1.0334735063919507e-05,0.0301973834223185,0.0011880361987209613,8.004925113754116e-06,0.0067379471453582135,-9.08374095640067,-6.735453588202055,-11.735453566493256,-1.4999999782912,1.2445464117979457,-0.29810626380427585,-0.0008865037721504317,1.4999999782912,1.2445464117979457,0.29810626380427585,0.0008865037721504317,False,False,ictal_scale,low,low,low,-0.1497647900554595,0.015857558238505178,0.00032813400121186264,0.000329843977910931,0.0003422394225150394,1200,500,10,130.16367197036743
-7.98,-3.5,0.22,0.001,64,1582663131,True,,60,-0.15,-0.1499865538128341,0.04704265301762542,-6.493177555736069,-4.678727513331887,0.0001723052267003898,-0.1505733146229342,0.40916199406119763,-8.321137635447716,0.0012307087343028378,-109.64344697619435,-110.1101220361963,-198.8151711412782,-203.8428658235042,-0.4666750600019469,-5.027694682226013,False,False,0.0003422394225150394,1.0334735063919507e-05,0.0301973834223185,0.0015137313921319373,1.4063819249979493e-05,0.009290828824109955,-8.666243080007199,-6.493177555736069,-11.171905069067956,-1.1787275133318866,1.4868224442639315,-0.17295734698237458,-0.0008276947732996102,1.1787275133318866,1.4868224442639315,0.17295734698237458,0.0008276947732996102,False,False,ictal_scale,low,low,low,-0.15248028632573368,0.019529324941418163,0.00032445970582022625,0.0003274314632430923,0.0003422394225150394,1200,500,10,98.67257761955261
-7.98,-3.5,0.22,0.001,65,62554426,True,,60,-0.15,-0.14769981489564318,0.27946040973795966,-6.973641678485893,4.878171810799642,0.00015155406196154717,-0.14983348125512283,0.46907916211705425,-6.960185579139615,0.00028475641291033943,-113.62352681083026,-113.48357659093024,-206.77533081055,-210.5897749329721,0.13995021990001533,-3.8144441224220884,True,False,0.0003422394225150394,1.0334735063919507e-05,0.0301973834223185,0.000936237215262999,0.12301243050666417,131.39023796667672,-8.794568152038078,-6.973641678485893,-2.0954698676862513,8.378171810799643,1.0063583215141074,0.05946040973795966,-0.0008484459380384529,8.378171810799643,1.0063583215141074,0.05946040973795966,0.0008484459380384529,False,False,ictal_scale,low,low,low,-0.1481575378890236,0.015558436671921536,0.00032765105988238327,0.000329042908189661,0.0003422394225150394,1200,500,10,103.11238741874695
-7.98,-3.5,0.22,0.001,66,1473952203,True,,60,-0.15,-0.15595730528897378,0.14606212434479307,-6.591798863013372,-4.9999999782912,0.000123083163733806,-0.15324430350618135,0.43525378944265924,-7.759220549212982,0.0007790492815791665,-114.13645619604497,-113.9740978360464,-207.80118958097944,-211.5708174232044,0.16235835999857784,-3.7696278422249634,True,False,0.0003422394225150394,1.0334735063919507e-05,0.0301973834223185,0.0013715704757528726,9.241569371756674e-06,0.0067379471453582135,-9.002650303146236,-6.591798863013372,-11.591798841304572,-1.4999999782912,1.3882011369866287,-0.07393787565520693,-0.000876916836266194,1.4999999782912,1.3882011369866287,0.07393787565520693,0.000876916836266194,False,False,ictal_scale,low,low,low,-0.14739353725616386,0.020338038959204777,0.00032330492775462975,0.000326780763255494,0.0003422394225150394,1200,500,10,117.6506896018982
-7.98,-3.5,0.22,0.001,67,2075557183,True,,60,-0.15,-0.15458887748252595,0.10704450062677046,-6.730300177974898,1.7998728422674115,9.405153088367542e-05,-0.15372247840796388,0.3947857350743904,-7.975408159155894,0.0009530834831660659,-111.88511061873514,-112.70037927243102,-203.29849842635977,-209.02338029597365,-0.8152686536958811,-5.724881869613881,False,False,0.0003422394225150394,1.0334735063919507e-05,0.0301973834223185,0.001194174439469249,0.007223415798226942,6.048878253864983,-9.271667725011321,-6.730300177974898,-4.930427335707487,5.299872842267412,1.2496998220251028,-0.11295549937322955,-0.0009059484691163246,5.299872842267412,1.2496998220251028,0.11295549937322955,0.0009059484691163246,False,False,ictal_scale,low,low,low,-0.14946933254951042,0.018289264515124016,0.0003264869420671064,0.0003293162797529288,0.0003422394225150394,1200,500,10,109.75609755516052
-7.98,-3.5,0.22,0.001,68,1717144021,True,,60,-0.15,-0.1468571705395739,-0.08710525072573891,-6.780925087073229,-4.997401825709586,0.0001319566387195162,-0.1475889210248943,-0.23037674743198405,-10.30188670859539,0.0010610572560683128,-118.84737318670552,-118.96012540198146,-217.22302356230054,-221.54287255507452,-0.1127522152759326,-4.319848992773984,False,False,0.0003422394225150394,1.0334735063919507e-05,0.0301973834223185,0.001135224231153931,7.668980186387499e-06,0.006755476121745703,-8.933037183893177,-6.780925087073229,-11.778326912782816,-1.497401825709586,1.199074912926771,-0.3071052507257389,-0.0008680433612804838,1.497401825709586,1.199074912926771,0.3071052507257389,0.0008680433612804838,False,False,ictal_scale,low,low,low,-0.14841214419968718,0.017425301485880396,0.0003258920477109721,0.00032743292363646007,0.0003422394225150394,1200,500,10,106.0696074962616
-7.98,-3.5,0.22,0.001,69,180637396,True,,60,-0.15,-0.15539270454503387,0.15482936448289733,-6.69031818483263,-4.51556364823802,0.00020332875981419175,-0.15606652988182787,0.4446109664063889,-7.534486339877578,0.0008250819220060851,-113.46457997846623,-113.12065599942714,-206.45743714582196,-209.8639337499659,0.34392397903909,-3.406496604143939,True,False,0.0003422394225150394,1.0334735063919507e-05,0.0301973834223185,0.0012428872421695013,1.3594002799945308e-05,0.010937438521145738,-8.500686382435081,-6.69031818483263,-11.205881833070649,-1.01556364823802,1.2896818151673708,-0.06517063551710267,-0.0007966712401858083,1.01556364823802,1.2896818151673708,0.06517063551710267,0.0007966712401858083,False,False,ictal_scale,low,low,low,-0.15507371296018155,0.016581256943382135,0.000326038805960948,0.0003290389936795147,0.0003422394225150394,1200,500,10,98.28105735778809
-7.98,-3.5,0.22,0.001,70,1825854949,True,,60,-0.15,-0.1583116570082322,0.06165297778714447,-6.46545880302365,-4.668331607869717,0.00013073165675898433,-0.1574156014551001,0.4884528261960814,-8.3430910368915,0.0011276641841405325,-110.84648833513918,-111.13332071954657,-201.22125385916786,-205.88926319020476,-0.2868323844073899,-4.668009331036899,False,False,0.0003422394225150394,1.0334735063919507e-05,0.0301973834223185,0.001556277070780281,1.4610203391729988e-05,0.009387919198992487,-8.942363757335459,-6.46545880302365,-11.133790410893367,-1.1683316078697166,1.5145411969763503,-0.15834702221285551,-0.0008692683432410157,1.1683316078697166,1.5145411969763503,0.15834702221285551,0.0008692683432410157,False,False,ictal_scale,low,low,low,-0.15162657671645474,0.01850496314898239,0.0003245423792938592,0.0003257868463261783,0.0003422394225150394,1200,500,10,110.84658861160278
-7.98,-3.5,0.22,0.001,71,1957474213,True,,60,-0.15,-0.15365577967429012,0.07524077264567916,-6.365287214036817,-3.710406231748019,0.0001434688648617274,-0.15395970829114336,0.3867101108934441,-7.854959406018628,0.0012452664491106526,-106.81470032114609,-107.06212309121906,-193.15767783118167,-197.74686793354974,-0.24742277007297275,-4.589190102368065,False,False,0.0003422394225150394,1.0334735063919507e-05,0.0301973834223185,0.0017202473092642382,4.209029165932851e-05,0.024467581744005647,-8.849392515910596,-6.365287214036817,-10.075693445784836,-0.21040623174801887,1.6147127859631834,-0.14475922735432084,-0.0008565311351382726,0.21040623174801887,1.6147127859631834,0.14475922735432084,0.0008565311351382726,False,False,ictal_scale,low,low,low,-0.15186331924874216,0.019575157640420473,0.00032437986087536814,0.00032807472956320995,0.0003422394225150394,1200,500,10,103.07252955436707
-7.98,-3.5,0.22,0.001,72,1835226991,True,,60,-0.15,-0.1535006919289607,-0.12012476595670114,-6.991928258075827,4.988972990570989,0.00011257739435093287,-0.15278083801951736,-0.29505929784852264,-16.385302973351653,0.0011700691091338033,-117.69914048614233,-117.30031548150271,-214.92655816117414,-218.22325271411702,0.3988250046396189,-3.2966945529428813,True,False,0.0003422394225150394,1.0334735063919507e-05,0.0301973834223185,0.0009192722274644458,0.13493592167258742,146.78559586725498,-9.09186962306271,-6.991928258075827,-2.002955267504838,8.48897299057099,0.9880717419241734,-0.34012476595670116,-0.0008874226056490672,8.48897299057099,0.9880717419241734,0.34012476595670116,0.0008874226056490672,False,False,ictal_scale,low,low,low,-0.15130159988094163,0.017782482345210068,0.0003257768516670805,0.0003275934916734153,0.0003422394225150394,1200,500,10,110.77318739891052
-7.98,-3.5,0.22,0.001,73,814522750,True,,60,-0.15,-0.14689321226712998,-0.008207218005340688,-7.196288753746724,4.999999980748799,9.616582599014785e-05,-0.14734767631691695,-0.03745425639943049,-7.024458361512336,6.342577352257417e-05,-123.869647007687,-123.39335601790683,-227.2675712042635,-230.40933378692526,0.4762909897801819,-3.1417625826617552,True,False,0.0003422394225150394,1.0334735063919507e-05,0.0301973834223185,0.0007493617200204777,0.11121513803775468,148.41315624544512,-9.249436502592653,-7.196288753746724,-2.1962887729979244,8.4999999807488,0.7837112462532767,-0.2282072180053407,-0.0009038341740098522,8.4999999807488,0.7837112462532767,0.2282072180053407,0.0009038341740098522,False,False,ictal_scale,low,low,low,-0.14969976943063687,0.014355116399019608,0.0003287069195223929,0.0003307081150562335,0.0003422394225150394,1200,500,10,106.21182608604431
-7.98,-3.5,0.22,0.001,74,1943937919,True,,60,-0.15,-0.14735021281578722,0.12717581699933636,-6.76277660775329,4.999999980748799,0.00013823697976211345,-0.14690732364040981,0.3799922030272862,-7.833649556078129,0.001054792065537613,-110.81901020098296,-110.22539545563461,-201.1662975908554,-204.07341266238083,0.5936147453483471,-2.907115071525425,True,False,0.0003422394225150394,1.0334735063919507e-05,0.0301973834223185,0.0011560149136275325,0.17156782199826773,148.41315624544512,-8.886541100932833,-6.76277660775329,-1.7627766270044907,8.4999999807488,1.2172233922467104,-0.09282418300066364,-0.0008617630202378865,8.4999999807488,1.2172233922467104,0.09282418300066364,0.0008617630202378865,False,False,ictal_scale,low,low,low,-0.1493581912760821,0.018437444052356013,0.0003254199989731787,0.0003280909270912117,0.0003422394225150394,1200,500,10,115.96671557426453
-7.98,-3.5,0.22,0.001,75,705811822,True,,60,-0.15,-0.148806211332689,-0.18460339917491253,-6.843492167152326,4.9999993000168805,0.0001729218927223157,-0.14845806482272011,0.16165418900939088,-12.593567608579164,0.0015471315047205566,-109.80783073410699,-108.97493811579082,-199.14393865710346,-201.57249798269325,0.8328926183161656,-2.428559325589788,True,False,0.0003422394225150394,1.0334735063919507e-05,0.0301973834223185,0.0010663729371881618,0.15826366560765548,148.4130552159069,-8.662670552571752,-6.843492167152326,-1.8434928671354456,8.499999300016881,1.1365078328476743,-0.4046033991749125,-0.0008270781072776843,8.499999300016881,1.1365078328476743,0.4046033991749125,0.0008270781072776843,False,False,ictal_scale,low,low,low,-0.14812709004875796,0.020358006235056268,0.00032429511773700585,0.00032669718810643194,0.0003422394225150394,1200,500,10,120.23339319229126
-7.98,-3.5,0.22,0.001,76,1953309961,True,,60,-0.15,-0.14860602048926624,-0.06934991088609246,-6.386039332748482,-4.999999941238124,0.0001492159492995809,-0.1465844186506819,-0.11677045482379585,-14.63514819831829,0.001617870115976243,-108.30308049745793,-107.78198628038118,-196.13443818380534,-199.18659431187396,0.521094217076751,-3.052156128068617,True,False,0.0003422394225150394,1.0334735063919507e-05,0.0301973834223185,0.0016849163964675396,1.1352878044404753e-05,0.006737947395019887,-8.810115977117125,-6.386039332748482,-11.386039273986606,-1.4999999412381237,1.593960667251518,-0.28934991088609247,-0.0008507840507004192,1.4999999412381237,1.593960667251518,0.28934991088609247,0.0008507840507004192,False,False,ictal_scale,low,low,low,-0.14853622158583255,0.01820945511945332,0.00032511440395439483,0.0003273697043108877,0.0003422394225150394,1200,500,10,116.96254229545593
-7.98,-3.5,0.22,0.001,77,696439780,True,,60,-0.15,-0.1524705863124998,0.13011853537850485,-6.969558153621194,4.999999980748799,0.00011140131425676337,-0.1528696161498613,0.4369712660677337,-7.896096103881828,0.0007868034984794545,-116.72802148300768,-116.47539431030998,-212.98432015490485,-216.57341037173157,0.2526271726977001,-3.589090216826719,True,False,0.0003422394225150394,1.0334735063919507e-05,0.0301973834223185,0.000940068179806768,0.13951848565103306,148.41315624544512,-9.102371432903668,-6.969558153621194,-1.9695581728723948,8.4999999807488,1.0104418463788063,-0.08988146462149516,-0.0008885986857432367,8.4999999807488,1.0104418463788063,0.08988146462149516,0.0008885986857432367,False,False,ictal_scale,low,low,low,-0.1501810546517753,0.018606534654873327,0.00032591128087538124,0.00032965985641580665,0.0003422394225150394,1200,500,10,124.04791355133057
-7.98,-3.5,0.22,0.001,78,2062020889,True,,60,-0.15,-0.15091985875157893,0.23473778287363686,-6.426934242498358,-4.150164146869767,0.00014956268376603392,-0.15237345424791374,0.46159901420160476,-6.949987405615743,0.0005454436217103283,-107.57624407299299,-106.85956674925788,-194.68076533487547,-197.34175524962737,0.7166773237351123,-2.6609899147518945,True,False,0.0003422394225150394,1.0334735063919507e-05,0.0301973834223185,0.0016174018030853082,2.5493210672993334e-05,0.01576182901760293,-8.807794963605863,-6.426934242498358,-10.577098389368125,-0.6501641468697672,1.553065757501642,0.014737782873636862,-0.0008504373162339661,0.6501641468697672,1.553065757501642,0.014737782873636862,0.0008504373162339661,False,False,ictal_scale,low,low,low,-0.14857498851949763,0.018725629679126526,0.00032616923358870823,0.00033123820110120923,0.0003422394225150394,1200,500,10,110.41176414489746
-7.98,-3.5,0.22,0.001,79,587728852,True,,60,-0.15,-0.1539241519800014,-0.03431712682340496,-6.637894312871732,-4.9999999782912,0.00010224954353994374,-0.154017832315203,0.3892224649963995,-9.307373913609416,0.0011486879310742644,-115.46065808518577,-115.08361178121251,-210.44959335926103,-213.78984531353663,0.377046303973259,-3.340251954275601,True,False,0.0003422394225150394,1.0334735063919507e-05,0.0301973834223185,0.0013097823339409268,8.825244138017878e-06,0.0067379471453582135,-9.188094227208357,-6.637894312871732,-11.637894291162933,-1.4999999782912,1.3421056871282682,-0.25431712682340496,-0.0008977504564600563,1.4999999782912,1.3421056871282682,0.25431712682340496,0.0008977504564600563,False,False,ictal_scale,low,low,low,-0.14704151045524852,0.019619278504915193,0.00032491612737612974,0.0003285071652421174,0.0003422394225150394,1200,500,10,120.03648376464844
-7.98,-3.5,0.22,0.001,80,1189333832,True,,60,-0.15,-0.1488547910778063,0.19637070483770458,-6.606853863877871,-4.9989660397961035,0.00017565123083979224,-0.14936496220029624,0.4331046053065337,-7.600837009473517,0.0007422420202827819,-113.42427726797254,-113.77400114089987,-206.37683172483457,-211.17062403291135,-0.34972387292732776,-4.793792308076775,False,False,0.0003422394225150394,1.0334735063919507e-05,0.0301973834223185,0.0013510761392719394,9.112896921401479e-06,0.006744917371061113,-8.647010171934022,-6.606853863877871,-11.605819903673975,-1.4989660397961035,1.3731461361221298,-0.02362929516229542,-0.0008243487691602078,1.4989660397961035,1.3731461361221298,0.02362929516229542,0.0008243487691602078,False,False,ictal_scale,low,low,low,-0.14746624188654736,0.02257514874889193,0.0003218054339400959,0.00032473611650215135,0.0003422394225150394,1200,500,10,115.14908909797668
-7.98,-3.5,0.22,0.001,81,1569126837,True,,60,-0.15,-0.1521269761584574,0.016350907249282884,-6.67914822830919,-4.936121229597866,0.00014621690183146558,-0.15200248171441683,0.34045507866545976,-9.355320259700507,0.001140548196025161,-115.79605489684802,-115.88406888819782,-211.12038698258553,-215.39075952750724,-0.08801399134979704,-4.270372544921713,False,False,0.0003422394225150394,1.0334735063919507e-05,0.0301973834223185,0.001256848064361594,9.027189693034889e-06,0.00718240330633773,-8.830419409728275,-6.67914822830919,-11.615269457907056,-1.436121229597866,1.3008517716908106,-0.20364909275071713,-0.0008537830981685344,1.436121229597866,1.3008517716908106,0.20364909275071713,0.0008537830981685344,False,False,ictal_scale,low,low,low,-0.15191020292976204,0.01633736146143134,0.00032730258417723433,0.000328807138899556,0.0003422394225150394,1200,500,10,87.55671429634094
-7.98,-3.5,0.22,0.001,82,1080622904,True,,60,-0.15,-0.15946059220550468,0.18955039961984982,-6.784035514417574,-4.9999999782912,0.0001264069580103054,-0.15828772852149053,0.4875923144069925,-8.153297279544411,0.0008191732730182742,-118.18227197604627,-118.47897900549133,-215.89282114098202,-220.58057976209426,-0.29670702944505933,-4.687758621112238,False,False,0.0003422394225150394,1.0334735063919507e-05,0.0301973834223185,0.001131698684484171,7.625325920525757e-06,0.0067379471453582135,-8.976004030216693,-6.784035514417574,-11.784035492708774,-1.4999999782912,1.1959644855824267,-0.030449600380150182,-0.0008735930419896946,1.4999999782912,1.1959644855824267,0.030449600380150182,0.0008735930419896946,False,False,ictal_scale,low,low,low,-0.15524825016144428,0.019748083218948616,0.000323666711883233,0.00032545245250150973,0.0003422394225150394,1200,500,10,113.07418417930603
-7.98,-3.5,0.22,0.001,83,469645882,True,,60,-0.15,-0.1433367216580637,0.06046619679287735,-6.791617635809446,-4.9999999782912,0.00012205352256191294,-0.14403074111961253,0.5018489989687175,-8.281973527584293,0.0008337578411163172,-118.27250393143046,-117.98648331518064,-216.07328505175042,-219.59558838147288,0.28602061624982866,-3.5223033297224617,True,False,0.0003422394225150394,1.0334735063919507e-05,0.0301973834223185,0.0011231504554864412,7.567728405352643e-06,0.0067379471453582135,-9.011050899912028,-6.791617635809446,-11.791617614100646,-1.4999999782912,1.188382364190554,-0.15953380320712265,-0.0008779464774380871,1.4999999782912,1.188382364190554,0.15953380320712265,0.0008779464774380871,False,False,ictal_scale,low,low,low,-0.14590697253233975,0.015591802096687108,0.000327464155957638,0.00033005342726685966,0.0003422394225150394,1200,500,10,126.75265669822693
-7.98,-3.5,0.22,0.001,84,1071250862,True,,60,-0.15,-0.14499331409637448,0.2059659905310619,-7.000504717247411,-4.9999999782912,9.48680407842144e-05,-0.14323984599804876,0.44268245395896455,-7.104160189121955,7.952120568562124e-05,-125.14115831944446,-123.21520114593447,-229.8105938277784,-230.05302404298055,1.9259571735099854,-0.24243021520214825,True,False,0.0003422394225150394,1.0334735063919507e-05,0.0301973834223185,0.0009114218391255378,6.14111217915305e-06,0.0067379471453582135,-9.263023676356857,-7.000504717247411,-12.000504695538611,-1.4999999782912,0.9794952827525893,-0.014034009468938097,-0.0009051319592157856,1.4999999782912,0.9794952827525893,0.014034009468938097,0.0009051319592157856,False,False,ictal_scale,low,low,low,-0.1452867944071591,0.014123634576267618,0.0003290127153882706,0.0003326050550786024,0.0003422394225150394,1200,500,10,125.17910432815552
-7.98,-3.5,0.22,0.001,85,1687209807,True,,60,-0.15,-0.15459287490803625,0.24718190620926042,-6.705037612527433,-2.598052968619247,9.783519569174224e-05,-0.15548942238268848,0.4543150466194733,-7.447060291911544,0.0005575282113619272,-116.59089310988773,-116.49756327434679,-212.71006340866495,-216.61774829980519,0.09332983554094199,-3.907684891140235,True,False,0.0003422394225150394,1.0334735063919507e-05,0.0301973834223185,0.0012247266380163292,9.11421136505952e-05,0.07441833207630454,-9.232226171513979,-6.705037612527433,-9.30309058114668,0.9019470313807529,1.2749623874725673,0.02718190620926042,-0.0009021648043082578,0.9019470313807529,1.2749623874725673,0.02718190620926042,0.0009021648043082578,False,False,ictal_scale,low,low,low,-0.15176287499203822,0.017534621415320983,0.0003262612971676401,0.00032654545166590544,0.0003422394225150394,1200,500,10,86.49485063552856
-7.98,-3.5,0.22,0.001,86,962539934,True,,60,-0.15,-0.15331182454272876,0.1363152763702007,-6.529138484005744,-4.9999999782912,0.00013824832580202945,-0.1520914053458098,0.4265072795278553,-7.821287937589091,0.0010220390633607272,-112.2822341577732,-111.43593543905395,-204.0927455044359,-206.4944926292195,0.8462987187192539,-2.4017471247836113,True,False,0.0003422394225150394,1.0334735063919507e-05,0.0301973834223185,0.0014602633482619111,9.83917725889257e-06,0.0067379471453582135,-8.886459027566227,-6.529138484005744,-11.529138462296944,-1.4999999782912,1.4508615159942568,-0.08368472362979931,-0.0008617516741979706,1.4999999782912,1.4508615159942568,0.08368472362979931,0.0008617516741979706,False,False,ictal_scale,low,low,low,-0.15394899800124381,0.021100097635966965,0.0003236288230124987,0.00032493814171098874,0.0003422394225150394,1200,500,10,117.72819972038269
-7.98,-3.5,0.22,0.001,87,682677623,True,,60,-0.15,-0.1515302085620729,-0.06821859406392183,-6.683553281882267,-4.9999999782912,0.00011551032396408699,-0.1506476741217022,-0.1340298546658041,-16.39003620723595,0.0012394952883641513,-115.74246693201253,-115.60013513198132,-211.01321105291456,-214.82289201507425,0.14233180003121504,-3.809680962159689,True,False,0.0003422394225150394,1.0334735063919507e-05,0.0301973834223185,0.0012513237576713553,8.43135334092062e-06,0.0067379471453582135,-9.066150647026575,-6.683553281882267,-11.683553260173467,-1.4999999782912,1.2964467181177337,-0.2882185940639218,-0.000884489676035913,1.4999999782912,1.2964467181177337,0.2882185940639218,0.000884489676035913,False,False,ictal_scale,low,low,low,-0.1500252719538062,0.01752656602053066,0.00032663507108321736,0.000329732025047353,0.0003422394225150394,1200,500,10,106.19991660118103
-7.98,-3.5,0.22,0.001,88,953167892,True,,60,-0.15,-0.1580530702201133,0.040709835964904975,-6.69228931315835,-4.9999999782912,0.00015524688155337018,-0.15944111378248982,-0.3460993056413074,-12.071518973048196,0.0012481935586259713,-115.87936371450512,-115.4412415010468,-211.28700461789973,-214.50510475320522,0.43812221345831404,-3.218100135305491,True,False,0.0003422394225150394,1.0334735063919507e-05,0.0301973834223185,0.0012404397648591529,8.358017572621544e-06,0.0067379471453582135,-8.770493923965176,-6.69228931315835,-11.69228929144955,-1.4999999782912,1.2877106868416508,-0.179290164035095,-0.0008447531184466298,1.4999999782912,1.2877106868416508,0.179290164035095,0.0008447531184466298,False,False,ictal_scale,low,low,low,-0.1554744376902715,0.01935757477688376,0.00032381370237416566,0.0003271451542246807,0.0003422394225150394,1200,500,10,113.9520263671875
-7.98,-3.5,0.22,0.001,89,1455433986,True,,60,-0.15,-0.15018401263749734,0.035938426144981606,-6.629457379533092,-0.8163008362138318,0.0001651933747698612,-0.15121669403788562,0.46115173255681696,-8.64594472961431,0.0012788306387953358,-110.49045910832243,-110.66872708475664,-200.50919540553434,-204.9600759206249,-0.17826797643421344,-4.450880515090546,False,False,0.0003422394225150394,1.0334735063919507e-05,0.0301973834223185,0.0013208796279182012,0.0005839132003343854,0.4420639004438832,-8.708393801980256,-6.629457379533092,-7.445758215746924,2.6836991637861685,1.350542620466908,-0.1840615738550184,-0.0008348066252301388,2.6836991637861685,1.350542620466908,0.1840615738550184,0.0008348066252301388,False,False,ictal_scale,low,low,low,-0.15445671389617574,0.019295674157416315,0.00032430600018014605,0.0003264996458283957,0.0003422394225150394,1200,500,10,100.13727259635925
-7.98,-3.5,0.22,0.001,90,844456964,True,,60,-0.15,-0.15548098214925046,0.0840716237165234,-6.613958894389403,-4.9999999782912,0.00016340668335053078,-0.1556641857432927,0.4843448942307374,-8.91936222059327,0.0012341930228367405,-113.32424588603624,-112.62233404193118,-206.17676896096197,-208.86728983497397,0.7019118441050551,-2.690520874012009,True,False,0.0003422394225150394,1.0334735063919507e-05,0.0301973834223185,0.0013415107236037424,9.039028350573275e-06,0.0067379471453582135,-8.719268474596792,-6.613958894389403,-11.613958872680602,-1.4999999782912,1.3660411056105977,-0.1359283762834766,-0.0008365933166494693,1.4999999782912,1.3660411056105977,0.1359283762834766,0.0008365933166494693,False,False,ictal_scale,low,low,low,-0.15734274524720496,0.019549861940611393,0.00032340783599741355,0.0003279923488953122,0.0003422394225150394,1200,500,10,122.95379829406738
-7.98,-3.5,0.22,0.001,91,800760593,True,,60,-0.15,-0.14675772415389232,0.035363037315928214,-6.340950477754347,0.5232635003212881,0.00017862031048901286,-0.14831699906200657,0.41827368343163485,-7.884448973465773,0.0016841714263393923,-101.3554293840597,-101.18858050320884,-182.2391359570089,-185.9997827575293,0.16684888085086413,-3.760646800520391,True,False,0.0003422394225150394,1.0334735063919507e-05,0.0301973834223185,0.0017626261034961919,0.00297447722702741,1.6875259143884767,-8.63024817544438,-6.340950477754347,-5.817686977433058,4.023263500321288,1.6390495222456538,-0.1846369626840718,-0.0008213796895109872,4.023263500321288,1.6390495222456538,0.1846369626840718,0.0008213796895109872,False,False,ictal_scale,low,low,low,-0.1480305007084774,0.019180394455322262,0.00032459667228368165,0.0003270023428083954,0.0003422394225150394,1200,500,10,92.34886336326599
-7.98,-3.5,0.22,0.001,92,835084922,True,,60,-0.15,-0.15142489648236807,0.018096472440676394,-6.421133999953625,-4.991584006710424,0.00018887868414451393,-0.15260996085146628,0.23921402848182977,-11.108020743153652,0.0016094570210399893,-107.96961037392464,-107.91680656349747,-195.46749793673877,-199.45623487810656,0.05280381042716442,-3.9887369413677902,True,False,0.0003422394225150394,1.0334735063919507e-05,0.0301973834223185,0.0016268103854878769,1.1054002187466926e-05,0.006794892807468681,-8.574405631832875,-6.421133999953625,-11.412718006664049,-1.4915840067104238,1.5588660000463754,-0.20190352755932361,-0.0008111213158554861,1.4915840067104238,1.5588660000463754,0.20190352755932361,0.0008111213158554861,False,False,ictal_scale,low,low,low,-0.15420372358075665,0.017654015288532186,0.00032501236645835006,0.00032496545609320376,0.0003422394225150394,1200,500,10,125.98692750930786
-7.98,-3.5,0.22,0.001,93,1337351016,True,,60,-0.15,-0.1492799870444943,0.19086382204638178,-7.141254426901052,4.999999980748799,0.00014373716664410038,-0.1500187169513637,0.4106467239041451,-8.031362626543409,0.0006276590294220831,-121.36289136277915,-121.44789688382116,-222.2540599144478,-226.51841551875393,-0.08500552104200665,-4.264355604306132,False,False,0.0003422394225150394,1.0334735063919507e-05,0.0301973834223185,0.0007917582703822059,0.11750734389085771,148.41315624544512,-8.847524157791412,-7.141254426901052,-2.141254446152253,8.4999999807488,0.8387455730989481,-0.029136177953618225,-0.0008562628333558997,8.4999999807488,0.8387455730989481,0.029136177953618225,0.0008562628333558997,False,False,ictal_scale,low,low,low,-0.15300959736888795,0.01772670386304793,0.000326163921471159,0.00032786573489332815,0.0003422394225150394,1200,500,10,117.48302507400513
-7.98,-3.5,0.22,0.001,94,307866541,True,,60,-0.15,-0.15242473865126477,-0.08996015976195172,-6.816632809397345,4.470987427993921,0.00014136155014022323,-0.15093192810209816,0.3094914013621528,-14.17478051845547,0.0014518797506899656,-110.94586163253936,-110.87180585593907,-201.4200004539682,-205.36623346298975,0.07405577660028939,-3.9462330090215403,True,False,0.0003422394225150394,1.0334735063919507e-05,0.0301973834223185,0.0010954031506129702,0.095785364085382,87.44302408823822,-8.864189764108719,-6.816632809397345,-2.3456453814034237,7.970987427993921,1.1633671906026555,-0.30996015976195174,-0.0008586384498597768,7.970987427993921,1.1633671906026555,0.30996015976195174,0.0008586384498597768,False,False,ictal_scale,low,low,low,-0.15054871074274098,0.018705803780035585,0.00032528080855260107,0.0003288293090611135,0.0003422394225150394,1200,500,10,123.09562039375305
-7.98,-3.5,0.22,0.001,95,918843563,True,,60,-0.15,-0.15612780479930582,0.22765917036237304,-6.967031145048673,1.4078876238588622,7.771563905345418e-05,-0.15586873312252963,0.4713872352591608,-6.9810525647974995,0.00017129701875735417,-120.57919459777096,-119.6645439193949,-220.68666638443142,-222.9517095899014,0.9146506783760628,-2.2650432054699934,True,False,0.0003422394225150394,1.0334735063919507e-05,0.0301973834223185,0.0009424467442164734,0.0038520742050897694,4.087312337518115,-9.4624540460245,-6.967031145048673,-5.559143521189811,4.907887623858862,1.0129688549513274,0.007659170362373041,-0.0009222843609465459,4.907887623858862,1.0129688549513274,0.007659170362373041,0.0009222843609465459,False,False,ictal_scale,low,low,low,-0.15485952400028538,0.016068440332776778,0.00032641961209682764,0.0003286392456892761,0.0003422394225150394,1200,500,10,85.84229612350464
-7.98,-3.5,0.22,0.001,96,317238583,True,,60,-0.15,-0.1473277816728497,0.06824567170172344,-6.786914099413791,-4.9999999782912,9.337601329958414e-05,-0.14515670307603734,0.4363916132923786,-8.496572377433669,0.0008860151055957019,-119.61296394199721,-119.70660890508736,-218.7542050728839,-223.03583956128634,-0.09364496309015635,-4.281634488402432,False,False,0.0003422394225150394,1.0334735063919507e-05,0.0301973834223185,0.0011284456779050102,7.60340733413187e-06,0.0067379471453582135,-9.27887606263353,-6.786914099413791,-11.786914077704992,-1.4999999782912,1.1930859005862091,-0.15175432829827656,-0.0009066239867004159,1.4999999782912,1.1930859005862091,0.15175432829827656,0.0009066239867004159,False,False,ictal_scale,low,low,low,-0.14606154907742794,0.01584554454247884,0.0003275697918674618,0.00033039336375865786,0.0003422394225150394,1200,500,10,119.3929660320282
-7.98,-3.5,0.22,0.001,97,1219268046,True,,60,-0.15,-0.15800546985205025,0.13374150707150392,-6.928257216015187,-4.9999999782912,7.357272214133721e-05,-0.15819950171783784,0.4865426329961718,-8.529727134972518,0.0007505466309390067,-123.32431992417366,-123.30368790248856,-226.17691703723682,-230.22999755608873,0.020632021685102586,-4.053080518851914,True,False,0.0003422394225150394,1.0334735063919507e-05,0.0301973834223185,0.000979706798748231,6.601212627913682e-06,0.0067379471453582135,-9.517236224006808,-6.928257216015187,-11.928257194306386,-1.4999999782912,1.051742783984813,-0.08625849292849608,-0.0009264272778586628,1.4999999782912,1.051742783984813,0.08625849292849608,0.0009264272778586628,False,False,ictal_scale,low,low,low,-0.14938245763707092,0.018898881715741084,0.00032469327910590964,0.0003267239636101034,0.0003422394225150394,1200,500,10,128.44438982009888
-7.98,-3.5,0.22,0.001,98,425949511,True,,60,-0.15,-0.14824127675758,-0.1286061537403456,-6.562002820653204,-4.9999999782912,8.821202150457082e-05,-0.14928791811444853,-0.3793342430191834,-8.532277206038987,0.0012804682581987962,-112.75633730149957,-112.51643242181595,-205.04095179188863,-208.6554865947435,0.23990487968362117,-3.6145348028548767,True,False,0.0003422394225150394,1.0334735063919507e-05,0.0301973834223185,0.001413052783073145,9.521074965948175e-06,0.0067379471453582135,-9.335767306001525,-6.562002820653204,-11.562002798944404,-1.4999999782912,1.4179971793467967,-0.3486061537403456,-0.0009117879784954292,1.4999999782912,1.4179971793467967,0.3486061537403456,0.0009117879784954292,False,False,ictal_scale,low,low,low,-0.15032667554749865,0.01745084589922002,0.0003266293628046788,0.0003307246065378562,0.0003422394225150394,1200,500,10,119.25845456123352
-7.98,-3.5,0.22,0.001,99,76316583,True,,60,-0.15,-0.14640298516983188,0.06009147673827807,-6.566776962807416,-0.5801068778734422,0.00011036257280054275,-0.14809936076170008,0.3907617999133428,-8.047218238036336,0.0011694010941379806,-110.01520337387278,-110.99938906684304,-199.55868393663505,-205.62139988479768,-0.9841856929702573,-6.062715948162634,False,False,0.0003422394225150394,1.0334735063919507e-05,0.0301973834223185,0.0014063227460748369,0.000787313657484773,0.5598385290163518,-9.11173949608752,-6.566776962807416,-7.146883840680858,2.919893122126558,1.4132230371925845,-0.15990852326172195,-0.0008896374271994572,2.919893122126558,1.4132230371925845,0.15990852326172195,0.0008896374271994572,False,False,ictal_scale,low,low,low,-0.1501639176980897,0.019371403836282566,0.0003239465875429543,0.0003250574520144192,0.0003422394225150394,1200,500,10,96.34314942359924
-7.98,-0.03,0.22,0.001,0,750951866,True,,60,-0.15,-0.16280554775803707,0.22840323531265888,-7.113835762833379,4.999999945072086,0.00013976954192004455,-0.16212920704845135,0.4402551377400391,-7.59780283531054,0.0005567349579320445,-119.42809971798256,-119.42018267984638,-218.3844766248546,-222.46298711080436,0.007917038136184829,-4.078510485949749,True,False,0.0003422394225150394,0.00033212471898394095,0.9704455335485082,0.000813767578498466,0.12077381046635771,148.41315095055162,-8.875515620856785,-7.113835762833379,-2.1138358177612924,5.0299999450720865,0.8661642371666218,0.00840323531265888,-0.0008602304580799555,5.0299999450720865,0.8661642371666218,0.00840323531265888,0.0008602304580799555,False,False,ictal_scale,low,low,low,-0.15357345606243655,0.018567248433820904,0.0003420855585035526,0.00034211107540933473,0.0003422394225150394,1200,500,10,105.40826964378357
-7.98,-0.03,0.22,0.001,1,2007508803,True,,60,-0.15,-0.14625756337529172,-0.04806479570917535,-6.689073578538353,4.999999980748799,0.00016880379303414928,-0.14572457035518663,0.44667676655807076,-10.980959191990276,0.0016032194765653088,-107.24437034702446,-107.02155421211205,-194.0170178829384,-197.6657301753357,0.22281613491240648,-3.648712292397306,True,False,0.0003422394225150394,0.00033212471898394095,0.9704455335485082,0.001244435110497704,0.1846905424916135,148.41315624544512,-8.686773505473424,-6.689073578538353,-1.6890735977895535,5.0299999807488,1.2909264214616476,-0.26806479570917535,-0.0008311962069658507,5.0299999807488,1.2909264214616476,0.26806479570917535,0.0008311962069658507,False,False,ictal_scale,low,low,low,-0.14875184335971667,0.018718625556047096,0.0003420868287335774,0.0003421020856021,0.0003422394225150394,1200,500,10,119.58085107803345
-7.98,-0.03,0.22,0.001,2,642240938,True,,60,-0.15,-0.15199250742437614,-0.16192708611939402,-6.465650576649686,-4.999534719619896,0.00015979489286694655,-0.1529077389235523,0.18235094999201953,-11.20140151132717,0.0015239163575199318,-109.47305604370213,-108.97099851597493,-198.47438927629375,-201.56461878306146,0.502057527727203,-3.090229506767713,True,False,0.0003422394225150394,0.00033212471898394095,0.9704455335485082,0.0015559786464991682,1.0488980833627517e-05,0.006741082763074483,-8.741619484673814,-6.465650576649686,-11.465185296269581,-4.969534719619896,1.514349423350314,-0.381927086119394,-0.0008402051071330534,4.969534719619896,1.514349423350314,0.381927086119394,0.0008402051071330534,False,False,ictal_scale,low,low,low,-0.15055830855317473,0.019819353418496968,0.0003420782599783896,0.0003420946010469632,0.0003422394225150394,1200,500,10,126.5643322467804
-7.98,-0.03,0.22,0.001,3,2116219731,True,,60,-0.15,-0.15292214054566639,-0.08661619896352082,-6.577174594338706,-4.9999999782912,0.00013265112397903043,-0.15213712544006708,-0.23028345546041462,-15.885038283188837,0.0013584966702211137,-113.25596836028899,-112.9812082961354,-206.04021390946747,-209.58503834338242,0.27476006415358256,-3.544824433914954,True,False,0.0003422394225150394,0.00033212471898394095,0.9704455335485082,0.0013917760768543902,9.377713644018891e-06,0.0067379471453582135,-8.927788004148196,-6.577174594338706,-11.577174572629906,-4.9699999782912,1.4028254056612948,-0.3066161989635208,-0.0008673488760209696,4.9699999782912,1.4028254056612948,0.3066161989635208,0.0008673488760209696,False,False,ictal_scale,low,low,low,-0.1496805886717896,0.01769337100912159,0.0003420978597916592,0.0003421163615130544,0.0003422394225150394,1200,500,10,123.52396082878113
-7.98,-0.03,0.22,0.001,4,1514614751,True,,60,-0.15,-0.15350396967960175,0.018362046320159187,-6.819984329871821,4.828288616084422,0.00012833544847433228,-0.15518665634400597,0.20415158219591956,-14.887873327967263,0.0014024036294917632,-111.94162386151031,-111.88698185534733,-203.4115249119101,-207.39658546180627,0.05464200616297887,-3.9850605498961613,True,False,0.0003422394225150394,0.00033212471898394095,0.9704455335485082,0.001091738029820337,0.13646382554698813,124.99685988720704,-8.960863030862246,-6.819984329871821,-1.991695713787399,4.8582886160844225,1.1600156701281792,-0.2016379536798408,-0.0008716645515256678,4.8582886160844225,1.1600156701281792,0.2016379536798408,0.0008716645515256678,False,False,ictal_scale,low,low,low,-0.151026546854682,0.018843505174075716,0.00034207791909896256,0.0003420926061026492,0.0003422394225150394,1200,500,10,108.56830310821533
-7.98,-0.03,0.22,0.001,5,1135134990,True,,60,-0.15,-0.1532937080742704,0.4090638730436689,-7.240534470159906,4.998224381613009,0.00010670577180615245,-0.15912719471788223,0.4768597430311977,-7.144283367810959,0.0001630165602471871,-123.60700127689692,-123.12811671275696,-226.74227974268334,-229.87885517662554,0.4788845641399604,-3.1365754339421983,True,False,0.0003422394225150394,0.00033212471898394095,0.9704455335485082,0.0007169284808129829,0.10621285964734788,148.14986779002638,-9.14543530734121,-7.240534470159906,-2.2423100885468967,5.028224381613009,0.7394655298400945,0.18906387304366892,-0.0008932942281938476,5.028224381613009,0.7394655298400945,0.18906387304366892,0.0008932942281938476,False,False,ictal_scale,low,low,low,-0.15461599610051555,0.015127969665036843,0.00034211098363314473,0.0003421289417424076,0.0003422394225150394,1200,500,10,103.52209210395813
-7.98,-0.03,0.22,0.001,6,524157968,True,,60,-0.15,-0.14552707201353154,0.19279763834460312,-6.466309850896382,-4.9999999782912,0.00015522609633713446,-0.14587778456676487,0.47014953808811527,-7.441356240712503,0.0008504531282960469,-110.73645071838148,-110.70046191544459,-201.00117862565244,-205.0235455820008,0.03598880293688467,-4.02236695634835,True,False,0.0003422394225150394,0.00033212471898394095,0.9704455335485082,0.0015549531679220747,1.0477192258966254e-05,0.0067379471453582135,-8.77062781784804,-6.466309850896382,-11.466309829187582,-4.9699999782912,1.5136901491036188,-0.027202361655396884,-0.0008447739036628655,4.9699999782912,1.5136901491036188,0.027202361655396884,0.0008447739036628655,False,False,ictal_scale,low,low,low,-0.1448850361128661,0.016967833427419865,0.0003420925418800317,0.0003421110227002282,0.0003422394225150394,1200,500,10,115.4345600605011
-7.98,-0.03,0.22,0.001,7,1026424062,True,,60,-0.15,-0.15136887861439502,0.11378468397699609,-6.7162418274602125,-4.912129551096922,9.673633977622357e-05,-0.15134783790694645,0.44747731397854523,-8.093397280192132,0.0007760466496530626,-118.03258928324333,-118.20873665722209,-215.59345575537614,-220.0400950655558,-0.17614737397876468,-4.446639310179648,False,False,0.0003422394225150394,0.00033212471898394095,0.9704455335485082,0.0012110811239147154,8.909687602383291e-06,0.0073568049459671915,-9.243521426966188,-6.7162418274602125,-11.628371378557134,-4.882129551096922,1.263758172539788,-0.10621531602300391,-0.0009032636602237764,4.882129551096922,1.263758172539788,0.10621531602300391,0.0009032636602237764,False,False,ictal_scale,low,low,low,-0.1500203231953111,0.020262649440734682,0.0003420725028171343,0.00034210371482953266,0.0003422394225150394,1200,500,10,107.76116919517517
-7.98,-0.03,0.22,0.001,8,1632697721,True,,60,-0.15,-0.1499236403248234,0.0453798448709439,-6.939266404419686,4.999999980748799,0.00011786057183880421,-0.1485711852317163,0.22286668972797824,-9.53744801967639,0.0011718330441740997,-116.32036433465699,-116.02069778308366,-212.16900585820346,-215.66401731727893,0.2996665515733241,-3.495011459075471,True,False,0.0003422394225150394,0.00033212471898394095,0.9704455335485082,0.0009689801760653364,0.1438094062691237,148.41315624544512,-9.046008226718286,-6.939266404419686,-1.9392664236708868,5.0299999807488,1.0407335955803143,-0.1746201551290561,-0.0008821394281611958,5.0299999807488,1.0407335955803143,0.1746201551290561,0.0008821394281611958,False,False,ictal_scale,low,low,low,-0.15030453250987522,0.019343668069604438,0.00034208274505715113,0.0003421035086066833,0.0003422394225150394,1200,500,10,115.42199182510376
-7.98,-0.03,0.22,0.001,9,1017052020,True,,60,-0.15,-0.1542651965211408,0.12837697402621095,-6.740206505502469,4.999999765128186,8.451617348795188e-05,-0.1595511290645849,0.4575967707134549,-7.026733329624576,0.0005943213375617117,-110.95973111733872,-109.74088753548499,-201.44773942356693,-203.10439682208158,1.2188435818537329,-1.6566573985146533,True,False,0.0003422394225150394,0.00033212471898394095,0.9704455335485082,0.0011824029586852286,0.1754841172144303,148.41312424451274,-9.378567639691932,-6.740206505502469,-1.7402067403742834,5.029999765128186,1.2397934944975315,-0.09162302597378905,-0.0009154838265120482,5.029999765128186,1.2397934944975315,0.09162302597378905,0.0009154838265120482,False,False,ictal_scale,low,low,low,-0.15126628592553673,0.020106930908332713,0.0003420697208920244,0.0003420725982794385,0.0003422394225150394,1200,500,10,105.43061542510986
-7.98,-0.03,0.22,0.001,10,1741408649,True,,60,-0.15,-0.15261490318539522,0.06949524809899918,-6.614512743382898,-4.9999999782912,0.00013619933289443003,-0.15669786656898027,0.4496242089508427,-7.249335381566553,0.0006678393597080135,-113.86186580102674,-112.20959504106406,-207.25200879094297,-208.04181183323973,1.6522707599626756,-0.7898030422967679,True,False,0.0003422394225150394,0.00033212471898394095,0.9704455335485082,0.0013407679349550718,9.034023479918353e-06,0.0067379471453582135,-8.901391062245953,-6.614512743382898,-11.614512721674098,-4.9699999782912,1.3654872566171026,-0.15050475190100082,-0.00086380066710557,4.9699999782912,1.3654872566171026,0.15050475190100082,0.00086380066710557,False,False,ictal_scale,low,low,low,-0.14939529061624807,0.01759429077170802,0.00034209345934838997,0.000342111837812854,0.0003422394225150394,1200,500,10,119.3376579284668
-7.98,-0.03,0.22,0.001,11,908341092,True,,60,-0.15,-0.14565940923174814,0.17488991271792628,-6.652495835553404,-4.9999999782912,0.000136379132427361,-0.14444818920499894,0.42744380941236804,-7.235033317651524,0.0006267566372663264,-113.77017500945581,-112.85043840826577,-207.06862720780111,-209.32349856764316,0.9197366011900385,-2.254871359842042,True,False,0.0003422394225150394,0.00033212471898394095,0.9704455335485082,0.0012907964660952753,8.69731836396513e-06,0.0067379471453582135,-8.900071812327981,-6.652495835553404,-11.652495813844604,-4.9699999782912,1.3275041644465961,-0.04511008728207372,-0.000863620867572639,4.9699999782912,1.3275041644465961,0.04511008728207372,0.000863620867572639,False,False,ictal_scale,low,low,low,-0.14628507263330662,0.021343250156597708,0.00034207163348027014,0.0003421035457741563,0.0003422394225150394,1200,500,10,125.79603099822998
-7.98,-0.03,0.22,0.001,12,1509946072,True,,60,-0.15,-0.15106152277528392,-0.03500933848888236,-6.8010448814746045,4.999999980748799,0.00016552201692754756,-0.1515944631069598,0.1499010263645223,-11.392705954002054,0.001514777490890329,-110.61173667617024,-109.54521016536663,-200.75175054122997,-202.71304208184486,1.0665265108036124,-1.9612915406148943,True,False,0.0003422394225150394,0.00033212471898394095,0.9704455335485082,0.0011126119926114484,0.16512625749999893,148.41315624544512,-8.706406339200385,-6.8010448814746045,-1.8010449007258051,5.0299999807488,1.178955118525396,-0.25500933848888235,-0.0008344779830724525,5.0299999807488,1.178955118525396,0.25500933848888235,0.0008344779830724525,False,False,ictal_scale,low,low,low,-0.14572435293933117,0.01963975176405545,0.0003420671534532554,0.00034208773139011355,0.0003422394225150394,1200,500,10,121.39844608306885
-7.98,-0.03,0.22,0.001,13,898969050,True,,60,-0.15,-0.14520851119460979,-0.047262803883680184,-6.996883547621621,4.999999980748799,0.0001191407228594107,-0.14522164397506393,0.43609418792213756,-8.393434922950512,0.0009486652204614697,-117.08436139755854,-117.25897064006396,-213.69699998400657,-218.14056303123954,-0.17460924250542575,-4.443563047232971,False,False,0.0003422394225150394,0.00033212471898394095,0.9704455335485082,0.0009147282351029754,0.13575770447845814,148.41315624544512,-9.035205218471322,-6.996883547621621,-1.996883566872822,5.0299999807488,0.9831164523783791,-0.2672628038836802,-0.0008808592771405893,5.0299999807488,0.9831164523783791,0.2672628038836802,0.0008808592771405893,False,False,ictal_scale,low,low,low,-0.14686664000532043,0.017221994828135127,0.0003421019426788314,0.0003421207093657785,0.0003422394225150394,1200,500,10,129.6534321308136
-7.98,-0.03,0.22,0.001,14,746248507,True,,60,-0.15,-0.14886656876339113,0.13710922228291106,-6.724149114979089,-4.20484076732561,0.00013360552009192354,-0.14700275738217894,0.3951786571834691,-8.205036439735386,0.0009746473711933785,-114.79549534706504,-114.7635003022084,-209.11926788301957,-213.1496223555284,0.03199504485664306,-4.030354472508833,True,False,0.0003422394225150394,0.00033212471898394095,0.9704455335485082,0.001201542519204433,1.7930813826071487e-05,0.014923162134906258,-8.920618979661976,-6.724149114979089,-10.928989882304698,-4.17484076732561,1.2558508850209114,-0.08289077771708894,-0.0008663944799080765,4.17484076732561,1.2558508850209114,0.08289077771708894,0.0008663944799080765,False,False,ictal_scale,low,low,low,-0.14928444705777125,0.016572593338569346,0.0003421005535124585,0.0003421305450468708,0.0003422394225150394,1200,500,10,120.57118678092957
-7.98,-0.03,0.22,0.001,15,790258122,True,,60,-0.15,-0.148782740435508,0.14550708805234766,-6.629770157068398,-4.247564514205293,0.00013975284350122927,-0.14792626816473964,0.39271189257029665,-8.196361881347688,0.0010353542819488968,-114.70578409442007,-114.04922478088959,-208.93984537772963,-211.72107131289079,0.6565593135304795,-2.78122593516116,True,False,0.0003422394225150394,0.00033212471898394095,0.9704455335485082,0.001320466551047696,1.8881373116304574e-05,0.014299016587223308,-8.875635099078968,-6.629770157068398,-10.87733467127369,-4.217564514205293,1.3502298429316024,-0.07449291194765234,-0.0008602471564987707,4.217564514205293,1.3502298429316024,0.07449291194765234,0.0008602471564987707,False,False,ictal_scale,low,low,low,-0.15222934487770493,0.015238875696721584,0.0003421245020841893,0.0003421538690601219,0.0003422394225150394,1200,500,10,141.84095811843872
-7.98,-0.03,0.22,0.001,16,854959435,True,,60,-0.15,-0.1464324266096569,0.15127630857330382,-6.682489120539087,4.999999980748799,0.0001577149818486312,-0.14646907940130313,0.5102196705189939,-7.845196665811898,0.0011844965421366595,-106.78127895046407,-106.59332198538179,-193.09083508981763,-196.8092657218752,0.18795696508227877,-3.7184306320575615,True,False,0.0003422394225150394,0.00033212471898394095,0.9704455335485082,0.0012526560768176072,0.18591064205053787,148.41315624544512,-8.754721066296982,-6.682489120539087,-1.6824891397902872,5.0299999807488,1.2975108794609138,-0.06872369142669618,-0.0008422850181513688,5.0299999807488,1.2975108794609138,0.06872369142669618,0.0008422850181513688,False,False,ictal_scale,low,low,low,-0.1506622037526686,0.020620107732776054,0.0003420535167093757,0.0003420369134585744,0.0003422394225150394,1200,500,10,118.79213380813599
-7.98,-0.03,0.22,0.001,17,253354455,True,,60,-0.15,-0.15680413378105415,-0.024430977635320143,-7.169103821658706,-0.9414800807106549,8.079550408434654e-05,-0.15580389711984124,0.2531132647844669,-9.825272829218234,0.0007841012782819466,-126.95418156125145,-127.32745618226775,-233.43664031139238,-238.27753411564711,-0.37327462101630715,-4.840893804254733,False,False,0.0003422394225150394,0.00033212471898394095,0.9704455335485082,0.0007700124906238434,0.00030034345072903315,0.39005010228561765,-9.42358923650579,-7.169103821658706,-8.110583902369362,-0.9114800807106549,0.8108961783412942,-0.24443097763532015,-0.0009192044959156534,0.9114800807106549,0.8108961783412942,0.24443097763532015,0.0009192044959156534,False,False,ictal_scale,low,low,low,-0.15135866584613533,0.01756293096966162,0.0003420997714143479,0.00034214360316038085,0.0003422394225150394,1200,500,10,107.69610714912415
-7.98,-0.03,0.22,0.001,18,1283152174,True,,60,-0.15,-0.14870964192443212,0.4219345025931183,-6.635671383072832,-4.9999999782912,0.00020281273473425962,-0.14913196804422543,0.4714555973353138,-7.01365280841438,0.0005050797195664704,-111.45939349203937,-111.11647905213508,-202.44706417296823,-205.85557985538176,0.34291443990429116,-3.4085156824135368,True,False,0.0003422394225150394,0.00033212471898394095,0.9704455335485082,0.0013126971266105912,8.844883856965761e-06,0.0067379471453582135,-8.50322749367111,-6.635671383072832,-11.635671361364032,-4.9699999782912,1.344328616927168,0.20193450259311832,-0.0007971872652657403,4.9699999782912,1.344328616927168,0.20193450259311832,0.0007971872652657403,False,False,ictal_scale,low,low,low,-0.1472901642839347,0.019259902869274387,0.0003420914191829221,0.00034212784294417525,0.0003422394225150394,1200,500,10,109.12859654426575
-7.98,-0.03,0.22,0.001,19,362065383,True,,60,-0.15,-0.14913147653693326,0.013653801324270074,-6.7836159542879635,-4.99931761366376,0.0001486458617017737,-0.15036122286560855,0.4580626609171952,-9.04370133882928,0.001029903081725763,-118.3878221211974,-118.22106786525792,-216.3039214312843,-220.06475748162745,0.16675425593948034,-3.7608360503431584,True,False,0.0003422394225150394,0.00033212471898394095,0.9704455335485082,0.0011321735997517016,7.633733087119984e-06,0.006742546451175102,-8.813943848115397,-6.7836159542879635,-11.782933567951723,-4.96931761366376,1.196384045712037,-0.20634619867572992,-0.0008513541382982263,4.96931761366376,1.196384045712037,0.20634619867572992,0.0008513541382982263,False,False,ictal_scale,low,low,low,-0.15334787234316158,0.018985666565866154,0.0003420856466963711,0.00034209379316238724,0.0003422394225150394,1200,500,10,112.71658039093018
-7.98,-0.03,0.22,0.001,20,973042405,True,,60,-0.15,-0.1516031602265855,0.02357878520511658,-6.871515367408165,4.158591801842888,0.0001652856103805376,-0.15001728146060117,0.48209644463376955,-13.961273811967853,0.0013076870594990733,-113.87006408065004,-114.04442423892871,-207.26840535018957,-211.71147022896903,-0.1743601582786738,-4.443064878779467,False,False,0.0003422394225150394,0.00033212471898394095,0.9704455335485082,0.0010369045820628011,0.06634256607405765,63.981360697699714,-8.707835608465897,-6.871515367408165,-2.7129235655652773,4.188591801842888,1.1084846325918356,-0.19642121479488342,-0.0008347143896194624,4.188591801842888,1.1084846325918356,0.19642121479488342,0.0008347143896194624,False,False,ictal_scale,low,low,low,-0.15046940583016996,0.016027992864954613,0.00034210915769004147,0.000342138182209696,0.0003422394225150394,1200,500,10,107.93523001670837
-7.98,-0.03,0.22,0.001,21,371437425,True,,60,-0.15,-0.14965869724201605,0.16608048766512581,-6.929456945364728,4.999882406298167,9.78456031858391e-05,-0.15334705904721097,0.4590711989145298,-7.066798120500245,0.0002753359605883344,-116.98055352154795,-114.99869845465142,-213.48938423198538,-213.62001866041444,1.9818550668965287,-0.1306344284290617,True,False,0.0003422394225150394,0.00033212471898394095,0.9704455335485082,0.0009785321205366896,0.14520996651064705,148.39570767590604,-9.232119799359262,-6.929456945364728,-1.9295745390665608,5.029882406298167,1.0505430546352725,-0.05391951233487419,-0.0009021543968141609,5.029882406298167,1.0505430546352725,0.05391951233487419,0.0009021543968141609,False,False,ictal_scale,low,low,low,-0.15019048544577981,0.019036100481369774,0.00034208513722567695,0.00034211501459150177,0.0003422394225150394,1200,500,10,111.46649265289307
-7.98,-0.03,0.22,0.001,22,1165069204,True,,60,-0.15,-0.15032814758068724,0.014807772061232231,-7.133052049179206,4.999999980748799,8.374021544149858e-05,-0.15020538217729976,0.13527788477771768,-10.93611831463831,0.0009988233717834693,-121.954058939198,-121.50705804464671,-223.4363950672855,-226.63673784040503,0.44700089455129444,-3.20034277311953,True,False,0.0003422394225150394,0.00033212471898394095,0.9704455335485082,0.0007982792781039748,0.11847514722874634,148.41315624544512,-9.38779122463359,-7.133052049179206,-2.1330520684304064,5.0299999807488,0.8469479508207947,-0.20519222793876776,-0.0009162597845585015,5.0299999807488,0.8469479508207947,0.20519222793876776,0.0009162597845585015,False,False,ictal_scale,low,low,low,-0.15429853530770365,0.018272683513149417,0.0003420875270646874,0.0003421130055949888,0.0003422394225150394,1200,500,10,126.51447248458862
-7.98,-0.03,0.22,0.001,23,480148353,True,,60,-0.15,-0.1554569843514547,-0.06942566277882213,-6.598569838701855,4.999999972333895,0.00014716249684669361,-0.1556863642733856,-0.532146693342075,-20.376034180331104,0.0017950182347630976,-105.16740891491182,-104.5277353088649,-189.86309501871312,-192.67809236884142,0.6396736060469124,-2.8149973501282943,True,False,0.0003422394225150394,0.00033212471898394095,0.9704455335485082,0.0013623149751519842,0.2021854635613698,148.4131549965626,-8.823973160987336,-6.598569838701855,-1.59856986636796,5.029999972333895,1.3814301612981454,-0.28942566277882215,-0.0008528375031533064,5.029999972333895,1.3814301612981454,0.28942566277882215,0.0008528375031533064,False,False,ictal_scale,low,low,low,-0.15204754105569546,0.018021796313033342,0.0003420791611138237,0.0003420785482509181,0.0003422394225150394,1200,500,10,123.90286326408386
-7.98,-0.03,0.22,0.001,24,22117741,True,,60,-0.15,-0.1505372239534363,0.2067979991788463,-6.773710641088588,4.999999980748799,0.00014166348282671875,-0.15040484663505188,0.4764014879893763,-7.55790559260754,0.0009189781552833716,-110.3599707118043,-110.57397709340144,-200.24821861249808,-204.7705759379145,-0.21400638159714447,-4.522357325416408,False,False,0.0003422394225150394,0.00033212471898394095,0.9704455335485082,0.0011434438594307608,0.16970211216759232,148.41315624544512,-8.862056152124852,-6.773710641088588,-1.7737106603397885,5.0299999807488,1.2062893589114125,-0.013202000821153692,-0.0008583365171732813,5.0299999807488,1.2062893589114125,0.013202000821153692,0.0008583365171732813,False,False,ictal_scale,low,low,low,-0.1515063268329913,0.02036679291393222,0.00034207218325554004,0.00034209670123738805,0.0003422394225150394,1200,500,10,121.4138298034668
-7.98,-0.03,0.22,0.001,25,489520395,True,,60,-0.15,-0.14277296414387292,-0.19837609517987675,-6.8429242085593405,-4.22424792478617,8.410592940719024e-05,-0.1427134585403958,0.37383041642312814,-9.299602961408404,0.00094670003574271,-121.33719417935701,-120.48804902800103,-222.20266554760352,-224.59871980711367,0.8491451513559838,-2.3960542595101515,True,False,0.0003422394225150394,0.00033212471898394095,0.9704455335485082,0.0010669787648874035,1.5616662053542133e-05,0.014636338198530264,-9.38343348922347,-6.8429242085593405,-11.067172133345512,-4.19424792478617,1.13707579144066,-0.41837609517987673,-0.0009158940705928098,4.19424792478617,1.13707579144066,0.41837609517987673,0.0009158940705928098,False,False,ictal_scale,low,low,low,-0.14945674695131003,0.020060384334922816,0.0003420732484397274,0.0003421075028953363,0.0003422394225150394,1200,500,10,122.4981746673584
-7.98,-0.03,0.22,0.001,26,2134737948,True,,60,-0.15,-0.145990743548672,-0.09903569158971803,-6.775116178667156,-4.9999999782912,0.00011793822471792795,-0.14552525174288,-0.3606410654952346,-14.052722636849218,0.0011745303305020372,-117.16950824695193,-116.96472905079295,-213.86729368279336,-217.55207985269752,0.20477919615898088,-3.6847861699041573,True,False,0.0003422394225150394,0.00033212471898394095,0.9704455335485082,0.001141837835045557,7.693642981107213e-06,0.0067379471453582135,-9.0453495899223,-6.775116178667156,-11.775116156958356,-4.9699999782912,1.204883821332844,-0.319035691589718,-0.0008820617752820721,4.9699999782912,1.204883821332844,0.319035691589718,0.0008820617752820721,False,False,ictal_scale,low,low,low,-0.15182917240617766,0.016200261434569957,0.00034210554786558264,0.00034212127534555964,0.0003422394225150394,1200,500,10,122.82907176017761
-7.98,-0.03,0.22,0.001,27,598231323,True,,60,-0.15,-0.1515485306351958,-0.17862081560857712,-6.639969207826164,-4.9999999782912,0.00012398708733180654,-0.15170596359780852,0.06048378440131777,-19.65467159084899,0.0012980201568975973,-114.85179970298995,-114.25926438930028,-209.2318765948694,-212.14115052971218,0.592535313689666,-2.909273934842787,True,False,0.0003422394225150394,0.00033212471898394095,0.9704455335485082,0.001307067490666128,8.806951667524361e-06,0.0067379471453582135,-8.995333132202518,-6.639969207826164,-11.639969186117364,-4.9699999782912,1.3400307921738364,-0.3986208156085771,-0.0008760129126681934,4.9699999782912,1.3400307921738364,0.3986208156085771,0.0008760129126681934,False,False,ictal_scale,low,low,low,-0.14878149801287438,0.017746031595929367,0.00034209785407779327,0.00034212731355994863,0.0003422394225150394,1200,500,10,110.49872827529907
-7.98,-0.03,0.22,0.001,28,2051518418,True,,60,-0.15,-0.1612629461449616,-0.02365398878027855,-7.095498120409167,-0.6108858765308744,0.00012759498467010015,-0.1615492610829914,0.3838804028786436,-8.837045390485272,0.0007991116372307206,-123.75363022143374,-123.57039747458347,-227.03553763175697,-230.76341670027855,0.18323274685026547,-3.727879068521588,True,False,0.0003422394225150394,0.00033212471898394095,0.9704455335485082,0.0008288278200090487,0.0004499455435122162,0.5428697404333072,-8.96664949291931,-7.095498120409167,-7.706383996940041,-0.5808858765308744,0.8845018795908333,-0.24365398878027855,-0.0008724050153298998,0.5808858765308744,0.8845018795908333,0.24365398878027855,0.0008724050153298998,False,False,ictal_scale,low,low,low,-0.15277904147412244,0.016449497559916437,0.00034209485785234264,0.0003421000516118669,0.0003422394225150394,1200,500,10,88.78531527519226
-7.98,-0.03,0.22,0.001,29,607603365,True,,60,-0.15,-0.14744208133547151,0.09024779791842005,-6.722819889088912,4.999999980748799,0.00018949620611363413,-0.14700525311184165,0.395604691010682,-7.527862529860494,0.0011515126889973775,-108.2634528397848,-107.77891108882554,-196.0551828684591,-199.18044392876268,0.48454175095926644,-3.125261060303586,True,False,0.0003422394225150394,0.00033212471898394095,0.9704455335485082,0.001203140702567148,0.17856190907535277,148.41315624544512,-8.571141554150733,-6.722819889088912,-1.7228199083401128,5.0299999807488,1.2571801109110883,-0.12975220208157995,-0.0008105037938863659,5.0299999807488,1.2571801109110883,0.12975220208157995,0.0008105037938863659,False,False,ictal_scale,low,low,low,-0.1470144399970189,0.021984971112890692,0.0003420604232898941,0.00034207957580207027,0.0003422394225150394,1200,500,10,107.90683054924011
-7.98,-0.03,0.22,0.001,30,105337271,True,,60,-0.15,-0.1426040037685886,0.03026567823216842,-6.729948924380125,4.999999980748799,0.00013348309859532076,-0.14243286586473541,0.3526330264370075,-9.023430622029172,0.0015091587255541272,-107.37966605556048,-107.2462063994423,-194.28760930001044,-198.1150345499962,0.1334596561181769,-3.8274252499857653,True,False,0.0003422394225150394,0.00033212471898394095,0.9704455335485082,0.0011945939712106012,0.17729346169914575,148.41315624544512,-8.921535690420956,-6.729948924380125,-1.7299489436313253,5.0299999807488,1.2500510756198757,-0.1897343217678316,-0.0008665169014046793,5.0299999807488,1.2500510756198757,0.1897343217678316,0.0008665169014046793,False,False,ictal_scale,low,low,low,-0.14421532731195455,0.01792191896070078,0.00034207902302228315,0.00034209604483451795,0.0003422394225150394,1200,500,10,126.95425415039062
-7.98,-0.03,0.22,0.001,31,396928823,True,,60,-0.15,-0.14401783969655518,0.04704135401834551,-6.8378916954900655,-4.977001374075265,6.105917656715635e-05,-0.1443974237309663,0.4970091576048993,-9.03848820318912,0.0008805470693714699,-119.05752865102495,-120.91338153287589,-217.6433344909394,-225.4493848168634,-1.8558528818509359,-7.806050325923991,False,False,0.0003422394225150394,0.00033212471898394095,0.9704455335485082,0.0010723618834123524,7.393620164334579e-06,0.0068947062355549345,-9.703667056382992,-6.8378916954900655,-11.814893069565331,-4.947001374075265,1.142108304509935,-0.1729586459816545,-0.0009389408234328437,4.947001374075265,1.142108304509935,0.1729586459816545,0.0009389408234328437,False,False,ictal_scale,low,low,low,-0.14224712192905678,0.01726307897788177,0.0003420985296557202,0.0003421439161019884,0.0003422394225150394,1200,500,10,115.30765867233276
-7.98,-0.03,0.22,0.001,32,1933435448,True,,60,-0.15,-0.15102482958506963,0.2087094368450042,-6.86547288289435,-1.141532348901324,0.00010247398057541925,-0.14801091049526072,0.449149722812706,-7.729996485264931,0.0006750532395001136,-117.11217499946187,-118.18679113772964,-213.75262718781323,-219.9962040265709,-1.0746161382677712,-6.243576838757662,False,False,0.0003422394225150394,0.00033212471898394095,0.9704455335485082,0.0010431890296595918,0.000333120846373049,0.3193293227803126,-9.18590163965537,-6.86547288289435,-8.007005231795674,-1.111532348901324,1.1145271171056503,-0.011290563154995797,-0.0008975260194245808,1.111532348901324,1.1145271171056503,0.011290563154995797,0.0008975260194245808,False,False,ictal_scale,low,low,low,-0.14895008654188918,0.017079213444192283,0.00034209783509079846,0.000342099220827436,0.0003422394225150394,1200,500,10,99.00431442260742
-7.98,-0.03,0.22,0.001,33,387556781,True,,60,-0.15,-0.1523478334649294,0.3271443814195205,-6.5874804566479686,-4.9999999782912,0.00015581334906227958,-0.1485193726763327,0.48912299274734256,-7.086909724505389,0.0004870934468491148,-111.08356447241117,-110.74527725697126,-201.69540613371183,-205.11317626505414,0.33828721543990525,-3.4177701313423086,True,False,0.0003422394225150394,0.00033212471898394095,0.9704455335485082,0.001377506281812746,9.281564519253198e-06,0.0067379471453582135,-8.766851747438837,-6.5874804566479686,-11.587480434939168,-4.9699999782912,1.3925195433520319,0.10714438141952051,-0.0008441866509377204,4.9699999782912,1.3925195433520319,0.10714438141952051,0.0008441866509377204,False,False,ictal_scale,low,low,low,-0.1545332536725545,0.01861433387041044,0.00034207798784483326,0.000342105943900436,0.0003422394225150394,1200,500,10,117.68160843849182
-7.98,-0.03,0.22,0.001,34,223420241,True,,60,-0.15,-0.15097364816570338,-0.109273010620697,-6.852327852718923,4.289420236361631,0.00013865252106756517,-0.15125075257137877,0.34557458665579055,-8.455638531639458,0.00115706801715212,-113.53597098965636,-113.17170975900478,-206.60021916820222,-209.96604126912118,0.36426123065157867,-3.3658221009189617,True,False,0.0003422394225150394,0.00033212471898394095,0.9704455335485082,0.0010569923044075095,0.07708029437514677,72.9241774549661,-8.883539603106632,-6.852327852718923,-2.5629076163572915,4.319420236361632,1.1276721472810776,-0.329273010620697,-0.0008613474789324349,4.319420236361632,1.1276721472810776,0.329273010620697,0.0008613474789324349,False,False,ictal_scale,low,low,low,-0.15117581859748608,0.015232991199428588,0.00034211390032841296,0.00034213209055162965,0.0003422394225150394,1200,500,10,96.03911137580872
-7.98,-0.03,0.22,0.001,35,278845853,True,,60,-0.15,-0.1402976090817569,0.19123006056055428,-6.909644863558681,-4.9999999782912,7.275288238548159e-05,-0.14113407465734956,0.44033848683631277,-7.537448003101361,0.0003384005161022246,-124.43491623363221,-123.96551862712336,-228.3981096561539,-231.55365900535833,0.4693976065088492,-3.1555493492044207,True,False,0.0003422394225150394,0.00033212471898394095,0.9704455335485082,0.0009981121995644537,6.725227245802517e-06,0.0067379471453582135,-9.52844203227855,-6.909644863558681,-11.90964484184988,-4.9699999782912,1.0703551364413197,-0.028769939439445724,-0.0009272471176145185,4.9699999782912,1.0703551364413197,0.028769939439445724,0.0009272471176145185,False,False,ictal_scale,low,low,low,-0.14717474312340828,0.018672383910400523,0.0003420851401386742,0.00034210086100314706,0.0003422394225150394,1200,500,10,106.16147994995117
-7.98,-0.03,0.22,0.001,36,1366371704,True,,60,-0.15,-0.15223386955281687,0.08225617419732748,-6.706343027802301,-3.9996004090798265,9.993788888895916e-05,-0.15232063193504705,0.39456953209223594,-8.388910703387452,0.0009367383197955323,-116.17759512595066,-116.28286476937494,-211.8834674407908,-216.1883512898615,-0.10526964342427902,-4.304883849070677,False,False,0.0003422394225150394,0.00033212471898394095,0.9704455335485082,0.0012231289042354588,2.241134090368017e-05,0.018322959114181702,-9.210961676056005,-6.706343027802301,-10.705943436882128,-3.9696004090798267,1.2736569721976991,-0.13774382580267253,-0.0009000621111110408,3.9696004090798267,1.2736569721976991,0.13774382580267253,0.0009000621111110408,False,False,ictal_scale,low,low,low,-0.1484385554120621,0.016980135926976992,0.00034210341954684146,0.0003421290281864489,0.0003422394225150394,1200,500,10,80.42271256446838
-7.98,-0.03,0.22,0.001,37,170134925,True,,60,-0.15,-0.15752935115143984,-0.09904088876087633,-6.637081491078476,-4.587417827113368,0.0001378410938610069,-0.15814442420477984,0.42278660190801687,-8.453564880321625,0.0011154918263052073,-112.97084359999113,-113.22846883404313,-205.46996438887174,-210.07955941919786,-0.257625234052,-4.609595030326119,False,False,0.0003422394225150394,0.00033212471898394095,0.9704455335485082,0.0013108473863566452,1.3343258016247691e-05,0.010179108685820242,-8.889409030046206,-6.637081491078476,-11.224499318191844,-4.557417827113368,1.3429185089215245,-0.31904088876087633,-0.0008621589061389931,4.557417827113368,1.3429185089215245,0.31904088876087633,0.0008621589061389931,False,False,ictal_scale,low,low,low,-0.15319015904508085,0.01693723838666667,0.0003421034608214833,0.0003421403214918296,0.0003422394225150394,1200,500,10,109.8305606842041
-7.98,-0.03,0.22,0.001,38,771739905,True,,60,-0.15,-0.14805939827742245,0.07157877962089626,-6.784701444879547,-4.9999999782912,0.00012814182741087562,-0.14950334611262367,0.4909263526532085,-7.899035454563087,0.0008463872293994272,-117.32687246458138,-116.90231901692691,-214.18202211805226,-217.42725978496543,0.4245534476544748,-3.2452376669131695,True,False,0.0003422394225150394,0.00033212471898394095,0.9704455335485082,0.001130945302734168,7.620249674113967e-06,0.0067379471453582135,-8.962372880805644,-6.784701444879547,-11.784701423170747,-4.9699999782912,1.1952985551204538,-0.14842122037910374,-0.0008718581725891244,4.9699999782912,1.1952985551204538,0.14842122037910374,0.0008718581725891244,False,False,ictal_scale,low,low,low,-0.15223478199254228,0.01761991381821615,0.0003420934104744719,0.00034210676044841567,0.0003422394225150394,1200,500,10,114.49700736999512
-7.98,-0.03,0.22,0.001,39,160762883,True,,60,-0.15,-0.15167332120720947,0.05871071531785432,-7.082756358292629,-4.9999999782912,7.051364070970736e-05,-0.1518692722516083,0.4327714428903138,-8.66952999103826,0.0005948134158333836,-128.88985445511886,-129.37892068803697,-237.30798609912722,-242.38046312718555,-0.48906623291810547,-5.07247702805833,False,False,0.0003422394225150394,0.00033212471898394095,0.9704455335485082,0.0008394561147349261,5.656210931931692e-06,0.0067379471453582135,-9.55970438161783,-7.082756358292629,-12.082756336583829,-4.9699999782912,0.8972436417073713,-0.16128928468214568,-0.0009294863592902927,4.9699999782912,0.8972436417073713,0.16128928468214568,0.0009294863592902927,False,False,ictal_scale,low,low,low,-0.15023898603119867,0.015696638427779425,0.00034211221723525197,0.00034212808064571626,0.0003422394225150394,1200,500,10,106.81136465072632
-7.98,-0.03,0.22,0.001,40,663028977,True,,60,-0.15,-0.14918224777095826,0.06334726325201927,-6.905394415127255,-4.779061493932572,0.0001217348984797142,-0.15622289981229728,0.469168218455537,-7.044236283750973,0.00020972512145698291,-119.699456822472,-115.93828610189578,-218.9271908338335,-215.49919395490318,3.7611707205762173,3.4279968789303155,True,True,0.0003422394225150394,0.00033212471898394095,0.9704455335485082,0.001002363652888364,8.423746223011696e-06,0.008403882362192827,-9.01366484082242,-6.905394415127255,-11.684455909059826,-4.7490614939325715,1.0746055848727458,-0.15665273674798075,-0.0008782651015202858,4.7490614939325715,1.0746055848727458,0.15665273674798075,0.0008782651015202858,False,False,ictal_scale,low,low,low,-0.15063766897691175,0.017779707308480133,0.0003420909471185196,0.0003421214861901293,0.0003422394225150394,1200,500,10,106.92752122879028
-7.98,-0.03,0.22,0.001,41,52051955,True,,60,-0.15,-0.1431148657436936,0.35349848645571247,-6.595017723551077,-4.295288857856174,0.0001752923581497248,-0.14407466969273003,0.456358364085074,-7.18041964010162,0.000447772065630224,-113.0238324431211,-112.90551992028661,-205.57594207513168,-209.43366159168482,0.11831252283448634,-3.8577195165531464,True,False,0.0003422394225150394,0.00033212471898394095,0.9704455335485082,0.0013671626795202527,1.8638027382849657e-05,0.013632633235270798,-8.649055359972314,-6.595017723551077,-10.890306581407252,-4.265288857856174,1.3849822764489232,0.13349848645571247,-0.0008247076418502752,4.265288857856174,1.3849822764489232,0.13349848645571247,0.0008247076418502752,False,False,ictal_scale,low,low,low,-0.15090815763274784,0.021446720170647585,0.00034206981972641145,0.0003421120032963794,0.0003422394225150394,1200,500,10,97.45179057121277
-7.98,-0.03,0.22,0.001,42,653656935,True,,60,-0.15,-0.1420757207836372,0.02446516245622729,-6.6614990070239335,-4.9999999782912,0.00012729305335013394,-0.14211227470810783,0.44840423153365355,-6.795681096915949,0.0001381193921520327,-115.70872263318616,-110.89932492679728,-210.9457224552618,-205.42127160470616,4.809397706388879,5.524450850555638,True,True,0.0003422394225150394,0.00033212471898394095,0.9704455335485082,0.0012792273616394503,8.619366349622645e-06,0.0067379471453582135,-8.969018623016854,-6.6614990070239335,-11.661498985315134,-4.9699999782912,1.318500992976067,-0.1955348375437727,-0.0008727069466498661,4.9699999782912,1.318500992976067,0.1955348375437727,0.0008727069466498661,False,False,ictal_scale,low,low,low,-0.1476443269936052,0.017418237492541483,0.00034209100049281097,0.00034210327959401056,0.0003422394225150394,1200,500,10,120.03119277954102
-7.98,-0.03,0.22,0.001,43,991560622,True,,60,-0.15,-0.14534994730217385,0.22702950037939076,-6.749092274514789,2.185036301132178,0.0001716725371290556,-0.14995348957617388,0.38920562472849946,-6.650884192298814,7.761742395015517e-05,-110.72120922494375,-110.01263109752196,-200.970695638777,-203.64788394615553,0.7085781274217879,-2.677188307378543,True,False,0.0003422394225150394,0.00033212471898394095,0.9704455335485082,0.0011719429405913102,0.01041971104984468,8.890971299837652,-8.669921749685063,-6.749092274514789,-4.564055973382611,2.215036301132178,1.2309077254852117,0.007029500379390763,-0.0008283274628709444,2.215036301132178,1.2309077254852117,0.007029500379390763,0.0008283274628709444,False,False,ictal_scale,low,low,low,-0.1511874731201797,0.017996073235187527,0.0003420932467886802,0.00034211907517619865,0.0003422394225150394,1200,500,10,87.87222123146057
-7.98,-0.03,0.22,0.001,44,544946007,True,,60,-0.15,-0.15506078098633672,-0.06448611107141913,-6.571984609189226,-4.9999999782912,0.00012311006827414966,-0.1538517444410213,-0.17245467257323407,-19.709877744962107,0.0013435200288584128,-113.15479824930189,-113.23663787475277,-205.83787368749327,-210.09589750061716,-0.08183962545088264,-4.258023813123884,False,False,0.0003422394225150394,0.00033212471898394095,0.9704455335485082,0.00139901815089703,9.42651035614097e-06,0.0067379471453582135,-9.00243173872648,-6.571984609189226,-11.571984587480426,-4.9699999782912,1.4080153908107746,-0.28448611107141913,-0.0008768899317258504,4.9699999782912,1.4080153908107746,0.28448611107141913,0.0008768899317258504,False,False,ictal_scale,low,low,low,-0.1508083394795152,0.019146908552586227,0.0003420795079631994,0.00034210042512975976,0.0003422394225150394,1200,500,10,120.36696100234985
-7.98,-0.03,0.22,0.001,45,1100271550,True,,60,-0.15,-0.15033851635370735,0.11062114738776113,-6.680250830260541,1.615910291482224,0.0001488035837376627,-0.1478583102481577,0.44150109582749264,-9.068381441829274,0.0013612334186573448,-109.82750718293661,-109.79455524210164,-199.18329155476272,-203.21173223531488,0.03295194083497677,-4.0284406805521655,True,False,0.0003422394225150394,0.00033212471898394095,0.9704455335485082,0.0012554630249471768,0.0063180760554293345,5.032466850782139,-8.812883351596819,-6.680250830260541,-5.064340538778318,1.6459102914822241,1.2997491697394592,-0.10937885261223887,-0.0008511964162623373,1.6459102914822241,1.2997491697394592,0.10937885261223887,0.0008511964162623373,False,False,ictal_scale,low,low,low,-0.1532516140433944,0.022296099514024868,0.0003420573814595398,0.0003420879452505648,0.0003422394225150394,1200,500,10,84.10008120536804
-7.98,-0.03,0.22,0.001,46,535573965,True,,60,-0.15,-0.1521879030904058,0.09006140795104736,-6.394687973053813,-4.9999990996605,0.0001650179517532939,-0.15131814050775044,0.35782510269748075,-8.332429589136684,0.001345811044849287,-108.23287924168241,-107.67189244147838,-195.9940356722543,-198.96640663406836,0.5609868002040344,-2.9723709618140504,True,False,0.0003422394225150394,0.00033212471898394095,0.9704455335485082,0.0016704069943505088,1.1255123928263483e-05,0.006737953065528029,-8.70945629147701,-6.394687973053813,-11.394687072714312,-4.9699990996605,1.5853120269461876,-0.12993859204895264,-0.0008349820482467061,4.9699990996605,1.5853120269461876,0.12993859204895264,0.0008349820482467061,False,False,ictal_scale,low,low,low,-0.15279471866317085,0.019092543747820975,0.0003420787020541805,0.0003421076639058215,0.0003422394225150394,1200,500,10,113.94143295288086
-7.98,-0.03,0.22,0.001,47,1109643592,True,,60,-0.15,-0.158488942188258,0.0016807273688006648,-6.689804521174105,4.734195672378409,0.0001306225380019344,-0.1573278028052471,0.45056786298043733,-8.233483842218863,0.00122807557110256,-107.62853602365792,-108.22298335086671,-194.78534923620532,-200.06858845284503,-0.5944473272087976,-5.283239216639714,False,False,0.0003422394225150394,0.00033212471898394095,0.9704455335485082,0.0012435258321736452,0.14147831156641427,113.7719120149796,-8.943198783254902,-6.689804521174105,-1.9556088487956966,4.764195672378409,1.2901954788258951,-0.21831927263119932,-0.0008693774619980656,4.764195672378409,1.2901954788258951,0.21831927263119932,0.0008693774619980656,False,False,ictal_scale,low,low,low,-0.15226077644235309,0.018070441515639617,0.00034209398081172943,0.00034211754415669823,0.0003422394225150394,1200,500,10,103.81477665901184
-7.98,-0.03,0.22,0.001,48,426863037,True,,60,-0.15,-0.14684217563243818,-0.15377104374779543,-6.908302689020962,0.9775762235700474,9.696379584630386e-05,-0.147231441438671,-0.07719503696523335,-11.993366179037572,0.001181137577666231,-117.26958646270198,-116.94611578344825,-214.06745011429345,-217.5148533180081,0.32347067925373096,-3.447403203714657,True,False,0.0003422394225150394,0.00033212471898394095,0.9704455335485082,0.000999452739762715,0.0026565513947994584,2.658006015802373,-9.24117288782969,-6.908302689020962,-5.930726465450915,1.0075762235700474,1.0716973109790384,-0.37377104374779546,-0.0009030362041536962,1.0075762235700474,1.0716973109790384,0.37377104374779546,0.0009030362041536962,False,False,ictal_scale,low,low,low,-0.1492566169943167,0.0170305153066497,0.00034210127616722807,0.00034210576152651046,0.0003422394225150394,1200,500,10,76.1848394870758
-7.98,-0.03,0.22,0.001,49,1218354520,True,,60,-0.15,-0.1539163309023288,0.1516360151186194,-6.699301539281245,-0.8209015138914354,0.0001554286142728359,-0.15451580105252255,0.46482406525567144,-7.721434459764548,0.0008528280844616312,-113.30895060747476,-113.12035942028947,-206.146178403839,-209.86334059169056,0.18859118718528123,-3.7171621878515566,True,False,0.0003422394225150394,0.00033212471898394095,0.9704455335485082,0.0012317719466042338,0.0005420224952835674,0.44003477817287734,-8.7693240039513,-6.699301539281245,-7.52020305317268,-0.7909015138914354,1.2806984607187557,-0.0683639848813806,-0.0008445713857271641,0.7909015138914354,1.2806984607187557,0.0683639848813806,0.0008445713857271641,False,False,ictal_scale,low,low,low,-0.15146744964048978,0.016347655664416528,0.0003421105303183555,0.0003421306589444492,0.0003422394225150394,1200,500,10,73.90167307853699
-7.98,-0.03,0.22,0.001,50,616749540,True,,60,-0.15,-0.15921862991450245,0.039221907698903394,-6.748801675211606,-1.3689507681379862,7.565996916573808e-05,-0.1581454474234597,0.5421416747738825,-9.202935299192674,0.0010529025950015486,-116.1367599776466,-116.61761689262971,-211.8017971441827,-216.85785553637103,-0.48085691498310723,-5.0560583921883335,False,False,0.0003422394225150394,0.00033212471898394095,0.9704455335485082,0.001172283555882102,0.0002981981250089964,0.2543737165916424,-9.489261346296638,-6.748801675211606,-8.117752443349593,-1.3389507681379862,1.2311983247883944,-0.1807780923010966,-0.000924340030834262,1.3389507681379862,1.2311983247883944,0.1807780923010966,0.000924340030834262,False,False,ictal_scale,low,low,low,-0.1550204414508749,0.018804953744300006,0.00034209214229795836,0.00034213727290895385,0.0003422394225150394,1200,500,10,79.22711133956909
-7.98,-0.03,0.22,0.001,51,1227726562,True,,60,-0.15,-0.15411121502362002,-0.10271588960357148,-6.700979884255041,0.40344105044264844,0.00015941469478962086,-0.15390400865088194,0.2065177759363665,-11.367281282155885,0.0013986919619328193,-111.66401375361261,-111.48017213963911,-202.8563046961147,-206.58296603038983,0.18384161397349885,-3.7266613342751214,True,False,0.0003422394225150394,0.00033212471898394095,0.9704455335485082,0.0012297063422320187,0.0018408297943819957,1.496966984036805,-8.744001607716568,-6.700979884255041,-6.297538833812393,0.43344105044264847,1.2790201157449594,-0.32271588960357145,-0.0008405853052103791,0.43344105044264847,1.2790201157449594,0.32271588960357145,0.0008405853052103791,False,False,ictal_scale,low,low,low,-0.15347666415930533,0.021281112143795484,0.0003420594936327598,0.0003420625527217935,0.0003422394225150394,1200,500,10,101.0694169998169
-7.98,-0.03,0.22,0.001,52,725460468,True,,60,-0.15,-0.15081872788082654,-0.26355987123912494,-6.613600381274821,-4.9999999782912,0.0001610828917980742,-0.1519257801593997,0.1410163509977069,-12.955676932659387,0.0015032045082845125,-112.08320765762036,-109.83396254403176,-203.69469250413022,-203.29054683917514,2.2492451135886,0.404145664955081,True,True,0.0003422394225150394,0.00033212471898394095,0.9704455335485082,0.0013419917590151052,9.042269541750076e-06,0.0067379471453582135,-8.73359146958397,-6.613600381274821,-11.613600359566021,-4.9699999782912,1.366399618725179,-0.4835598712391249,-0.0008389171082019258,4.9699999782912,1.366399618725179,0.4835598712391249,0.0008389171082019258,False,False,ictal_scale,low,low,low,-0.14871724863152175,0.017746523111137058,0.0003420931866836999,0.0003421025782219217,0.0003422394225150394,1200,500,10,134.14581060409546
-7.98,-0.03,0.22,0.001,53,1336437490,True,,60,-0.15,-0.14422682928041464,0.22916461516314332,-6.64527261775463,-4.999999971788934,0.0001354444031288634,-0.14327156413704709,0.45964240285527214,-6.885767293512801,0.000290819799731832,-113.90961895811392,-112.41245379716604,-207.34751510511734,-208.44752934544368,1.4971651609478869,-1.1000142403263453,True,False,0.0003422394225150394,0.00033212471898394095,0.9704455335485082,0.0013001539248999458,8.760368483768122e-06,0.00673794718917014,-8.906949310856373,-6.64527261775463,-11.645272589543563,-4.969999971788933,1.3347273822453705,0.00916461516314332,-0.0008645555968711366,4.969999971788933,1.3347273822453705,0.00916461516314332,0.0008645555968711366,False,False,ictal_scale,low,low,low,-0.1512517826390741,0.01684027515263087,0.0003421032869557077,0.00034211932607036634,0.0003422394225150394,1200,500,10,119.01144623756409
-7.98,-0.03,0.22,0.001,54,734832510,True,,60,-0.15,-0.15143445980368922,0.1054753313888124,-6.437750029359214,-3.0136850767406003,0.00015186651096552907,-0.15066814647372817,0.4606001839627234,-7.689183437474386,0.0011010873218874678,-107.7403015787745,-108.16301701567659,-195.0088803464385,-199.94865578246478,-0.4227154369020809,-4.939775436026281,False,False,0.0003422394225150394,0.00033212471898394095,0.9704455335485082,0.0016000025926056006,7.857671838967335e-05,0.04911036941615914,-8.792508640308814,-6.437750029359214,-9.451435106099815,-2.9836850767406005,1.5422499706407864,-0.1145246686111876,-0.000848133489034471,2.9836850767406005,1.5422499706407864,0.1145246686111876,0.000848133489034471,False,False,ictal_scale,low,low,low,-0.1485985251146033,0.01744705528306726,0.00034209430096268943,0.0003421054356742167,0.0003422394225150394,1200,500,10,101.84027433395386
-7.98,-0.03,0.22,0.001,55,1345809532,True,,60,-0.15,-0.14863604173309083,-0.08389910022872847,-6.8060384376854985,-4.995034389465312,0.00012420624197812552,-0.1479601446271413,0.193999270842772,-10.075830582790342,0.0010826506565215306,-118.46231078862336,-118.35996365653628,-216.4528987661362,-220.34254906418417,0.10234713208707547,-3.889650298047968,True,False,0.0003422394225150394,0.00033212471898394095,0.9704455335485082,0.0011070699508501324,7.4965111387625775e-06,0.006771488227104279,-8.99356713225493,-6.8060384376854985,-11.801072827150811,-4.965034389465312,1.1739615623145019,-0.30389910022872846,-0.0008757937580218745,4.965034389465312,1.1739615623145019,0.30389910022872846,0.0008757937580218745,False,False,ictal_scale,low,low,low,-0.14702296567318437,0.01864938114904075,0.0003420853435862549,0.00034210651185933455,0.0003422394225150394,1200,500,10,107.90179777145386
-7.98,-0.03,0.22,0.001,56,843543438,True,,60,-0.15,-0.15631176989877846,-0.21450338970574412,-7.033024705678019,4.999999980748799,0.00018369945261074443,-0.15517248924100036,0.10383457695770386,-13.54622925860717,0.0013356072519322354,-114.94553062501363,-113.441521776421,-209.41933843891675,-210.5056653039536,1.5040088485926333,-1.0863268650368525,True,False,0.0003422394225150394,0.00033212471898394095,0.9704455335485082,0.0008822591663876829,0.13093886751007133,148.41315624544512,-8.602209545547609,-7.033024705678019,-2.03302472492922,5.0299999807488,0.9469752943219811,-0.4345033897057441,-0.0008163005473892556,5.0299999807488,0.9469752943219811,0.4345033897057441,0.0008163005473892556,False,False,ictal_scale,low,low,low,-0.14962185641505915,0.019073485133844378,0.00034207950153554136,0.00034208492114201194,0.0003422394225150394,1200,500,10,131.82586336135864
-7.98,-0.03,0.22,0.001,57,1806206303,True,,60,-0.15,-0.15628520758488068,0.09991592163853191,-6.601105053164414,-4.9999999782912,0.0001366237835619612,-0.15612418321694746,0.4210201577287393,-7.940109911465692,0.0009146156074350782,-113.61017633086972,-113.16217426332287,-206.74862985062893,-209.94697027775734,0.44800206754685235,-3.1983404271284144,True,False,0.0003422394225150394,0.00033212471898394095,0.9704455335485082,0.001358865588838976,9.155964515243084e-06,0.0067379471453582135,-8.898279514987822,-6.601105053164414,-11.601105031455614,-4.9699999782912,1.3788949468355867,-0.12008407836146809,-0.0008633762164380388,4.9699999782912,1.3788949468355867,0.12008407836146809,0.0008633762164380388,False,False,ictal_scale,low,low,low,-0.1522637931612154,0.01873956672812774,0.00034208939607111727,0.0003421125903299828,0.0003422394225150394,1200,500,10,124.36124753952026
-7.98,-0.03,0.22,0.001,58,852915480,True,,60,-0.15,-0.1489428016192557,0.08364934587757765,-6.815623495648605,-4.9999999782912,9.181315030800825e-05,-0.14963028188833993,0.4054561910624592,-7.892148836584731,0.0007370460253721991,-119.98312406434893,-118.97111879734037,-219.49452531758735,-221.56485934579234,1.0120052670085613,-2.0703340282049965,True,False,0.0003422394225150394,0.00033212471898394095,0.9704455335485082,0.001096509314212456,7.38822180355651e-06,0.0067379471453582135,-9.295755021054491,-6.815623495648605,-11.815623473939805,-4.9699999782912,1.1643765043513952,-0.13635065412242237,-0.0009081868496919917,4.9699999782912,1.1643765043513952,0.13635065412242237,0.0009081868496919917,False,False,ictal_scale,low,low,low,-0.15197525187945232,0.017384469569787026,0.0003420941102918881,0.0003421112337302165,0.0003422394225150394,1200,500,10,118.29723763465881
-7.98,-0.03,0.22,0.001,59,1796834261,True,,60,-0.15,-0.14922082706208717,0.18265900946345562,-6.687468146341268,-4.998919766807884,0.0001967777883380113,-0.1482753840228589,0.4791436534604691,-8.10234127782404,0.0009846354574392093,-112.1926670167476,-113.02623134451571,-203.9136112223847,-209.67508444014302,-0.8335643277681015,-5.761473217758322,False,False,0.0003422394225150394,0.00033212471898394095,0.9704455335485082,0.0012464345712611701,8.407487222146901e-06,0.006745229485764352,-8.533435443851879,-6.687468146341268,-11.68638791314915,-4.9689197668078835,1.2925318536587325,-0.03734099053654438,-0.0008032222116619887,4.9689197668078835,1.2925318536587325,0.03734099053654438,0.0008032222116619887,False,False,ictal_scale,low,low,low,-0.15196103663716,0.019464568346912958,0.0003420878562117776,0.00034211554283578927,0.0003422394225150394,1200,500,10,112.26604413986206
-7.98,-0.03,0.22,0.001,60,961626408,True,,60,-0.15,-0.154352867636014,0.20938945584025953,-6.735753832021578,4.478911286666763,0.00015202116304544034,-0.1553615985204355,0.42874443851159183,-7.730513492758108,0.0010420373902188702,-110.17093580742298,-109.3971401224509,-199.87014880373545,-202.41690199601342,0.7737956849720717,-2.5467531922779756,True,False,0.0003422394225150394,0.00033212471898394095,0.9704455335485082,0.001187679551738131,0.10468048738759035,88.13866268421798,-8.791490816247565,-6.735753832021578,-2.2568425453548144,4.5089112866667636,1.2442461679784227,-0.01061054415974047,-0.0008479788369545597,4.5089112866667636,1.2442461679784227,0.01061054415974047,0.0008479788369545597,False,False,ictal_scale,low,low,low,-0.14991817563125925,0.01909823719578422,0.00034208984001469686,0.0003421071420374751,0.0003422394225150394,1200,500,10,101.68609356880188
-7.98,-0.03,0.22,0.001,61,1688123333,True,,60,-0.15,-0.14618878554448772,0.1673159097819301,-6.523618609599844,-4.9999999782912,9.607629855055443e-05,-0.14670110468154432,0.4573539779511823,-8.118704120186418,0.001047828440287637,-112.13384536088522,-112.08667705228117,-203.79596791065993,-207.79597585567396,0.04716830860404286,-4.000007945014033,True,False,0.0003422394225150394,0.00033212471898394095,0.9704455335485082,0.0014683461059246366,9.893638452812763e-06,0.0067379471453582135,-9.250367905595814,-6.523618609599844,-11.523618587891043,-4.9699999782912,1.4563813904001561,-0.05268409021806991,-0.0009039237014494456,4.9699999782912,1.4563813904001561,0.05268409021806991,0.0009039237014494456,False,False,ictal_scale,low,low,low,-0.15048254969681857,0.017522528024903648,0.0003420953381959154,0.0003421045543208921,0.0003422394225150394,1200,500,10,118.87708759307861
-7.98,-0.03,0.22,0.001,62,2104577871,True,,60,-0.15,-0.15186974297764977,0.19943316580815446,-7.03653411854288,-4.926449277623908,0.00013088035750952849,-0.15530615693759386,0.45613918813007753,-7.642864939294698,0.0004773269084331124,-122.345366227683,-122.2054440252887,-224.2190096442555,-228.033509801689,0.13992220239430253,-3.814500157433514,True,False,0.0003422394225150394,0.00033212471898394095,0.9704455335485082,0.0008791683813116444,6.375912141299168e-06,0.007252208196781201,-8.941226953530984,-7.03653411854288,-11.962983396166788,-4.8964492776239075,0.9434658814571204,-0.020566834191845546,-0.0008691196424904715,4.8964492776239075,0.9434658814571204,0.020566834191845546,0.0008691196424904715,False,False,ictal_scale,low,low,low,-0.150886559391664,0.02124549095140049,0.0003420704903140274,0.0003420987747445996,0.0003422394225150394,1200,500,10,107.73108053207397
-7.98,-0.03,0.22,0.001,63,468732356,True,,60,-0.15,-0.1455643165480028,-0.06105779716073403,-6.420882866204709,-1.225277766916723,0.00017932198249102652,-0.14556108940564896,0.3004841803097462,-8.191083167663123,0.0015419025902865008,-104.24921434063813,-104.11516422395417,-188.02670587016576,-191.85295019901994,0.13405011668396583,-3.8262443288541874,True,False,0.0003422394225150394,0.00033212471898394095,0.9704455335485082,0.001627218983783024,0.00047787535019947993,0.2936761154841595,-8.626327583133495,-6.420882866204709,-7.646160633121432,-1.195277766916723,1.5591171337952918,-0.28105779716073404,-0.0008206780175089735,1.195277766916723,1.5591171337952918,0.28105779716073404,0.0008206780175089735,False,False,ictal_scale,low,low,low,-0.15063801493841206,0.015562703512856086,0.0003421097441972947,0.0003421253469281526,0.0003422394225150394,1200,500,10,84.57363247871399
-7.98,-0.03,0.22,0.001,64,33533738,True,,60,-0.15,-0.14668441791221637,-0.07548737825007056,-6.964651920246823,1.7771247923006535,0.00011444762253418578,-0.14576919808835043,0.05139261381678709,-17.110792584519636,0.001192370026807802,-116.44528486280622,-116.72647486206506,-212.41884691450193,-217.07557147524173,-0.28118999925884225,-4.656724560739804,False,False,0.0003422394225150394,0.00033212471898394095,0.9704455335485082,0.000944691706460655,0.005585802725587061,5.912831336812104,-9.075393284746196,-6.964651920246823,-5.187527127946169,1.8071247923006535,1.0153480797531778,-0.29548737825007054,-0.0008855523774658142,1.8071247923006535,1.0153480797531778,0.29548737825007054,0.0008855523774658142,False,False,ictal_scale,low,low,low,-0.1511608185815307,0.017437777789264128,0.0003420991444078195,0.00034212590237774954,0.0003422394225150394,1200,500,10,90.29681062698364
-7.98,-0.03,0.22,0.001,65,1570040363,True,,60,-0.15,-0.1504259971601218,-0.01675485384645796,-6.505907808491549,-3.256761179812265,0.00014944751015403092,-0.1496440729396764,0.11765129343934663,-9.634952072610385,0.0014995350417135443,-107.88854154293065,-108.71334473544978,-195.3053602747508,-201.04931122201117,-0.824803192519127,-5.743950947260373,False,False,0.0003422394225150394,0.00033212471898394095,0.9704455335485082,0.001494583347224503,5.756078786602485e-05,0.03851293269988413,-8.808565329433122,-6.505907808491549,-9.762668988303814,-3.2267611798122653,1.4740921915084515,-0.23675485384645795,-0.0008505524898459691,3.2267611798122653,1.4740921915084515,0.23675485384645795,0.0008505524898459691,False,False,ictal_scale,low,low,low,-0.14824178884224287,0.01956886374854257,0.00034207609816550987,0.00034208991430877237,0.0003422394225150394,1200,500,10,90.76841020584106
-7.98,-0.03,0.22,0.001,66,2072306457,True,,60,-0.15,-0.14395598210824834,0.14967185176033215,-6.796069748486498,4.999999980748799,0.00011630360754924214,-0.14338867066846886,0.43403797263140187,-7.779815338654385,0.0009237944990683752,-110.75883200413696,-110.93904086871278,-201.04594119716342,-205.50070348853717,-0.18020886457581753,-4.454762291373754,False,False,0.0003422394225150394,0.00033212471898394095,0.9704455335485082,0.0011181611777598066,0.1659498295824571,148.41315624544512,-9.059306479580744,-6.796069748486498,-1.7960697677376984,5.0299999807488,1.1839302515135026,-0.07032814823966785,-0.0008836963924507579,5.0299999807488,1.1839302515135026,0.07032814823966785,0.0008836963924507579,False,False,ictal_scale,low,low,low,-0.1447199582936657,0.02149525400138337,0.00034206278678066326,0.00034211415306763216,0.0003422394225150394,1200,500,10,116.05672097206116
-7.98,-0.03,0.22,0.001,67,586815326,True,,60,-0.15,-0.15571879442400305,0.07412819108200769,-6.746872817137743,-4.9999999782912,0.00019869739017416355,-0.15788978315353858,0.49815743181761835,-7.586367399948156,0.0010121038420771917,-110.61883282227632,-109.90064655901365,-200.76594283344212,-203.4239148691389,0.7181862632626661,-2.657972035696787,True,False,0.0003422394225150394,0.00033212471898394095,0.9704455335485082,0.0011745469066231657,7.914034976570886e-06,0.0067379471453582135,-8.523727542996216,-6.746872817137743,-11.746872795428942,-4.9699999782912,1.2331271828622574,-0.1458718089179923,-0.0008013026098258365,4.9699999782912,1.2331271828622574,0.1458718089179923,0.0008013026098258365,False,False,ictal_scale,low,low,low,-0.15170707782822035,0.017826760012461314,0.000342094756448174,0.000342106648518997,0.0003422394225150394,1200,500,10,120.88979244232178
-7.98,-0.03,0.22,0.001,68,2062934415,True,,60,-0.15,-0.14034243757477188,0.045310347897052954,-6.231495828278682,-4.70610288683397,0.0001950350527421751,-0.1401721851445945,0.4049470059518631,-7.941889231522328,0.0014295520597246377,-103.65161405905432,-103.5948119068222,-186.83150530699814,-190.812245564756,0.05680215223212315,-3.9807402577578728,True,False,0.0003422394225150394,0.00033212471898394095,0.9704455335485082,0.001966508137027531,1.7777112989390213e-05,0.009039938688614413,-8.542331257902818,-6.231495828278682,-10.937598715112653,-4.67610288683397,1.7485041717213186,-0.17468965210294704,-0.0008049649472578249,4.67610288683397,1.7485041717213186,0.17468965210294704,0.0008049649472578249,False,False,ictal_scale,low,low,low,-0.1452930786500068,0.02123759543357944,0.0003420582307258944,0.00034206660369021736,0.0003422394225150394,1200,500,10,107.02489805221558
-7.98,-0.03,0.22,0.001,69,1729766789,True,,60,-0.15,-0.15104048485406762,0.014031495129656266,-6.6721220405300405,-4.999999959494385,9.955339831342337e-05,-0.15148767293691817,0.44029308324338734,-9.588256039027366,0.001201148549924271,-115.4249453590857,-115.82305725382696,-210.37816790706088,-215.26873625876553,-0.3981118947412625,-4.890568351704644,False,False,0.0003422394225150394,0.00033212471898394095,0.9704455335485082,0.001265710011265664,8.52828731756342e-06,0.0067379472720101585,-9.214816391287107,-6.6721220405300405,-11.672122000024427,-4.969999959494385,1.3078779594699599,-0.20596850487034374,-0.0009004466016865767,4.969999959494385,1.3078779594699599,0.20596850487034374,0.0009004466016865767,False,False,ictal_scale,low,low,low,-0.14954761969770805,0.019260718388950274,0.0003420800944505534,0.0003421047089772843,0.0003422394225150394,1200,500,10,110.01288795471191
-7.98,-0.03,0.22,0.001,70,1954223487,True,,60,-0.15,-0.16338627235033065,-0.17304504793606104,-6.825329048484179,1.122954046309102,0.00010772821414939931,-0.16270442940554697,0.2750789576695165,-12.861492168770713,0.0013086241843949578,-114.6486414655154,-114.00819220447417,-208.82556011992028,-211.63900616005995,0.6404492610412262,-2.8134460401396666,True,False,0.0003422394225150394,0.00033212471898394095,0.9704455335485082,0.0010859185628125953,0.0033380282114512496,3.0739213102735388,-9.135899038292026,-6.825329048484179,-5.702375002175078,1.152954046309102,1.154670951515821,-0.39304504793606104,-0.0008922717858506007,1.152954046309102,1.154670951515821,0.39304504793606104,0.0008922717858506007,False,False,ictal_scale,low,low,low,-0.1561100676618496,0.018326572161107047,0.00034207862924645214,0.0003420879263774045,0.0003422394225150394,1200,500,10,90.50425958633423
-7.98,-0.03,0.22,0.001,71,408344820,True,,60,-0.15,-0.15799511656200632,0.1527511055243351,-7.155475064166502,-0.9359350273178981,8.8835989609873e-05,-0.15621776484629496,0.4385232175564616,-8.200286697794006,0.0005488205513936775,-126.95735798782133,-126.58454831992758,-233.44299316453214,-236.79171839096676,0.3728096678937476,-3.348725226434624,True,False,0.0003422394225150394,0.00033212471898394095,0.9704455335485082,0.0007805786423355956,0.00030615774218928593,0.39221895858336703,-9.32871870167384,-7.155475064166502,-8.0914100914844,-0.9059350273178981,0.8245249358334981,-0.0672488944756649,-0.000911164010390127,0.9059350273178981,0.8245249358334981,0.0672488944756649,0.000911164010390127,False,False,ictal_scale,low,low,low,-0.15345447320917807,0.014898250727575122,0.00034211198538253954,0.0003421192245344133,0.0003422394225150394,1200,500,10,106.05469393730164
-7.98,-0.03,0.22,0.001,72,1944851445,True,,60,-0.15,-0.15375898410858096,0.19766576575734462,-6.905176956727066,1.1782293020655397,0.0001586495606567037,-0.15330289676735132,0.4439952272716888,-8.042212363762655,0.000831704795215376,-116.83310192913082,-116.66441068035172,-213.19448104715113,-216.95144311181505,0.1686912487790977,-3.7569620646639237,True,False,0.0003422394225150394,0.00033212471898394095,0.9704455335485082,0.0010025816489864102,0.003257003576274319,3.24861678803625,-8.748812809200148,-6.905176956727066,-5.726947654661527,1.2082293020655397,1.074823043272934,-0.022334234242655376,-0.0008413504393432964,1.2082293020655397,1.074823043272934,0.022334234242655376,0.0008413504393432964,False,False,ictal_scale,low,low,low,-0.1510682225929677,0.018970985228203566,0.00034207515596703985,0.00034208954623332383,0.0003422394225150394,1200,500,10,76.4913432598114
-7.98,-0.03,0.22,0.001,73,1847849759,True,,60,-0.15,-0.15208430046959254,-0.1309183339953266,-6.689494941819771,-0.9332719668476523,9.976103482897518e-05,-0.15092023531294985,0.25899465135543237,-12.990504575263232,0.0013030889740662643,-113.56850431276503,-113.95490969842061,-206.66528581441955,-211.53244114795282,-0.38640538565557847,-4.867155333533276,False,False,0.0003422394225150394,0.00033212471898394095,0.9704455335485082,0.0012439108616933872,0.0004891864226791081,0.3932648534101217,-9.212732883460898,-6.689494941819771,-7.6227669086674235,-0.9032719668476523,1.290505058180229,-0.35091833399532657,-0.0009002389651710248,0.9032719668476523,1.290505058180229,0.35091833399532657,0.0009002389651710248,False,False,ictal_scale,low,low,low,-0.15336734595201262,0.01923351938791748,0.0003420736716786389,0.00034208987859240777,0.0003422394225150394,1200,500,10,100.42723989486694
-7.98,-0.03,0.22,0.001,74,1836140517,True,,60,-0.15,-0.14762258833608952,0.14502690424223252,-6.631516455025431,0.1542572990535617,0.00014287014611965754,-0.14740381577652734,0.43952151224935115,-7.7301652839730925,0.0009565882964518546,-110.14303824923984,-110.39845175009741,-199.81435368736916,-204.41952525130642,-0.2554135008575713,-4.605171563937262,False,False,0.0003422394225150394,0.00033212471898394095,0.9704455335485082,0.0013181626352544856,0.0015380203815984898,1.166791062395391,-8.853574409342174,-6.631516455025431,-6.477259155971869,0.1842572990535617,1.3484835449745693,-0.07497309575776748,-0.0008571298538803425,0.1842572990535617,1.3484835449745693,0.07497309575776748,0.0008571298538803425,False,False,ictal_scale,low,low,low,-0.1544292209218635,0.01853383795161811,0.00034209776507015705,0.0003421202965775571,0.0003422394225150394,1200,500,10,78.7298972606659
-7.98,-0.03,0.22,0.001,75,290261850,True,,60,-0.15,-0.146886126345251,0.15555828649104145,-6.8679667843601635,-4.997816110422221,0.00011309807928357461,-0.14610600889980369,0.407088592848807,-8.24824712575042,0.0007141469350816428,-121.91882123174597,-121.6387428289897,-223.36591965238142,-226.90010740909102,0.28007840275625995,-3.534187756709599,True,False,0.0003422394225150394,0.00033212471898394095,0.9704455335485082,0.0010405906603945852,7.026773670803983e-06,0.006752678010909186,-9.087255157448165,-6.8679667843601635,-11.865782894782384,-4.967816110422221,1.112033215639837,-0.06444171350895855,-0.0008869019207164255,4.967816110422221,1.112033215639837,0.06444171350895855,0.0008869019207164255,False,False,ictal_scale,low,low,low,-0.1505186186908812,0.016044147460419208,0.00034210624624850705,0.0003421140636343472,0.0003422394225150394,1200,500,10,103.16689682006836
-7.98,-0.03,0.22,0.001,76,1354955707,True,,60,-0.15,-0.13952140281013464,-0.005880090048785601,-6.505542635005437,-4.9999999782912,0.00016109814339494157,-0.1415907887052077,0.4099826158033831,-8.058303670727465,0.0013136690121345876,-108.54677434327671,-108.06647082978225,-196.6218258754429,-199.7555634106761,0.4803035134944622,-3.1337375352331946,True,False,0.0003422394225150394,0.00033212471898394095,0.9704455335485082,0.0014951292291004216,1.0074101721158812e-05,0.0067379471453582135,-8.733496792398086,-6.505542635005437,-11.505542613296637,-4.9699999782912,1.4744573649945636,-0.2258800900487856,-0.0008389018566050584,4.9699999782912,1.4744573649945636,0.2258800900487856,0.0008389018566050584,False,False,ictal_scale,low,low,low,-0.14403889184471358,0.018839642821241467,0.00034207900573182947,0.00034211813949067306,0.0003422394225150394,1200,500,10,126.41649603843689
-7.98,-0.03,0.22,0.001,77,1965932729,True,,60,-0.15,-0.14615081490976534,0.15895442217559946,-6.853558123053172,-4.9999999782912,0.00011463987732525709,-0.14585997063409212,0.4318235781546367,-8.315543482601845,0.0007889608688497036,-121.10297612807521,-120.82035222418904,-221.73422944503992,-225.26332619948968,0.28262390388617575,-3.5290967544497676,True,False,0.0003422394225150394,0.00033212471898394095,0.9704455335485082,0.0010556927177172608,7.113201733718466e-06,0.0067379471453582135,-9.073714844531661,-6.853558123053172,-11.853558101344372,-4.9699999782912,1.1264418769468287,-0.06104557782440054,-0.0008853601226747429,4.9699999782912,1.1264418769468287,0.06104557782440054,0.0008853601226747429,False,False,ictal_scale,low,low,low,-0.15293740398093306,0.017758004342766896,0.00034208623260242,0.00034209713245918677,0.0003422394225150394,1200,500,10,123.12736701965332
-7.98,-0.03,0.22,0.001,78,1463666635,True,,60,-0.15,-0.14945141561075923,0.1507945978991437,-6.788376773116086,-4.981998845679698,0.00011786196448914707,-0.1475954265016215,0.47962776436131,-7.858529151568428,0.0007533450484767831,-118.65134270323362,-118.05160454086476,-216.83096259535674,-219.72583083284113,0.5997381623688653,-2.8948682374843884,True,False,0.0003422394225150394,0.00033212471898394095,0.9704455335485082,0.0011267963366055945,7.730201574507778e-06,0.006860336090366197,-9.045996410704726,-6.788376773116086,-11.770375618795784,-4.9519988456796975,1.1916232268839142,-0.0692054021008563,-0.0008821380355108529,4.9519988456796975,1.1916232268839142,0.0692054021008563,0.0008821380355108529,False,False,ictal_scale,low,low,low,-0.15012059756084448,0.015628116661703082,0.00034211705199338824,0.0003421375439768887,0.0003422394225150394,1200,500,10,95.75004124641418
-7.98,-0.03,0.22,0.001,79,172178880,True,,60,-0.15,-0.14387523556696613,0.259100693693774,-6.91749401741172,-4.999320775020665,0.0001424912379353839,-0.14371402640975225,0.4703062574780311,-7.473864368687143,0.0005083368960137475,-120.83649958334937,-119.98805685101442,-221.20127635558822,-223.59873545314045,0.848442732334945,-2.397459097552229,True,False,0.0003422394225150394,0.00033212471898394095,0.9704455335485082,0.0009903085295156844,6.677180152271465e-06,0.006742525135613014,-8.856230048318789,-6.91749401741172,-11.916814792432385,-4.969320775020665,1.0625059825882808,0.039100693693773975,-0.0008575087620646162,4.969320775020665,1.0625059825882808,0.039100693693773975,0.0008575087620646162,False,False,ictal_scale,low,low,low,-0.14551946919389455,0.018980096624035207,0.0003420793396513989,0.00034207134362393876,0.0003422394225150394,1200,500,10,97.42437601089478
-7.98,-0.03,0.22,0.001,80,1473038677,True,,60,-0.15,-0.1503779723919434,0.08401701643441542,-6.679918476488432,-3.6547514435469988,8.00658608390823e-05,-0.14986634173099833,0.4039486375974491,-8.51383711738211,0.000980731394438505,-116.28410384546933,-116.5521254148666,-212.09648487982815,-216.7268725808448,-0.26802156939726274,-4.6303877010166445,False,False,0.0003422394225150394,0.00033212471898394095,0.9704455335485082,0.0012558803521655582,3.2487020421805396e-05,0.025867926324181206,-9.432661001494903,-6.679918476488432,-10.33466992003543,-3.624751443546999,1.3000815235115688,-0.13598298356558458,-0.0009199341391609177,3.624751443546999,1.3000815235115688,0.13598298356558458,0.0009199341391609177,False,False,ictal_scale,low,low,low,-0.14686263965876029,0.020707463708789373,0.0003420824814234042,0.00034212649211906143,0.0003422394225150394,1200,500,10,97.5284149646759
-7.98,-0.03,0.22,0.001,81,1176711064,True,,60,-0.15,-0.14517848045633205,0.021564441115869623,-6.651388683744061,0.2399449117169443,0.00012883956948351035,-0.14705265978471044,-0.3158096756496143,-16.92170025980203,0.0014881500419371956,-109.45810818608702,-109.86037134569574,-198.44449356106352,-203.3433644425031,-0.4022631596087223,-4.898870881439564,False,False,0.0003422394225150394,0.00033212471898394095,0.9704455335485082,0.0012922263651498067,0.0016426511753941586,1.271179121317284,-8.956942574988462,-6.651388683744061,-6.411443772027117,0.2699449117169443,1.3286113162559392,-0.1984355588841304,-0.0008711604305164897,0.2699449117169443,1.3286113162559392,0.1984355588841304,0.0008711604305164897,False,False,ictal_scale,low,low,low,-0.14927587352890487,0.018060308697058332,0.0003420910789035113,0.0003421198329809507,0.0003422394225150394,1200,500,10,83.19580507278442
-7.98,-0.03,0.22,0.001,82,1581749605,True,,60,-0.15,-0.1486239823682458,0.06934593881852887,-6.685426584609615,-4.9999999782912,0.00015232543999970792,-0.14978252671960868,0.373829162720306,-9.186047386599814,0.001205936559779793,-114.65926157359009,-114.4988051076954,-208.84680033606966,-212.62023196650242,0.16045646589468276,-3.7734316304327535,True,False,0.0003422394225150394,0.00033212471898394095,0.9704455335485082,0.0012489818437050905,8.415573648396946e-06,0.0067379471453582135,-8.789491273275162,-6.685426584609615,-11.685426562900815,-4.9699999782912,1.2945734153903858,-0.15065406118147112,-0.0008476745600002921,4.9699999782912,1.2945734153903858,0.15065406118147112,0.0008476745600002921,False,False,ictal_scale,low,low,low,-0.14873251602478893,0.01617933270413822,0.00034210743876807534,0.00034213674805333905,0.0003422394225150394,1200,500,10,131.75045657157898
-7.98,-0.03,0.22,0.001,83,980144625,True,,60,-0.15,-0.1560243041412583,-0.1626089740718133,-6.920854977942012,4.999999980748799,0.00012231116560115866,-0.1562065751323951,0.4236293828450799,-11.633494339204134,0.0012305936315065496,-116.34070735607011,-115.78890172063896,-212.20969190102971,-215.20042519238953,0.5518056354311511,-2.990733291359817,True,False,0.0003422394225150394,0.00033212471898394095,0.9704455335485082,0.0009869857286643041,0.14648166716027988,148.41315624544512,-9.008942222617854,-6.920854977942012,-1.9208549971932127,5.0299999807488,1.0591450220579883,-0.38260897407181327,-0.0008776888343988414,5.0299999807488,1.0591450220579883,0.38260897407181327,0.0008776888343988414,False,False,ictal_scale,low,low,low,-0.15653954154961358,0.017099328731436058,0.0003420995762894693,0.0003421356868523951,0.0003422394225150394,1200,500,10,109.7556893825531
-7.98,-0.03,0.22,0.001,84,1591121647,True,,60,-0.15,-0.149109366313813,0.20208639778951348,-6.617119574535066,-4.888452637546541,0.00013656018409146674,-0.14850274786170653,0.4341725567193593,-7.700148734027006,0.0008052341965760027,-113.62269883298757,-113.59752567560254,-206.77367485486462,-210.8176731023167,0.025173157385026457,-4.043998247452066,True,False,0.0003422394225150394,0.00033212471898394095,0.9704455335485082,0.0013372773310186626,1.007380354440106e-05,0.007533069850759674,-8.898745131416119,-6.617119574535066,-11.505572212081606,-4.858452637546541,1.362880425464934,-0.017913602210486518,-0.0008634398159085333,4.858452637546541,1.362880425464934,0.017913602210486518,0.0008634398159085333,False,False,ictal_scale,low,low,low,-0.1489196011927435,0.01952643606138792,0.0003420771110384324,0.00034210031408575623,0.0003422394225150394,1200,500,10,114.35208582878113
-7.98,-0.03,0.22,0.001,85,1058628094,True,,60,-0.15,-0.15148077071017657,0.07283428515596871,-6.7996287193531995,4.998560962180281,0.00014231763656223227,-0.15058388564174152,0.36179043150669843,-8.760031178273966,0.0012438277898432694,-112.14101550656828,-111.7269405323577,-203.81030820202605,-207.076502815827,0.41407497421057826,-3.2661946138009625,True,False,0.0003422394225150394,0.00033212471898394095,0.9704455335485082,0.0011141887477781594,0.1651224833435594,148.1997405491983,-8.857449121249417,-6.7996287193531995,-1.8010677571729188,5.028560962180281,1.180371280646801,-0.1471657148440313,-0.0008576823634377677,5.028560962180281,1.180371280646801,0.1471657148440313,0.0008576823634377677,False,False,ictal_scale,low,low,low,-0.15174637802837845,0.01920353455889762,0.00034209272295690886,0.00034211180190026253,0.0003422394225150394,1200,500,10,117.33727860450745
-7.98,-0.03,0.22,0.001,86,1699832575,True,,60,-0.15,-0.15360458484268213,-0.020194520951566236,-6.8599017181611535,-4.184718741963568,0.00012322693383537992,-0.15342596527330937,0.3570215835384166,-9.104231449127319,0.0009582219618166013,-119.93884227914862,-119.86492709064105,-219.40596174718672,-223.3524759323937,0.07391518850756995,-3.946514185206979,True,False,0.0003422394225150394,0.00033212471898394095,0.9704455335485082,0.0010490170268839425,1.5972845079131143e-05,0.015226487911809944,-9.001482911964793,-6.8599017181611535,-11.044620460124722,-4.154718741963568,1.120098281838847,-0.24019452095156624,-0.0008767730661646201,4.154718741963568,1.120098281838847,0.24019452095156624,0.0008767730661646201,False,False,ictal_scale,low,low,low,-0.15024281075246082,0.018672302857808104,0.00034210388387117646,0.0003421387643173801,0.0003422394225150394,1200,500,10,99.82329273223877
-7.98,-0.03,0.22,0.001,87,949917166,True,,60,-0.15,-0.1532393767699363,0.11424731542867148,-6.4138143558486576,-4.9999999782912,0.00012178255438159648,-0.1521308155888893,0.427481397109864,-7.642387963547738,0.0010633571482268106,-108.07651073911468,-108.28019229234981,-195.68129866711885,-200.18300633581123,-0.20368155323512838,-4.501707668692376,False,False,0.0003422394225150394,0.00033212471898394095,0.9704455335485082,0.0016387617450251306,1.1041890021814323e-05,0.0067379471453582135,-9.013273444625304,-6.4138143558486576,-11.413814334139857,-4.9699999782912,1.5661856441513429,-0.10575268457132853,-0.0008782174456184035,4.9699999782912,1.5661856441513429,0.10575268457132853,0.0008782174456184035,False,False,ictal_scale,low,low,low,-0.1509563107913009,0.018036969517094978,0.00034209960243593215,0.00034212698859534415,0.0003422394225150394,1200,500,10,124.27129769325256
-7.98,-0.03,0.22,0.001,88,1551522146,True,,60,-0.15,-0.1485451535789367,0.005155631758964869,-6.7739308976254105,0.8327391243801364,0.00013252032955354283,-0.1482404900580848,0.1636292840135377,-12.959507976916026,0.0012915162180031877,-113.92479262780952,-114.43356889877548,-207.37786244450854,-212.48975954866256,-0.5087762709659529,-5.111897104154025,False,False,0.0003422394225150394,0.00033212471898394095,0.9704455335485082,0.0011431920361801083,0.0026288947369187752,2.2996090365561264,-8.92877449371449,-6.7739308976254105,-5.941191773245274,0.8627391243801364,1.20606910237459,-0.21484436824103514,-0.0008674796704464572,0.8627391243801364,1.20606910237459,0.21484436824103514,0.0008674796704464572,False,False,ictal_scale,low,low,low,-0.1498663062785883,0.016450973080455216,0.0003421059766166754,0.000342134846221159,0.0003422394225150394,1200,500,10,73.86716866493225
-7.98,-0.03,0.22,0.001,89,1206938523,True,,60,-0.15,-0.15247188699643266,-0.06603042483235805,-7.22570976245091,4.999999980748799,7.871052231508716e-05,-0.1518789119575426,0.24022157467617886,-11.612740749638746,0.0009042101317940475,-124.58312381068318,-124.775649538937,-228.69452481025584,-233.17392082898562,-0.19252572825382686,-4.479396018729773,False,False,0.0003422394225150394,0.00033212471898394095,0.9704455335485082,0.0007276359071233541,0.10799074157369455,148.41315624544512,-9.44973370988876,-7.22570976245091,-2.2257097817021103,5.0299999807488,0.7542902375490907,-0.2860304248323581,-0.0009212894776849128,5.0299999807488,0.7542902375490907,0.2860304248323581,0.0009212894776849128,False,False,ictal_scale,low,low,low,-0.14927994488984972,0.014964784842998407,0.00034212184729070415,0.0003421525514566495,0.0003422394225150394,1200,500,10,97.51610326766968
-7.98,-0.03,0.22,0.001,90,1442811218,True,,60,-0.15,-0.1417079099104531,0.1860336241044079,-6.906316662084882,4.999999980748799,0.00011722090019012559,-0.14073096474305202,0.438392302308507,-7.699211599335843,0.0008439332379775783,-113.57802174217711,-113.44964558836664,-206.68432067324372,-210.52191292784488,0.1283761538104784,-3.8375922546011623,True,False,0.0003422394225150394,0.00033212471898394095,0.9704455335485082,0.0010014396522029531,0.14862681957278112,148.41315624544512,-9.051450367452853,-6.906316662084882,-1.906316681336083,5.0299999807488,1.073683337915118,-0.033966375895592094,-0.0008827790998098744,5.0299999807488,1.073683337915118,0.033966375895592094,0.0008827790998098744,False,False,ictal_scale,low,low,low,-0.14616872250145416,0.019709917097317235,0.00034207769879592915,0.0003421008744443044,0.0003422394225150394,1200,500,10,117.63663172721863
-7.98,-0.03,0.22,0.001,91,831834196,True,,60,-0.15,-0.15105447532423566,-0.05810074848803395,-7.071060366409081,-4.9999999782912,0.00012870168813956996,-0.1498147339879748,0.04482762567996523,-15.852017809293258,0.0009595361858365101,-123.5750163430101,-123.39519417171937,-226.6783098749097,-230.41301009455034,0.17982217129073774,-3.7347002196406436,True,False,0.0003422394225150394,0.00033212471898394095,0.9704455335485082,0.0008493320283602099,5.722754315950972e-06,0.0067379471453582135,-8.958013326590644,-7.071060366409081,-12.071060344700282,-4.9699999782912,0.9089396335909194,-0.27810074848803396,-0.00087129831186043,4.9699999782912,0.9089396335909194,0.27810074848803396,0.00087129831186043,False,False,ictal_scale,low,low,low,-0.14772205546414022,0.016060148848340724,0.000342101447540782,0.0003421045015221257,0.0003422394225150394,1200,500,10,111.73661351203918
-7.98,-0.03,0.22,0.001,92,1433439176,True,,60,-0.15,-0.15805060658274062,0.12484956329415425,-6.521838819539262,-4.981600167333387,0.0001588394571608848,-0.1591882867284226,0.4748220943249725,-7.789728392432432,0.0009399132484356502,-110.60561216233187,-111.22183018604225,-200.73950151355322,-206.06628212319612,-0.6162180237103883,-5.326780609642896,False,False,0.0003422394225150394,0.00033212471898394095,0.9704455335485082,0.0014709617807149905,1.0095316173555442e-05,0.006863071703092382,-8.747616569228564,-6.521838819539262,-11.503438986872649,-4.951600167333387,1.4581611804607384,-0.09515043670584575,-0.0008411605428391152,4.951600167333387,1.4581611804607384,0.09515043670584575,0.0008411605428391152,False,False,ictal_scale,low,low,low,-0.15719975098127426,0.018440761306633257,0.00034207574663459113,0.00034210677632501746,0.0003422394225150394,1200,500,10,116.66463994979858
-7.98,-0.03,0.22,0.001,93,1325021493,True,,60,-0.15,-0.15003441308710644,0.07546837384366639,-6.6185609195649295,-4.423620861320209,9.119744130551908e-05,-0.1505166237142938,0.3946149948849569,-8.212097682787636,0.000991225253146523,-115.31887222186242,-114.98740495697568,-210.16602163261433,-213.59743166506297,0.33146726488674005,-3.431410032448639,True,False,0.0003422394225150394,0.00033212471898394095,0.9704455335485082,0.0013353512413973518,1.601184525996005e-05,0.011990736791621026,-9.302483717138097,-6.6185609195649295,-11.042181780885137,-4.393620861320208,1.361439080435071,-0.1445316261563336,-0.000908802558694481,4.393620861320208,1.361439080435071,0.1445316261563336,0.000908802558694481,False,False,ictal_scale,low,low,low,-0.1539384846447434,0.016957137549130526,0.000342100374564877,0.00034212421014329737,0.0003422394225150394,1200,500,10,112.5475115776062
-7.98,-0.03,0.22,0.001,94,1324728248,True,,60,-0.15,-0.1419495490141527,0.011413112259378837,-6.428099120502017,-3.15839688455455,0.00014272246599898093,-0.1404625549984471,0.40639506678730547,-8.582030259830656,0.0014088543873408393,-107.61723580686468,-107.694431231518,-194.76274880261886,-199.0114842141476,-0.0771954246533113,-4.248735411528742,False,False,0.0003422394225150394,0.00033212471898394095,0.9704455335485082,0.001615518824235063,6.864954833211019e-05,0.042493808987100666,-8.854608610701543,-6.428099120502017,-9.586496005056567,-3.12839688455455,1.5519008794979836,-0.20858688774062117,-0.0008572775340010191,3.12839688455455,1.5519008794979836,0.20858688774062117,0.0008572775340010191,False,False,ictal_scale,low,low,low,-0.1458371906042651,0.017919822944115777,0.00034209013705682935,0.0003420994530452905,0.0003422394225150394,1200,500,10,96.71259331703186
-7.98,-0.03,0.22,0.001,95,320489309,True,,60,-0.15,-0.15122069721480774,-0.14958050252664523,-7.083764793472243,4.979939907532069,9.359498319406632e-05,-0.1511260205083068,0.3573480007330433,-10.637263628667121,0.0010613796958264332,-120.82878872719303,-120.4710377240004,-221.18585464327555,-224.5646971991124,0.3577510031926323,-3.3788425558368544,True,False,0.0003422394225150394,0.00033212471898394095,0.9704455335485082,0.000838610004352527,0.12198894099492852,145.46564000165202,-9.276533774271163,-7.083764793472243,-2.103824885940174,5.009939907532069,0.8962352065277575,-0.3695805025266452,-0.0009064050168059337,5.009939907532069,0.8962352065277575,0.3695805025266452,0.0009064050168059337,False,False,ictal_scale,low,low,low,-0.15378101764329927,0.01606655007463862,0.0003421133542901904,0.000342153251265291,0.0003422394225150394,1200,500,10,106.99779868125916
-7.98,-0.03,0.22,0.001,96,1315356206,True,,60,-0.15,-0.15006775353648105,0.14373486865648,-6.863862328080686,4.9966059377901075,0.00013023549573306373,-0.15013326842021152,0.4251777664828474,-7.960317050923207,0.0010230362891951717,-112.12150687412691,-112.06457065016077,-203.7712909371433,-207.75176305143316,0.05693622396613307,-3.980472114289853,True,False,0.0003422394225150394,0.00033212471898394095,0.9704455335485082,0.0010448704964566321,0.15454709759578455,147.91028947595433,-8.946166240667251,-6.863862328080686,-1.8672563902905788,5.026605937790108,1.1161376719193141,-0.07626513134352,-0.0008697645042669362,5.026605937790108,1.1161376719193141,0.07626513134352,0.0008697645042669362,False,False,ictal_scale,low,low,low,-0.15229769580313635,0.019301230535782303,0.00034208482557598685,0.00034210912366384853,0.0003422394225150394,1200,500,10,115.6951675415039
-7.98,-0.03,0.22,0.001,97,1817622300,True,,60,-0.15,-0.14865626634462825,0.30378045254494734,-6.86387767585931,-4.9999999782912,0.00010757852972218146,-0.15060868726963805,0.49368425432459306,-7.5219381340063105,0.00047671653463774366,-119.30106129856354,-119.85710703117357,-218.13039978601657,-223.33683581345875,-0.5560457326100305,-5.20643602744218,False,False,0.0003422394225150394,0.00033212471898394095,0.9704455335485082,0.001044854460138623,7.040174127005832e-06,0.0067379471453582135,-9.137289468044866,-6.86387767585931,-11.86387765415051,-4.9699999782912,1.1161223241406901,0.08378045254494734,-0.0008924214702778185,4.9699999782912,1.1161223241406901,0.08378045254494734,0.0008924214702778185,False,False,ictal_scale,low,low,low,-0.14833646235986148,0.01620854807628014,0.00034210287997026685,0.00034211934166952546,0.0003422394225150394,1200,500,10,123.52226972579956
-7.98,-0.03,0.22,0.001,98,1206645278,True,,60,-0.15,-0.15796423696496792,0.08964450670115341,-6.669909937784391,-4.9999999782912,0.00011882651007236677,-0.15580442185577376,0.4304628715914692,-8.023792454746804,0.0009730922485130937,-112.94573532983773,-113.47930148259931,-205.41974784856495,-210.58122471631023,-0.5335661527615798,-5.161476867745279,False,False,0.0003422394225150394,0.00033212471898394095,0.9704455335485082,0.001268512990953304,8.547173486243623e-06,0.0067379471453582135,-9.037846027172414,-6.669909937784391,-11.669909916075591,-4.9699999782912,1.3100900622156093,-0.1303554932988466,-0.0008811734899276333,4.9699999782912,1.3100900622156093,0.1303554932988466,0.0008811734899276333,False,False,ictal_scale,low,low,low,-0.1457930681353425,0.019577615033780756,0.0003420715881919292,0.0003421089473761845,0.0003422394225150394,1200,500,10,111.00395464897156
-7.98,-0.03,0.22,0.001,99,438572279,True,,60,-0.15,-0.15750073341527482,0.28496734818459546,-6.728313356241333,-4.824971266080889,9.973595899530382e-05,-0.15350166986052588,0.4769949166935144,-6.994528962031767,0.0002078570467379181,-117.64410642761007,-116.49664813846172,-214.81649004410963,-216.61591802803505,1.1474582891483465,-1.7994279839254261,True,False,0.0003422394225150394,0.00033212471898394095,0.9704455335485082,0.0011965494097392697,9.604444265221523e-06,0.00802678450805835,-9.212984274054037,-6.728313356241333,-11.553284622322224,-4.794971266080889,1.2516866437586671,0.06496734818459546,-0.0009002640410046962,4.794971266080889,1.2516866437586671,0.06496734818459546,0.0009002640410046962,False,False,ictal_scale,low,low,low,-0.14898550170506947,0.01915539764354649,0.00034207847785189667,0.0003421039306330666,0.0003422394225150394,1200,500,10,110.05976796150208
-7.98,1.45,0.22,0.001,0,1637776910,True,,60,-0.15,-0.14785053931442155,-0.21791537130091237,-6.763340167467342,-2.7350739037529954,0.00014353102417334436,-0.14791078737066027,0.08134387765176627,-11.577509520878106,0.0012008114664067936,-117.32612696988706,-116.24593091998607,-214.1805311286636,-216.11448359108374,1.0801960499009908,-1.9339524624201374,True,False,0.0003422394225150394,0.0014590058497868585,4.263114515168817,0.0011553636137337977,7.497063374125421e-05,0.0648892113704109,-8.848959349801731,-6.763340167467342,-9.498414071220337,-4.185073903752995,1.2166598325326587,-0.4379153713009124,-0.0008564689758266557,4.185073903752995,1.2166598325326587,0.4379153713009124,0.0008564689758266557,True,True,strong,low,low,low,-0.14860589839902413,0.018839817591265667,0.00034979510682357995,0.00034877128493367073,0.00036590816757224056,1200,500,10,97.25901818275452
-7.98,1.45,0.22,0.001,1,1011972831,True,,60,-0.15,-0.14846786938156264,0.37089754302795386,-6.527576379645842,-4.936123372130732,0.00018856513163851898,-0.1488949306858877,0.48957836171859986,-6.727010941612926,0.00018033591752514232,-109.58388011480665,-109.00205710167904,-198.69603741850278,-201.6267359544697,0.5818230131276039,-2.9306985359669113,True,False,0.0003422394225150394,0.0014590058497868585,4.263114515168817,0.0014625462145783337,1.050457426083945e-05,0.007182387917819076,-8.576067084822759,-6.527576379645842,-11.463699751776574,-6.386123372130732,1.4524236203541587,0.15089754302795386,-0.000811434868361481,6.386123372130732,1.4524236203541587,0.15089754302795386,0.000811434868361481,True,True,strong,low,low,low,-0.15422000231807204,0.016503214637748672,0.00034838790924355894,0.0003464716078914472,0.0003708379976340264,1200,500,10,100.73428535461426
-7.98,1.45,0.22,0.001,2,1647148952,True,,60,-0.15,-0.15541402361500883,-0.14598927995753724,-7.096794725197735,3.8874525076615907,6.116029073051464e-05,-0.15634753970393322,0.2847547390569861,-17.9530085548651,0.0009818334852565373,-122.85497359745618,-122.7394213842036,-225.23822438380185,-229.1014645195188,0.11555221325258458,-3.86324013571695,True,False,0.0003422394225150394,0.0014590058497868585,4.263114515168817,0.0008277538542937327,0.04038316787716143,48.78644498927486,-9.702012423309174,-7.096794725197735,-3.209342217536144,2.4374525076615905,0.8832052748022656,-0.3659892799575373,-0.0009388397092694854,2.4374525076615905,0.8832052748022656,0.3659892799575373,0.0009388397092694854,True,True,strong,low,low,low,-0.1523042565907834,0.016195610784714865,0.0003491703607753752,0.0003483927398183907,0.0003611091564797273,1200,500,10,86.89354014396667
-7.98,1.45,0.22,0.001,3,1144882858,True,,60,-0.15,-0.15154276406412678,-0.01559686194710743,-7.527150962361571,3.7469140109313837,0.00036443868343436034,-0.1531357056984308,0.3069145805633027,-9.336054685709112,0.0009544247904066485,-119.90118087586261,-120.29482428191534,-219.3306389406147,-224.2122703149423,-0.39364340605273185,-4.881631374327583,False,False,0.0003422394225150394,0.0014590058497868585,4.263114515168817,0.0005382696246073159,0.022817284196369674,42.390064668827584,-7.917152241696868,-7.527150962361571,-3.780236951430187,2.296914010931384,0.45284903763842976,-0.23559686194710744,-0.0006355613165656397,2.296914010931384,0.45284903763842976,0.23559686194710744,0.0006355613165656397,True,True,strong,low,low,low,-0.15555762313778948,0.01809067605930284,0.0003501148520126361,0.0003491486606964986,0.0003619738936749799,1200,500,10,92.64134931564331
-7.98,1.45,0.22,0.001,4,1504866883,True,,60,-0.15,-0.15583322866750343,0.03829309624186488,-6.783311927623008,-4.961079936767636,0.00012705731221880287,-0.15611342407705264,0.3789855824295642,-9.976256902682078,0.0010656402031140161,-118.86894479391954,-118.80998957028365,-217.26616677672857,-221.2426008916789,0.05895522363589123,-3.9764341149503366,True,False,0.0003422394225150394,0.0014590058497868585,4.263114515168817,0.0011325178630453435,7.933693527253496e-06,0.007005358401959124,-8.970872295987258,-6.783311927623008,-11.744391864390643,-6.411079936767636,1.1966880723769924,-0.1817069037581351,-0.0008729426877811972,6.411079936767636,1.1966880723769924,0.1817069037581351,0.0008729426877811972,True,True,strong,low,low,low,-0.15023317746129822,0.02037770284551792,0.0003506412869013408,0.00035081714394670065,0.00036825236414263245,1200,500,10,93.1672134399414
-7.98,1.45,0.22,0.001,5,893889861,True,,60,-0.15,-0.15164089053596402,0.12145927731589763,-6.510662987608879,-4.9999999782912,0.00011150493587400336,-0.15078647350837565,0.4114053925669758,-8.302682387793865,0.0011131514271321282,-112.15408917932919,-111.55261181283849,-203.83645554754787,-206.7278453767886,0.6014773664906983,-2.8913898292407225,True,False,0.0003422394225150394,0.0014590058497868585,4.263114515168817,0.0014874932065072333,1.0022650604525158e-05,0.0067379471453582135,-9.101441700115615,-6.510662987608879,-11.510662965900078,-6.4499999782912,1.4693370123911214,-0.09854072268410237,-0.0008884950641259966,6.4499999782912,1.4693370123911214,0.09854072268410237,0.0008884950641259966,True,True,strong,low,low,low,-0.15012527197027586,0.01865708688359162,0.00034971473383620046,0.00034930165150664984,0.0003664273498382222,1200,500,10,116.58276128768921
-7.98,1.45,0.22,0.001,6,1495494841,True,,60,-0.15,-0.15042762309563257,0.06748192869779929,-6.568563491053837,1.02460452814673,0.0001481946779268187,-0.15096684769073968,0.38988518701121866,-8.668330602622023,0.0013776604842983967,-108.07697510415844,-108.63105239192632,-195.68222739720636,-200.88472653496424,-0.5540772877678819,-5.202499137757883,False,False,0.0003422394225150394,0.0014590058497868585,4.263114515168817,0.0014038125536978275,0.003911012594620044,2.785993460678152,-8.816983757172093,-6.568563491053837,-5.543958962907107,-0.42539547185327,1.4114365089461636,-0.15251807130220071,-0.0008518053220731814,0.42539547185327,1.4114365089461636,0.15251807130220071,0.0008518053220731814,True,True,strong,low,low,low,-0.1558545326133079,0.015401488225275635,0.0003482787347393699,0.0003465122424978265,0.00037206688949479585,1200,500,10,82.18517327308655
-7.98,1.45,0.22,0.001,7,1262965828,True,,60,-0.15,-0.14889778431833645,0.028883763994433518,-7.080658929631535,-0.5960831069910266,9.566270013965986e-05,-0.14843554706170498,0.22724049610362895,-10.46203798190853,0.0008949824190759645,-124.42997776000516,-124.72411578318342,-228.3882327088998,-233.07085331747845,-0.2941380231782631,-4.682620608578645,False,False,0.0003422394225150394,0.0014590058497868585,4.263114515168817,0.0008412186618119291,0.00046348245052389025,0.550965488004724,-9.254682093687109,-7.080658929631535,-7.676742036622562,-2.0460831069910266,0.8993410703684654,-0.1911162360055665,-0.0009043372998603402,2.0460831069910266,0.8993410703684654,0.1911162360055665,0.0009043372998603402,True,True,strong,low,low,low,-0.15203824646204456,0.01635803863458619,0.00034897217613278486,0.0003484469810719997,0.00036217655459417394,1200,500,10,84.2560167312622
-7.98,1.45,0.22,0.001,8,1386783913,True,,60,-0.15,-0.1464027280657286,-0.04464900421043949,-6.62373584988986,-4.9999999782912,0.00012563309914575028,-0.14536731888896,-0.10966857954811776,-12.724711457869994,0.001311937890981173,-114.47943661338135,-113.94825162738705,-208.4871504156522,-211.5191250058857,0.531184985994301,-3.031974590233517,True,False,0.0003422394225150394,0.0014590058497868585,4.263114515168817,0.001328458741249527,8.951084783328415e-06,0.0067379471453582135,-8.982144810417145,-6.62373584988986,-11.62373582818106,-6.4499999782912,1.3562641501101407,-0.26464900421043946,-0.0008743669008542497,6.4499999782912,1.3562641501101407,0.26464900421043946,0.0008743669008542497,True,True,strong,low,low,low,-0.15352694415197832,0.0188427836286485,0.0003497107292212451,0.0003490296847291608,0.00036289934568716826,1200,500,10,119.0667405128479
-7.98,1.45,0.22,0.001,9,258433644,True,,60,-0.15,-0.15393726142071057,-0.006346416653865086,-6.539372967277279,3.452408239817563,0.00025103020173397774,-0.1526541492377151,0.40933837781256194,-8.747321380237139,0.0016878713915953955,-103.97978365858432,-103.81183556407723,-187.48784450605814,-191.24629287926606,0.16794809450709636,-3.7584483732079264,True,False,0.0003422394225150394,0.0014590058497868585,4.263114515168817,0.0014453945246011815,0.04564027505159165,31.576344226283044,-8.28993730043766,-6.539372967277279,-3.086964727459716,2.002408239817563,1.4406270327227215,-0.2263464166538651,-0.0007489697982660222,2.002408239817563,1.4406270327227215,0.2263464166538651,0.0007489697982660222,True,True,strong,low,low,low,-0.1485316860943989,0.02078612965248978,0.0003504886846931694,0.00034874292996614725,0.000372303748942379,1200,500,10,97.79151582717896
-7.98,1.45,0.22,0.001,10,1377411871,True,,60,-0.15,-0.14951486867629266,0.0750126827570591,-6.283706002326122,-4.9999999782912,0.00018488323878858745,-0.14669635951662607,0.4588134699859844,-7.525262319096665,0.001198222525414605,-104.91063525442522,-104.308979693348,-189.34954769773992,-192.2405811378076,0.601655561077223,-2.891033440067673,True,False,0.0003422394225150394,0.0014590058497868585,4.263114515168817,0.0018664706164509672,1.2576180362010779e-05,0.0067379471453582135,-8.595786073823016,-6.283706002326122,-11.283705980617322,-6.4499999782912,1.6962939976738785,-0.1449873172429409,-0.0008151167612114125,6.4499999782912,1.6962939976738785,0.1449873172429409,0.0008151167612114125,True,True,strong,low,low,low,-0.14927640678012696,0.021531351358623115,0.0003511326854037413,0.00035041309796930096,0.0003742360099135429,1200,500,10,121.21305441856384
-7.98,1.45,0.22,0.001,11,1879677965,True,,60,-0.15,-0.14760294698025833,0.043375409377831325,-7.09706302655281,4.692806952450651,0.00010765067078852892,-0.14753646392863567,0.08465910466003004,-7.994272709971451,0.0007176709157491972,-120.40986478739944,-120.88105816438485,-220.34800676368837,-225.38473807988132,-0.4711933769854113,-5.036731316192942,False,False,0.0003422394225150394,0.0014590058497868585,4.263114515168817,0.0008275317966034786,0.09033267143346924,109.15915473487622,-9.13661910297472,-7.09706302655281,-2.4042560741021592,3.2428069524506506,0.8829369734471904,-0.17662459062216868,-0.0008923493292114711,3.2428069524506506,0.8829369734471904,0.17662459062216868,0.0008923493292114711,True,True,strong,low,low,low,-0.1499681273864096,0.01728208873760419,0.00034923841321405654,0.00034799567669514575,0.0003666249848379674,1200,500,10,81.12968277931213
-7.98,1.45,0.22,0.001,12,1268700943,True,,60,-0.15,-0.14737815779666844,0.15948668495063642,-6.953767020960873,4.905452770367521,0.00012501214897760643,-0.14602150072261139,0.43444197855508676,-8.040829738198337,0.0008597070196182238,-116.1159675769131,-115.77000472642628,-211.7602123427157,-215.16263120396417,0.34596285048682773,-3.4024188612484636,True,False,0.0003422394225150394,0.0014590058497868585,4.263114515168817,0.0009550307481741401,0.12895210139424376,135.02403104903033,-8.98709963356394,-6.953767020960873,-2.048314250593352,3.455452770367521,1.0262329790391274,-0.06051331504936358,-0.0008749878510223936,3.455452770367521,1.0262329790391274,0.06051331504936358,0.0008749878510223936,True,True,strong,low,low,low,-0.14934979289290531,0.019178478568604447,0.00034982690128647375,0.0003481122020543829,0.00036720832391348956,1200,500,10,104.87013483047485
-7.98,1.45,0.22,0.001,13,376516614,True,,60,-0.15,-0.15078652647379462,0.10342499936050063,-6.589039517346338,-4.96652065253504,0.00015773006302038583,-0.15279647683573058,0.5803370417699868,-9.772894539803163,0.0014257327848242192,-110.41304754209087,-110.88803598473831,-200.35437227307122,-205.39869372058823,-0.4749884426474438,-5.044321447517007,False,False,0.0003422394225150394,0.0014590058497868585,4.263114515168817,0.0013753603391691066,9.582613743132472e-06,0.006967347734428343,-8.754625447919002,-6.589039517346338,-11.555560169881378,-6.4165206525350404,1.3909604826536626,-0.11657500063949937,-0.0008422699369796142,6.4165206525350404,1.3909604826536626,0.11657500063949937,0.0008422699369796142,True,True,strong,low,low,low,-0.15485272412680398,0.01933194801304837,0.0003501754681484491,0.0003490091833023148,0.0003683493538788286,1200,500,10,113.68127846717834
-7.98,1.45,0.22,0.001,14,1259328901,True,,60,-0.15,-0.14752613773715495,0.342132215214131,-7.213933144720771,-4.9999999782912,7.511107143365816e-05,-0.14995246910988294,0.4394759249953552,-7.328865704062229,9.85524719697854e-05,-131.34723285502787,-130.49066808650304,-242.22274289894523,-244.60395792411768,0.8565647685248337,-2.3812150251724518,True,False,0.0003422394225150394,0.0014590058497868585,4.263114515168817,0.0007362556531536645,4.9608516764205805e-06,0.0067379471453582135,-9.496542587507783,-7.213933144720771,-12.213933123011971,-6.4499999782912,0.7660668552792291,0.122132215214131,-0.0009248889285663419,6.4499999782912,0.7660668552792291,0.122132215214131,0.0009248889285663419,True,True,strong,low,low,low,-0.14849923488206776,0.0171950535561359,0.00034873262292821013,0.000347340265560223,0.0003762899169697106,1200,500,10,125.03830432891846
-7.98,1.45,0.22,0.001,15,1761594995,True,,60,-0.15,-0.15679329949762838,0.07996530823238311,-7.01208806714356,-3.897073326902859,0.00010433203043906846,-0.15654605826747658,0.43116833864963494,-8.4642057183864,0.0007303554524190811,-122.17463850034198,-122.30502104882305,-223.87755418957346,-228.2326638487577,-0.1303825484810659,-4.355109659184251,False,False,0.0003422394225150394,0.0014590058497868585,4.263114515168817,0.0009009254302103441,1.828990309096755e-05,0.020301239678290926,-9.16793214397466,-7.01208806714356,-10.90916139404642,-5.3470733269028585,0.9679119328564401,-0.1400346917676169,-0.0008956679695609316,5.3470733269028585,0.9679119328564401,0.1400346917676169,0.0008956679695609316,True,True,strong,low,low,low,-0.15439083696965963,0.018102983469989804,0.00034956938565551576,0.00034946538382938064,0.00036220770269389165,1200,500,10,98.98942828178406
-7.98,1.45,0.22,0.001,16,2031106209,True,,60,-0.15,-0.13834501932576057,0.34301464816272775,-7.167434250233528,4.869958050373673,9.332511376237032e-05,-0.13695546259700458,0.46973492717907006,-7.303207077463526,0.0003269181904081797,-121.4448186306392,-121.05832543387733,-222.4179144501679,-225.73927261886627,0.3864931967618759,-3.3213581686983673,True,False,0.0003422394225150394,0.0014590058497868585,4.263114515168817,0.0007712991552656008,0.10051219657814901,130.3154500973583,-9.279421314172993,-7.167434250233528,-2.2974761998598554,3.4199580503736726,0.8125657497664722,0.12301464816272775,-0.0009066748862376297,3.4199580503736726,0.8125657497664722,0.12301464816272775,0.0009066748862376297,True,True,strong,low,low,low,-0.14359515843166692,0.01658970869017729,0.00034910599128482446,0.00034788364430251033,0.00037190974841319683,1200,500,10,100.6847596168518
-7.98,1.45,0.22,0.001,17,1652884067,True,,60,-0.15,-0.1514551850711182,-0.24024723694603348,-7.062629663960192,4.993877424501496,0.0001183317978641996,-0.15121579287665032,0.40031909068150634,-13.63188845721087,0.0011513984386422298,-119.04432973560185,-117.75738271747787,-217.6169366600932,-219.13738718606734,1.286947018123982,-1.5204505259741552,True,False,0.0003422394225150394,0.0014590058497868585,4.263114515168817,0.000856522762851955,0.1263433296149159,147.507264365318,-9.042018033036651,-7.062629663960192,-2.0687522394586964,3.5438774245014955,0.9173703360398084,-0.4602472369460335,-0.0008816682021358005,3.5438774245014955,0.9173703360398084,0.4602472369460335,0.0008816682021358005,True,True,strong,low,low,low,-0.1514069770636041,0.017281969311629678,0.00034905635311057565,0.00034729683770831296,0.0003651023557050461,1200,500,10,112.36695456504822
-7.98,1.45,0.22,0.001,18,2139817137,True,,60,-0.15,-0.14734063360547953,-0.11111325435299771,-6.7990253413150255,-4.739161094560534,0.00015105335717910227,-0.1482785898053086,0.14910964098777657,-11.394241649389194,0.0011277747617832947,-118.12450371352043,-118.20084977197723,-215.77728461593034,-220.02432129506607,-0.07634605845680653,-4.247036679135732,False,False,0.0003422394225150394,0.0014590058497868585,4.263114515168817,0.0011148612276583427,9.75055417726861e-06,0.008745980159116932,-8.797877424763866,-6.7990253413150255,-11.53818643587556,-6.189161094560534,1.180974658684975,-0.3311132543529977,-0.0008489466428208978,6.189161094560534,1.180974658684975,0.3311132543529977,0.0008489466428208978,True,True,strong,low,low,low,-0.15222497000285767,0.015924256223017574,0.0003486959055553679,0.0003475664806468609,0.0003622011683675644,1200,500,10,108.63873052597046
-7.98,1.45,0.22,0.001,19,1643512025,True,,60,-0.15,-0.15647302279314795,0.19638069271968467,-6.630828667279116,-4.847505149314331,0.00013751367632668175,-0.1536828156568946,0.45214417452291683,-7.0560424251134855,0.00043807075748195513,-114.3760902606172,-113.52035560828207,-208.2804577101239,-210.66333296767576,0.8557346523351299,-2.3828752575518592,True,False,0.0003422394225150394,0.0014590058497868585,4.263114515168817,0.001319069563213881,1.0351968981440826e-05,0.007847932565602154,-8.891787181609834,-6.630828667279116,-11.478333816593446,-6.297505149314331,1.3491713327208847,-0.023619307280315333,-0.0008624863236733183,6.297505149314331,1.3491713327208847,0.023619307280315333,0.0008624863236733183,True,True,strong,low,low,low,-0.15275289221667798,0.020087903483922552,0.0003510466839740145,0.00035149866793866586,0.0003629345665031408,1200,500,10,108.67840313911438
-7.98,1.45,0.22,0.001,20,1705532,True,,60,-0.15,-0.15574820347563362,0.11140667686737124,-6.962225170848843,-4.805000104453965,9.992045561593759e-05,-0.15667372687900938,0.41883365938983186,-8.115591514567313,0.0006432981032780346,-123.3331396218313,-123.83709574402167,-226.19455643255208,-231.29681323915494,-0.5039561221903739,-5.102256806602867,False,False,0.0003422394225150394,0.0014590058497868585,4.263114515168817,0.0009469870204400469,7.754592764878495e-06,0.008188700159031835,-9.211136132350125,-6.962225170848843,-11.767225275302808,-6.255000104453965,1.0177748291511577,-0.10859332313262876,-0.0009000795443840624,6.255000104453965,1.0177748291511577,0.10859332313262876,0.0009000795443840624,True,True,strong,low,low,low,-0.15410465775324073,0.018381357069287618,0.0003499603936459487,0.0003488359018288907,0.0003654945996054526,1200,500,10,114.0600655078888
-7.98,1.45,0.22,0.001,21,1534801097,True,,60,-0.15,-0.1474632664515782,0.10125049321443051,-6.760203033548989,4.877108770922201,0.0001130425240963047,-0.14599618906657885,0.43108559101908395,-8.015617172485987,0.0011250057835792146,-109.69832599594788,-110.04582159873289,-198.92492918078526,-203.71426494857738,-0.3474956027850027,-4.789335767792124,False,False,0.0003422394225150394,0.0014590058497868585,4.263114515168817,0.0011589938353829376,0.15211868162659256,131.25063911693005,-9.087746490606008,-6.760203033548989,-1.8830942626267877,3.4271087709222012,1.2197969664510113,-0.11874950678556949,-0.0008869574759036953,3.4271087709222012,1.2197969664510113,0.11874950678556949,0.0008869574759036953,True,True,strong,low,low,low,-0.15265796677794957,0.019259497983117838,0.00035050246632406697,0.00035036245707275297,0.00036583642936967054,1200,500,10,109.27458357810974
-7.98,1.45,0.22,0.001,22,110416460,True,,60,-0.15,-0.16348990963331092,-0.0023723661761075807,-6.461731453873919,-4.690190894577674,0.00011974973851634154,-0.16366079457193694,0.44255920161024775,-7.364250202103477,0.0008389571670896706,-110.13681009817233,-109.60255640673245,-199.80189738523416,-202.8277345645765,0.5342536914398863,-3.0258371793423464,True,False,0.0003422394225150394,0.0014590058497868585,4.263114515168817,0.0015620886830223176,1.4347679323525883e-05,0.009184932635044822,-9.030106505255246,-6.461731453873919,-11.151922348451592,-6.140190894577674,1.5182685461260812,-0.2223723661761076,-0.0008802502614836585,6.140190894577674,1.5182685461260812,0.2223723661761076,0.0008802502614836585,True,True,strong,low,low,low,-0.15491140276182844,0.01881970008542361,0.0003491854375489429,0.00034759270312857053,0.00036372055306631865,1200,500,10,99.29399585723877
-7.98,1.45,0.22,0.001,23,1656295127,True,,60,-0.15,-0.14077063918432542,-0.003821299042599835,-6.84817756257823,-4.9999999782912,0.00010068758704068172,-0.1417362125632567,-0.1313941734018373,-11.004828196569498,0.001030889127292716,-120.79262731831322,-120.76963730759762,-221.11353182551593,-225.16189636630685,0.022990010715602693,-4.048364540790914,True,False,0.0003422394225150394,0.0014590058497868585,4.263114515168817,0.001061388245051867,7.151577895863996e-06,0.0067379471453582135,-9.203488032563826,-6.84817756257823,-11.848177540869429,-6.4499999782912,1.1318224374217705,-0.22382129904259984,-0.0008993124129593183,6.4499999782912,1.1318224374217705,0.22382129904259984,0.0008993124129593183,True,True,strong,low,low,low,-0.1447780183204815,0.01879542605275087,0.00035008110457205064,0.00034895856486367235,0.000366632092611291,1200,500,10,118.1986358165741
-7.98,1.45,0.22,0.001,24,119788502,True,,60,-0.15,-0.14837418213038275,0.08939558760082524,-6.9432724704087585,4.0044443150943225,0.00011443695779056795,-0.14751960515188872,0.4299677504533984,-8.270450469911342,0.0009244200910249956,-116.18338518348949,-116.32504347219007,-211.89504755586847,-216.27270869549176,-0.14165828870058306,-4.377661139623285,False,False,0.0003422394225150394,0.0014590058497868585,4.263114515168817,0.0009651061425359521,0.052927715473940755,54.84134142475328,-9.07548647358059,-6.9432724704087585,-2.938828155314436,2.5544443150943223,1.036727529591242,-0.13060441239917475,-0.000885563042209432,2.5544443150943223,1.036727529591242,0.13060441239917475,0.000885563042209432,True,True,strong,low,low,low,-0.1479796392731498,0.018843297527268,0.0003496362975752438,0.0003485020193904109,0.000368404673958617,1200,500,10,92.87011098861694
-7.98,1.45,0.22,0.001,25,1765006055,True,,60,-0.15,-0.15090454692443944,0.08658476422219939,-6.894538760222449,-3.993261837467199,0.0001303100297228864,-0.15219419663646794,0.3982131144099651,-8.920116971749891,0.0009194813902811014,-120.44164959054054,-120.24082834150184,-220.41157636997056,-224.1042784341153,0.2008212490386967,-3.6927020641447257,True,False,0.0003422394225150394,0.0014590058497868585,4.263114515168817,0.0010133042429873607,1.8684792547896834e-05,0.018439469366881827,-8.945594102713814,-6.894538760222449,-10.887800597689647,-5.443261837467199,1.0854612397775512,-0.13341523577780062,-0.0008696899702771136,5.443261837467199,1.0854612397775512,0.13341523577780062,0.0008696899702771136,True,True,strong,low,low,low,-0.15187654087262342,0.020321508380747567,0.0003505493882128812,0.00034940488753593623,0.0003623835499519214,1200,500,10,95.99610996246338
-7.98,1.45,0.22,0.001,26,228499430,True,,60,-0.15,-0.1518506705568583,0.08161943676005737,-6.789670445983156,-3.3208809952797402,0.00011341922969565653,-0.15120801955172386,0.44091974562045183,-9.478056836902738,0.0009947023014063427,-119.50310166872052,-119.40685018070903,-218.53448052633053,-222.43632211252967,0.09625148801148953,-3.90184158619914,True,False,0.0003422394225150394,0.0014590058497868585,4.263114515168817,0.0011253395732489966,4.0648385442827017e-05,0.03612099530586131,-9.084419607010902,-6.789670445983156,-10.110551441262896,-4.77088099527974,1.1903295540168441,-0.13838056323994263,-0.0008865807703043435,4.77088099527974,1.1903295540168441,0.13838056323994263,0.0008865807703043435,True,True,strong,low,low,low,-0.1496024019549375,0.01916078435773309,0.00035016087769556577,0.00034999437399297825,0.0003622655617161889,1200,500,10,101.1870219707489
-7.98,1.45,0.22,0.001,27,1774378097,True,,60,-0.15,-0.1464042694353987,0.03276398554348714,-6.763117902490513,4.228867733161262,0.00015135040733578524,-0.146986108774669,0.4235489767481174,-7.934682140436717,0.0010745760025559917,-109.68992530344273,-109.70602471789391,-198.90812779577496,-203.03467118689943,-0.01609941445117613,-4.126543391124471,False,False,0.0003422394225150394,0.0014590058497868585,4.263114515168817,0.0011556204391412225,0.0793211744207166,68.6394699627004,-8.795912831150414,-6.763117902490513,-2.534250169329251,2.7788677331612615,1.2168820975094876,-0.18723601445651286,-0.0008486495926642147,2.7788677331612615,1.2168820975094876,0.18723601445651286,0.0008486495926642147,True,True,strong,low,low,low,-0.15006324702210225,0.01947537270373597,0.0003496434529214027,0.0003477884896829681,0.0003782727021073382,1200,500,10,108.76761507987976
-7.98,1.45,0.22,0.001,28,237871472,True,,60,-0.15,-0.1574132400987924,0.09605440013797965,-6.5261223341243895,-4.942312547827305,0.00013645337739929346,-0.15776277150886261,0.46101507128950947,-7.935500670421563,0.0010310173068143694,-111.15092112164334,-111.89204179415822,-201.83011943217616,-207.40670533942804,-0.7411206725148816,-5.576585907251882,False,False,0.0003422394225150394,0.0014590058497868585,4.263114515168817,0.0014646743701941752,1.045495131255825e-05,0.007138072137612548,-8.899527559197647,-6.5261223341243895,-11.468434881951694,-6.392312547827305,1.453877665875611,-0.12394559986202035,-0.0008635466226007065,6.392312547827305,1.453877665875611,0.12394559986202035,0.0008635466226007065,True,True,strong,low,low,low,-0.1543614465907554,0.0199906946811455,0.0003501454720702233,0.0003485650180771777,0.00036487256245585644,1200,500,10,94.93790054321289
-7.98,1.45,0.22,0.001,29,1883089025,True,,60,-0.15,-0.14881670872861996,0.006362729494071353,-6.7325728585886795,-4.995326491575885,0.00015021334011613004,-0.1498814715347846,0.3935964197529141,-9.493463771094927,0.001125437159053483,-115.79289738171458,-116.39198548010036,-211.11407195231865,-216.40659271131233,-0.5990880983857778,-5.292520758993675,False,False,0.0003422394225150394,0.0014590058497868585,4.263114515168817,0.0011914635440377719,8.06562503125323e-06,0.006769510549957316,-8.803454006891501,-6.7325728585886795,-11.727899350164565,-6.445326491575885,1.247427141411321,-0.21363727050592865,-0.0008497866598838699,6.445326491575885,1.247427141411321,0.21363727050592865,0.0008497866598838699,True,True,strong,low,low,low,-0.14799913516826202,0.017628721370518883,0.00034943761506697345,0.0003500985186269145,0.0003655546254980062,1200,500,10,85.63239645957947
-7.98,1.45,0.22,0.001,30,766660716,True,,60,-0.15,-0.16212344598943285,0.09246839315742082,-6.723820595977743,4.999999980748799,0.00014535660596779428,-0.16035027966367343,0.3855964902838649,-8.359728585392872,0.0013114850230001038,-109.52215977735348,-108.93048077318812,-198.57259674359645,-201.48358329748785,0.591679004165357,-2.910986553891405,True,False,0.0003422394225150394,0.0014590058497868585,4.263114515168817,0.0012019373135980966,0.1783833103202649,148.41315624544512,-8.836320483297314,-6.723820595977743,-1.7238206152289433,3.549999980748799,1.2561794040222578,-0.1275316068425792,-0.0008546433940322057,3.549999980748799,1.2561794040222578,0.1275316068425792,0.0008546433940322057,True,True,strong,low,low,low,-0.1553221498185463,0.017079636684642827,0.00034945853139624686,0.00034800998649940173,0.00036997712742480515,1200,500,10,121.50310158729553
-7.98,1.45,0.22,0.001,31,1892461067,True,,60,-0.15,-0.14370490742628114,0.16459452530194935,-6.500601097163644,0.35509525863106783,0.0001623295331698805,-0.14635607442140575,0.47489491859548266,-7.697319046200519,0.001219617592512567,-105.00754064405251,-105.49648740953043,-189.5433584769945,-194.61559657017247,-0.4889467654779196,-5.072238093177958,False,False,0.0003422394225150394,0.0014590058497868585,4.263114515168817,0.0015025357514982204,0.00214309155939813,1.426316516769197,-8.72588213345493,-6.500601097163644,-6.145505838532576,-1.0949047413689321,1.4793989028363566,-0.055405474698050655,-0.0008376704668301195,1.0949047413689321,1.4793989028363566,0.055405474698050655,0.0008376704668301195,True,True,strong,low,low,low,-0.14541736521167956,0.019308888102378127,0.0003498237483915246,0.0003478853056988015,0.0003675664303708981,1200,500,10,80.01655960083008
-7.98,1.45,0.22,0.001,32,757288674,True,,60,-0.15,-0.1551055999739107,-0.05324950985292204,-6.873636017474429,3.129588845690081,0.00015361154826341953,-0.15502149788438244,0.36173423392355225,-9.533594111460637,0.001190257812943985,-114.258660732726,-114.58853527285176,-208.0455986543415,-212.79969229681512,-0.3298745401257577,-4.754093642473634,False,False,0.0003422394225150394,0.0014590058497868585,4.263114515168817,0.0010347080002060674,0.023658160474514713,22.864576740300713,-8.781083556070241,-6.873636017474429,-3.744047171784348,1.6795888456900812,1.106363982525571,-0.27324950985292207,-0.0008463884517365804,1.6795888456900812,1.106363982525571,0.27324950985292207,0.0008463884517365804,True,True,strong,low,low,low,-0.15276141306554086,0.021205269406299923,0.0003506921007779062,0.0003494684631636622,0.00037872173887061925,1200,500,10,95.78405833244324
-7.98,1.45,0.22,0.001,33,2001171995,True,,60,-0.15,-0.1501064800562912,-0.11115331849910208,-6.8335435621513305,-4.204664474447674,0.00010189359544332649,-0.14972961453200423,0.1473803268920605,-13.084527268502015,0.0010829855627986413,-120.24030559707319,-119.6393722541962,-220.00888838303587,-222.90136625950402,0.600933342876985,-2.892477876468149,True,False,0.0003422394225150394,0.0014590058497868585,4.263114515168817,0.0010770348077555768,1.60755988248619e-05,0.014925793214020365,-9.191581471101145,-6.8335435621513305,-11.038208036599006,-5.654664474447674,1.14645643784867,-0.33115331849910207,-0.0008981064045566735,5.654664474447674,1.14645643784867,0.33115331849910207,0.0008981064045566735,True,True,strong,low,low,low,-0.15297113914619861,0.016662472159125575,0.0003483989397222213,0.0003471204859233369,0.00036999129840022116,1200,500,10,103.30312371253967
-7.98,1.45,0.22,0.001,34,648577746,True,,60,-0.15,-0.14012817567118332,-0.021390721485555486,-6.778934555711064,-4.9999999782912,9.098128595160545e-05,-0.13930612008630716,0.3900147277851661,-8.657894122745436,0.0009010234796296277,-119.38301323321056,-119.51868389472483,-218.2943036553106,-222.65998954056127,-0.13567066151426843,-4.365685885250656,False,False,0.0003422394225150394,0.0014590058497868585,4.263114515168817,0.001137486181083409,7.66432176671537e-06,0.0067379471453582135,-9.304856721479512,-6.778934555711064,-11.778934534002264,-6.4499999782912,1.2010654442889361,-0.2413907214855555,-0.0009090187140483946,6.4499999782912,1.2010654442889361,0.2413907214855555,0.0009090187140483946,True,True,strong,low,low,low,-0.14288435696029503,0.017618467998763283,0.00034999867135220486,0.0003494846467509847,0.00036584369660245,1200,500,10,129.49944186210632
-7.98,1.45,0.22,0.001,35,1250182726,True,,60,-0.15,-0.13894161853871795,-0.10364222326236032,-6.464891292565405,-4.9999999782912,0.00013018840019259574,-0.13988854952064483,-0.06730606114545193,-13.69052141160034,0.0014905633797856668,-110.19001416449676,-110.07701661630146,-199.908305517883,-203.77665498371454,0.1129975481952954,-3.8683494658315283,True,False,0.0003422394225150394,0.0014590058497868585,4.263114515168817,0.0015571605249549059,1.0492065313984414e-05,0.0067379471453582135,-8.94652792438152,-6.464891292565405,-11.464891270856604,-6.4499999782912,1.515108707434595,-0.3236422232623603,-0.0008698115998074043,6.4499999782912,1.515108707434595,0.3236422232623603,0.0008698115998074043,True,True,strong,low,low,low,-0.14685923133747275,0.020720039225334923,0.00035059676568113194,0.00034913982770157475,0.00036707954194220257,1200,500,10,121.05063557624817
-7.98,1.45,0.22,0.001,36,639205704,True,,60,-0.15,-0.15706170324743235,-0.010278726188528656,-6.67423993298415,-4.966926746493952,0.00011181187591159201,-0.15685060158187003,0.3218079382098732,-9.37712958456725,0.0011583025613378676,-115.15560489278182,-115.5648506426656,-209.83948697445314,-214.75232303644282,-0.40924574988378026,-4.91283606198968,False,False,0.0003422394225150394,0.0014590058497868585,4.263114515168817,0.001263032210231947,8.796411713396218e-06,0.006964518911026678,-9.098692778272975,-6.67423993298415,-11.641166679478102,-6.416926746493952,1.30576006701585,-0.23027872618852865,-0.000888188124088408,6.416926746493952,1.30576006701585,0.23027872618852865,0.000888188124088408,True,True,strong,low,low,low,-0.15235918996571096,0.01957787602711047,0.0003499731160591474,0.0003488830772170978,0.00036760155977537027,1200,500,10,105.04176664352417
-7.98,1.45,0.22,0.001,37,1141471798,True,,60,-0.15,-0.14596782563286712,-0.08641472888053853,-6.629684203194546,-2.928686446798706,0.0001308099924534106,-0.14491482682778206,0.4436749596245256,-6.700921421909548,0.00018986733648346222,-112.93430269932108,-105.77312862055703,-205.39688258753165,-195.16887899222567,7.1611740787640485,10.228003595305978,True,True,0.0003422394225150394,0.0014590058497868585,4.263114515168817,0.001320580055141039,7.060774972642154e-05,0.05346722408198161,-8.941764726955368,-6.629684203194546,-9.558370649993252,-4.378686446798706,1.3503157968054547,-0.30641472888053856,-0.0008691900075465894,4.378686446798706,1.3503157968054547,0.30641472888053856,0.0008691900075465894,True,True,strong,low,low,low,-0.1493683160180678,0.019757045285012226,0.00035060498590394097,0.00035027446024292756,0.00036401600029197775,1200,500,10,83.04636478424072
-7.98,1.45,0.22,0.001,38,530494776,True,,60,-0.15,-0.1492501183897237,-0.1351325659243135,-6.876524768733461,4.606967595749262,0.0001591085802685867,-0.148550711138649,-0.7204014207345559,-21.610746959342976,0.0013639250766180272,-113.01075861824593,-112.69234752560195,-205.54979442538135,-209.0073168023155,0.31841109264398426,-3.4575223769341505,True,False,0.0003422394225150394,0.0014590058497868585,4.263114515168817,0.0010317232992726134,0.10335793963853829,100.17990260703407,-8.745923694039591,-6.876524768733461,-2.2695571729841983,3.1569675957492622,1.1034752312665397,-0.3551325659243135,-0.0008408914197314133,3.1569675957492622,1.1034752312665397,0.3551325659243135,0.0008408914197314133,True,True,strong,low,low,low,-0.1488844728790317,0.01736220607651579,0.0003493343489761286,0.0003488898182822473,0.0003632002837056819,1200,500,10,81.03389263153076
-7.98,1.45,0.22,0.001,39,1132099756,True,,60,-0.15,-0.14832437265834678,0.2452661937334517,-6.715483395619377,-2.5557482885197715,7.977958770809433e-05,-0.1497119044941816,0.4544298407291322,-7.544387505841804,0.0006655733025636071,-115.79546433627847,-116.24547721251881,-211.11920586144643,-216.11357617614922,-0.45001287624033637,-4.994370314702792,False,False,0.0003422394225150394,0.0014590058497868585,4.263114515168817,0.0012119999948073522,9.409255013761673e-05,0.07763411760787409,-9.436242879360805,-6.715483395619377,-9.271231684139149,-4.005748288519771,1.2645166043806233,0.02526619373345171,-0.0009202204122919057,4.005748288519771,1.2645166043806233,0.02526619373345171,0.0009202204122919057,True,True,strong,low,low,low,-0.15022352609360023,0.020452745077269414,0.0003503351605743733,0.00034819250834915735,0.0003690826438793173,1200,500,10,71.83480882644653
-7.98,1.45,0.22,0.001,40,1626360913,True,,60,-0.15,-0.15327381304604903,-0.11673361044293198,-6.47280143305203,-4.9999999782912,0.00013613616194207108,-0.15442706539082177,0.25515214658100216,-12.285178325208333,0.0014603806456158159,-111.06320415733714,-110.77408098317107,-201.65468550356377,-205.17078371745376,0.2891231741660647,-3.5160982138899897,True,False,0.0003422394225150394,0.0014590058497868585,4.263114515168817,0.0015448917542638465,1.0409398985529528e-05,0.0067379471453582135,-8.901854982334884,-6.47280143305203,-11.47280141134323,-6.4499999782912,1.5071985669479702,-0.336733610442932,-0.0008638638380579289,6.4499999782912,1.5071985669479702,0.336733610442932,0.0008638638380579289,True,True,strong,low,low,low,-0.14956950205378217,0.019094586152504225,0.0003500805598955683,0.00034826606744942676,0.0003661996632402571,1200,500,10,118.0461072921753
-7.98,1.45,0.22,0.001,41,1023388828,True,,60,-0.15,-0.1506702017856179,0.10258117448824158,-6.489013617935277,-1.74638325916511,0.00017920533516414702,-0.15184774656416383,0.44600200452648453,-7.655050590446565,0.0011649150843042887,-107.48651077171205,-107.57618620096487,-194.5012987323136,-198.77499415304135,-0.08967542925282146,-4.273695420727762,False,False,0.0003422394225150394,0.0014590058497868585,4.263114515168817,0.0015200476165526046,0.00026510174106823467,0.17440357669154644,-8.626978285745269,-6.489013617935277,-8.235396877100387,-3.19638325916511,1.4909863820647233,-0.11741882551175842,-0.0008207946648358529,3.19638325916511,1.4909863820647233,0.11741882551175842,0.0008207946648358529,True,True,strong,low,low,low,-0.15284548734784456,0.01671867995025934,0.0003486547494368512,0.00034721850630800956,0.00036725877946521495,1200,500,10,88.62929487228394
-7.98,1.45,0.22,0.001,42,621828729,True,,60,-0.15,-0.1459869938445649,0.20007515426587805,-6.627901224689173,4.999942340211148,0.00021261170747925197,-0.15000482374746693,0.4648555364997831,-6.24960124801987,0.00025788408872664945,-101.72605746163896,-100.67311815027844,-182.9803921121674,-184.9688580516685,1.052939311360518,-1.9884659395010829,True,False,0.0003422394225150394,0.0014590058497868585,4.263114515168817,0.0013229367213122214,0.19632989743594978,148.40460187786616,-8.456043025467013,-6.627901224689173,-1.6279588844780246,3.549942340211148,1.3520987753108278,-0.019924845734121954,-0.000787388292520748,3.549942340211148,1.3520987753108278,0.019924845734121954,0.000787388292520748,True,True,strong,low,low,low,-0.14571111638806025,0.020438016211458705,0.00035043489164383255,0.00034855087219187313,0.0003717756709569963,1200,500,10,119.22684621810913
-7.98,1.45,0.22,0.001,43,914677900,True,,60,-0.15,-0.14907735325155966,0.09948031760349325,-6.573111891006965,4.999999980748799,0.00020422905014030619,-0.1482593257786733,0.45840095656494506,-7.7733638401397815,0.0014430434035462478,-102.94930055282919,-102.22958748926922,-185.42687829454786,-188.08179672965005,0.7197130635599649,-2.6549184351021893,True,False,0.0003422394225150394,0.0014590058497868585,4.263114515168817,0.0013974419517500712,0.2073987707290231,148.41315624544512,-8.496268399177296,-6.573111891006965,-1.5731119102581657,3.549999980748799,1.4068881089930354,-0.12051968239650675,-0.0007957709498596938,3.549999980748799,1.4068881089930354,0.12051968239650675,0.0007957709498596938,True,True,strong,low,low,low,-0.14917031219686952,0.01822783517204131,0.0003492821416577709,0.00034857892543046744,0.0003639029541260509,1200,500,10,112.6177773475647
-7.98,1.45,0.22,0.001,44,631200771,True,,60,-0.15,-0.15289178063460404,-0.18505200035642802,-6.538858354072572,-4.9999999782912,0.00011373639082866153,-0.1540484273694888,-0.10111580140588516,-16.93890407330873,0.001443859766688917,-111.86317830675894,-110.93181329852598,-203.25463380240737,-205.48624834816357,0.9313650082329588,-2.2316145457562016,True,False,0.0003422394225150394,0.0014590058497868585,4.263114515168817,0.0014461385351319542,9.744005014584849e-06,0.0067379471453582135,-9.081627148357489,-6.538858354072572,-11.538858332363773,-6.4499999782912,1.441141645927428,-0.405052000356428,-0.0008862636091713385,6.4499999782912,1.441141645927428,0.405052000356428,0.0008862636091713385,True,True,strong,low,low,low,-0.15135662063689823,0.017794341338593193,0.0003493597558601166,0.0003477320497809861,0.0003678092961487978,1200,500,10,125.06828451156616
-7.98,1.45,0.22,0.001,45,905305858,True,,60,-0.15,-0.14554589131483092,-0.09417852169798385,-6.630045197618339,-4.9999999782912,0.00013673642443015572,-0.14447302525801556,0.46147235068725023,-10.497501374304207,0.0012203612532852755,-115.15898527822301,-114.89256796950971,-209.84624774533552,-213.40775769013104,0.2664173087133008,-3.5615099447955174,True,False,0.0003422394225150394,0.0014590058497868585,4.263114515168817,0.0013201034191416053,8.894787064582787e-06,0.0067379471453582135,-8.89745539449569,-6.630045197618339,-11.63004517590954,-6.4499999782912,1.349954802381661,-0.3141785216979839,-0.0008632635755698444,6.4499999782912,1.349954802381661,0.3141785216979839,0.0008632635755698444,True,True,strong,low,low,low,-0.1484213187740814,0.01672478327041281,0.00034895227199205423,0.00034799826618069486,0.00036927925668150274,1200,500,10,122.08783340454102
-7.98,1.45,0.22,0.001,46,739911699,True,,60,-0.15,-0.15077206024697534,0.13849118912887862,-7.0148763434751995,4.013837979136834,9.697890363476637e-05,-0.15077713067810186,0.4242541991315285,-7.88811917013124,0.0006848094915131,-119.31528812448103,-119.59918088987463,-218.15885343785155,-222.82098353086087,-0.28389276539360253,-4.662130093009324,False,False,0.0003422394225150394,0.0014590058497868585,4.263114515168817,0.0008984169000196064,0.04973539808249242,55.358929781270845,-9.241017091416278,-7.0148763434751995,-3.001038364338365,2.563837979136834,0.9651236565248009,-0.08150881087112138,-0.0009030210963652337,2.563837979136834,0.9651236565248009,0.08150881087112138,0.0009030210963652337,True,True,strong,low,low,low,-0.14932278036375976,0.01716483013678546,0.00034941922828673973,0.0003489601056134814,0.0003642512289425553,1200,500,10,88.74800133705139
-7.98,1.45,0.22,0.001,47,796594930,True,,60,-0.15,-0.1474800098914976,-0.028087261211206253,-6.798022062446142,-4.9999999782912,0.00010968729652495923,-0.14862907354326296,-0.04607592858736133,-11.910853787738981,0.0010682756305116904,-119.80222301419028,-119.93773996773851,-219.13272321727004,-223.49810168658863,-0.13551695354823323,-4.3653784693185855,False,False,0.0003422394225150394,0.0014590058497868585,4.263114515168817,0.0011159803056495711,7.519416314727514e-06,0.0067379471453582135,-9.117876999348917,-6.798022062446142,-11.798022040737342,-6.4499999782912,1.1819779375538584,-0.24808726121120625,-0.0008903127034750408,6.4499999782912,1.1819779375538584,0.24808726121120625,0.0008903127034750408,True,True,strong,low,low,low,-0.14346123141926842,0.024008613443119612,0.0003528364283740652,0.00035125469620574015,0.0003669528880926064,1200,500,10,117.31133508682251
-7.98,1.45,0.22,0.001,48,1398199910,True,,60,-0.15,-0.1481970949338007,0.028871216799173725,-7.016037577790283,4.999999980748799,9.077508014117326e-05,-0.14917280766054788,0.49393394273507096,-8.54844220696136,0.0008988733622269408,-118.48933812325859,-118.47069200891617,-216.50695343540667,-220.56400576894396,0.01864611434241681,-4.0570523335372854,True,False,0.0003422394225150394,0.0014590058497868585,4.263114515168817,0.0008973742329935843,0.13318214225191333,148.41315624544512,-9.307125757809148,-7.016037577790283,-2.0160375970414837,3.549999980748799,0.9639624222097174,-0.19112878320082627,-0.0009092249198588267,3.549999980748799,0.9639624222097174,0.19112878320082627,0.0009092249198588267,True,True,strong,low,low,low,-0.1539584923413099,0.021257307107339342,0.0003504224218131262,0.00034841828171993565,0.00037776002536125817,1200,500,10,115.75091743469238
-7.98,1.45,0.22,0.001,49,247017647,True,,60,-0.15,-0.14116910910826094,-0.04390337832306706,-6.654550989044214,-4.9999999782912,0.00014343518534237103,-0.140437462467979,0.4658476812312663,-12.970484332954246,0.0012531461598410418,-115.47042669372706,-115.29002153153422,-210.46913057634362,-214.20266481418005,0.18040516219284086,-3.7335342378364373,True,False,0.0003422394225150394,0.0014590058497868585,4.263114515168817,0.0012881464053056413,8.67946239443259e-06,0.0067379471453582135,-8.849627294886265,-6.654550989044214,-11.654550967335414,-6.4499999782912,1.3254490109557864,-0.26390337832306704,-0.000856564814657629,6.4499999782912,1.3254490109557864,0.26390337832306704,0.000856564814657629,True,True,strong,low,low,low,-0.1468670449613959,0.018206518152896513,0.0003495578537554601,0.0003476380513394344,0.0003692435112270788,1200,500,10,113.7641065120697
-7.98,1.45,0.22,0.001,50,857994669,True,,60,-0.15,-0.14455153479175828,-0.23143236064425488,-6.642695898211377,-4.9999999782912,0.00010861075103619721,-0.14430310546833566,-0.20887689224523506,-11.27468577473632,0.0012842701169238227,-116.26377419735309,-114.10637023539775,-212.05582558359566,-211.8353622219071,2.157403961955339,0.22046336168855873,True,True,0.0003422394225150394,0.0014590058497868585,4.263114515168817,0.0013035083768123867,8.78297054649354e-06,0.0067379471453582135,-9.127740158714218,-6.642695898211377,-11.642695876502577,-6.4499999782912,1.3373041017886234,-0.45143236064425485,-0.0008913892489638028,6.4499999782912,1.3373041017886234,0.45143236064425485,0.0008913892489638028,True,True,strong,low,low,low,-0.14854720983821262,0.02071827824693511,0.00035043880870796605,0.0003484338005769483,0.0003696706242657253,1200,500,10,121.04874467849731
-7.98,1.45,0.22,0.001,51,355728575,True,,60,-0.15,-0.15152056270700762,0.10915166385235933,-6.846691515833821,4.941084038379161,0.00013068155224323923,-0.14999731803588967,0.33514146586523896,-7.965575606946665,0.0009393709536856089,-113.82880841840526,-113.77159285791882,-207.1858940257,-211.16580746694925,0.05721556048644061,-3.979913441249238,True,False,0.0003422394225150394,0.0014590058497868585,4.263114515168817,0.0010629666901290865,0.1487322636763699,139.92184802922458,-8.942747093101467,-6.846691515833821,-1.9056074774546596,3.491084038379161,1.1333084841661796,-0.11084833614764067,-0.0008693184477567608,3.491084038379161,1.1333084841661796,0.11084833614764067,0.0008693184477567608,True,True,strong,low,low,low,-0.14954162376710148,0.020593893949333295,0.0003501668283462731,0.0003482703315054003,0.0003720023722074854,1200,500,10,92.1158492565155
-7.98,1.45,0.22,0.001,52,1280116940,True,,60,-0.15,-0.15850455632180188,0.004432555673937738,-6.796944644568561,0.12232776840346354,0.00013467670605313073,-0.15884038822442118,0.3092394119734277,-8.508683696275263,0.0009985504216734973,-115.49435369780122,-115.74489768094008,-210.51698458449192,-215.11241711299178,-0.2505439831388685,-4.595432528499856,False,False,0.0003422394225150394,0.0014590058497868585,4.263114515168817,0.0011171833307459036,0.00126255620857141,1.130124460171139,-8.912633421550455,-6.796944644568561,-6.674616876165097,-1.3276722315965364,1.1830553554314394,-0.21556744432606226,-0.0008653232939468693,1.3276722315965364,1.1830553554314394,0.21556744432606226,0.0008653232939468693,True,True,strong,low,low,low,-0.15321949565097695,0.018453545155873517,0.0003496019074234275,0.00034893132817361206,0.00036669286733904055,1200,500,10,97.7296416759491
-7.98,1.45,0.22,0.001,53,365100617,True,,60,-0.15,-0.14753963358920083,0.19314578547079647,-6.801274443210852,3.817925747211589,0.0001538432126280603,-0.14940972304632377,0.42054447840589904,-7.477407131957881,0.0008306890086189116,-111.23874838622369,-111.53399028749432,-202.00577396133687,-206.69060232610025,-0.29524190127062866,-4.684828364763376,False,False,0.0003422394225150394,0.0014590058497868585,4.263114515168817,0.0011123566087849533,0.050623028577167384,45.50971170339322,-8.779576573984086,-6.801274443210852,-2.9833486959992634,2.367925747211589,1.1787255567891481,-0.02685421452920353,-0.0008461567873719397,2.367925747211589,1.1787255567891481,0.02685421452920353,0.0008461567873719397,True,True,strong,low,low,low,-0.15337510260592443,0.01902103923532802,0.00035015106873035516,0.0003494042939841245,0.0003756212267368902,1200,500,10,84.91945314407349
-7.98,1.45,0.22,0.001,54,137165477,True,,60,-0.15,-0.15252130838319766,0.12803415982893054,-6.23340968184062,-4.572026848900349,0.00014727978178986198,-0.15527629281220784,0.47310020784046747,-7.692695087107834,0.0014525595606445102,-102.00097584734446,-101.83433502302039,-183.53022888357842,-187.29129179715238,0.16664082432407668,-3.7610629135739657,True,False,0.0003422394225150394,0.0014590058497868585,4.263114515168817,0.0019627481276262835,2.028890180071461e-05,0.010336986959835589,-8.82317650264116,-6.23340968184062,-10.80543653074097,-6.0220268489003494,1.74659031815938,-0.09196584017106946,-0.0008527202182101381,6.0220268489003494,1.74659031815938,0.09196584017106946,0.0008527202182101381,True,True,strong,low,low,low,-0.15039485297916894,0.02187390321072167,0.0003509066986593786,0.00034951271533264507,0.0003798782318896593,1200,500,10,123.45249772071838
-7.98,1.45,0.22,0.001,55,473811545,True,,60,-0.15,-0.15493942180161593,0.27925720835281626,-6.533387064158577,-4.999903655517566,0.00016108002622596264,-0.15246059071478135,0.48724349435696196,-6.878273626019282,0.0003040009942789712,-111.7660993305694,-111.02897590527807,-203.0604758500283,-205.68057356166776,0.7371234252913297,-2.6200977116394597,True,False,0.0003422394225150394,0.0014590058497868585,4.263114515168817,0.0014540724629311913,9.79840716505281e-06,0.00673859619437445,-8.733609259167757,-6.533387064158577,-11.533290719676144,-6.449903655517566,1.446612935841423,0.059257208352816254,-0.0008389199737740374,6.449903655517566,1.446612935841423,0.059257208352816254,0.0008389199737740374,True,True,strong,low,low,low,-0.14911509366761122,0.019984909148747235,0.00034994440857278073,0.00034970027465163866,0.0003725889203176519,1200,500,10,127.62778091430664
-7.98,1.45,0.22,0.001,56,2019690212,True,,60,-0.15,-0.15495634343240866,0.2401636541734302,-6.840787767385205,0.9324859735326817,0.00013890155869355085,-0.1564050185770675,0.4387498035490711,-7.176266439165592,0.0003687036971375733,-115.30875839791202,-115.2062539158268,-210.14579398471352,-214.03512958276522,0.10250448208520879,-3.8893355980517015,True,False,0.0003422394225150394,0.0014590058497868585,4.263114515168817,0.0010692607390364193,0.002716796652890125,2.5408177385605755,-8.881745086571108,-6.840787767385205,-5.908301793852523,-0.5175140264673183,1.1392122326147955,0.02016365417343019,-0.0008610984413064492,0.5175140264673183,1.1392122326147955,0.02016365417343019,0.0008610984413064492,True,True,strong,low,low,low,-0.15502226291565,0.02206371399995863,0.0003513068397918572,0.0003503899754086569,0.00037153607621574325,1200,500,10,77.11537742614746
-7.98,1.45,0.22,0.001,57,483183587,True,,60,-0.15,-0.15041367555181784,0.0014495755530285414,-6.890703535237631,4.9842102849675465,0.00013967498173281026,-0.150013464345845,0.13889940225517125,-10.752578223714604,0.001281654354551037,-114.26320337765904,-114.18726046014788,-208.05468394420757,-211.99714267140737,0.07594291751115634,-3.9424587271998064,True,False,0.0003422394225150394,0.0014590058497868585,4.263114515168817,0.0010171979545946079,0.14860057901038728,146.08816144307946,-8.8761923934026,-6.890703535237631,-1.9064932502700849,3.5342102849675463,1.089296464762369,-0.21855042444697145,-0.0008603250182671897,3.5342102849675463,1.089296464762369,0.21855042444697145,0.0008603250182671897,True,True,strong,low,low,low,-0.14718967684639725,0.018556575185762106,0.00034940549006235046,0.0003481643388456654,0.00036984296141720827,1200,500,10,113.83359146118164
-7.98,1.45,0.22,0.001,58,19082507,True,,60,-0.15,-0.15069759632076984,-0.06203129574910285,-6.876585598610805,3.9143921844335368,0.00011330816915257149,-0.15130533495960363,0.2413756290081144,-10.888677579250967,0.0012472080957140756,-114.9327349241568,-115.19528092847739,-209.3937470372031,-214.01318360806638,-0.2625460043205834,-4.619436570863286,False,False,0.0003422394225150394,0.0014590058497868585,4.263114515168817,0.0010316605415796563,0.05170538138616943,50.11859938638272,-9.08539929056509,-6.876585598610805,-2.962193414177268,2.464392184433537,1.1034144013891956,-0.28203129574910285,-0.0008866918308474285,2.464392184433537,1.1034144013891956,0.28203129574910285,0.0008866918308474285,True,True,strong,low,low,low,-0.15015918417691398,0.015177668760261467,0.00034866494163245516,0.0003484993742216345,0.00035982586052920256,1200,500,10,75.56849670410156
-7.98,1.45,0.22,0.001,59,591894515,True,,60,-0.15,-0.15712290471304086,0.019450857032777567,-6.800215068933116,-4.9999999782912,9.777998492181396e-05,-0.1562562358119332,-0.04498975105931935,-10.722429506463644,0.0010971389628306079,-118.05495959600421,-118.74584657062144,-215.6381963808979,-221.11431489235449,-0.6908869746172286,-5.476118511456576,False,False,0.0003422394225150394,0.0014590058497868585,4.263114515168817,0.0011135356351688163,7.502944254240364e-06,0.0067379471453582135,-9.232790655019002,-6.800215068933116,-11.800215047224317,-6.4499999782912,1.1797849310668846,-0.20054914296722243,-0.0009022200150781861,6.4499999782912,1.1797849310668846,0.20054914296722243,0.0009022200150781861,True,True,strong,low,low,low,-0.14972877556564373,0.017843437742732213,0.0003492923023688182,0.0003474758800419697,0.00036259621511528363,1200,500,10,118.53787159919739
-7.98,1.45,0.22,0.001,60,2137773182,True,,60,-0.15,-0.15115476544085327,-0.02340680045338936,-6.683633404384958,-4.893198257753488,0.00013317466472982265,-0.1524114668160885,0.2780649981340146,-11.149406046358413,0.0012413783967035155,-115.19918215340802,-115.34690708368149,-209.92664149570552,-214.31643591847458,-0.1477249302734691,-4.389794422769057,False,False,0.0003422394225150394,0.0014590058497868585,4.263114515168817,0.0012512235024966152,9.380929911827803e-06,0.00749740545402933,-8.92384902268026,-6.683633404384958,-11.576831662138446,-6.343198257753488,1.2963665956150425,-0.24340680045338936,-0.0008668253352701774,6.343198257753488,1.2963665956150425,0.24340680045338936,0.0008668253352701774,True,True,strong,low,low,low,-0.153921000488016,0.019964971571872284,0.0003501864984813248,0.0003479955023083537,0.0003648480519749718,1200,500,10,89.181236743927
-7.98,1.45,0.22,0.001,61,511976559,True,,60,-0.15,-0.15005263820485717,0.15517003325576162,-6.6091121642926165,-4.999979327050535,0.00013319661119402844,-0.1520026651973556,0.43075854029746485,-8.081213419152768,0.0009721696764226791,-114.18005316828287,-113.47649215271527,-207.88838352545523,-210.57560605654214,0.7035610155676011,-2.687222531086917,True,False,0.0003422394225150394,0.0014590058497868585,4.263114515168817,0.0013480284460649346,9.0831319960329e-06,0.006738086293763089,-8.923684241667898,-6.6091121642926165,-11.60909149134315,-6.449979327050535,1.370887835707384,-0.06482996674423838,-0.0008668033888059716,6.449979327050535,1.370887835707384,0.06482996674423838,0.0008668033888059716,True,True,strong,low,low,low,-0.1478145819274069,0.01850895573963999,0.00034985507341695794,0.000349269063998491,0.0003636394276177001,1200,500,10,120.7641294002533
-7.98,1.45,0.22,0.001,62,99000463,True,,60,-0.15,-0.15179155093933258,-0.025439279161782537,-6.874259140200967,4.999999980748799,0.00014782417284039227,-0.15197389576345793,0.41177930126845635,-9.041697981326006,0.0012528398958879983,-113.10907875421128,-112.5891928037955,-205.74643469731205,-208.8010073587026,0.5198859504157838,-3.0545726613905515,True,False,0.0003422394225150394,0.0014590058497868585,4.263114515168817,0.001034063450973302,0.15346862051700488,148.41315624544512,-8.819487011805643,-6.874259140200967,-1.8742591594521674,3.549999980748799,1.1057408597990337,-0.24543927916178254,-0.0008521758271596078,3.549999980748799,1.1057408597990337,0.24543927916178254,0.0008521758271596078,True,True,strong,low,low,low,-0.15058577462055392,0.02099254560389242,0.0003502933879040951,0.0003494584931051709,0.0003742263044365126,1200,500,10,118.45126509666443
-7.98,1.45,0.22,0.001,63,403265631,True,,60,-0.15,-0.1546500758241774,-0.05376020481433183,-6.688405242758002,-3.291563601983283,0.00017200047159003713,-0.15484107159236588,0.30589715855695143,-9.04384883648732,0.0011907697612714397,-113.71040232785958,-113.63725503231453,-206.94908184460866,-210.89713181574066,0.07314729554505561,-3.948049971132008,True,False,0.0003422394225150394,0.0014590058497868585,4.263114515168817,0.0012452670889979065,4.631851222355998e-05,0.03719564471974723,-8.668013339352038,-6.688405242758002,-9.979968844741284,-4.741563601983283,1.2915947572419988,-0.27376020481433183,-0.0008279995284099629,4.741563601983283,1.2915947572419988,0.27376020481433183,0.0008279995284099629,True,True,strong,low,low,low,-0.15544431334547015,0.01894125033923363,0.00035038200038583806,0.000349498067172337,0.00036548230765192724,1200,500,10,86.24398422241211
-7.98,1.45,0.22,0.001,64,108372505,True,,60,-0.15,-0.15589566629827994,0.038376792976151645,-6.9789440197133,4.999999980748799,0.00010593054243703408,-0.15676984351925116,0.4226684879625844,-8.8793104018623,0.0010978746230224815,-116.7029027789765,-116.26162704194329,-212.93408274684248,-216.14587583499818,0.44127573703320877,-3.2117930881557015,True,False,0.0003422394225150394,0.0014590058497868585,4.263114515168817,0.0009312861039187412,0.13821511005010398,148.41315624544512,-9.152726938656867,-6.9789440197133,-1.9789440389645003,3.549999980748799,1.0010559802867007,-0.18162320702384835,-0.000894069457562966,3.549999980748799,1.0010559802867007,0.18162320702384835,0.000894069457562966,True,True,strong,low,low,low,-0.15194665106283256,0.01713528525808953,0.000349093598466833,0.0003475493647291081,0.00036687342861204547,1200,500,10,150.7577497959137
-7.98,1.45,0.22,0.001,65,393893589,True,,60,-0.15,-0.14995923184336316,0.11467026924842344,-6.170879791463497,-4.9999999782912,0.00014837828175713694,-0.14845205437966674,0.334240124082183,-8.259435969346931,0.0017005473041549184,-101.5827050994367,-100.97759309320529,-182.69368738776288,-185.57780793752218,0.6051120062314084,-2.8841205497593023,True,False,0.0003422394225150394,0.0014590058497868585,4.263114515168817,0.002089396958039259,1.4078246268940758e-05,0.0067379471453582135,-8.815745587286543,-6.170879791463497,-11.170879769754697,-6.4499999782912,1.8091202085365037,-0.10532973075157656,-0.0008516217182428631,6.4499999782912,1.8091202085365037,0.10532973075157656,0.0008516217182428631,True,True,strong,low,low,low,-0.1490220545102428,0.01865173814906013,0.0003496688785797248,0.00034803450445577413,0.00036840752403783706,1200,500,10,122.60594844818115
-7.98,1.45,0.22,0.001,66,217083433,True,,60,-0.15,-0.1542666816637327,0.28802989216462493,-6.624555721733414,-4.9999999782912,0.00016162441607411784,-0.15292425893664213,0.4582380895910203,-6.811514805781224,0.0001952508018864052,-114.01400861501216,-112.68216706133546,-207.5562944189138,-208.98695587378253,1.3318415536766963,-1.4306614548687264,True,False,0.0003422394225150394,0.0014590058497868585,4.263114515168817,0.0013273700216984907,8.943749048537406e-06,0.0067379471453582135,-8.730235333722597,-6.624555721733414,-11.624555700024615,-6.4499999782912,1.355444278266586,0.06802989216462493,-0.0008383755839258822,6.4499999782912,1.355444278266586,0.06802989216462493,0.0008383755839258822,True,True,strong,low,low,low,-0.14554275004344658,0.01884898034125323,0.00035011953673925425,0.0003493134455138131,0.0003676686355783451,1200,500,10,120.85467886924744
-7.98,1.45,0.22,0.001,67,285182661,True,,60,-0.15,-0.15496288257166405,-0.22647881718052765,-6.645646306174523,-4.9999999782912,0.00011680234416046358,-0.15502270007564994,-0.23885435741571942,-14.086402538514912,0.0013803589829403044,-114.6860158359405,-112.4948689713254,-208.90030886077048,-208.61235969376241,2.1911468646150922,0.2879491670080654,True,True,0.0003422394225150394,0.0014590058497868585,4.263114515168817,0.0012996681632015453,8.757095390156805e-06,0.0067379471453582135,-9.055027417904562,-6.645646306174523,-11.645646284465723,-6.4499999782912,1.3343536938254772,-0.4464788171805276,-0.0008831976558395364,6.4499999782912,1.3343536938254772,0.4464788171805276,0.0008831976558395364,True,True,strong,low,low,low,-0.15068759730973555,0.020382693051552818,0.00035000005779151896,0.0003479127162627757,0.00036889420572953723,1200,500,10,131.87613439559937
-7.98,1.45,0.22,0.001,68,1360034896,True,,60,-0.15,-0.14860531574037822,0.15230899586846464,-6.6410886077993405,-4.9999999782912,8.482703543367828e-05,-0.14729373108738367,0.3920836666020331,-7.939765970238278,0.0008757874005863518,-115.43183554551732,-115.41217645089125,-210.39194827992412,-214.4469746528941,0.01965909462606419,-4.055026372969991,True,False,0.0003422394225150394,0.0014590058497868585,4.263114515168817,0.0013056051779612346,8.79709868180881e-06,0.0067379471453582135,-9.37489625190043,-6.6410886077993405,-11.64108858609054,-6.4499999782912,1.33891139220066,-0.06769100413153536,-0.0009151729645663217,6.4499999782912,1.33891139220066,0.06769100413153536,0.0009151729645663217,True,True,strong,low,low,low,-0.14340435991389183,0.018601543433071348,0.00035017762131044663,0.00034951654645888283,0.00036824758784824327,1200,500,10,108.93333148956299
-7.98,1.45,0.22,0.001,69,275810619,True,,60,-0.15,-0.15016796314108505,0.07336126775882187,-7.309503311995243,-4.9999999782912,7.126443472716215e-05,-0.15115221818154262,0.34681144548186915,-8.445491160730107,0.0004573714791036308,-132.76373472183923,-132.81779286954452,-245.05574663256795,-249.25820749020065,-0.05405814770529105,-4.202460857632701,False,False,0.0003422394225150394,0.0014590058497868585,4.263114515168817,0.0006691493279908235,4.508692804354136e-06,0.0067379471453582135,-9.549113166672711,-7.309503311995243,-12.309503290286443,-6.4499999782912,0.6704966880047571,-0.14663873224117813,-0.0009287355652728378,6.4499999782912,0.6704966880047571,0.14663873224117813,0.0009287355652728378,True,True,strong,low,low,low,-0.14945126902708727,0.016762107862773577,0.0003490468105378104,0.0003488368938106322,0.00036559867699471486,1200,500,10,106.78525853157043
-7.98,1.45,0.22,0.001,70,778076713,True,,60,-0.15,-0.14917283829285805,0.06315488948579315,-6.678962080826106,-4.9999999782912,9.772771232311738e-05,-0.14682563746243563,0.4614964892225841,-8.039585210156126,0.0009760904915937119,-116.95024719261274,-115.75246306870686,-213.42877157411496,-215.12754788852533,1.1977841239058762,-1.6987763144103667,True,False,0.0003422394225150394,0.0014590058497868585,4.263114515168817,0.001257082045242194,8.470152378220697e-06,0.0067379471453582135,-9.23332539202096,-6.678962080826106,-11.678962059117307,-6.4499999782912,1.3010379191738943,-0.15684511051420685,-0.0009022722876768826,6.4499999782912,1.3010379191738943,0.15684511051420685,0.0009022722876768826,True,True,strong,low,low,low,-0.14929140044967334,0.019261009670078728,0.00034999015695943926,0.0003488025881197446,0.0003692955894392483,1200,500,10,120.93166542053223
-7.98,1.45,0.22,0.001,71,167099691,True,,60,-0.15,-0.1555485620626654,0.19351537686482295,-6.8809049718532505,-4.9999999782912,0.00013232247001946997,-0.1521413994023098,0.4321806055271677,-7.871178758540097,0.0006644670122311708,-118.89226259580141,-119.26269595248645,-217.31280238049231,-222.14801365608452,-0.37043335668504085,-4.835211275592201,False,False,0.0003422394225150394,0.0014590058497868585,4.263114515168817,0.001027214024637436,6.921313804977727e-06,0.0067379471453582135,-8.930268659847778,-6.8809049718532505,-11.880904950144451,-6.4499999782912,1.09909502814675,-0.02648462313517705,-0.00086767752998053,6.4499999782912,1.09909502814675,0.02648462313517705,0.00086767752998053,True,True,strong,low,low,low,-0.14984530412789882,0.019666900802765907,0.0003503662022108529,0.00034879037574676777,0.0003633452423941278,1200,500,10,125.05029940605164
-7.98,1.45,0.22,0.001,72,1478117866,True,,60,-0.15,-0.1547316483082032,0.044168918093858985,-6.543190833705126,-4.999999958215339,0.00012754159145839336,-0.15357510085186316,0.3514512772893709,-8.645787467563075,0.0012243447185283337,-111.69458862713046,-111.50007498905347,-202.9174544431504,-206.62277172921856,0.19451363807698385,-3.7053172860681514,True,False,0.0003422394225150394,0.0014590058497868585,4.263114515168817,0.0014398867220880556,9.701880823506009e-06,0.006737947280628305,-8.967068039043086,-6.543190833705126,-11.543190791920466,-6.449999958215339,1.436809166294874,-0.17583108190614102,-0.0008724584085416067,6.449999958215339,1.436809166294874,0.17583108190614102,0.0008724584085416067,True,True,strong,low,low,low,-0.15327692252524716,0.02036538324029899,0.0003503448926998156,0.00034900733494086495,0.00036828930479208165,1200,500,10,120.15346217155457
-7.98,1.45,0.22,0.001,73,157727649,True,,60,-0.15,-0.1528054617327705,-0.20125861973942136,-7.001233860386694,-0.9170229257678144,0.00011370243474952263,-0.1524986414624428,0.23311063915155855,-12.952782699044683,0.0010087014523300437,-122.59642789381857,-121.70666565511308,-224.72113297652663,-227.03595306133778,0.8897622387054867,-2.3148200848111458,True,False,0.0003422394225150394,0.0014590058497868585,4.263114515168817,0.0009107575243642536,0.00036403636693555495,0.39970722963795163,-9.081925743632986,-7.001233860386694,-7.918256786154509,-2.3670229257678144,0.978766139613306,-0.42125861973942136,-0.0008862975652504774,2.3670229257678144,0.978766139613306,0.42125861973942136,0.0008862975652504774,True,True,strong,low,low,low,-0.15021235830082671,0.01619401414566792,0.0003490169119182782,0.0003481651789555385,0.00036268861565539093,1200,500,10,94.74548053741455
-7.98,1.45,0.22,0.001,74,659993743,True,,60,-0.15,-0.14994733223535547,0.28058049682446,-6.917508937910039,-4.9999999782912,0.00013740260677742077,-0.15002981206317995,0.46910168844074784,-7.328895288331778,0.00033843052767884324,-121.35739367055085,-120.99323525347867,-222.2430645299912,-225.60909225806896,0.36415841707217567,-3.3660277280777677,True,False,0.0003422394225150394,0.0014590058497868585,4.263114515168817,0.0009902937537291654,6.672546971005499e-06,0.0067379471453582135,-8.892595206176804,-6.917508937910039,-11.917508916201239,-6.4499999782912,1.0624910620899612,0.06058049682446001,-0.0008625973932225793,6.4499999782912,1.0624910620899612,0.06058049682446001,0.0008625973932225793,True,True,strong,low,low,low,-0.15590571076564239,0.019039195309762093,0.00034999428293371504,0.0003481823840438777,0.00036859417763631633,1200,500,10,122.08235621452332
-7.98,1.45,0.22,0.001,75,985223814,True,,60,-0.15,-0.15905077599770573,0.034326752649714465,-6.994243068509721,0.39116964228624107,0.00010327505562549346,-0.15609470229520322,0.43823144328203645,-8.494928149515658,0.0007988004413407942,-119.64204182864867,-120.27483717417363,-218.81236084618683,-224.17229609945886,-0.6327953455249542,-5.3599352532720275,False,False,0.0003422394225150394,0.0014590058497868585,4.263114515168817,0.0009171467475113962,0.0013561934651539083,1.4787093437705912,-9.178114686066307,-6.994243068509721,-6.603073426223481,-1.058830357713759,0.985756931490279,-0.18567324735028554,-0.0008967249443745065,1.058830357713759,0.985756931490279,0.18567324735028554,0.0008967249443745065,True,True,strong,low,low,low,-0.15422271324187226,0.02038066311464966,0.0003508628771015196,0.0003494461400399697,0.00036885097704675903,1200,500,10,98.08086442947388
-7.98,1.45,0.22,0.001,76,1596200836,True,,60,-0.15,-0.15590077988521234,0.05005664501905502,-6.848698889511361,-4.9999999782912,0.00010954094204736843,-0.15661371115492798,0.45174133838575453,-8.390400338507275,0.0008326467835728177,-120.1039635788776,-119.86345792940574,-219.73620434664468,-223.3495376099231,0.2405056494718565,-3.613333263278406,True,False,0.0003422394225150394,0.0014590058497868585,4.263114515168817,0.00106083505898114,7.147850557357885e-06,0.0067379471453582135,-9.119212178614928,-6.848698889511361,-11.848698867802561,-6.4499999782912,1.1313011104886392,-0.16994335498094498,-0.0008904590579526315,6.4499999782912,1.1313011104886392,0.16994335498094498,0.0008904590579526315,True,True,strong,low,low,low,-0.15083854861461116,0.020659188486123334,0.00035076465013595407,0.0003504731053294639,0.0003651345898643644,1200,500,10,109.7412633895874
-7.98,1.45,0.22,0.001,77,994595856,True,,60,-0.15,-0.15697626954217803,0.28508149479606987,-6.819847347082025,3.6763074413785133,0.00018668187590783035,-0.15762954710490165,0.48537272835938217,-7.184980560770485,0.0005587580838157497,-111.02479843749468,-110.44949243180363,-201.57787406387885,-204.52160661471888,0.5753060056910471,-2.943732550840025,True,False,0.0003422394225150394,0.0014590058497868585,4.263114515168817,0.0010918875893846983,0.043129851746006836,39.500267395026825,-8.586104588144684,-6.819847347082025,-3.1435399057035114,2.2263074413785136,1.1601526529179758,0.06508149479606987,-0.0008133181240921696,2.2263074413785136,1.1601526529179758,0.06508149479606987,0.0008133181240921696,True,True,strong,low,low,low,-0.15461304324548814,0.019514359099345846,0.0003502503344262855,0.00034910736166756913,0.00036816838548839814,1200,500,10,87.21334719657898
-7.98,1.45,0.22,0.001,78,541910773,True,,60,-0.15,-0.15706741694427878,0.14675787210487837,-6.745963018247604,-4.9999999782912,0.00010646758793543461,-0.15536833299455816,0.426251118581215,-7.771187208801965,0.0006713607969246828,-119.28715747813172,-118.78823931336754,-218.10259214515293,-221.1991003778467,0.49891816476417716,-3.0965082326937647,True,False,0.0003422394225150394,0.0014590058497868585,4.263114515168817,0.0011756159943488976,7.921238433160611e-06,0.0067379471453582135,-9.147669957769612,-6.745963018247604,-11.745962996538804,-6.4499999782912,1.2340369817523964,-0.07324212789512163,-0.0008935324120645655,6.4499999782912,1.2340369817523964,0.07324212789512163,0.0008935324120645655,True,True,strong,low,low,low,-0.15012089596500153,0.020684816278627793,0.0003498468017752327,0.00034815705663932423,0.00036637587196640403,1200,500,10,113.81461906433105
-7.98,1.45,0.22,0.001,79,1103306784,True,,60,-0.15,-0.14857439061613806,0.10162060553153895,-6.491910065116322,-2.9794051638219248,0.00016836200867105042,-0.1489224184321644,0.42910840146085893,-8.192453034496607,0.001162604632690502,-110.02775635793557,-110.02585275327729,-199.58378990476064,-203.6743272576662,0.0019036046582812105,-4.090537352905557,True,False,0.0003422394225150394,0.0014590058497868585,4.263114515168817,0.0015156512489154872,7.703002870609397e-05,0.05082305626786651,-8.689394083323796,-6.491910065116322,-9.471315228938247,-4.429405163821925,1.4880899348836785,-0.11837939446846105,-0.0008316379913289496,4.429405163821925,1.4880899348836785,0.11837939446846105,0.0008316379913289496,True,True,strong,low,low,low,-0.15114837717575494,0.022749598446925826,0.00035085439332835974,0.0003479559567037487,0.0003779675285952665,1200,500,10,95.39600157737732
-7.98,1.45,0.22,0.001,80,1546442957,True,,60,-0.15,-0.15247600570499129,-0.12005653439841524,-6.346760104618795,-4.9999999782912,0.00014442632750774926,-0.15323004611622365,0.14248704942377272,-9.262928160000154,0.0015752913512240832,-106.34992074848056,-106.64194635819067,-192.2281186858506,-196.90651446749294,-0.2920256097101088,-4.678395781642337,False,False,0.0003422394225150394,0.0014590058497868585,4.263114515168817,0.0017524155918831746,1.1807683634810459e-05,0.0067379471453582135,-8.842741024663583,-6.346760104618795,-11.346760082909995,-6.4499999782912,1.6332398953812053,-0.3400565343984152,-0.0008555736724922508,6.4499999782912,1.6332398953812053,0.3400565343984152,0.0008555736724922508,True,True,strong,low,low,low,-0.15526156656655055,0.017396986262249132,0.0003491335670541083,0.0003476796369963601,0.00037600330151515797,1200,500,10,125.01159429550171
-7.98,1.45,0.22,0.001,81,1112678826,True,,60,-0.15,-0.1575859557066393,0.136978394498733,-6.603834525597541,-4.9999999782912,0.00011981292959974363,-0.1573997721358803,0.4137339105681501,-8.124081850494452,0.0009610223443169333,-114.63918683148896,-114.34279236187035,-208.8066508518674,-212.3082064748523,0.2963944696186047,-3.5015556229849096,True,False,0.0003422394225150394,0.0014590058497868585,4.263114515168817,0.0013551616598594656,9.131007637548976e-06,0.0067379471453582135,-9.029578951564474,-6.603834525597541,-11.603834503888741,-6.4499999782912,1.3761654744024598,-0.083021605501267,-0.0008801870704002564,6.4499999782912,1.3761654744024598,0.083021605501267,0.0008801870704002564,True,True,strong,low,low,low,-0.15591067331299563,0.020269211552699406,0.0003506831192213612,0.00034891798074522637,0.0003727144695755758,1200,500,10,119.44230771064758
-7.98,1.45,0.22,0.001,82,610412732,True,,60,-0.15,-0.14941938999475973,0.3153168861756046,-6.40705852266973,-2.1958142226801565,0.00019150573578633555,-0.14451185705359168,0.4292213724381847,-6.531861286408095,0.00020871006837547003,-104.92180020035596,-104.3168069275232,-189.3718775896014,-192.25623560615801,0.6049932728327576,-2.884358016556604,True,False,0.0003422394225150394,0.0014590058497868585,4.263114515168817,0.0016498704279476815,0.00018357766355979582,0.11126792774154577,-8.560592797905253,-6.40705852266973,-8.602872745349886,-3.6458142226801566,1.5729414773302706,0.0953168861756046,-0.0008084942642136645,3.6458142226801566,1.5729414773302706,0.0953168861756046,0.0008084942642136645,True,True,strong,low,low,low,-0.1519318734206815,0.019267434351930422,0.0003500096064024063,0.00034855248062730143,0.0003662148481578869,1200,500,10,97.0339298248291
-7.98,1.45,0.22,0.001,83,1221389754,True,,60,-0.15,-0.14829733542530757,-0.12405209659823793,-6.659966698021607,-4.9999999782912,0.00010343396929164576,-0.14715901637653844,0.3176252307094461,-9.631931858271756,0.001243590993249943,-114.90871226093827,-114.59074890451822,-209.34570171076604,-212.80411956014805,0.31796335642005147,-3.458417849382016,True,False,0.0003422394225150394,0.0014590058497868585,4.263114515168817,0.0012811890358033744,8.632584006455596e-06,0.0067379471453582135,-9.176577126711816,-6.659966698021607,-11.659966676312806,-6.4499999782912,1.3200333019783939,-0.34405209659823793,-0.0008965660307083543,6.4499999782912,1.3200333019783939,0.34405209659823793,0.0008965660307083543,True,True,strong,low,low,low,-0.1477731757107243,0.018560904191671806,0.00034945937611343623,0.0003481524341732152,0.00036750301884038323,1200,500,10,128.02569460868835
-7.98,1.45,0.22,0.001,84,719123660,True,,60,-0.15,-0.13841338813427229,-0.10810925424557136,-6.571459011226482,-2.4546307842351367,0.00014261592488904045,-0.13777593618913891,0.2922675957865194,-9.756706152425492,0.0013648784528852793,-110.98614299827787,-111.24874129877094,-201.50056318544523,-206.12010434865348,-0.2625983004930674,-4.619541163208254,False,False,0.0003422394225150394,0.0014590058497868585,4.263114515168817,0.001399753665262477,0.00012023170577712946,0.08589490333971306,-8.855355380980582,-6.571459011226482,-9.026089795461619,-3.9046307842351364,1.4085409887735185,-0.32810925424557136,-0.0008573840751109595,3.9046307842351364,1.4085409887735185,0.32810925424557136,0.0008573840751109595,True,True,strong,low,low,low,-0.14732768068261745,0.019835673577922586,0.00035035423199887756,0.0003485361695105628,0.0003684894762114454,1200,500,10,108.07485365867615
-7.98,1.45,0.22,0.001,85,916721855,True,,60,-0.15,-0.15521876658525624,0.08454024725321901,-6.773344521944208,4.999999980748799,0.0001442726066691808,-0.1529277428474477,0.47879872251465255,-8.400162166149435,0.0012909388147011609,-109.2418802235649,-109.26436141291404,-198.0120376360193,-202.1513445769397,-0.022481189349136343,-4.139306940920392,False,False,0.0003422394225150394,0.0014590058497868585,4.263114515168817,0.001143862572763029,0.16976425473479625,148.41315624544512,-8.84380594617799,-6.773344521944208,-1.7733445411954083,3.549999980748799,1.2066554780557928,-0.135459752746781,-0.0008557273933308192,3.549999980748799,1.2066554780557928,0.135459752746781,0.0008557273933308192,True,True,strong,low,low,low,-0.15193725382538242,0.018604315282307687,0.00034983252634481377,0.0003486003162107833,0.0003670166993481504,1200,500,10,124.01499485969543
-7.98,1.45,0.22,0.001,86,728495702,True,,60,-0.15,-0.15531019178393862,-0.07725348108488136,-6.47644495981456,-4.9999999782912,0.00015790866568917702,-0.15481743864849484,-0.07160546788177707,-11.528118452176392,0.0015626730270516954,-108.92088042834855,-108.53317570067199,-197.3700380455866,-200.6889731524556,0.3877047276765637,-3.3189351068689916,True,False,0.0003422394225150394,0.0014590058497868585,4.263114515168817,0.0015392731418101193,1.0371541071786052e-05,0.0067379471453582135,-8.753493757339818,-6.47644495981456,-11.476444938105761,-6.4499999782912,1.5035550401854403,-0.29725348108488137,-0.0008420913343108231,6.4499999782912,1.5035550401854403,0.29725348108488137,0.0008420913343108231,True,True,strong,low,low,low,-0.15068413642457562,0.019171019660155143,0.00034996411967369356,0.00034898934452113196,0.0003724906298941135,1200,500,10,126.38143181800842
-7.98,1.45,0.22,0.001,87,1921254039,True,,60,-0.15,-0.14724814744568238,-0.029901252895857895,-6.821365123236909,-4.9999999782912,0.00010239890543153603,-0.14720987785365353,-0.02692084117109611,-17.951569376553135,0.0011313110862009178,-118.29210969855987,-118.38128179200017,-216.11249658600923,-220.38518533511194,-0.08917209344029686,-4.272688749102713,False,False,0.0003422394225150394,0.0014590058497868585,4.263114515168817,0.0010902316054620714,7.345922933802466e-06,0.0067379471453582135,-9.186634534561152,-6.821365123236909,-11.821365101528109,-6.4499999782912,1.1586348767630916,-0.2499012528958579,-0.000897601094568464,6.4499999782912,1.1586348767630916,0.2499012528958579,0.000897601094568464,True,True,strong,low,low,low,-0.14951239302416627,0.016742106227785842,0.00034922551225906556,0.00034887792189089396,0.0003632672744661656,1200,500,10,124.82239985466003
-7.98,1.45,0.22,0.001,88,837206630,True,,60,-0.15,-0.15101671918556653,-0.037249807672123735,-6.816904351309942,-1.2473348751952316,9.757722383599739e-05,-0.1511575038947776,0.27673871636210257,-10.231868785147316,0.0010958647637172628,-118.38164390924308,-118.55295799140902,-216.29156500737565,-220.72853773392964,-0.17131408216593513,-4.436972726553989,False,False,0.0003422394225150394,0.0014590058497868585,4.263114515168817,0.001095105743127514,0.0003145903547745246,0.28726938631157733,-9.234866454114547,-6.816904351309942,-8.064239226505174,-2.6973348751952315,1.1630956486900583,-0.25724980767212374,-0.0009024227761640026,2.6973348751952315,1.1630956486900583,0.25724980767212374,0.0009024227761640026,True,True,strong,low,low,low,-0.1500345405834976,0.016694700796480482,0.00034942612496708313,0.0003485939864547519,0.00036211849741027175,1200,500,10,77.92209935188293
-7.98,1.45,0.22,0.001,89,1812543111,True,,60,-0.15,-0.15662412293497652,0.0038777302205857114,-6.962957687032575,4.999999980748799,0.00014256242333648796,-0.1543849009807995,0.22934559559347553,-10.633954957360935,0.0012311746733436526,-116.88693497556028,-115.79398941185153,-213.30214714001005,-215.21060057481466,1.0929455637087528,-1.9084534348046134,True,False,0.0003422394225150394,0.0014590058497868585,4.263114515168817,0.0009462935911268939,0.14044241859397907,148.41315624544512,-8.855730595673514,-6.962957687032575,-1.9629577062837757,3.549999980748799,1.0170423129674253,-0.2161222697794143,-0.000857437576663512,3.549999980748799,1.0170423129674253,0.2161222697794143,0.000857437576663512,True,True,strong,low,low,low,-0.15190849000941606,0.0186398967630329,0.00034979383900354447,0.0003472951784998564,0.00036498325875348575,1200,500,10,110.479318857193
-7.98,1.45,0.22,0.001,90,846578672,True,,60,-0.15,-0.1469736872320663,-0.12414116399887543,-6.598143807206622,-4.9999999782912,9.866335984519657e-05,-0.1462063310414789,-0.47013290858318874,-15.10031394253425,0.0013007685017014606,-114.48599906156274,-114.25063115929542,-208.50027531201496,-212.12388406970246,0.2353679022673134,-3.6236087576874922,True,False,0.0003422394225150394,0.0014590058497868585,4.263114515168817,0.0013628954878874007,9.183117762032502e-06,0.0067379471453582135,-9.223796907952433,-6.598143807206622,-11.598143785497822,-6.4499999782912,1.3818561927933786,-0.3441411639988754,-0.0009013366401548035,6.4499999782912,1.3818561927933786,0.3441411639988754,0.0009013366401548035,True,True,strong,low,low,low,-0.14559695130329345,0.017063413459050363,0.0003491207529713454,0.00034802419385925265,0.0003634883776120953,1200,500,10,120.7257821559906
-7.98,1.45,0.22,0.001,91,1803171069,True,,60,-0.15,-0.14510143296599481,-0.10743239164397472,-6.960466448521102,4.999999980748799,0.0001347109641790405,-0.1450667161535663,0.3927526004596699,-10.285011352199675,0.001163824257186464,-116.06965893361522,-115.93529856581691,-211.66759505611992,-215.49321888274542,0.1343603677983083,-3.8256238266255025,True,False,0.0003422394225150394,0.0014590058497868585,4.263114515168817,0.000948653973080718,0.1407927303296909,148.41315624544512,-8.9123790808372,-6.960466448521102,-1.960466467772303,3.549999980748799,1.0195335514788981,-0.32743239164397475,-0.0008652890358209595,3.549999980748799,1.0195335514788981,0.32743239164397475,0.0008652890358209595,True,True,strong,low,low,low,-0.15154246953114284,0.02092348183170063,0.00034997437809438715,0.00034818383652315544,0.00037209125242983275,1200,500,10,118.85075354576111
-7.98,1.45,0.22,0.001,92,955289600,True,,60,-0.15,-0.14855355438435486,-0.2318984888737464,-6.995874473922475,4.9999999022401225,0.00010168661540528473,-0.14899813984972543,0.4396189000760345,-13.171217522275187,0.0012416080669648995,-116.206050052012,-115.80835951422951,-211.9403772929135,-215.23934077957063,0.39769053778249486,-3.2989634866571294,True,False,0.0003422394225150394,0.0014590058497868585,4.263114515168817,0.0009156517291653082,0.13589475247810526,148.41314459372506,-9.19361487217187,-6.995874473922475,-1.9958745716823527,3.5499999022401223,0.9841255260775252,-0.4518984888737464,-0.0008983133845947153,3.5499999022401223,0.9841255260775252,0.4518984888737464,0.0008983133845947153,True,True,strong,low,low,low,-0.14904589642928479,0.019220143520228376,0.0003501343510103446,0.00034907409089851343,0.00036716301099109496,1200,500,10,117.07268023490906
-7.98,1.45,0.22,0.001,93,1694460141,True,,60,-0.15,-0.15002001145127533,0.10333172472324442,-6.248559933118816,-4.9999999782912,0.00016442326594720064,-0.1512794758193184,0.3415976480124158,-7.542012132723742,0.0012189537985611589,-104.35784489832596,-104.64867590279559,-188.24396698554142,-192.9199735567028,-0.2908310044696236,-4.676006571161366,False,False,0.0003422394225150394,0.0014590058497868585,4.263114515168817,0.001933236121936905,1.3026042809108152e-05,0.0067379471453582135,-8.713066564995154,-6.248559933118816,-11.248559911410016,-6.4499999782912,1.7314400668811842,-0.11666827527675558,-0.0008355767340527994,6.4499999782912,1.7314400668811842,0.11666827527675558,0.0008355767340527994,True,True,strong,low,low,low,-0.14573015990590082,0.020074673906146964,0.00035071704807991235,0.0003495769995372671,0.0003674273155446132,1200,500,10,124.60240817070007
-7.98,1.45,0.22,0.001,94,148581474,True,,60,-0.15,-0.14580704230343577,0.17140456797890513,-6.946334423995364,-4.9999999782912,0.0001370272535748054,-0.14699238056258085,0.4562820585842976,-7.948893008675957,0.0006408047296787335,-121.32711749677193,-120.68468687051757,-222.18251218243336,-224.99199549214674,0.6424306262543666,-2.809483309713386,True,False,0.0003422394225150394,0.0014590058497868585,4.263114515168817,0.0009621555519124162,6.482953254398826e-06,0.0067379471453582135,-8.895330720717379,-6.946334423995364,-11.946334402286563,-6.4499999782912,1.033665576004636,-0.04859543202109487,-0.0008629727464251946,6.4499999782912,1.033665576004636,0.04859543202109487,0.0008629727464251946,True,True,strong,low,low,low,-0.14251798249695152,0.01896215322329307,0.00035024911450123425,0.0003489637480905034,0.0003673630618950569,1200,500,10,125.58829808235168
-7.98,1.45,0.22,0.001,95,1685088099,True,,60,-0.15,-0.14707658998208673,0.07357991442886984,-6.820494664308643,-4.9999999782912,0.00010855997851519537,-0.14743059730319175,0.45785659768405645,-8.296165367474494,0.0007567561846331213,-120.33104449666482,-120.45218044874134,-220.19036618221912,-224.5269826485943,-0.1211359520765285,-4.336616466375176,False,False,0.0003422394225150394,0.0014590058497868585,4.263114515168817,0.0010911810204503527,7.352320041812509e-06,0.0067379471453582135,-9.128207740344871,-6.820494664308643,-11.820494642599844,-6.4499999782912,1.1595053356913576,-0.14642008557113018,-0.0008914400214848047,6.4499999782912,1.1595053356913576,0.14642008557113018,0.0008914400214848047,True,True,strong,low,low,low,-0.14799082495498547,0.016674278756725544,0.00034899746284692163,0.00034836212280330426,0.00036068751105344,1200,500,10,109.69447708129883
-7.98,1.45,0.22,0.001,96,39870546,True,,60,-0.15,-0.1545617886953346,-0.07505269748219255,-6.874449284825838,4.999999980748799,0.00012245993921643144,-0.1534575258082257,0.3336060579224909,-11.210450056001042,0.0013158376782412859,-113.66091307907338,-113.44370089393574,-206.85010334703625,-210.5100235389831,0.2172121851376403,-3.6599201919468385,True,False,0.0003422394225150394,0.0014590058497868585,4.263114515168817,0.00103386684805841,0.15343944205787868,148.41315624544512,-9.00772660826906,-6.874449284825838,-1.8744493040770385,3.549999980748799,1.1055507151741626,-0.29505269748219254,-0.0008775400607835686,3.549999980748799,1.1055507151741626,0.29505269748219254,0.0008775400607835686,True,True,strong,low,low,low,-0.1468547682279002,0.02107174883045272,0.000351004469138675,0.00034973721482924156,0.0003662937569708921,1200,500,10,125.25652503967285
-7.98,1.45,0.22,0.001,97,1576377171,True,,60,-0.15,-0.14645051664823985,0.1255544334059712,-6.526977806567301,-2.3303061057317285,0.00015673496655379106,-0.14620217199098628,0.46533465523876877,-7.5416193045680995,0.0010049498996606817,-108.35389501922819,-108.58384515596,-196.23606722734587,-200.79031206303162,-0.22995013673181575,-4.554244835685751,False,False,0.0003422394225150394,0.0014590058497868585,4.263114515168817,0.0014634219174284304,0.00014234115065190573,0.09726596886155152,-8.760954290203477,-6.526977806567301,-8.85728391229903,-3.7803061057317286,1.453022193432699,-0.09444556659402881,-0.000843265033446209,3.7803061057317286,1.453022193432699,0.09444556659402881,0.000843265033446209,True,True,strong,low,low,low,-0.15041308466548933,0.01866497783757641,0.00034950445044236884,0.0003481301155099848,0.0003645177489983132,1200,500,10,114.4168381690979
-7.98,1.45,0.22,0.001,98,30498504,True,,60,-0.15,-0.15049231016479506,0.1637545495181056,-7.0584028354763415,3.184577214172685,9.845687489582502e-05,-0.15146037087935058,0.43083669859902196,-7.942192467531225,0.0006441389943520826,-121.1017395973461,-121.53522228984559,-221.73175638358168,-226.6930663308028,-0.43348269249949567,-4.96130994722111,False,False,0.0003422394225150394,0.0014590058497868585,4.263114515168817,0.0008601507998064491,0.02077872564339102,24.157072978443598,-9.225891923973151,-7.0584028354763415,-3.8738256213036566,1.734577214172685,0.9215971645236589,-0.05624545048189439,-0.0009015431251041749,1.734577214172685,0.9215971645236589,0.05624545048189439,0.0009015431251041749,True,True,strong,low,low,low,-0.14699458118694858,0.018678902219163265,0.00034957771232138775,0.0003476479192076916,0.00036762948110411907,1200,500,10,82.57050347328186
-7.98,1.45,0.22,0.001,99,1614719053,True,,60,-0.15,-0.15347341638897563,-0.12256573191635095,-6.778495780043983,4.999999980748799,0.00020149852335308292,-0.15240592726776414,0.2565298204603718,-14.482041279580471,0.0016271702601721358,-107.5365249102963,-107.21451962256666,-194.60132700948208,-198.05166099624492,0.3220052877296382,-3.4503339867628426,True,False,0.0003422394225150394,0.0014590058497868585,4.263114515168817,0.0011379853918540702,0.16889200376627223,148.41315624544512,-8.50972850487693,-6.778495780043983,-1.7784957992951833,3.549999980748799,1.2015042199560177,-0.342565731916351,-0.0007985014766469171,3.549999980748799,1.2015042199560177,0.342565731916351,0.0007985014766469171,True,True,strong,low,low,low,-0.15119962840087542,0.023212455692891206,0.00035080998605405947,0.00034802088652815806,0.00039193252455501954,1200,500,10,115.13217353820801
-5.08,-3.5,0.22,0.001,0,1263776484,True,,60,-0.15,-0.15363035354876636,-0.006862350243607526,-5.2143724006344,-1.9177743074020943,0.0004581061710349367,-0.15310877801229691,0.2814650111303153,-6.443174642934114,0.0039940536022511275,-70.04712922459483,-70.31471771259156,-119.62253563807914,-124.25205717629471,-0.26758848799673274,-4.62952153821557,False,False,0.006219909015942573,0.00018782497740635362,0.0301973834223185,0.005437845193967004,0.0007990023204284116,0.14693362755432277,-7.688409586228154,-5.2143724006344,-7.132146708036495,1.5822256925979057,-0.13437240063440026,-0.2268623502436075,-0.0005418938289650634,1.5822256925979057,0.13437240063440026,0.2268623502436075,0.0005418938289650634,False,False,ictal_scale,low,low,low,-0.14731124569206452,0.07168768255862348,0.005091938047714778,0.00523171441380702,0.006219909015942573,1200,500,10,104.16980743408203
-5.08,-3.5,0.22,0.001,1,652799462,True,,60,-0.15,-0.12767946997496588,0.1405611481566723,-4.769024436703284,-4.9999999782912,0.000659407344945537,-0.14304031467674885,0.3976223985219814,-5.127312896444785,0.0012095882754394216,-63.730240906607925,-60.73875135393685,-106.98875900210535,-105.10012445898529,2.9914895526710765,1.8886345431200624,True,True,0.006219909015942573,0.00018782497740635362,0.0301973834223185,0.00848865734438171,5.719612452150083e-05,0.0067379471453582135,-7.3241690885571105,-4.769024436703284,-9.769024414994483,-1.4999999782912,0.31097556329671594,-0.07943885184332769,-0.00034059265505446306,1.4999999782912,0.31097556329671594,0.07943885184332769,0.00034059265505446306,False,False,ictal_scale,low,low,low,-0.12718907893157608,0.08280863440393428,0.0049706539223623785,0.004987471209870472,0.006219909015942573,1200,500,10,103.68666362762451
-5.08,-3.5,0.22,0.001,2,1254404442,True,,60,-0.15,-0.16427170339532704,0.526206626565669,-5.662023348614146,1.96645689936139,0.000709459163862509,-0.15143041602529733,0.5041211264918031,-5.479645866304776,0.0007667406898259989,-73.69646494424464,-73.79439954258297,-126.92120707737877,-131.21142083627754,-0.09793459833832685,-4.290213758898773,False,False,0.006219909015942573,0.00018782497740635362,0.0301973834223185,0.003475477676273416,0.024833382826513407,7.1453150155581,-7.251007619239755,-5.662023348614146,-3.6955664492527562,5.46645689936139,-0.582023348614146,0.306206626565669,-0.000290540836137491,5.46645689936139,0.582023348614146,0.306206626565669,0.000290540836137491,False,False,ictal_scale,low,low,low,-0.15669570866667173,0.07045972017818182,0.0051108252617939175,0.00505609471012902,0.006219909015942573,1200,500,10,78.36912107467651
-5.08,-3.5,0.22,0.001,3,1504056227,True,,60,-0.15,-0.12655311460459795,0.11422714762217087,-5.101740987852305,-3.408448021640456,0.0005221671160691881,-0.12396677563881164,0.4671970134164946,-6.636469910845554,0.004585516050936041,-68.14373602605515,-68.39060137174629,-115.81574924099979,-120.40382449460417,-0.24686534569113405,-4.588075253604373,False,False,0.006219909015942573,0.00018782497740635362,0.0301973834223185,0.00608614143818413,0.00020140575371505837,0.03309251941656321,-7.557522875590929,-5.101740987852305,-8.51018900949276,0.09155197835954398,-0.02174098785230516,-0.10577285237782913,-0.0004778328839308119,0.09155197835954398,0.02174098785230516,0.10577285237782913,0.0004778328839308119,False,False,ictal_scale,low,low,low,-0.12090921565017405,0.07472323840365909,0.005067101241645922,0.005178894318656341,0.006219909015942573,1200,500,10,110.42078137397766
-5.08,-3.5,0.22,0.001,4,1145693514,True,,60,-0.15,-0.1527504119476891,0.1880550757486404,-4.866728038071385,-4.9999999782912,0.0005514688698824842,-0.1464592193618275,0.4061316554284806,-6.087593982174419,0.004217048553886016,-66.58461322392044,-65.00680736367123,-112.69750363673037,-113.63623647845405,1.5778058602492138,-0.9387328417236773,True,False,0.006219909015942573,0.00018782497740635362,0.0301973834223185,0.007698513366323717,5.187217616012289e-05,0.0067379471453582135,-7.502925167133162,-4.866728038071385,-9.866728016362586,-1.4999999782912,0.21327196192861475,-0.03194492425135961,-0.0004485311301175158,1.4999999782912,0.21327196192861475,0.03194492425135961,0.0004485311301175158,False,False,ictal_scale,low,low,low,-0.14013003486247966,0.07771887186216127,0.0051137547398877525,0.00533152814489763,0.006219909015942573,1200,500,10,100.32278966903687
-5.08,-3.5,0.22,0.001,5,1612767155,True,,60,-0.15,-0.14400802877189747,-0.031096144043346815,-5.903342153873429,-0.9909628871122893,0.00019361449166664915,-0.14316403820737839,0.29537565415383676,-8.506463667978942,0.002461252009056534,-91.6456182557881,-92.16533461440254,-162.81951370046568,-167.9532909799167,-0.5197163586144455,-5.13377727945101,False,False,0.006219909015942573,0.00018782497740635362,0.0301973834223185,0.0027303044554148185,0.0010135410993594753,0.37121907681371985,-8.549641532273144,-5.903342153873429,-6.894305040985718,2.509037112887711,-0.8233421538734289,-0.2510961440433468,-0.0008063855083333508,2.509037112887711,0.8233421538734289,0.2510961440433468,0.0008063855083333508,False,False,ictal_scale,low,low,low,-0.1384749148248689,0.05423450898847305,0.0053739263785442535,0.005526556352031234,0.006219909015942573,1200,500,10,104.97280049324036
-5.08,-3.5,0.22,0.001,6,1136321472,True,,60,-0.15,-0.16638421970612816,0.12159590710008295,-5.003862353108012,-4.9999999782912,0.0006695019413883524,-0.16325906894873,0.31772325997281436,-7.030184718419729,0.005040143327196177,-69.45130902659209,-69.01820299568227,-118.43089524207366,-121.65902774247614,0.43310603090981203,-3.228132500402481,True,False,0.006219909015942573,0.00018782497740635362,0.0301973834223185,0.006711972861487149,4.522491838177913e-05,0.0067379471453582135,-7.3089764930786965,-5.003862353108012,-10.003862331399212,-1.4999999782912,0.0761376468919881,-0.09840409289991706,-0.0003304980586116476,1.4999999782912,0.0761376468919881,0.09840409289991706,0.0003304980586116476,False,False,ictal_scale,low,low,low,-0.1525039684592667,0.07006106141944052,0.005205373364577315,0.005307035326678389,0.006219909015942573,1200,500,10,101.39587020874023
-5.08,-3.5,0.22,0.001,7,1638587566,True,,60,-0.15,-0.14740884864676354,0.10194675987179036,-4.991589530526779,-2.8079059757150517,0.0005297459361465695,-0.14654016898162397,0.3906301784369613,-6.240161286172607,0.0038978487237864563,-67.77237380050892,-67.58663066036775,-115.07302478990732,-118.79588307184709,0.18574314014117022,-3.7228582819397644,True,False,0.006219909015942573,0.00018782497740635362,0.0301973834223185,0.006794855273832321,0.0004099417398695894,0.06033119519827254,-7.543113032111794,-4.991589530526779,-7.799495506241831,0.6920940242849483,0.08841046947322084,-0.11805324012820964,-0.0004702540638534305,0.6920940242849483,0.08841046947322084,0.11805324012820964,0.0004702540638534305,False,False,ictal_scale,low,low,low,-0.14324862646851558,0.06769878980042512,0.0051702347423294775,0.005335220140666971,0.006219909015942573,1200,500,10,96.94554138183594
-5.08,-3.5,0.22,0.001,8,1027610544,True,,60,-0.15,-0.17858171837807463,0.21746553148670336,-5.516612793366585,2.669866436500836,0.0005317711164169422,-0.18543870379595856,0.4299187266739678,-6.039354341293933,0.0026779321965811906,-71.97960716017542,-71.78212442806911,-123.48749150924033,-127.18687060724982,0.19748273210630884,-3.699379098009487,True,False,0.006219909015942573,0.00018782497740635362,0.0301973834223185,0.0040194395826649455,0.05803283216023163,14.43804066878275,-7.53929739349808,-5.516612793366585,-2.846746356865749,6.169866436500836,-0.4366127933665851,-0.0025344685132966394,-0.00046822888358305785,6.169866436500836,0.4366127933665851,0.0025344685132966394,0.00046822888358305785,False,False,ictal_scale,low,low,low,-0.17313372426754203,0.0729529197441099,0.005052383084123382,0.005205634725586448,0.006219909015942573,1200,500,10,88.13912057876587
-5.08,-3.5,0.22,0.001,9,617607013,True,,60,-0.15,-0.13456832651879327,-0.03591569253435181,-4.88349799570516,-4.9999999782912,0.0006188843853051735,-0.13060024447739296,0.37183188748024193,-7.239533554401088,0.005840533531426647,-68.37848585271664,-67.02603906373176,-116.28524889432276,-117.67469987857511,1.352446788984878,-1.389450984252349,True,False,0.006219909015942573,0.00018782497740635362,0.0301973834223185,0.007570486129423513,5.100953540472315e-05,0.0067379471453582135,-7.387592079291356,-4.88349799570516,-9.88349797399636,-1.4999999782912,0.19650200429483977,-0.2559156925343518,-0.0003811156146948265,1.4999999782912,0.19650200429483977,0.2559156925343518,0.0003811156146948265,False,False,ictal_scale,low,low,low,-0.1322937908543413,0.07634741572376073,0.005145855149160522,0.005348452529993717,0.006219909015942573,1200,500,10,90.69970798492432
-5.08,-3.5,0.22,0.001,10,918899616,True,,60,-0.15,-0.1599721360279835,-0.07528038493081278,-5.050531180953582,-4.9999998926556,0.0006908486905554064,-0.16108118586810338,0.29785300794263786,-8.203293021984138,0.005606160299861749,-69.92443788233103,-69.34485084251182,-119.37715295355156,-122.31232343613523,0.5795870398192164,-2.935170482583672,True,False,0.006219909015942573,0.00018782497740635362,0.0301973834223185,0.006405929834451483,4.316282033768124e-05,0.006737947722366384,-7.277589729874253,-5.050531180953582,-10.050531073609182,-1.4999998926556,0.02946881904641785,-0.29528038493081277,-0.00030915130944459367,1.4999998926556,0.02946881904641785,0.29528038493081277,0.00030915130944459367,False,False,ictal_scale,low,low,low,-0.16005256159970513,0.07073743228175187,0.005184944599863703,0.0054572653669039545,0.006219909015942573,1200,500,10,108.64455103874207
-5.08,-3.5,0.22,0.001,11,1520504596,True,,60,-0.15,-0.13493332701108637,0.3444070331246344,-4.835884411379232,-4.985268552152392,0.0007924047449493377,-0.12955236175835302,0.46270216973332057,-5.381835267738046,0.00166898028866185,-65.3732873615397,-64.5786300400562,-110.27485191196888,-112.77988183122399,0.7946573214834984,-2.505029919255108,True,False,0.006219909015942573,0.00018782497740635362,0.0301973834223185,0.007939663290349838,5.429095260867258e-05,0.006837941436969981,-7.140438255084438,-4.835884411379232,-9.821152963531624,-1.4852685521523918,0.244115588620768,0.12440703312463439,-0.00020759525505066232,1.4852685521523918,0.244115588620768,0.12440703312463439,0.00020759525505066232,False,False,ictal_scale,low,low,low,-0.137475098259243,0.08121526320275749,0.00499987177727673,0.005095740600604942,0.006219909015942573,1200,500,10,91.95957732200623
-5.08,-3.5,0.22,0.001,12,124712961,True,,60,-0.15,-0.16577369918875717,0.40375512982905554,-5.553659719263231,3.6990747440887297,0.0007919896674547983,-0.1572610947260479,0.4688287355214744,-5.258203565362443,0.000733395074814154,-69.39078910199379,-68.64884888734476,-118.30985539287707,-120.9203195258011,0.7419402146490341,-2.6104641329240366,True,False,0.006219909015942573,0.00018782497740635362,0.0301973834223185,0.003873256243004826,0.15651788800621735,40.40989756071306,-7.1409622123778815,-5.553659719263231,-1.8545849751745012,7.19907474408873,-0.4736597192632308,0.18375512982905554,-0.00020801033254520167,7.19907474408873,0.4736597192632308,0.18375512982905554,0.00020801033254520167,False,False,ictal_scale,low,low,low,-0.16716283622646705,0.07279228854954252,0.005128421798789503,0.005262683011500654,0.006219909015942573,1200,500,10,91.04603052139282
-5.08,-3.5,0.22,0.001,13,1411793668,True,,60,-0.15,-0.14237595908757794,-0.09786787538588763,-5.686767419741234,-0.2023253143538602,0.00047777509178874723,-0.1429111343697296,0.16977355048741996,-10.645972305957734,0.003712339607748383,-81.92332372194912,-82.48370278300916,-143.37492463278772,-148.59002731712994,-0.560379061060047,-5.215102684342213,False,False,0.006219909015942573,0.00018782497740635362,0.0301973834223185,0.0033905354515894864,0.002769488219668834,0.8168291584653673,-7.646370455472148,-5.686767419741234,-5.889092734095095,3.2976746856461396,-0.6067674197412343,-0.3178678753858876,-0.0005222249082112528,3.2976746856461396,0.6067674197412343,0.3178678753858876,0.0005222249082112528,False,False,ictal_scale,low,low,low,-0.13997280191470285,0.05579325167148515,0.005369546214143647,0.005462140400569984,0.006219909015942573,1200,500,10,99.10644626617432
-5.08,-3.5,0.22,0.001,14,233423889,True,,60,-0.15,-0.15746815693714386,0.16151436647619916,-4.865928769555825,-4.999999959031513,0.0004521462055380573,-0.16603194246866937,0.28916138645440304,-6.1248756310116,0.00420552546218093,-66.54504391320886,-65.28976733247544,-112.6183650153072,-114.20215641606246,1.2552765807334225,-1.5837914007552598,True,False,0.006219909015942573,0.00018782497740635362,0.0301973834223185,0.007704669005350576,5.191365353037249e-05,0.006737947275128968,-7.701504966855335,-4.865928769555825,-9.865928728587338,-1.4999999590315127,0.21407123044417542,-0.058485633523800845,-0.0005478537944619427,1.4999999590315127,0.21407123044417542,0.058485633523800845,0.0005478537944619427,False,False,ictal_scale,low,low,low,-0.16712813344845565,0.07445161954560295,0.00511033459808963,0.005372948505463122,0.006219909015942573,1200,500,10,102.37091016769409
-5.08,-3.5,0.22,0.001,15,1402421626,True,,60,-0.15,-0.1422512958414415,0.33463736623853146,-5.52368302433426,-4.9999999782912,0.00031168617500854616,-0.14021538701785421,0.46641802269693555,-5.864756577225476,0.0005822868673441776,-84.49112682413329,-82.5612839842133,-148.51053083715607,-148.74518971953822,1.929842839919985,-0.23465888238214916,True,False,0.006219909015942573,0.00018782497740635362,0.0301973834223185,0.003991121442315539,2.6891965329027912e-05,0.0067379471453582135,-8.073513725692287,-5.52368302433426,-10.52368300262546,-1.4999999782912,-0.44368302433426,0.11463736623853146,-0.0006883138249914539,1.4999999782912,0.44368302433426,0.11463736623853146,0.0006883138249914539,False,False,ictal_scale,low,low,low,-0.14779803288577062,0.05961687658293459,0.005328289262782896,0.005363432090100194,0.006219909015942573,1200,500,10,104.45584630966187
-5.08,-3.5,0.22,0.001,16,242795931,True,,60,-0.15,-0.1711968605213568,0.18172691240864314,-5.060109974770492,-4.9999999782912,0.0005732206048124594,-0.17361865973188145,0.4283558117138176,-5.9829912096141395,0.0032174694083935483,-70.34141133428798,-69.08130838206606,-120.21109985746546,-121.7852385152437,1.2601029522219278,-1.5741386577782492,True,False,0.006219909015942573,0.00018782497740635362,0.0301973834223185,0.00634486169982966,4.2751342778059956e-05,0.0067379471453582135,-7.464239915670188,-5.060109974770492,-10.06010995306169,-1.4999999782912,0.019890025229508446,-0.038273087591356864,-0.00042677939518754064,1.4999999782912,0.019890025229508446,0.038273087591356864,0.00042677939518754064,False,False,ictal_scale,low,low,low,-0.16640946605793575,0.07316161747174403,0.005194551389674379,0.005391695690584396,0.006219909015942573,1200,500,10,99.10179781913757
-5.08,-3.5,0.22,0.001,17,1293710698,True,,60,-0.15,-0.14217350629352232,0.22115948747959754,-5.319147473933941,-2.230144696068323,0.0004371746052456852,-0.1459536417125336,0.44355180380331216,-6.107791739230713,0.0025393100678404532,-73.07157679821965,-73.55889395545402,-125.6714307853288,-130.74040966201966,-0.4873171572343722,-5.0689788766908634,False,False,0.006219909015942573,0.00018782497740635362,0.0301973834223185,0.004896926703858831,0.0005264826554739686,0.10751287232032586,-7.73517788833131,-5.319147473933941,-7.549292170002264,1.269855303931677,-0.23914747393394098,0.001159487479597543,-0.0005628253947543148,1.269855303931677,0.23914747393394098,0.001159487479597543,0.0005628253947543148,False,False,ictal_scale,low,low,low,-0.14778258031710204,0.0703940140740728,0.005205463465630195,0.005285464546035054,0.006219909015942573,1200,500,10,106.43198800086975
-5.08,-3.5,0.22,0.001,18,351506859,True,,60,-0.15,-0.15742170941500339,0.08597446452140642,-5.109293054796503,1.6714764208122552,0.0007054696698975287,-0.15226496732741,0.3114160796954162,-6.947439177569424,0.006539461954609153,-60.44770585256573,-60.88611170934659,-100.42368889402096,-105.39484516980477,-0.43840585678085375,-4.971156275783812,False,False,0.006219909015942573,0.00018782497740635362,0.0301973834223185,0.0060403516121569824,0.03213477075533974,5.320016584906147,-7.256646778527465,-5.109293054796503,-3.437816633984248,5.1714764208122554,-0.02929305479650335,-0.13402553547859358,-0.0002945303301024713,5.1714764208122554,0.02929305479650335,0.13402553547859358,0.0002945303301024713,False,False,ictal_scale,low,low,low,-0.15786392014904824,0.0798234358689242,0.005049160898510095,0.005106627778390001,0.006219909015942573,1200,500,10,87.44785714149475
-5.08,-3.5,0.22,0.001,19,1897385526,True,,60,-0.15,-0.15249389202140615,0.20640504197545767,-5.091115165866563,-4.661107959965744,0.00034020367073974475,-0.15621958464828273,0.4722601965768871,-6.327413199494135,0.0032695373004167174,-73.00192561622123,-71.81267874592363,-125.53212842133195,-127.24797924295886,1.1892468702975947,-1.7158508216269155,True,False,0.006219909015942573,0.00018782497740635362,0.0301973834223185,0.006151156501203258,5.816521130587402e-05,0.009455979748604354,-7.985966088114384,-5.091115165866563,-9.752223125832307,-1.1611079599657437,-0.011115165866563359,-0.01359495802454233,-0.0006597963292602553,1.1611079599657437,0.011115165866563359,0.01359495802454233,0.0006597963292602553,False,False,ictal_scale,low,low,low,-0.1471508909817838,0.06843931864099585,0.005127998506245261,0.005117430583704598,0.006219909015942573,1200,500,10,92.46894574165344
-5.08,-3.5,0.22,0.001,20,360878901,True,,60,-0.15,-0.1495744545558125,0.0854998675985165,-5.139881136615787,-4.999999966044257,0.00043312860267430707,-0.1338388900263341,0.46536625442120033,-5.157109420466357,0.0006221144098888582,-71.65174350764215,-67.71556240203148,-122.8317642041738,-119.05374655517456,3.9361811056106717,3.7780176489992385,True,True,0.006219909015942573,0.00018782497740635362,0.0301973834223185,0.005858386019540454,3.947349584019868e-05,0.006737947227877468,-7.744475870191942,-5.139881136615787,-10.139881102660045,-1.499999966044257,-0.05988113661578698,-0.1345001324014835,-0.000566871397325693,1.499999966044257,0.05988113661578698,0.1345001324014835,0.000566871397325693,False,False,ictal_scale,low,low,low,-0.14065111842131428,0.06369800673485862,0.005247602451740576,0.005382140480067674,0.006219909015942573,1200,500,10,110.97694444656372
-5.08,-3.5,0.22,0.001,21,2006096454,True,,60,-0.15,-0.15300493821658892,0.2235204589981217,-5.038842665218365,-1.4682297146743903,0.0007616335566407098,-0.14545767681289218,0.41105366511747377,-5.7662123049135925,0.0030340501355412644,-65.99377757111881,-65.82904957611372,-111.51583233112711,-115.28072090333903,0.16472799500509439,-3.764888572211916,True,False,0.006219909015942573,0.00018782497740635362,0.0301973834223185,0.006481244949605034,0.001492843811305099,0.23033287939473293,-7.180045014742546,-5.038842665218365,-6.5070723798927546,2.0317702853256097,0.04115733478163541,0.0035204589981217005,-0.0002383664433592902,2.0317702853256097,0.04115733478163541,0.0035204589981217005,0.0002383664433592902,False,False,ictal_scale,low,low,low,-0.1511162005278944,0.07956937248685722,0.005019361974612881,0.005047751611713419,0.006219909015942573,1200,500,10,96.02127861976624
-5.08,-3.5,0.22,0.001,22,469589829,True,,60,-0.15,-0.11944779429943451,-0.020210516265641167,-5.062604962500779,-4.886368829668718,0.000531241128396864,-0.12070735816420347,0.1057096751200542,-8.65970036036883,0.0052869092552422555,-71.99774962434695,-71.16853735591177,-123.5237764375834,-125.95969646293513,0.8292122684351853,-2.4359200253517344,True,False,0.006219909015942573,0.00018782497740635362,0.0301973834223185,0.006329051079591677,4.777663754812362e-05,0.00754878368768134,-7.540294537353342,-5.062604962500779,-9.948973792169497,-1.3863688296687178,0.01739503749922111,-0.24021051626564116,-0.000468758871603136,1.3863688296687178,0.01739503749922111,0.24021051626564116,0.000468758871603136,False,False,ictal_scale,low,low,low,-0.1212577376667737,0.06430498383804786,0.005163414017896945,0.005224331953207265,0.006219909015942573,1200,500,10,103.2097806930542
-5.08,-3.5,0.22,0.001,23,2015468496,True,,60,-0.15,-0.1486841899295896,0.02960119142395777,-5.0526516938134725,-2.5923394366871717,0.0006537627615668723,-0.14413848555630762,0.3391407972710752,-6.779395246795103,0.005284562795149323,-66.14347685804927,-66.21424077842968,-111.81523090498803,-116.05110330797096,-0.0707639203804149,-4.235872402982935,False,False,0.006219909015942573,0.00018782497740635362,0.0301973834223185,0.0063923603700545275,0.00047843455360513533,0.07484474058227325,-7.332766022214484,-5.0526516938134725,-7.644991130500644,0.9076605633128283,0.027348306186527616,-0.19039880857604224,-0.00034623723843312773,0.9076605633128283,0.027348306186527616,0.19039880857604224,0.00034623723843312773,False,False,ictal_scale,low,low,low,-0.1438486317671053,0.07416044363425585,0.005063416508717024,0.005061223471759876,0.006219909015942573,1200,500,10,101.93077850341797
-5.08,-3.5,0.22,0.001,24,478961871,True,,60,-0.15,-0.16021397553892572,0.08769470075940267,-4.593593350739309,-4.9999999782912,0.0007262927622981524,-0.16320771073229337,0.3850823239397764,-6.077300114032308,0.005949146822233816,-57.71868328754724,-57.5136750913253,-94.96564376398399,-98.64997193376219,0.20500819622194655,-3.6843281697781975,True,False,0.006219909015942573,0.00018782497740635362,0.0301973834223185,0.010116441061500513,6.816404517152205e-05,0.0067379471453582135,-7.227557370570257,-4.593593350739309,-9.593593329030508,-1.4999999782912,0.4864066492606911,-0.13230529924059733,-0.00027370723770184767,1.4999999782912,0.4864066492606911,0.13230529924059733,0.00027370723770184767,False,False,ictal_scale,low,low,low,-0.17143540640203545,0.07947907013601012,0.005164184940699309,0.005352422749491895,0.006219909015942573,1200,500,10,98.21339464187622
-5.08,-3.5,0.22,0.001,25,2124179424,True,,60,-0.15,-0.16067556739793593,0.30202062560087606,-4.783029586451942,-4.999999963506673,0.0007481927885096528,-0.1581871728597955,0.4174141385760373,-5.383677173327349,0.0021824253809227044,-64.8838164179646,-64.69668036401298,-109.29591002481868,-113.01598247913755,0.18713605395161892,-3.720072454318867,True,False,0.006219909015942573,0.00018782497740635362,0.0301973834223185,0.00837060105478117,5.640066831585235e-05,0.006737947244975572,-7.197849874549428,-4.783029586451942,-9.783029549958616,-1.4999999635066734,0.296970413548058,0.08202062560087606,-0.0002518072114903472,1.4999999635066734,0.296970413548058,0.08202062560087606,0.0002518072114903472,False,False,ictal_scale,low,low,low,-0.15817934458343744,0.07849115414936166,0.005070211819648981,0.005158326116034085,0.006219909015942573,1200,500,10,90.99668288230896
-5.08,-3.5,0.22,0.001,26,525570317,True,,60,-0.15,-0.14930583291544447,0.03778151128953558,-5.6894773645763514,4.999999980748799,0.00045993645870980986,-0.14472437205711491,-0.7231305481715057,-17.309493097411774,0.005240027728033537,-73.36895131565811,-72.22854232067591,-126.2661798202057,-128.07970639246344,1.1404089949821952,-1.8135265722577287,True,False,0.006219909015942573,0.00018782497740635362,0.0301973834223185,0.003381359726024613,0.5018382693405464,148.41315624544512,-7.684422211261952,-5.6894773645763514,-0.6894773838275521,8.4999999807488,-0.6094773645763514,-0.18221848871046442,-0.0005400635412901901,8.4999999807488,0.6094773645763514,0.18221848871046442,0.0005400635412901901,False,False,ictal_scale,low,low,low,-0.15025899590108455,0.0667386415641827,0.005268882507278896,0.005425974305999417,0.006219909015942573,1200,500,10,100.00825190544128
-5.08,-3.5,0.22,0.001,27,2133551466,True,,60,-0.15,-0.13582419212791874,-0.07046167194668623,-5.15114635965608,-4.999999976906772,0.0005448939510003541,-0.133993219865169,-0.05255815119735143,-10.993547965844872,0.005098765497898977,-73.80960380346832,-73.20629732241574,-127.14748479582613,-130.03521639594308,0.6033064810525843,-2.8877316001169504,True,False,0.006219909015942573,0.00018782497740635362,0.0301973834223185,0.005792760332394519,3.903131299943794e-05,0.006737947154686414,-7.514919367555661,-5.15114635965608,-10.151146336562853,-1.4999999769067722,-0.07114635965607974,-0.29046167194668626,-0.00045510604899964596,1.4999999769067722,0.07114635965607974,0.29046167194668626,0.00045510604899964596,False,False,ictal_scale,low,low,low,-0.13093774691991725,0.06454519962886843,0.005224554961908146,0.005267747928957375,0.006219909015942573,1200,500,10,101.15075039863586
-5.08,-3.5,0.22,0.001,28,516198275,True,,60,-0.15,-0.14790217226680938,0.2883809491911107,-5.03087647161626,-2.5957158714642308,0.0006963983136823911,-0.14404565506151762,0.4667882545940804,-6.034741071398916,0.003169055334305141,-66.27613422747062,-66.9188813259114,-112.08054564383073,-117.4603844029344,-0.642747098440779,-5.379838759103663,False,False,0.006219909015942573,0.00018782497740635362,0.0301973834223185,0.0065330819995115625,0.00048731864690798555,0.07459245834422702,-7.269588771551645,-5.03087647161626,-7.626592343080491,0.9042841285357692,0.04912352838374012,0.06838094919111068,-0.0003036016863176089,0.9042841285357692,0.04912352838374012,0.06838094919111068,0.0003036016863176089,False,False,ictal_scale,low,low,low,-0.14914738519014634,0.07895272833148578,0.0051087570049471835,0.005248119927890604,0.006219909015942573,1200,500,10,87.23523116111755
-5.08,-3.5,0.22,0.001,29,94778747,True,,60,-0.15,-0.13661120731215412,0.32910365132456787,-5.125327880783902,-4.9999999782912,0.0005686147478336781,-0.13896262056249342,0.45901769714422885,-5.4699207337248,0.0010033590511289642,-73.13657079820533,-71.11008462848397,-125.80141878530014,-125.84279100807954,2.026486169721352,-0.04137222277940111,True,False,0.006219909015942573,0.00018782497740635362,0.0301973834223185,0.005944268025655523,4.00521637747097e-05,0.0067379471453582135,-7.472307421986166,-5.125327880783902,-10.125327859075103,-1.4999999782912,-0.04532788078390215,0.10910365132456787,-0.00043138525216632195,1.4999999782912,0.04532788078390215,0.10910365132456787,0.00043138525216632195,False,False,ictal_scale,low,low,low,-0.1478274972198619,0.07571973694640603,0.0051075912391493295,0.005226869212591689,0.006219909015942573,1200,500,10,95.54805374145508
-5.08,-3.5,0.22,0.001,30,407487347,True,,60,-0.15,-0.17294288178901301,0.3885966080113892,-5.166187528357997,-0.8187494240281481,0.0006953452121200591,-0.1762775619217305,0.4586619079982092,-5.387664514222134,0.0009785427190767226,-67.12768862811406,-66.81521192566198,-113.7836544451176,-117.25304560243556,0.3124767024520736,-3.4693911573179577,True,False,0.006219909015942573,0.00018782497740635362,0.0301973834223185,0.005706282441624203,0.0025163723647506514,0.4409827922983787,-7.271102127631694,-5.166187528357997,-5.984936952386145,2.681250575971852,-0.08618752835799715,0.16859660801138918,-0.0003046547878799409,2.681250575971852,0.08618752835799715,0.16859660801138918,0.0003046547878799409,False,False,ictal_scale,low,low,low,-0.1708919822313673,0.07834570157902675,0.005024760862940404,0.004964294902526876,0.006219909015942573,1200,500,10,86.56045937538147
-5.08,-3.5,0.22,0.001,31,1237730210,True,,60,-0.15,-0.14210384698848322,0.025936759286458604,-5.137245395203788,-4.777304606323947,0.0005820016399548473,-0.14008602831098993,0.34305875049602286,-7.042939758562866,0.0042601423591543735,-72.43091906530924,-72.19945870873843,-124.39011531950797,-128.02153916858848,0.23146035657080688,-3.6314238490805053,True,False,0.006219909015942573,0.00018782497740635362,0.0301973834223185,0.005873847577562896,4.9449925744344376e-05,0.008418660016517065,-7.449037292444972,-5.137245395203788,-9.914550001527735,-1.2773046063239466,-0.05724539520378791,-0.1940632407135414,-0.0004179983600451527,1.2773046063239466,0.05724539520378791,0.1940632407135414,0.0004179983600451527,False,False,ictal_scale,low,low,low,-0.147766189624623,0.06865047171108009,0.005185065588629609,0.005265841028957935,0.006219909015942573,1200,500,10,103.73724365234375
-5.08,-3.5,0.22,0.001,32,398115305,True,,60,-0.15,-0.15499474732399954,0.3766240294460064,-5.4927332853196535,0.9151555640016176,0.0004796828190797541,-0.15289485825342092,0.47979978384371574,-5.3455175874141645,0.00047860181938065924,-73.24112466956333,-73.8081884646826,-126.01052652801616,-131.2389986804768,-0.5670637951192674,-5.228472152460654,False,False,0.006219909015942573,0.00018782497740635362,0.0301973834223185,0.004116577003582833,0.010279766622358324,2.497163690466959,-7.642385466066489,-5.4927332853196535,-4.577577721318036,4.415155564001617,-0.4127332853196535,0.15662402944600642,-0.000520317180920246,4.415155564001617,0.4127332853196535,0.15662402944600642,0.000520317180920246,False,False,ictal_scale,low,low,low,-0.15808634524936166,0.07767559798915691,0.00504891526463465,0.005127294145775521,0.006219909015942573,1200,500,10,84.60469436645508
-5.08,-3.5,0.22,0.001,33,900381399,True,,60,-0.15,-0.1216642523394022,0.4318780859610555,-5.062779948887823,-4.9999999782912,0.0005329635402967681,-0.12533370895253798,0.4694174986788541,-5.301086551562475,0.0008933306939171717,-72.44633822652263,-70.48298091460224,-124.42095364193474,-124.58858358031607,1.9633573119203902,-0.16762993838132445,True,False,0.006219909015942573,0.00018782497740635362,0.0301973834223185,0.006327943678702706,4.263735004590248e-05,0.0067379471453582135,-7.537057540834633,-5.062779948887823,-10.062779927179022,-1.4999999782912,0.017220051112176726,0.21187808596105548,-0.00046703645970323196,1.4999999782912,0.017220051112176726,0.21187808596105548,0.00046703645970323196,False,False,ictal_scale,low,low,low,-0.13025921018560102,0.07083601655280075,0.005134081484585993,0.005193540648955693,0.006219909015942573,1200,500,10,90.46092057228088
-5.08,-3.5,0.22,0.001,34,289404377,True,,60,-0.15,-0.1279323401730095,0.2901654730492571,-4.831887281454647,-4.369119883494319,0.0006133142609393749,-0.12407173438853139,0.4814823150423653,-5.12049606788244,0.0010349102039968552,-64.93587252632334,-64.32608400019143,-109.40002224153616,-112.27478975149445,0.6097885261319078,-2.8747675099582892,True,False,0.006219909015942573,0.00018782497740635362,0.0301973834223185,0.007971462666860205,0.00010093768972213505,0.012662380034941849,-7.39663309280735,-4.831887281454647,-9.201007164948965,-0.869119883494319,0.24811271854535288,0.0701654730492571,-0.0003866857390606251,0.869119883494319,0.24811271854535288,0.0701654730492571,0.0003866857390606251,False,False,ictal_scale,low,low,low,-0.13856584977193817,0.07965212556169335,0.005108156231098484,0.00524662108878109,0.006219909015942573,1200,500,10,89.00091910362244
-5.08,-3.5,0.22,0.001,35,791670471,True,,60,-0.15,-0.15004497970440134,0.1462109794652063,-5.387265572902807,2.4308432808917284,0.0005796348660563113,-0.15062451156851997,0.4091174087902278,-6.697145667231295,0.004402499283381305,-69.59392853713673,-68.99647384584073,-118.71613426316296,-121.61556944279305,0.5974546912960079,-2.899435179630089,True,False,0.006219909015942573,0.00018782497740635362,0.0301973834223185,0.004574464789943123,0.05200464216345695,11.368464848125665,-7.45311219395035,-5.387265572902807,-2.9564222920110788,5.930843280891729,-0.3072655729028071,-0.07378902053479369,-0.00042036513394368873,5.930843280891729,0.3072655729028071,0.07378902053479369,0.00042036513394368873,False,False,ictal_scale,low,low,low,-0.15020223245232828,0.06994076289344181,0.005184230920257699,0.005340802677414517,0.006219909015942573,1200,500,10,92.52350521087646
-5.08,-3.5,0.22,0.001,36,1867451312,True,,60,-0.15,-0.16354538001575764,0.19500969685862551,-5.1440386640378675,-4.896796621197991,0.0006967710658723933,-0.167456428842793,0.42816389361328105,-6.337457712868201,0.0035859736284245556,-72.76675359470065,-72.13975868834694,-125.06178437829078,-127.90213912780548,0.6269949063537013,-2.8403547495147023,True,False,0.006219909015942573,0.00018782497740635362,0.0301973834223185,0.005834080180122625,4.358335331418219e-05,0.0074704755451725875,-7.269053657581489,-5.1440386640378675,-10.040835285235858,-1.396796621197991,-0.0640386640378674,-0.024990303141374487,-0.00030322893412760676,1.396796621197991,0.0640386640378674,0.024990303141374487,0.00030322893412760676,False,False,ictal_scale,low,low,low,-0.16208901704520473,0.06406288075728671,0.005292512448432909,0.005307513861234456,0.006219909015942573,1200,500,10,98.1124095916748
-5.08,-3.5,0.22,0.001,37,782298429,True,,60,-0.15,-0.14734520117806899,0.1829497181339162,-4.923545665288135,-4.9999999782912,0.0007028110871979194,-0.156314835769998,0.43034967745704866,-6.149967625440041,0.0035035724644017917,-68.99887784993221,-68.80332633682457,-117.52603288875392,-121.22927442476073,0.1955515131076453,-3.7032415360068143,True,False,0.006219909015942573,0.00018782497740635362,0.0301973834223185,0.007273296399129053,4.9007086709855774e-05,0.0067379471453582135,-7.2604224260246015,-4.923545665288135,-9.923545643579335,-1.4999999782912,0.15645433471186543,-0.037050281866083806,-0.00029718891280208065,1.4999999782912,0.15645433471186543,0.037050281866083806,0.00029718891280208065,False,False,ictal_scale,low,low,low,-0.15591701632619623,0.06883410733735656,0.005159049308791546,0.005333984988095987,0.006219909015942573,1200,500,10,103.67533445358276
-5.08,-3.5,0.22,0.001,38,862919128,True,,60,-0.15,-0.15338123398281145,0.054783510662192475,-5.166442836788057,-4.999999962205106,0.0004780442578656292,-0.1485459192279196,0.250930476171538,-7.007922204427994,0.004004824268849137,-74.52009198843594,-73.9189882259157,-128.56846116576136,-131.460598202943,0.6011037625202391,-2.892137037181641,True,False,0.006219909015942573,0.00018782497740635362,0.0301973834223185,0.005704825765571308,3.8438815100227535e-05,0.006737947253745467,-7.645807240081929,-5.166442836788057,-10.166442798993163,-1.4999999622051057,-0.08644283678805653,-0.16521648933780753,-0.0005219557421343708,1.4999999622051057,0.08644283678805653,0.16521648933780753,0.0005219557421343708,False,False,ictal_scale,low,low,low,-0.14993532358972647,0.0686471987636819,0.005178546435900563,0.005339372391337676,0.006219909015942573,1200,500,10,94.58835411071777
-5.08,-3.5,0.22,0.001,39,673587501,True,,60,-0.15,-0.14191145350385698,0.08097202703655967,-5.007991604685934,-4.999999864494444,0.0005375485766411369,-0.1440802595237079,0.3959519025979836,-6.1037634494945365,0.003495488787702136,-68.5182359802,-69.14503484133203,-116.5647491492895,-121.91269143377566,-0.6267988611320305,-5.347942284486166,False,False,0.006219909015942573,0.00018782497740635362,0.0301973834223185,0.0066843145802580415,4.503856346996804e-05,0.006737947912114784,-7.528491426899743,-5.007991604685934,-10.007991469180379,-1.499999864494444,0.07200839531406622,-0.13902797296344033,-0.00046245142335886317,1.499999864494444,0.07200839531406622,0.13902797296344033,0.00046245142335886317,False,False,ictal_scale,low,low,low,-0.15073308464248117,0.06443184492019437,0.005322891505748327,0.005589675943735625,0.006219909015942573,1200,500,10,94.72452521324158
-5.08,-3.5,0.22,0.001,40,1275192481,True,,60,-0.15,-0.1500135267740329,0.020661301824284543,-5.157077645036727,1.705510208962153,0.0007581618551727445,-0.14783799756843163,0.39141312460771416,-7.921961523686656,0.006906354404663994,-62.85054340899376,-62.63072176051429,-105.229364006877,-108.88406527214018,0.21982164847946706,-3.6547012652631707,True,False,0.006219909015942573,0.00018782497740635362,0.0301973834223185,0.005758503511641391,0.031695916099257586,5.504193239646573,-7.184613665864386,-5.157077645036727,-3.4515674360745745,5.205510208962153,-0.0770776450367272,-0.19933869817571545,-0.00024183814482725552,5.205510208962153,0.0770776450367272,0.19933869817571545,0.00024183814482725552,False,False,ictal_scale,low,low,low,-0.1401402005022853,0.08060029816995067,0.005050328070521054,0.005283937450174484,0.006219909015942573,1200,500,10,89.16103506088257
-5.08,-3.5,0.22,0.001,41,664215459,True,,60,-0.15,-0.13580239886856235,0.16929679089724614,-5.25770919613346,-4.9999999782912,0.0005976911709184234,-0.13895370267906346,0.42539487309920904,-5.959668888494241,0.002762991879757987,-74.67293244869327,-73.29519897283797,-128.87414208627604,-130.21301969678754,1.3777334758553081,-1.3388776105115028,True,False,0.006219909015942573,0.00018782497740635362,0.0301973834223185,0.005207219785172221,3.5085971686753975e-05,0.0067379471453582135,-7.4224363740042145,-5.25770919613346,-10.25770917442466,-1.4999999782912,-0.1777091961334598,-0.05070320910275386,-0.0004023088290815766,1.4999999782912,0.1777091961334598,0.05070320910275386,0.0004023088290815766,False,False,ictal_scale,low,low,low,-0.1428654876183195,0.06113343869223093,0.005260639945082273,0.00520019453120898,0.006219909015942573,1200,500,10,105.92476558685303
-5.08,-3.5,0.22,0.001,42,981002098,True,,60,-0.15,-0.1352298499606046,-0.03055549641918845,-4.901607356062292,-4.854913003766809,0.0007460002641554017,-0.13026920281965298,0.27044506226456677,-13.65348024505058,0.006369469831803761,-66.67669615163669,-66.39831998811488,-112.88166949216287,-116.41926172734135,0.2783761635218127,-3.5375922351784794,True,False,0.006219909015942573,0.00018782497740635362,0.0301973834223185,0.007434623374801878,5.7915798059769857e-05,0.007790011025449311,-7.2007846036648635,-4.901607356062292,-9.7565203598291,-1.354913003766809,0.17839264393770815,-0.25055549641918845,-0.00025399973584459834,1.354913003766809,0.17839264393770815,0.25055549641918845,0.00025399973584459834,False,False,ictal_scale,low,low,low,-0.13440924062523826,0.07596194003241391,0.005080158399494298,0.005096317887547556,0.006219909015942573,1200,500,10,99.05048060417175
-5.08,-3.5,0.22,0.001,43,555504531,True,,60,-0.15,-0.16188595668445102,0.3024255762825153,-4.858693715477483,-4.9999999782912,0.0006681806130330073,-0.15903394103582325,0.4801328857331204,-5.583381935233312,0.0030095254552208643,-65.77331842453783,-64.87324353196587,-111.07491403796516,-113.36910881504333,0.9000748925719648,-2.294194777078175,True,False,0.006219909015942573,0.00018782497740635362,0.0301973834223185,0.007760614843798429,5.229061263299624e-05,0.0067379471453582135,-7.3109520421814596,-4.858693715477483,-9.858693693768682,-1.4999999782912,0.22130628452251688,0.08242557628251532,-0.00033181938696699275,1.4999999782912,0.22130628452251688,0.08242557628251532,0.00033181938696699275,False,False,ictal_scale,low,low,low,-0.16573709638076844,0.08365950271185708,0.004939663188428732,0.005053270330443508,0.006219909015942573,1200,500,10,92.27065300941467
-5.08,-3.5,0.22,0.001,44,1157109511,True,,60,-0.15,-0.14101343920592402,0.18377921795074104,-4.923660464647684,-2.4973551432179524,0.0004862721893308096,-0.14512437340315248,0.45251550017132,-5.318220418306488,0.0017081974025069705,-63.900836835278696,-63.56421241745269,-107.32995085944688,-110.75104658601697,0.33662441782600894,-3.421095726570087,True,False,0.006219909015942573,0.00018782497740635362,0.0301973834223185,0.007272461477285785,0.0005985409538238342,0.08230238904575406,-7.628742030487586,-4.923660464647684,-7.421015607865636,1.0026448567820476,0.15633953535231626,-0.036220782049258965,-0.0005137278106691905,1.0026448567820476,0.15633953535231626,0.036220782049258965,0.0005137278106691905,False,False,ictal_scale,low,low,low,-0.14099995690800873,0.07786815260845033,0.005061498643844893,0.005136581168377376,0.006219909015942573,1200,500,10,94.46418476104736
-5.08,-3.5,0.22,0.001,45,488108046,True,,60,-0.15,-0.1426460611595783,0.31067473036273663,-4.852268781443998,-2.0631377976863607,0.000892113907732387,-0.14825288119953683,0.46463796623769504,-5.427175138785504,0.0032011575812118656,-60.938113928014296,-60.59216844453842,-101.4045050449181,-104.80695864018844,0.34594548347587306,-3.4024535952703445,True,False,0.006219909015942573,0.00018782497740635362,0.0301973834223185,0.007810636804052051,0.0009923778965371017,0.12705467190873218,-7.021916734285565,-4.852268781443998,-6.915406579130359,1.4368622023136393,0.2277312185560021,0.09067473036273663,-0.000107886092267613,1.4368622023136393,0.2277312185560021,0.09067473036273663,0.000107886092267613,False,False,ictal_scale,low,low,low,-0.13978816833030946,0.08491826097247764,0.004901340364101574,0.0050436003760411935,0.006219909015942573,1200,500,10,91.25024747848511
-5.08,-3.5,0.22,0.001,46,1099085068,True,,60,-0.15,-0.14189516291344678,0.055289016316072886,-4.875605070869007,-3.0643982949326545,0.0006010374323906019,-0.1421124778509267,0.3970280971020634,-6.6032281789744625,0.005602859737866403,-63.64189628876471,-63.86785860870238,-106.81206976641892,-111.35833896851635,-0.2259623199376648,-4.5462692020974345,False,False,0.006219909015942573,0.00018782497740635362,0.0301973834223185,0.007630475843129219,0.0003562052793886952,0.04668192216471489,-7.416853341856787,-4.875605070869007,-7.940003365801662,0.4356017050673455,0.20439492913099322,-0.16471098368392711,-0.00039896256760939817,0.4356017050673455,0.20439492913099322,0.16471098368392711,0.00039896256760939817,False,False,ictal_scale,low,low,low,-0.1471835621913443,0.07087368986765709,0.005107710214961145,0.005126182100090344,0.006219909015942573,1200,500,10,96.72588300704956
-5.08,-3.5,0.22,0.001,47,596818974,True,,60,-0.15,-0.1460722735318323,0.07461785920151903,-5.2840196687176135,-0.3532547688039924,0.0006066110313420201,-0.1494781514413217,0.42841271529194835,-6.391658564680235,0.004269224816199967,-70.27643813872297,-69.79773577222883,-120.08115346633542,-123.21809329556926,0.478702366494133,-3.136939829233839,True,False,0.006219909015942573,0.00018782497740635362,0.0301973834223185,0.005072001993953717,0.003562565179618034,0.7023982214251756,-7.407622777345936,-5.2840196687176135,-5.637274437521606,3.1467452311960074,-0.20401966871761346,-0.14538214079848097,-0.00039338896865797994,3.1467452311960074,0.20401966871761346,0.14538214079848097,0.00039338896865797994,False,False,ictal_scale,low,low,low,-0.14642500146967932,0.07508919588850742,0.005138231155784838,0.0053084138678533704,0.006219909015942573,1200,500,10,89.33293557167053
-5.08,-3.5,0.22,0.001,48,1039026541,True,,60,-0.15,-0.15902777492373368,0.09854911144573794,-4.70709554341651,-4.9999999782912,0.0006323977587436421,-0.15634170322069407,0.3311667297238496,-6.151028854010551,0.00555981664072361,-63.000879865730454,-60.13536920082489,-105.5300369203504,-103.89336015276137,2.865510664905564,1.636676767589023,True,True,0.006219909015942573,0.00018782497740635362,0.0301973834223185,0.009030969586325108,6.0850195743996046e-05,0.0067379471453582135,-7.365991996683874,-4.70709554341651,-9.70709552170771,-1.4999999782912,0.37290445658349025,-0.12145088855426206,-0.00036760224125635796,1.4999999782912,0.37290445658349025,0.12145088855426206,0.00036760224125635796,False,False,ictal_scale,low,low,low,-0.15693266008164025,0.0840638715656663,0.0050640786875031495,0.005282292046898845,0.006219909015942573,1200,500,10,94.91711497306824
-5.08,-3.5,0.22,0.001,49,606191016,True,,60,-0.15,-0.13022673161126833,0.06613079715075064,-4.997972380931775,-4.9999999782912,0.0006172569156388077,-0.135883213537617,0.19773949023099657,-5.898454228516049,0.0032611166388689323,-68.32244863312296,-67.45235035847894,-116.17317445513541,-118.52732246806947,0.8700982746440218,-2.3541480129340613,True,False,0.006219909015942573,0.00018782497740635362,0.0301973834223185,0.006751622848923065,4.549207790143649e-05,0.0067379471453582135,-7.3902252258506635,-4.997972380931775,-9.997972359222974,-1.4999999782912,0.0820276190682252,-0.15386920284924938,-0.00038274308436119235,1.4999999782912,0.0820276190682252,0.15386920284924938,0.00038274308436119235,False,False,ictal_scale,low,low,low,-0.1418827753826157,0.08258589700130776,0.004985878545671353,0.005104002911387165,0.006219909015942573,1200,500,10,100.20303726196289
-5.08,-3.5,0.22,0.001,50,930315613,True,,60,-0.15,-0.12369265063551842,0.30159202284560727,-5.521791273410279,4.999999965058667,0.000561253661202173,-0.11939825564733796,0.43708523256647264,-5.878234440695598,0.0032298814186397865,-67.8157320708082,-66.63075910843952,-115.15974133050588,-116.88413996799063,1.1849729623686756,-1.7243986374847537,True,False,0.006219909015942573,0.00018782497740635362,0.0301973834223185,0.003998678796053414,0.5934565316226118,148.41315391682303,-7.485337595629001,-5.521791273410279,-0.5217913083516121,8.499999965058667,-0.4417912734102787,0.08159202284560726,-0.000438746338797827,8.499999965058667,0.4417912734102787,0.08159202284560726,0.000438746338797827,False,False,ictal_scale,low,low,low,-0.1206770422556643,0.07565769322615887,0.005023658278701796,0.005039277105356985,0.006219909015942573,1200,500,10,93.61758279800415
-5.08,-3.5,0.22,0.001,51,714901944,True,,60,-0.15,-0.16302765367903901,0.3752611391358369,-4.791330987025448,-4.9999999782912,0.0006552234672205514,-0.14923715850397473,0.46735494978857345,-5.372706711564769,0.001659137721331923,-66.551136666948,-65.05136701530478,-112.63055052278548,-113.72535578172115,1.49976965164322,-1.094805258935665,True,False,0.006219909015942573,0.00018782497740635362,0.0301973834223185,0.008301400968601753,5.593440095886409e-05,0.0067379471453582135,-7.3305342091856405,-4.791330987025448,-9.791330965316648,-1.4999999782912,0.2886690129745517,0.15526113913583692,-0.0003447765327794486,1.4999999782912,0.2886690129745517,0.15526113913583692,0.0003447765327794486,False,False,ictal_scale,low,low,low,-0.14871451691385246,0.08642831904939174,0.004921131553099996,0.004988199032291757,0.006219909015942573,1200,500,10,95.38846969604492
-5.08,-3.5,0.22,0.001,52,113296964,True,,60,-0.15,-0.13791216626772906,0.08931275379649835,-5.121344812942802,-4.9999999782912,0.0003921252755792597,-0.13531652713808046,0.3827156749331432,-7.016860274347859,0.004010700959240052,-75.20739552308308,-73.40327682956607,-129.94306823505565,-130.42917541024374,1.8041186935170117,-0.48610717518809565,True,False,0.006219909015942573,0.00018782497740635362,0.0301973834223185,0.005967991663532664,4.021201239282153e-05,0.0067379471453582135,-7.843929188669465,-5.121344812942802,-10.121344791234002,-1.4999999782912,-0.04134481294280157,-0.13068724620350164,-0.0006078747244207403,1.4999999782912,0.04134481294280157,0.13068724620350164,0.0006078747244207403,False,False,ictal_scale,low,low,low,-0.1315002364951838,0.0640259343016323,0.005218579649348304,0.005381812407175328,0.006219909015942573,1200,500,10,99.40774750709534
-5.08,-3.5,0.22,0.001,53,724273986,True,,60,-0.15,-0.16180256525909192,0.22312585892566317,-5.26992406972901,0.4671902651857354,0.0007846857252060563,-0.16531456088824537,0.40044732950642004,-6.018739994734739,0.003325046790975789,-67.98372747152158,-67.83140727247579,-115.49573213193264,-119.28543629606317,0.1523201990457892,-3.7897041641305265,True,False,0.006219909015942573,0.00018782497740635362,0.0301973834223185,0.005144001143602937,0.008207279254419999,1.5955049435839546,-7.150227270399324,-5.26992406972901,-4.802733804543275,3.9671902651857356,-0.18992406972900966,0.0031258589256631664,-0.00021531427479394376,3.9671902651857356,0.18992406972900966,0.0031258589256631664,0.00021531427479394376,False,False,ictal_scale,low,low,low,-0.16135965976257532,0.07013337612234193,0.005152059928135975,0.005239877930846357,0.006219909015942573,1200,500,10,83.3858323097229
-5.08,-3.5,0.22,0.001,54,1925475755,True,,60,-0.15,-0.1445170916988655,0.29667124496605574,-5.103182052513117,-4.999999955084936,0.0006631752866953658,-0.15243467946047112,0.4643515155451973,-5.588289613291794,0.001005959774777177,-72.58659519487028,-71.8767505682393,-124.70146757863006,-127.3761228875902,0.7098446266309821,-2.6746553089601406,True,False,0.006219909015942573,0.00018782497740635362,0.0301973834223185,0.006077377231248005,4.094904751682684e-05,0.006737947301720793,-7.318471218565837,-5.103182052513117,-10.103182007598054,-1.4999999550849363,-0.02318205251311678,0.07667124496605573,-0.0003368247133046342,1.4999999550849363,0.02318205251311678,0.07667124496605573,0.0003368247133046342,False,False,ictal_scale,low,low,low,-0.1541602525899067,0.06581999241276514,0.005218825463033743,0.005244464407572756,0.006219909015942573,1200,500,10,96.2726879119873
-5.08,-3.5,0.22,0.001,55,832984914,True,,60,-0.15,-0.1445809798644547,0.4122932782691258,-5.185669779380898,-4.999999956991509,0.0007421897843959923,-0.1394887151009988,0.4790540623736404,-5.504162635973538,0.0012063581960115436,-70.68319581123599,-69.81034533062872,-120.89466881136147,-123.24331241236904,0.8728504806072692,-2.3486436010075664,True,False,0.006219909015942573,0.00018782497740635362,0.0301973834223185,0.005596187149027006,3.770681402882031e-05,0.006737947288874406,-7.205905573382929,-5.185669779380898,-10.185669736372407,-1.499999956991509,-0.10566977938089828,0.19229327826912582,-0.00025781021560400776,1.499999956991509,0.10566977938089828,0.19229327826912582,0.00025781021560400776,False,False,ictal_scale,low,low,low,-0.13971035919654642,0.07231749747773154,0.005125220348294988,0.005140918758991589,0.006219909015942573,1200,500,10,102.2414858341217
-5.08,-3.5,0.22,0.001,56,1816764827,True,,60,-0.15,-0.16637378831857053,0.16513175785445616,-5.406231278760869,0.5313749416746932,0.0005815137666089746,-0.16926889111490384,0.39170028075154517,-6.417581213099901,0.0031434448370540064,-73.03028347613296,-73.82435689232366,-125.58884414115542,-131.27133553575894,-0.7940734161906988,-5.682491394603517,False,False,0.006219909015942573,0.00018782497740635362,0.0301973834223185,0.004488524372651076,0.007636191177537023,1.701269848074107,-7.449875911979726,-5.406231278760869,-4.874856337086175,4.031374941674693,-0.32623127876086855,-0.05486824214554384,-0.0004184862333910254,4.031374941674693,0.32623127876086855,0.05486824214554384,0.0004184862333910254,False,False,ictal_scale,low,low,low,-0.16419559234302325,0.06262788462977856,0.005232633862362549,0.005308174892516561,0.006219909015942573,1200,500,10,96.73593401908875
-5.08,-3.5,0.22,0.001,57,270886160,True,,60,-0.15,-0.14744492251660538,0.10388011095167436,-5.041597057847682,-4.9999999782912,0.0005604820291201339,-0.1470511935553754,0.38511677156655877,-7.440101360791917,0.004904425349836702,-70.95430960885778,-70.83839543102305,-121.43689640660506,-125.29941261315768,0.11591417783473901,-3.862516206552627,True,False,0.006219909015942573,0.00018782497740635362,0.0301973834223185,0.0064634176192915034,4.355016629716316e-05,0.0067379471453582135,-7.486713378195977,-5.041597057847682,-10.041597036138882,-1.4999999782912,0.03840294215231843,-0.11611988904832564,-0.00043951797087986614,1.4999999782912,0.03840294215231843,0.11611988904832564,0.00043951797087986614,False,False,ictal_scale,low,low,low,-0.14419950985585434,0.06879146783114154,0.005139944994021396,0.005142764004939532,0.006219909015942573,1200,500,10,99.72564601898193
-5.08,-3.5,0.22,0.001,58,340090862,True,,60,-0.15,-0.12540266284323182,0.3367581221885314,-5.032833854170156,-4.778312164558725,0.0006535571625521427,-0.13109635714135578,0.4427596539661167,-5.813922884110676,0.002295315992704418,-69.9784557405442,-69.65640790643104,-119.4851886699779,-122.93543756397368,0.32204783411316384,-3.450248893995777,True,False,0.006219909015942573,0.00018782497740635362,0.0301973834223185,0.006520306765871132,5.483696658414196e-05,0.008410181998057499,-7.333080557337267,-5.032833854170156,-9.81114601872888,-1.2783121645587254,0.04716614582984402,0.1167581221885314,-0.00034644283744785734,1.2783121645587254,0.04716614582984402,0.1167581221885314,0.00034644283744785734,False,False,ictal_scale,low,low,low,-0.13431117190517397,0.07412950609513208,0.005055144513587612,0.005123828765713052,0.006219909015942573,1200,500,10,86.94804239273071
-5.08,-3.5,0.22,0.001,59,162175232,True,,60,-0.15,-0.13859156539525586,0.13904981287069165,-5.062644503367398,-4.999924512477336,0.0006801911758420108,-0.14234115092664393,0.30298010317303753,-5.790814455242726,0.002866369264691504,-70.03690050399052,-68.97699576801077,-119.60207819687054,-121.57661328713313,1.0599047359797567,-1.9745350902625916,True,False,0.006219909015942573,0.00018782497740635362,0.0301973834223185,0.00632880082837472,4.26463436946891e-05,0.0067384556492103955,-7.293136658362698,-5.062644503367398,-10.062569015844733,-1.4999245124773362,0.01735549663260194,-0.08095018712930835,-0.00031980882415798923,1.4999245124773362,0.01735549663260194,0.08095018712930835,0.00031980882415798923,False,False,ictal_scale,low,low,low,-0.14036975231835527,0.07295248675966959,0.005110624641247678,0.0053308077223573405,0.006219909015942573,1200,500,10,100.27515506744385
-5.08,-3.5,0.22,0.001,60,1698681857,True,,60,-0.15,-0.17166354617096696,0.12094030586575893,-4.841939900862109,-2.7657877853658865,0.0006028517590321315,-0.1725723459304141,0.3199053273191494,-6.802853921930497,0.005940032017514334,-64.14407060797448,-63.37737315950176,-107.81641840483846,-110.37736807011511,0.7666974484727263,-2.5609496652766524,True,False,0.006219909015942573,0.00018782497740635362,0.0301973834223185,0.007891730018979684,0.000496599006136649,0.06292650723508328,-7.413839230544829,-4.841939900862109,-7.607727686227996,0.7342122146341135,0.23806009913789072,-0.09905969413424107,-0.00039714824096786854,0.7342122146341135,0.23806009913789072,0.09905969413424107,0.00039714824096786854,False,False,ictal_scale,low,low,low,-0.17744378442929962,0.07363568570255437,0.005008732190016348,0.005062012611330264,0.006219909015942573,1200,500,10,93.57188320159912
-5.08,-3.5,0.22,0.001,61,152803190,True,,60,-0.15,-0.1452426904599389,0.049884309801448805,-4.916983458384745,-4.999999958479297,0.0004115821373186669,-0.14456926063198516,0.42882311774328474,-7.26030095435403,0.005437500055843569,-67.72332120928351,-67.20570503311326,-114.97491960745651,-118.03403181733812,0.5176161761702502,-3.0591122098816044,True,False,0.006219909015942573,0.00018782497740635362,0.0301973834223185,0.007321182221466389,4.9329739827092785e-05,0.006737947278849772,-7.795501953102892,-4.916983458384745,-9.916983416864042,-1.4999999584792967,0.1630165416152547,-0.1701156901985512,-0.0005884178626813331,1.4999999584792967,0.1630165416152547,0.1701156901985512,0.0005884178626813331,False,False,ictal_scale,low,low,low,-0.13875510021801538,0.07530387677490563,0.005083016165165391,0.005124951928466234,0.006219909015942573,1200,500,10,103.84249663352966
-5.08,-3.5,0.22,0.001,62,458173832,True,,60,-0.15,-0.16023321919519823,0.27932025998881227,-4.908717345965021,-4.954996225531351,0.0008749238466814815,-0.15704466689305896,0.48901071043300226,-5.5673920068773,0.00130252457847722,-65.00882137502605,-64.76472420261798,-109.54591993894158,-113.15207015634756,0.24409717240806117,-3.6061502174059825,True,False,0.006219909015942573,0.00018782497740635362,0.0301973834223185,0.007381950750481805,5.202877789030384e-05,0.0070481068824399876,-7.041373707758217,-4.908717345965021,-9.863713571496373,-1.4549962255313513,0.17128265403497878,0.05932025998881227,-0.00012507615331851848,1.4549962255313513,0.17128265403497878,0.05932025998881227,0.00012507615331851848,False,False,ictal_scale,low,low,low,-0.15544225801744455,0.07340733443425156,0.005186727807803549,0.005397809495007575,0.006219909015942573,1200,500,10,95.44224166870117
-5.08,-3.5,0.22,0.001,63,44092262,True,,60,-0.15,-0.1499614378904007,0.12488045691476728,-4.892315073802001,-2.0877972867391836,0.0007453978873448257,-0.14938749317262878,0.3954036649707254,-6.036571930802638,0.005189509150989785,-62.19871013830649,-62.30138000045556,-103.92569746550248,-108.22538175202271,-0.10266986214907092,-4.2996842865202325,False,False,0.006219909015942573,0.00018782497740635362,0.0301973834223185,0.007504029967105336,0.00093019867970584,0.12395988339378425,-7.201592405180142,-4.892315073802001,-6.980112360541185,1.4122027132608164,0.18768492619799915,-0.09511954308523272,-0.0002546021126551743,1.4122027132608164,0.18768492619799915,0.09511954308523272,0.0002546021126551743,False,False,ictal_scale,low,low,low,-0.15360090482082886,0.07676795238306498,0.005109100758325934,0.005152110456361051,0.006219909015942573,1200,500,10,95.56949806213379
-5.08,-3.5,0.22,0.001,64,1601125295,True,,60,-0.15,-0.17249165209699333,0.10675174803398356,-4.930222122087047,-4.996972617347175,0.0005707256313076706,-0.1694292876926558,0.2883090315104632,-6.593232895667745,0.004813557357786468,-68.05144331936323,-67.66551470389226,-115.63116382761595,-118.95365115889611,0.38592861547097357,-3.3224873312801577,True,False,0.006219909015942573,0.00018782497740635362,0.0301973834223185,0.007224898293643762,4.882858104310737e-05,0.006758376250924552,-7.468601969378839,-4.930222122087047,-9.92719473943422,-1.4969726173471747,0.14977787791295327,-0.11324825196601644,-0.0004292743686923294,1.4969726173471747,0.14977787791295327,0.11324825196601644,0.0004292743686923294,False,False,ictal_scale,low,low,low,-0.17205288228720933,0.07300223099244892,0.00506281719996731,0.005008176156059419,0.006219909015942573,1200,500,10,105.02277874946594
-5.08,-3.5,0.22,0.001,65,34720220,True,,60,-0.15,-0.1395900955398121,0.03842976783609375,-5.111891608433511,-4.958382521731126,0.0007579330748045293,-0.14359431368967218,0.3534681576150609,-7.238035396162704,0.004788435042369289,-70.40130899057067,-70.50779669728404,-120.33089517003083,-124.63821514567967,-0.10648770671336649,-4.307319975648838,False,False,0.006219909015942573,0.00018782497740635362,0.0301973834223185,0.00602467581053295,4.231901142690921e-05,0.007024280269640875,-7.184915468034459,-5.111891608433511,-10.070274130164638,-1.4583825217311261,-0.031891608433510577,-0.18157023216390625,-0.00024206692519547067,1.4583825217311261,0.031891608433510577,0.18157023216390625,0.00024206692519547067,False,False,ictal_scale,low,low,low,-0.14751543061379965,0.06975110944477522,0.005179768682648542,0.0052467847089406085,0.006219909015942573,1200,500,10,102.42914938926697
-5.08,-3.5,0.22,0.001,66,536986314,True,,60,-0.15,-0.162451091240965,0.44600085783907617,-5.37025492461241,2.086740384210957,0.0005498233216370484,-0.15623816327297763,0.4785312009637732,-5.358934849656556,0.0009044086356136756,-69.36925074373468,-68.73200195797642,-118.26677867635885,-121.08662566706444,0.6372487857582598,-2.819846990705585,True,False,0.006219909015942573,0.00018782497740635362,0.0301973834223185,0.0046529450088780315,0.03749624289838537,8.058604352048183,-7.505913564731439,-5.37025492461241,-3.2835145404014527,5.586740384210957,-0.29025492461240976,0.22600085783907617,-0.0004501766783629516,5.586740384210957,0.29025492461240976,0.22600085783907617,0.0004501766783629516,False,False,ictal_scale,low,low,low,-0.1557662230023941,0.08279226906525132,0.004935555042118828,0.004959486315571443,0.006219909015942573,1200,500,10,82.95765113830566
-5.08,-3.5,0.22,0.001,67,2073492939,True,,60,-0.15,-0.1442918266289029,0.14887128285603005,-4.936734798595507,-4.9999999782912,0.0007482937718191203,-0.14827068997783488,0.3134024609435751,-6.443076386079122,0.004753986051578273,-67.02229584641834,-66.12082669006142,-113.57286888172618,-115.86427513123444,0.9014691563569244,-2.291406249508256,True,False,0.006219909015942573,0.00018782497740635362,0.0301973834223185,0.007177997758032551,4.836496950312313e-05,0.0067379471453582135,-7.19771491401948,-4.936734798595507,-9.936734776886706,-1.4999999782912,0.1432652014044935,-0.07112871714396996,-0.00025170622818087977,1.4999999782912,0.1432652014044935,0.07112871714396996,0.00025170622818087977,False,False,ictal_scale,low,low,low,-0.14981558482984292,0.06872850247356493,0.005153825881114485,0.005261265974074574,0.006219909015942573,1200,500,10,101.61337447166443
-5.08,-3.5,0.22,0.001,68,1719208265,True,,60,-0.15,-0.117388437169592,0.2187594693123354,-5.030149265199655,-4.487054769223732,0.0006688369949178675,-0.1146021891998553,0.43875872026549095,-5.7838390111280695,0.0026569265560793726,-69.42704996959688,-68.79494365033091,-118.38237712808325,-121.21250905177341,0.6321063192659722,-2.8301319236901605,True,False,0.006219909015942573,0.00018782497740635362,0.0301973834223185,0.006537834626522799,7.357509045473153e-05,0.011253739908967837,-7.309970182355996,-5.030149265199655,-9.517204034423386,-0.9870547692237324,0.04985073480034519,-0.0012405306876646094,-0.0003311630050821325,0.9870547692237324,0.04985073480034519,0.0012405306876646094,0.0003311630050821325,False,False,ictal_scale,low,low,low,-0.12271658362130687,0.06996885711790168,0.005199672289160006,0.005391827992650129,0.006219909015942573,1200,500,10,94.96245169639587
-5.08,-3.5,0.22,0.001,69,2064120897,True,,60,-0.15,-0.14598091558240675,0.10016112437754342,-5.3588481237322485,0.27142562183114183,0.0007381142060078355,-0.15730592704201696,0.30406895498883496,-5.235327866333028,0.00048038497333124144,-69.30117516690464,-67.58290721882918,-118.13062752269877,-118.78843618876995,1.7182679480754643,-0.6578086660711762,True,False,0.006219909015942573,0.00018782497740635362,0.0301973834223185,0.00470632408958892,0.0061739126446985594,1.3118332964693529,-7.21141199464833,-5.3588481237322485,-5.087422501901107,3.771425621831142,-0.27884812373224843,-0.11983887562245658,-0.00026188579399216455,3.771425621831142,0.27884812373224843,0.11983887562245658,0.00026188579399216455,False,False,ictal_scale,low,low,low,-0.152445889833095,0.06586707991216142,0.005199474200620096,0.005182459214349256,0.006219909015942573,1200,500,10,78.91363048553467
-5.08,-3.5,0.22,0.001,70,418903344,True,,60,-0.15,-0.1384376997895599,0.21824243089257925,-5.622564213370157,4.963156463125675,0.00047267048368332425,-0.13499974221799005,0.4488904200658692,-6.065456475282236,0.0030516326237618385,-71.75619495984249,-71.04101885173262,-123.04066710857447,-125.70465945457683,0.7151761081098726,-2.6639923460023596,True,False,0.006219909015942573,0.00018782497740635362,0.0301973834223185,0.003615358661945659,0.5171575302314173,143.0445990531687,-7.657112064079284,-5.622564213370157,-0.6594077502444815,8.463156463125674,-0.5425642133701567,-0.0017575691074207533,-0.0005273295163166758,8.463156463125674,0.5425642133701567,0.0017575691074207533,0.0005273295163166758,False,False,ictal_scale,low,low,low,-0.13709911510406028,0.07409717485114502,0.005166546666170094,0.00533727797713968,0.006219909015942573,1200,500,10,100.35029983520508
-5.08,-3.5,0.22,0.001,71,1226314213,True,,60,-0.15,-0.15572802023947585,0.10843419885781536,-5.695278931245116,4.347491948590385,0.0006635333611326679,-0.1654296747269312,0.4735339739250694,-5.816155935635234,0.0022311918643175936,-72.50907294705192,-72.45733261281961,-124.54642308299333,-128.53728697675083,0.051740334232306395,-3.9908638937575063,True,False,0.006219909015942573,0.00018782497740635362,0.0301973834223185,0.0033617993374560656,0.2598145991153912,77.2843864357465,-7.317931424924509,-5.695278931245116,-1.347786982654731,7.847491948590385,-0.6152789312451157,-0.11156580114218465,-0.0003364666388673321,7.847491948590385,0.6152789312451157,0.11156580114218465,0.0003364666388673321,False,False,ictal_scale,low,low,low,-0.1520793275445905,0.06766496850670849,0.005247556529105315,0.0052997433653211015,0.006219909015942573,1200,500,10,95.050363779068
-5.08,-3.5,0.22,0.001,72,310192416,True,,60,-0.15,-0.14798086080278633,-0.002673761507649627,-5.118895301904995,-2.3933177226910467,0.00041886574549953334,-0.14891043266315757,0.08904670217562577,-11.316780548933636,0.005466460806889181,-70.83354373850592,-71.04695436097433,-121.19536466590134,-125.71653047306025,-0.2134106224684018,-4.5211658071589085,False,False,0.006219909015942573,0.00018782497740635362,0.0301973834223185,0.005982628243900189,0.0005463706181910155,0.09132618573585743,-7.777960105855355,-5.118895301904995,-7.512213024596042,1.1066822773089533,-0.03889530190499535,-0.22267376150764961,-0.0005811342545004667,1.1066822773089533,0.03889530190499535,0.22267376150764961,0.0005811342545004667,False,False,ictal_scale,low,low,low,-0.14948593529336962,0.06671577125069668,0.005283125145377366,0.005486794983800733,0.006219909015942573,1200,500,10,102.37568950653076
-5.08,-3.5,0.22,0.001,73,1235686255,True,,60,-0.15,-0.13836227148486333,0.21802514342237425,-4.850433513918964,-4.999999972811606,0.0005710167662917652,-0.15005146158861432,0.45570011262651416,-5.5479456173880415,0.0024626195333371063,-66.44395950017162,-65.34894287823381,-112.41619618923272,-114.32050750757922,1.095016621937802,-1.904311318346501,True,False,0.006219909015942573,0.00018782497740635362,0.0301973834223185,0.007824984574099386,5.272433276243298e-05,0.006737947182279426,-7.468091985706486,-4.850433513918964,-9.85043348673057,-1.4999999728116062,0.22956648608103603,-0.00197485657762575,-0.0004289832337082348,1.4999999728116062,0.22956648608103603,0.00197485657762575,0.0004289832337082348,False,False,ictal_scale,low,low,low,-0.1378349628795242,0.07277485267518552,0.005181516746879301,0.005368311139526464,0.006219909015942573,1200,500,10,90.57436847686768
-5.08,-3.5,0.22,0.001,74,300820374,True,,60,-0.15,-0.14653890129921984,0.13095123208119266,-5.134890258160479,-0.046985953013458495,0.0007338362703308874,-0.1505708339995346,0.35981426828037477,-6.158298225988897,0.004939379458120164,-64.36770554127875,-64.22219259355853,-108.263688271447,-112.06700693822866,0.1455129477202206,-3.8033186667816636,True,False,0.006219909015942573,0.00018782497740635362,0.0301973834223185,0.005887697596524127,0.0056174569854552485,0.9541007997373342,-7.217224619176739,-5.134890258160479,-5.181876211173938,3.4530140469865414,-0.0548902581604791,-0.08904876791880734,-0.0002661637296691126,3.4530140469865414,0.0548902581604791,0.08904876791880734,0.0002661637296691126,False,False,ictal_scale,low,low,low,-0.15518651684455087,0.07824140219895709,0.005122075321573933,0.005132851167102831,0.006219909015942573,1200,500,10,89.26848244667053
-5.08,-3.5,0.22,0.001,75,1344397183,True,,60,-0.15,-0.1532217287121919,0.11338080362604058,-5.523484370281534,4.999999980748799,0.0006971445646185347,-0.1619144668446027,0.4427220693416183,-5.332612060239471,0.001211028585347316,-67.6147830954376,-65.12500484346727,-114.7578433797647,-113.87263143804613,2.4897782519703355,0.8852119417185662,True,True,0.006219909015942573,0.00018782497740635362,0.0301973834223185,0.003991914373521867,0.592452611635939,148.41315624544512,-7.268517758927496,-5.523484370281534,-0.5234843895327348,8.4999999807488,-0.4434843702815341,-0.10661919637395942,-0.00030285543538146535,8.4999999807488,0.4434843702815341,0.10661919637395942,0.00030285543538146535,False,False,ictal_scale,low,low,low,-0.16190058194700527,0.06695420134945015,0.005227227554261219,0.005338307275515788,0.006219909015942573,1200,500,10,100.09401106834412
-5.08,-3.5,0.22,0.001,76,1305352558,True,,60,-0.15,-0.15764889725175532,0.18620388187039938,-5.001100540765483,-4.9999999782912,0.0006750439186660916,-0.16099545025337147,0.42591896107012533,-6.009252634279646,0.0033401271035827596,-69.22871473810278,-68.3047397978318,-117.98570666509505,-120.2321013467752,0.9239749402709805,-2.246394681680144,True,False,0.006219909015942573,0.00018782497740635362,0.0301973834223185,0.006730535692707747,4.534999375741173e-05,0.0067379471453582135,-7.300732804517853,-5.001100540765483,-10.001100519056683,-1.4999999782912,0.07889945923451691,-0.03379611812960062,-0.0003249560813339084,1.4999999782912,0.07889945923451691,0.03379611812960062,0.0003249560813339084,False,False,ictal_scale,low,low,low,-0.15745960559888098,0.070110349162194,0.005238521421454747,0.005301041643684312,0.006219909015942573,1200,500,10,95.80506610870361
-5.08,-3.5,0.22,0.001,77,1353769225,True,,60,-0.15,-0.13560975559572422,0.055536743649340636,-4.814335224154432,-4.963271959348365,0.0006784472548211037,-0.13021354455234832,0.3191299800924594,-6.584298685460958,0.004853488490486559,-65.71682896868171,-65.64679630432428,-110.96193512625291,-114.91621435976016,0.07003266435742717,-3.9542792335072505,True,False,0.006219909015942573,0.00018782497740635362,0.0301973834223185,0.008112613355111636,5.670732405635565e-05,0.006990019316109181,-7.295703819631359,-4.814335224154432,-9.777607183502797,-1.463271959348365,0.26566477584556836,-0.16446325635065936,-0.00032155274517889636,1.463271959348365,0.26566477584556836,0.16446325635065936,0.00032155274517889636,False,False,ictal_scale,low,low,low,-0.1290123312405448,0.07287674285681765,0.005152717372250184,0.005120557574335128,0.006219909015942573,1200,500,10,94.980229139328
-5.08,-3.5,0.22,0.001,78,851503131,True,,60,-0.15,-0.14975331773617045,0.1163932486942589,-5.742116460629676,4.99999996295372,0.00035893042504529137,-0.1492562217055064,0.45351106692445037,-6.636111065644664,0.0032329538879920993,-77.32036051557185,-76.64505986393212,-134.1689982200332,-136.91274147897585,0.6753006516397306,-2.743743258942658,True,False,0.006219909015942573,0.00018782497740635362,0.0301973834223185,0.0032079715398672477,0.4761051729049297,148.4131536044213,-7.932381990360302,-5.742116460629676,-0.7421164976759558,8.49999996295372,-0.6621164606296759,-0.1036067513057411,-0.0006410695749547086,8.49999996295372,0.6621164606296759,0.1036067513057411,0.0006410695749547086,False,False,ictal_scale,low,low,low,-0.1473098257226447,0.06456186381222265,0.005248195833717503,0.005253445753579641,0.006219909015942573,1200,500,10,106.6453230381012
-5.08,-3.5,0.22,0.001,79,1462480153,True,,60,-0.15,-0.15141732555123458,0.1990191296181777,-4.95904099325645,-4.996481942585344,0.0005899131059440019,-0.15279745042186732,0.3963887354904831,-6.102486548875749,0.003285809770563927,-68.54358456762277,-68.34960980426598,-116.61544632413504,-120.32184135964356,0.19397476335679187,-3.706395035508521,True,False,0.006219909015942573,0.00018782497740635362,0.0301973834223185,0.007019656503573634,4.746476385218389e-05,0.006761693229294072,-7.435535309972002,-4.95904099325645,-9.955522935841795,-1.4964819425853442,0.12095900674354976,-0.02098087038182231,-0.0004100868940559981,1.4964819425853442,0.12095900674354976,0.02098087038182231,0.0004100868940559981,False,False,ictal_scale,low,low,low,-0.14207628750379714,0.06790415323916592,0.0051649115233871,0.0052472832751874615,0.006219909015942573,1200,500,10,96.61361312866211
-5.08,-3.5,0.22,0.001,80,960214059,True,,60,-0.15,-0.141511996017091,0.185282632454045,-4.723855949786244,-3.8544707669474034,0.0008240199286879824,-0.1402093163204781,0.4188455681127324,-5.837047762944397,0.004583777172061439,-60.932182137566556,-60.140489790076195,-101.3926414640226,-103.90360133126399,0.7916923474903612,-2.5109598672413824,True,False,0.006219909015942573,0.00018782497740635362,0.0301973834223185,0.00888086825950844,0.0001881395248881785,0.021184812046586097,-7.101315843046312,-4.723855949786244,-8.578326716733647,-0.3544707669474034,0.3561440502137563,-0.034717367545955,-0.00017598007131201766,0.3544707669474034,0.3561440502137563,0.034717367545955,0.00017598007131201766,False,False,ictal_scale,low,low,low,-0.13882433281287004,0.08572880288489836,0.0049526447514017255,0.005008777278082795,0.006219909015942573,1200,500,10,91.39476990699768
-5.08,-3.5,0.22,0.001,81,1571191081,True,,60,-0.15,-0.1683362791231376,0.35459914626312583,-4.806342840858337,-4.999999977126662,0.0006488714430513811,-0.15481209775584254,0.47668968726985533,-5.3127555914235405,0.0010418973764624363,-64.00656591149487,-62.24052996841408,-107.54140901187924,-108.10368168793975,1.7660359430807944,-0.5622726760605161,True,False,0.006219909015942573,0.00018782497740635362,0.0301973834223185,0.008177712271792797,5.510099312145435e-05,0.0067379471532048076,-7.340275945548136,-4.806342840858337,-9.806342817984998,-1.499999977126662,0.27365715914166344,0.13459914626312583,-0.0003511285569486189,1.499999977126662,0.27365715914166344,0.13459914626312583,0.0003511285569486189,False,False,ictal_scale,low,low,low,-0.1609915627084064,0.0776723720678841,0.005121040111190145,0.005261888338582796,0.006219909015942573,1200,500,10,87.42097640037537
-5.08,-3.5,0.22,0.001,82,969586101,True,,60,-0.15,-0.126851840082115,0.09980176355233086,-5.34194075512827,2.8450254030836515,0.0005095660808958102,-0.12727698411390742,0.40820686353347063,-6.673126287477779,0.00476840449423911,-67.01510163720698,-67.16029016650046,-113.55848046330345,-117.94320208411251,-0.1451885292934776,-4.38472162080906,False,False,0.006219909015942573,0.00018782497740635362,0.0301973834223185,0.004786572125677401,0.08233859287047839,17.201995647109516,-7.581951016173102,-5.34194075512827,-2.496915352044619,6.3450254030836515,-0.2619407551282702,-0.12019823644766914,-0.0004904339191041899,6.3450254030836515,0.2619407551282702,0.12019823644766914,0.0004904339191041899,False,False,ictal_scale,low,low,low,-0.13198139498342304,0.07464897150414482,0.005078896097888082,0.005231501118467064,0.006219909015942573,1200,500,10,92.63882303237915
-5.08,-3.5,0.22,0.001,83,1680163640,True,,60,-0.15,-0.1659616293817176,0.26815292022273723,-5.210420079035973,-4.9999999782912,0.00037046351351175565,-0.15889570502849082,0.40806407090852714,-5.798177884287176,0.0017869402842982697,-75.48757796129682,-74.3078901296645,-130.50343311148313,-132.2384020104406,1.1796878316323216,-1.7349688989574759,True,False,0.006219909015942573,0.00018782497740635362,0.0301973834223185,0.005459379834856739,3.678501277369915e-05,0.0067379471453582135,-7.9007555971281045,-5.210420079035973,-10.210420057327173,-1.4999999782912,-0.1304200790359733,0.04815292022273723,-0.0006295364864882444,1.4999999782912,0.1304200790359733,0.04815292022273723,0.0006295364864882444,False,False,ictal_scale,low,low,low,-0.16302352226714678,0.06494498512114476,0.0052795253138815485,0.005391233792053625,0.006219909015942573,1200,500,10,96.50360918045044
-5.08,-3.5,0.22,0.001,84,1078297029,True,,60,-0.15,-0.13479743156659055,-0.16575934308037077,-5.048937569410843,-4.9999999782912,0.0006284924795945478,-0.1349879763094476,-0.02719021814036163,-9.74472034345452,0.006628160467370112,-67.1103815595117,-65.09523592319432,-113.74904030791288,-113.81309359750024,2.0151456363173708,-0.06405328958736334,True,False,0.006219909015942573,0.00018782497740635362,0.0301973834223185,0.006416146536742798,4.323165624144616e-05,0.0067379471453582135,-7.372186495646694,-5.048937569410843,-10.048937547702042,-1.4999999782912,0.031062430589156698,-0.38575934308037074,-0.0003715075204054522,1.4999999782912,0.031062430589156698,0.38575934308037074,0.0003715075204054522,False,False,ictal_scale,low,low,low,-0.1323570900242998,0.07513787791561091,0.005116902612474997,0.005207557096601978,0.006219909015942573,1200,500,10,106.34433794021606
-5.08,-3.5,0.22,0.001,85,1571452712,True,,60,-0.15,-0.15996830162013667,0.17122064602464485,-4.997385827111193,-1.1582048809866974,0.0013316553056441853,-0.16062181818862656,0.37569029940852017,-6.023321345343453,0.0045631697718812566,-63.20977498283584,-63.34701911087753,-105.94782715456117,-110.31665997286666,-0.1372441280416936,-4.368832818305492,False,False,0.006219909015942573,0.00018782497740635362,0.0301973834223185,0.006755584200759681,0.0021215873762520173,0.31404943128581536,-6.621332519899552,-4.997385827111193,-6.155590708097891,2.3417951190133026,0.08261417288880679,-0.048779353975355155,0.00033165530564418524,2.3417951190133026,0.08261417288880679,0.048779353975355155,0.00033165530564418524,False,False,ictal_scale,low,low,low,-0.15889494582591873,0.07321718195591477,0.005169918459213174,0.005359155756402055,0.006219909015942573,1200,500,10,85.0013484954834
-5.08,-3.5,0.22,0.001,86,1087669071,True,,60,-0.15,-0.13294053484430876,0.29872267216789766,-5.472628909457635,-1.182736728605326,0.00047570015149837853,-0.13030450504987404,0.43786668712111226,-5.687300170540745,0.0006958075247567633,-77.26521645040013,-76.6817589312242,-134.05871008968975,-136.98613961356,0.583457519175937,-2.927429523870245,True,False,0.006219909015942573,0.00018782497740635362,0.0301973834223185,0.00420017574946478,0.001287097445425638,0.3064389497486265,-7.650722836051465,-5.472628909457635,-6.65536563806296,2.317263271394674,-0.39262890945763473,0.07872267216789766,-0.0005242998485016215,2.317263271394674,0.39262890945763473,0.07872267216789766,0.0005242998485016215,False,False,ictal_scale,low,low,low,-0.1465135479864917,0.0656795275484487,0.0052667699870116765,0.005364919574832059,0.006219909015942573,1200,500,10,102.61975002288818
-5.08,-3.5,0.22,0.001,87,1562080670,True,,60,-0.15,-0.12230639194559394,0.23503640505221388,-4.959621080919619,-4.99999997309676,0.0006928795313221168,-0.12203058085062987,0.4385160778472339,-5.4117272507795375,0.001558928687559835,-67.52972499421608,-66.37354220982618,-114.58772717732165,-116.36970617076396,1.1561827843898982,-1.7819789934423085,True,False,0.006219909015942573,0.00018782497740635362,0.0301973834223185,0.007015585668271053,4.7270645672087444e-05,0.0067379471803580724,-7.274654410361705,-4.959621080919619,-9.95962105401638,-1.4999999730967604,0.12037891908038123,0.015036405052213875,-0.0003071204686778832,1.4999999730967604,0.12037891908038123,0.015036405052213875,0.0003071204686778832,False,False,ictal_scale,low,low,low,-0.11940687937511293,0.07790310919370888,0.005032871981378112,0.005127325177520255,0.006219909015942573,1200,500,10,94.35088753700256
-5.08,-3.5,0.22,0.001,88,1196379999,True,,60,-0.15,-0.1662675168646059,0.2804060516456409,-5.063565629946037,-3.7757820883320896,0.0007040941373857277,-0.16376893046443644,0.45120097835774603,-5.7255341984240005,0.0024098950843843164,-69.46860004751288,-69.12811535971103,-118.46547728391525,-121.87885247053366,0.3404846878018475,-3.41337518661841,True,False,0.006219909015942573,0.00018782497740635362,0.0301973834223185,0.006322973885808627,0.000144917242728932,0.022919158824012596,-7.258598492868216,-5.063565629946037,-8.839347718278127,-0.2757820883320896,0.016434370053962866,0.06040605164564092,-0.0002959058626142723,0.2757820883320896,0.016434370053962866,0.06040605164564092,0.0002959058626142723,False,False,ictal_scale,low,low,low,-0.1599181145706455,0.07053609809194772,0.005115301391941925,0.005182661092119446,0.006219909015942573,1200,500,10,95.1098382472992
-5.08,-3.5,0.22,0.001,89,1453369742,True,,60,-0.15,-0.17653681169873778,0.1911817468831185,-4.873796714017164,-4.9999999782912,0.0006950957861556095,-0.17488874908153157,0.42225955239640656,-5.870002529393809,0.004062939048420188,-64.50593707441153,-63.01880140790854,-108.54015133771256,-109.66022456692868,1.4871356665029936,-1.1200732292161177,True,False,0.006219909015942573,0.00018782497740635362,0.0301973834223185,0.0076442869503444396,5.1506801435372355e-05,0.0067379471453582135,-7.271460900089402,-4.873796714017164,-9.873796692308364,-1.4999999782912,0.206203285982836,-0.028818253116881493,-0.0003049042138443905,1.4999999782912,0.206203285982836,0.028818253116881493,0.0003049042138443905,False,False,ictal_scale,low,low,low,-0.17525805286035182,0.07407370360901112,0.005062023317800316,0.00510587948255057,0.006219909015942573,1200,500,10,87.89659285545349
-5.08,-3.5,0.22,0.001,90,2054974722,True,,60,-0.15,-0.1582215161715201,-0.03505014372356014,-4.909335337251765,-4.999999954678896,0.0006073535328989888,-0.16395850771603643,0.34002571337802184,-6.889686024848419,0.005213714973411819,-68.67526844810267,-67.82670383070682,-116.87881408509483,-119.27602941252523,0.8485646173958514,-2.397215327430402,True,False,0.006219909015942573,0.00018782497740635362,0.0301973834223185,0.007377390178580832,4.970846626769389e-05,0.006737947304456672,-7.406399509927052,-4.909335337251765,-9.90933529193066,-1.4999999546788958,0.17066466274823533,-0.25505014372356016,-0.00039264646710101127,1.4999999546788958,0.17066466274823533,0.25505014372356016,0.00039264646710101127,False,False,ictal_scale,low,low,low,-0.15845388123211104,0.068352010539343,0.005160508456830128,0.005292340001472721,0.006219909015942573,1200,500,10,99.84003615379333
-5.08,-3.5,0.22,0.001,91,1443997700,True,,60,-0.15,-0.16458490021306482,0.2154767860944963,-5.039839962586869,-4.9999999782912,0.0006749324878058563,-0.17369191685021984,0.44891807804468664,-5.94333880478923,0.0028454808567227145,-70.33549990721228,-69.38156071366932,-120.19927700331405,-122.38574317845023,0.9539391935429649,-2.186466175136175,True,False,0.006219909015942573,0.00018782497740635362,0.0301973834223185,0.006474784443130686,4.3626755355402215e-05,0.0067379471453582135,-7.300897890159282,-5.039839962586869,-10.039839940878068,-1.4999999782912,0.040160037413131455,-0.004523213905503698,-0.0003250675121941437,1.4999999782912,0.040160037413131455,0.004523213905503698,0.0003250675121941437,False,False,ictal_scale,low,low,low,-0.167609885077467,0.07762561005972424,0.005057539619373869,0.005149418823220958,0.006219909015942573,1200,500,10,103.32426905632019
-5.08,-3.5,0.22,0.001,92,1946263794,True,,60,-0.15,-0.14294875706958737,-0.07216253585877777,-5.032296921706142,-4.9999965133630715,0.0004673217167255685,-0.1416401252375282,-0.4699358601928607,-12.018782095367843,0.005619669060616699,-70.6854429833201,-70.23614228091422,-120.89916315552969,-124.09490631294004,0.4493007024058784,-3.195743157410348,True,False,0.006219909015942573,0.00018782497740635362,0.0301973834223185,0.006523808670308015,4.395723031534495e-05,0.006737970491901252,-7.668492636567404,-5.032296921706142,-10.032293435069214,-1.4999965133630715,0.04770307829385789,-0.29216253585877777,-0.0005326782832744314,1.4999965133630715,0.04770307829385789,0.29216253585877777,0.0005326782832744314,False,False,ictal_scale,low,low,low,-0.14380392939638847,0.06749290648100373,0.0052019591362983016,0.005243692837555658,0.006219909015942573,1200,500,10,100.72426629066467
-5.08,-3.5,0.22,0.001,93,1335286772,True,,60,-0.15,-0.15958098042588656,0.09647476031095086,-5.161256250418928,-0.7366106960046946,0.0006682170431104603,-0.15894261016199598,0.32307145772752427,-6.39110789660036,0.004401944892459216,-67.69323454832083,-67.58726535822544,-114.91474628553115,-118.79715246756247,0.10596919009539363,-3.8824061820313176,True,False,0.006219909015942573,0.00018782497740635362,0.0301973834223185,0.005734491201797188,0.0027452944378938892,0.4787337431145617,-7.310897522365004,-5.161256250418928,-5.897866946423623,2.7633893039953055,-0.08125625041892803,-0.12352523968904915,-0.0003317829568895397,2.7633893039953055,0.08125625041892803,0.12352523968904915,0.0003317829568895397,False,False,ictal_scale,low,low,low,-0.16356283802299468,0.06866110879229183,0.005141829122779157,0.0052391941407296146,0.006219909015942573,1200,500,10,98.67616009712219
-5.08,-3.5,0.22,0.001,94,1936891752,True,,60,-0.15,-0.15243949671597665,0.27696725263702027,-5.676890528329009,2.325015405200707,0.0004462759069054315,-0.14954510338067278,0.4522008733569106,-6.2242045542739195,0.002062952498680835,-77.81355174582829,-78.28545201576412,-135.15538068054607,-140.19352578263985,-0.4719002699358299,-5.038145102093779,False,False,0.006219909015942573,0.00018782497740635362,0.0301973834223185,0.0034241893263214193,0.035018628258310855,10.22683763106379,-7.714573171865491,-5.676890528329009,-3.3518751231283024,5.825015405200707,-0.5968905283290091,0.056967252637020266,-0.0005537240930945685,5.825015405200707,0.5968905283290091,0.056967252637020266,0.0005537240930945685,False,False,ictal_scale,low,low,low,-0.1572592191633754,0.06352117220687067,0.005281196855580598,0.005472030996061596,0.006219909015942573,1200,500,10,90.67831015586853
-5.08,-3.5,0.22,0.001,95,821568917,True,,60,-0.15,-0.14273810284517496,0.19697274502926984,-5.305609924945417,-4.9999999782912,0.00033245994071653723,-0.1518396658609769,0.4589104045794252,-5.444060547797061,0.000604966431700901,-77.78707259053185,-74.7134355115849,-135.1024223699532,-133.04949277428142,3.0736370789469447,2.0529295956717704,True,True,0.006219909015942573,0.00018782497740635362,0.0301973834223185,0.004963669838930975,3.344494502172562e-05,0.0067379471453582135,-8.008991184174556,-5.305609924945417,-10.305609903236617,-1.4999999782912,-0.22560992494541665,-0.02302725497073016,-0.0006675400592834628,1.4999999782912,0.22560992494541665,0.02302725497073016,0.0006675400592834628,False,False,ictal_scale,low,low,low,-0.14327264101815912,0.0572652833348203,0.005305388942308319,0.005340136763187617,0.006219909015942573,1200,500,10,115.00542163848877
-5.08,-3.5,0.22,0.001,96,1828180824,True,,60,-0.15,-0.13477528260735216,0.1459858046080295,-5.066330357862085,-4.999999969089016,0.0004928727632363577,-0.1334247269769076,0.3002540732894313,-7.450872672229702,0.004567116889426619,-73.00926393434081,-72.38776854669409,-125.5468050575711,-128.3981588444998,0.6214953876467177,-2.8513537869286836,True,False,0.006219909015942573,0.00018782497740635362,0.0301973834223185,0.006305516726661509,4.24862388193836e-05,0.006737947207362042,-7.615259503973366,-5.066330357862085,-10.0663303269511,-1.499999969089016,0.013669642137915439,-0.07401419539197049,-0.0005071272367636423,1.499999969089016,0.013669642137915439,0.07401419539197049,0.0005071272367636423,False,False,ictal_scale,low,low,low,-0.12883544297671776,0.06876991061995036,0.005097209577216613,0.005246581833293252,0.006219909015942573,1200,500,10,101.66348242759705
-5.08,-3.5,0.22,0.001,97,1964520380,True,,60,-0.15,-0.1476351899894488,0.12487536760493273,-5.659103158652581,1.3735193528856242,0.00033632626295950304,-0.14910383735566696,0.405700426836506,-6.821852578328965,0.0028852745781834644,-79.65777157844737,-79.81679280392729,-138.84382034578422,-143.25620735896618,-0.15902122547991837,-4.412387013181956,False,False,0.006219909015942573,0.00018782497740635362,0.0301973834223185,0.0034856415643145077,0.01376558274838783,3.9492249832334627,-7.997428848423912,-5.659103158652581,-4.285583805766956,4.873519352885625,-0.5791031586525808,-0.09512463239506727,-0.000663673737040497,4.873519352885625,0.5791031586525808,0.09512463239506727,0.000663673737040497,False,False,ictal_scale,low,low,low,-0.1448287027343671,0.060295242378227,0.005325323965189601,0.005394470583019849,0.006219909015942573,1200,500,10,85.75120043754578
-5.08,-3.5,0.22,0.001,98,1818808782,True,,60,-0.15,-0.16554930939969767,0.15818968113714524,-4.7927179595577005,-4.9999999782912,0.0006101728298437096,-0.1643094844466031,0.3606729674338266,-5.1287535307124354,0.0006278761949605351,-64.44452247875009,-62.21654458801247,-108.41732214638967,-108.05571092713653,2.2279778907376198,0.36161121925313466,True,True,0.006219909015942573,0.00018782497740635362,0.0301973834223185,0.008289895134461522,5.585687525656396e-05,0.0067379471453582135,-7.4017683133139665,-4.7927179595577005,-9.7927179378489,-1.4999999782912,0.28728204044229955,-0.06181031886285476,-0.00038982717015629046,1.4999999782912,0.28728204044229955,0.06181031886285476,0.00038982717015629046,False,False,ictal_scale,low,low,low,-0.15403082433503112,0.07885241531543002,0.005052379495624384,0.005160344118273076,0.006219909015942573,1200,500,10,93.66336631774902
-5.08,-3.5,0.22,0.001,99,1973892422,True,,60,-0.15,-0.13523186273674742,0.12814193563579232,-4.8898678993846785,-4.999999970093926,0.0005838835740489269,-0.14228441662897773,0.426283012559042,-5.897538347535405,0.0036268934602885516,-66.83680563579506,-66.33961721320478,-113.20188846047961,-116.30185617752115,0.49718842259028406,-3.0999677170415367,True,False,0.006219909015942573,0.00018782497740635362,0.0301973834223185,0.0075224161251597615,5.0685642672200945e-05,0.006737947200591012,-7.445808954516057,-4.8898678993846785,-9.889867869478604,-1.499999970093926,0.1901321006153216,-0.09185806436420768,-0.00041611642595107314,1.499999970093926,0.1901321006153216,0.09185806436420768,0.00041611642595107314,False,False,ictal_scale,low,low,low,-0.13822108116355006,0.07103245501928412,0.005156172744479176,0.0051720388657447835,0.006219909015942573,1200,500,10,90.58306336402893
-5.08,-0.03,0.22,0.001,0,464590149,True,,60,-0.15,-0.1575263881390695,0.1522624381082202,-4.620899156670861,-4.030522443119781,0.0008323372930571793,-0.154186852488401,0.3558602880468576,-5.6851812293554245,0.004557015764147347,-59.18239536173851,-59.21574936804291,-97.89306791236652,-102.05412048719741,-0.033354006304399775,-4.16105257483089,False,False,0.006219909015942573,0.006036082923599565,0.9704455335485082,0.009843940835596398,0.00017487806474410437,0.01776504630256742,-7.091272798986458,-4.620899156670861,-8.651421599790641,-4.000522443119781,0.45910084332913925,-0.06773756189177979,-0.00016766270694282075,4.000522443119781,0.45910084332913925,0.06773756189177979,0.00016766270694282075,False,False,ictal_scale,low,low,low,-0.15174450079647314,0.08507664298473837,0.006206957013442675,0.0062073519572023,0.006219909015942573,1200,500,10,90.7728796005249
-5.08,-0.03,0.22,0.001,1,47047987,True,,60,-0.15,-0.1743212307219537,0.07465814679864187,-5.161545059084565,2.6111476701661096,0.0007601547051918462,-0.1766687829759815,0.35382849640796954,-6.992987315601832,0.006252115394138107,-62.12699084233718,-61.900627130411976,-103.78225887356385,-107.42387601193555,0.22636371192520244,-3.6416171383717,True,False,0.006219909015942573,0.006036082923599565,0.9704455335485082,0.0057328352701803,0.07805064337678158,13.614667036181356,-7.181988585936359,-5.161545059084565,-2.5503973889184555,2.6411476701661094,-0.081545059084565,-0.14534185320135812,-0.00023984529480815383,2.6411476701661094,0.081545059084565,0.14534185320135812,0.00023984529480815383,False,False,ictal_scale,low,low,low,-0.17660004338748803,0.0787576271729224,0.006207975854195256,0.006209820825811733,0.006219909015942573,1200,500,10,93.01214647293091
-5.08,-0.03,0.22,0.001,2,1692265540,True,,60,-0.15,-0.14277984517558126,0.025859611545157733,-4.732486412293875,-2.1358427400783455,0.0009288907686770017,-0.14656341720407962,-0.1749118014482136,-10.809457928843898,0.008772192566709426,-56.48693399814281,-56.89126173350852,-92.50214518517512,-97.40514521812864,-0.40432773536571176,-4.903000032953514,False,False,0.006219909015942573,0.006036082923599565,0.9704455335485082,0.008804552054731275,0.0010402136519376407,0.11814498289877952,-6.981519405528457,-4.732486412293875,-6.868329152372221,-2.1058427400783457,0.34751358770612484,-0.19414038845484227,-7.110923132299827e-05,2.1058427400783457,0.34751358770612484,0.19414038845484227,7.110923132299827e-05,False,False,ictal_scale,low,low,low,-0.14717617395792937,0.08767403104535962,0.006206494584829394,0.006206707262634284,0.006219909015942573,1200,500,10,94.26000809669495
-5.08,-0.03,0.22,0.001,3,155758915,True,,60,-0.15,-0.1365238404514354,0.0235844455098197,-5.236748611493819,-4.8063348247078865,0.0003588852169257311,-0.13767852929602303,0.42239961969284456,-9.63813022586583,0.004327086474028992,-77.60255040464833,-77.34046918026262,-134.73337799818614,-138.30356011163684,0.26208122438571024,-3.5701821134506986,True,False,0.006219909015942573,0.006036082923599565,0.9704455335485082,0.0053175180763192905,4.3485481412960536e-05,0.00817777782582745,-7.9325079506124245,-5.236748611493819,-10.043083436201705,-4.776334824707886,-0.15674861149381858,-0.1964155544901803,-0.000641114783074269,4.776334824707886,0.15674861149381858,0.1964155544901803,0.000641114783074269,False,False,ictal_scale,low,low,low,-0.1303781500469985,0.060193976166324256,0.00621043974287316,0.006211197934511211,0.006219909015942573,1200,500,10,97.71359086036682
-5.08,-0.03,0.22,0.001,4,1800976468,True,,60,-0.15,-0.15550585298838904,0.26127664035548603,-5.207889411229253,-0.2489664144759464,0.0005659968211859726,-0.15869841855906314,0.43904032965961454,-5.526271154627093,0.001719260888316565,-67.94061523907166,-67.63848221084012,-115.40950766703281,-118.89958617279184,0.30213302823153754,-3.49007850575903,True,False,0.006219909015942573,0.006036082923599565,0.9704455335485082,0.005473213208102903,0.004266950712470935,0.7796061564263314,-7.476922096056063,-5.207889411229253,-5.456855825705199,-0.2189664144759464,-0.127889411229253,0.04127664035548603,-0.00043400317881402747,0.2189664144759464,0.127889411229253,0.04127664035548603,0.00043400317881402747,False,False,ictal_scale,low,low,low,-0.16201203664250832,0.0758551705343393,0.006208719448407668,0.006210887119871321,0.006219909015942573,1200,500,10,82.7214686870575
-5.08,-0.03,0.22,0.001,5,948112159,True,,60,-0.15,-0.15005552331109986,0.3742349856745587,-5.141505559485802,0.2563835559791001,0.0007588071821396786,-0.1320359003989931,0.4646105213500836,-5.216307942039936,0.0007928942238664093,-64.86418414292638,-63.72158446594475,-109.25664547474224,-111.0657906830011,1.1425996769816251,-1.8091452082588546,True,False,0.006219909015942573,0.006036082923599565,0.9704455335485082,0.00584887724853242,0.007558201578690924,1.292248282452397,-7.183762854819482,-5.141505559485802,-4.885122003506702,0.28638355597910015,-0.06150555948580205,0.1542349856745587,-0.00024119281786032145,0.28638355597910015,0.06150555948580205,0.1542349856745587,0.00024119281786032145,False,False,ictal_scale,low,low,low,-0.14588958983484449,0.07839913079057532,0.0062085857759432385,0.006210406017270871,0.006219909015942573,1200,500,10,84.63016390800476
-5.08,-0.03,0.22,0.001,6,1810348510,True,,60,-0.15,-0.16949996588343388,0.21417812991666493,-5.668491985119244,4.142550839074398,0.0004070048847462268,-0.16447951695602409,0.4632896145095064,-6.271275000152697,0.0027775612718391033,-74.01977383741726,-73.95656247392893,-127.56782486372401,-131.53574669896946,0.06321136348833534,-3.9679218352454484,True,False,0.006219909015942573,0.006036082923599565,0.9704455335485082,0.0034530686306282745,0.21741634001762544,62.96322583604927,-7.80668537076022,-5.668491985119244,-1.525941146044846,4.172550839074399,-0.5884919851192443,-0.005821870083335068,-0.0005929951152537732,4.172550839074399,0.5884919851192443,0.005821870083335068,0.0005929951152537732,False,False,ictal_scale,low,low,low,-0.16584631988149007,0.07280403505949415,0.00620855431886689,0.006210323214501328,0.006219909015942573,1200,500,10,96.2345929145813
-5.08,-0.03,0.22,0.001,7,839401231,True,,60,-0.15,-0.16123648851132774,0.1666793056510962,-4.975426057410832,-4.726707390944941,0.0006581998341159234,-0.16279899629623795,0.37258387182893415,-6.409738311245795,0.0043073990759285264,-69.2858522998662,-68.2319160764318,-118.0999817886219,-120.0864539039752,1.0539362234344054,-1.986472115353294,True,False,0.006219909015942573,0.006036082923599565,0.9704455335485082,0.006905576140707624,6.115288925137013e-05,0.008855581055848553,-7.326001973481922,-4.975426057410832,-9.702133448355774,-4.69670739094494,0.10457394258916786,-0.0533206943489038,-0.0003418001658840766,4.69670739094494,0.10457394258916786,0.0533206943489038,0.0003418001658840766,False,False,ictal_scale,low,low,low,-0.16203023670524727,0.0710214679381364,0.0062095289667091595,0.006210816898362417,0.006219909015942573,1200,500,10,101.36997675895691
-5.08,-0.03,0.22,0.001,8,1919059438,True,,60,-0.15,-0.14048269545012848,0.1416121339612624,-5.13924717001178,1.8693340931242632,0.000757603078827128,-0.13650683923173196,0.36136295235464844,-6.409530435562003,0.006050193096599469,-60.523661445128596,-60.49050935271521,-100.57560007914668,-104.60364045654201,0.033152092413388345,-4.028040377395328,True,False,0.006219909015942573,0.006036082923599565,0.9704455335485082,0.0058621012181617185,0.03800973085569542,6.483977236342364,-7.1853509521789,-5.13924717001178,-3.2699130768875166,1.8993340931242633,-0.059247170011779815,-0.0783878660387376,-0.000242396921172872,1.8993340931242633,0.059247170011779815,0.0783878660387376,0.000242396921172872,False,False,ictal_scale,low,low,low,-0.1409625834091566,0.07927737089563107,0.006207562658215615,0.0062080180388231695,0.006219909015942573,1200,500,10,82.5448067188263
-5.08,-0.03,0.22,0.001,9,830029189,True,,60,-0.15,-0.13630538020661637,0.3026792146876702,-5.237042111177642,1.5870113036865654,0.0006239308928546145,-0.13243483846584386,0.40481463987993443,-5.689949331514132,0.002702814525711825,-65.46066988600865,-65.98754395544815,-110.44961696090678,-115.59770966200789,-0.5268740694395007,-5.148092701101106,False,False,0.006219909015942573,0.006036082923599565,0.9704455335485082,0.005315957615453753,0.0259903280696214,4.889114991072583,-7.379470944358355,-5.237042111177642,-3.650030807491077,1.6170113036865654,-0.15704211117764189,0.08267921468767017,-0.0003760691071453855,1.6170113036865654,0.15704211117764189,0.08267921468767017,0.0003760691071453855,False,False,ictal_scale,low,low,low,-0.1325461016564009,0.07626082647978033,0.006208162429994916,0.0062100416431042985,0.006219909015942573,1200,500,10,90.11484289169312
-5.08,-0.03,0.22,0.001,10,1332295283,True,,60,-0.15,-0.1345767467085099,-0.00973708657951033,-5.038373241553593,-3.613599815212866,0.0005751408406876021,-0.1373892437607644,-0.07017856993830014,-6.536457818778738,0.004786989714818817,-68.1196784861507,-68.08996231427889,-115.7676341611909,-119.80254637966938,0.029716171871811525,-4.034912218478482,True,False,0.006219909015942573,0.006036082923599565,0.9704455335485082,0.006484288113572268,0.0001747816536011258,0.026954640284303534,-7.460895606833644,-5.038373241553593,-8.651973056766458,-3.583599815212866,0.04162675844640695,-0.22973708657951034,-0.0004248591593123979,3.583599815212866,0.04162675844640695,0.22973708657951034,0.0004248591593123979,False,False,ictal_scale,low,low,low,-0.1330621901748837,0.07571934897473237,0.006208443150708033,0.006211601738476355,0.006219909015942573,1200,500,10,105.21249055862427
-5.08,-0.03,0.22,0.001,11,721318261,True,,60,-0.15,-0.13461240424864937,0.23293198813931568,-4.570456103914009,-4.999936357136005,0.0009419017079473338,-0.13596918912089412,0.4658327173831065,-5.588595237725218,0.0043249973472118345,-57.692098592556576,-57.193030910474775,-94.91247437400264,-98.00868357206114,0.49906768208180097,-3.096209198058503,True,False,0.006219909015942573,0.006036082923599565,0.9704455335485082,0.010353236488868788,6.976399857038482e-05,0.006738375834975962,-6.967609632837079,-4.570456103914009,-9.570392461050014,-4.969936357136005,0.509543896085991,0.012931988139315675,-5.8098292052666256e-05,4.969936357136005,0.509543896085991,0.012931988139315675,5.8098292052666256e-05,False,False,ictal_scale,low,low,low,-0.1327240562491106,0.08604091736372667,0.006206566861734969,0.006206206612922507,0.006219909015942573,1200,500,10,91.01878881454468
-5.08,-0.03,0.22,0.001,12,1223584355,True,,60,-0.15,-0.1554133694104315,0.14643930681959244,-5.269660951450213,2.0050837474213843,0.0007634911293610115,-0.15614229437481592,0.348384296178788,-6.277922355169764,0.00438286203369902,-65.24835692253838,-65.14052863033942,-110.02499103396624,-113.90367901179043,0.10782829219895973,-3.8786879778241854,True,False,0.006219909015942573,0.006036082923599565,0.9704455335485082,0.0051453548024083485,0.03821308800839954,7.426715839015302,-7.177609051760754,-5.269660951450213,-3.2645772040288286,2.035083747421384,-0.18966095145021278,-0.07356069318040756,-0.0002365088706389885,2.035083747421384,0.18966095145021278,0.07356069318040756,0.0002365088706389885,False,False,ictal_scale,low,low,low,-0.15483613608494642,0.08283998099924995,0.00620762188075372,0.00620856454897095,0.006219909015942573,1200,500,10,86.29533791542053
-5.08,-0.03,0.22,0.001,13,1435537428,True,,60,-0.15,-0.15703805666007487,0.29923203784230834,-4.9561308908164285,-3.121194075571538,0.0009193457171766302,-0.15452129354965377,0.4734541972712096,-5.3285315371492405,0.0014901648486407959,-64.49433962525893,-64.06327389953853,-108.51695643940735,-111.74916955018865,0.43106572572040136,-3.232213110781302,True,False,0.006219909015942573,0.006036082923599565,0.9704455335485082,0.00704011417561598,0.000310500524808405,0.04410447289105754,-6.991848317909423,-4.9561308908164285,-8.077324966387966,-3.091194075571538,0.12386910918357152,0.07923203784230834,-8.065428282336986e-05,3.091194075571538,0.12386910918357152,0.07923203784230834,8.065428282336986e-05,False,False,ictal_scale,low,low,low,-0.14859880347375015,0.08518069507822824,0.006207075476392761,0.006207669886337509,0.006219909015942573,1200,500,10,94.67329597473145
-5.08,-0.03,0.22,0.001,14,1214212313,True,,60,-0.15,-0.15487088582327388,0.22043555231259038,-4.626061351871714,-4.9999999782912,0.0006945481850483936,-0.15357705898094465,0.3765573404012086,-5.441701372694837,0.004000319939812467,-60.253805803669174,-59.29208436127997,-100.03588879622785,-102.20679047367153,0.9617214423892051,-2.1709016774436805,True,False,0.006219909015942573,0.006036082923599565,0.9704455335485082,0.00979325542799777,6.598643745484141e-05,0.0067379471453582135,-7.2722490172574075,-4.626061351871714,-9.626061330162914,-4.9699999782912,0.4539386481282861,0.00043555231259037597,-0.0003054518149516064,4.9699999782912,0.4539386481282861,0.00043555231259037597,0.0003054518149516064,False,False,ictal_scale,low,low,low,-0.16119681081943654,0.08416406037065165,0.006207768349796489,0.006210454189811976,0.006219909015942573,1200,500,10,90.55790162086487
-5.08,-0.03,0.22,0.001,15,603235291,True,,60,-0.15,-0.1395577797791253,0.05322163793469215,-5.116925022003716,2.63725287567428,0.0008851649056229672,-0.1390423134589075,0.12002677639900841,-7.45522621968408,0.007477962985694322,-59.247939197407405,-59.51711137093224,-98.0241555837043,-102.65684449297608,-0.26917217352483647,-4.632688909271778,False,False,0.006219909015942573,0.006036082923599565,0.9704455335485082,0.00599442731600628,0.08377068561728022,13.97476042350139,-7.029736596277124,-5.116925022003716,-2.4796721463294364,2.6672528756742797,-0.03692502200371628,-0.16677836206530786,-0.00011483509437703286,2.6672528756742797,0.03692502200371628,0.16677836206530786,0.00011483509437703286,False,False,ictal_scale,low,low,low,-0.14110439347432854,0.08466855099748725,0.0062072068529320686,0.006209529223370986,0.006219909015942573,1200,500,10,97.52143287658691
-5.08,-0.03,0.22,0.001,16,1105501385,True,,60,-0.15,-0.15596524939164774,0.11482570970660357,-5.024650916396049,-2.337805457523726,0.0007138514024684411,-0.15746124965201902,0.5269939342782204,-6.497049288899886,0.004649845343020725,-65.7636038164978,-66.01886758236567,-111.0554848218851,-115.66035691584294,-0.25526376586786625,-4.604872093957837,False,False,0.006219909015942573,0.006036082923599565,0.9704455335485082,0.0065738809284782065,0.0006346376360026119,0.09653926545175875,-7.244835737076718,-5.024650916396049,-7.362456373919775,-2.307805457523726,0.055349083603950966,-0.10517429029339644,-0.0002861485975315589,2.307805457523726,0.055349083603950966,0.10517429029339644,0.0002861485975315589,False,False,ictal_scale,low,low,low,-0.1601237461521439,0.07573315443785138,0.006209135309152746,0.006212848488716486,0.006219909015942573,1200,500,10,98.49829244613647
-5.08,-0.03,0.22,0.001,17,539716172,True,,60,-0.15,-0.1652697166402089,0.06924991366563588,-5.385451702993407,4.999999980748799,0.0007840431514530205,-0.1538904442785739,0.42896160723753524,-5.748841912277982,0.004964835432460459,-61.10419783720589,-59.04054674872757,-101.73667286330127,-101.70371524856674,2.0636510884783164,0.03295761473452785,True,True,0.006219909015942573,0.006036082923599565,0.9704455335485082,0.00458276980380754,0.6801433309293964,148.41315624544512,-7.151046499009869,-5.385451702993407,-0.3854517222446079,5.0299999807488,-0.3054517029934072,-0.15075008633436413,-0.00021595684854697954,5.0299999807488,0.3054517029934072,0.15075008633436413,0.00021595684854697954,False,False,ictal_scale,low,low,low,-0.15862887558898991,0.08796083798532232,0.006206633377687951,0.006207349148160801,0.006219909015942573,1200,500,10,96.8850634098053
-5.08,-0.03,0.22,0.001,18,1096129343,True,,60,-0.15,-0.1661125055575912,-0.032477638151034494,-5.12743499425621,-2.958992671716914,0.0003970449392041743,-0.16499799562614922,0.244517098583125,-10.067596299509031,0.005340789629672729,-71.54867506957069,-71.5516846476443,-122.62562732803087,-126.72599104640018,-0.003009578073601915,-4.100363718369309,False,False,0.006219909015942573,0.006036082923599565,0.9704455335485082,0.005931755965210608,0.0003076869567698078,0.0518711421330165,-7.831461086695535,-5.12743499425621,-8.086427665973124,-2.928992671716914,-0.047434994256209784,-0.2524776381510345,-0.0006029550607958257,2.928992671716914,0.047434994256209784,0.2524776381510345,0.0006029550607958257,False,False,ictal_scale,low,low,low,-0.1674090991876312,0.0708614598071149,0.006209294990160364,0.0062105612737518336,0.006219909015942573,1200,500,10,92.42524766921997
-5.08,-0.03,0.22,0.001,19,549088214,True,,60,-0.15,-0.13718203794150113,0.020992561980986844,-5.361051472833253,3.3932210961126694,0.0007340611262603325,-0.1359259171104928,-0.4254625916882818,-17.15358445803499,0.00676410248620864,-64.93399631714126,-64.74329130339912,-109.39626982317202,-113.10920435790983,0.19070501374214643,-3.712934534737812,True,False,0.006219909015942573,0.006036082923599565,0.9704455335485082,0.004695965830258339,0.13975975352447806,29.76166321823288,-7.21691825453337,-5.361051472833253,-1.9678303767205838,3.4232210961126692,-0.28105147283325316,-0.19900743801901316,-0.0002659388737396675,3.4232210961126692,0.28105147283325316,0.19900743801901316,0.0002659388737396675,False,False,ictal_scale,low,low,low,-0.1319330698411409,0.07818406065010831,0.006207938007760108,0.006210092961171204,0.006219909015942573,1200,500,10,85.89831376075745
-5.08,-0.03,0.22,0.001,20,987418415,True,,60,-0.15,-0.14636265752776345,0.08037742287326557,-5.383438381901934,4.050183003842177,0.0007100780936060418,-0.14672529922960018,0.4050305370877266,-5.992294709825128,0.004474550533207578,-64.97558580115904,-64.6358909317834,-109.47944879120757,-112.89440361467838,0.3396948693756485,-3.414954823470808,True,False,0.006219909015942573,0.006036082923599565,0.9704455335485082,0.00459200568518853,0.26361768770370647,57.40796196180741,-7.250135602983054,-5.383438381901934,-1.3332553780597571,4.080183003842177,-0.30343838190193395,-0.13962257712673443,-0.0002899219063939582,4.080183003842177,0.30343838190193395,0.13962257712673443,0.0002899219063939582,False,False,ictal_scale,low,low,low,-0.15433850248425324,0.07340287078902563,0.006209553722012207,0.0062119718059815525,0.006219909015942573,1200,500,10,94.40643954277039
-5.08,-0.03,0.22,0.001,21,657799142,True,,60,-0.15,-0.16694076569336644,-0.029201596317219955,-4.751150555424391,-3.8356370475650503,0.0007642778915792209,-0.1631399128552289,-0.3162045049306801,-16.547052134187364,0.00770507553841025,-60.84425020600729,-60.775413526401984,-101.21677760090407,-105.17344880391556,0.0688366796053046,-3.9566712030114957,True,False,0.006219909015942573,0.006036082923599565,0.9704455335485082,0.008641746672539889,0.0001865544129498398,0.02158758177240223,-7.176579102498824,-4.751150555424391,-8.58678760298944,-3.8056370475650505,0.32884944457560916,-0.24920159631721994,-0.00023572210842077914,3.8056370475650505,0.32884944457560916,0.24920159631721994,0.00023572210842077914,False,False,ictal_scale,low,low,low,-0.15878849012396892,0.06967197575744637,0.00620928668963054,0.006211714462959266,0.006219909015942573,1200,500,10,97.25887894630432
-5.08,-0.03,0.22,0.001,22,978046373,True,,60,-0.15,-0.15536381054570159,0.2007005454861381,-5.113515982060477,0.28170723814597487,0.0008609863125845997,-0.1649726985411935,0.43074639709238777,-5.683092288093218,0.0036840843534420016,-61.549051757595315,-62.15528443757513,-102.62638070408013,-107.93319062626186,-0.6062326799798186,-5.306809922181728,False,False,0.006219909015942573,0.006036082923599565,0.9704455335485082,0.006014897430057072,0.007972088750514632,1.3253906393610753,-7.05743195077719,-5.113515982060477,-4.831808743914502,0.3117072381459749,-0.0335159820604769,-0.01929945451386189,-0.00013901368741540032,0.3117072381459749,0.0335159820604769,0.01929945451386189,0.00013901368741540032,False,False,ictal_scale,low,low,low,-0.15580813455551432,0.08153115338546023,0.006208457487369635,0.00621206794148863,0.006219909015942573,1200,500,10,91.637948513031
-5.08,-0.03,0.22,0.001,23,667171184,True,,60,-0.15,-0.15759082580520722,0.303940052809449,-4.976368357548535,3.057214402810628,0.0013545339908430795,-0.16229667508262885,0.43634736904999716,-5.001780486780984,0.0023677832099336642,-53.11180269240434,-52.13827872692284,-85.75188257369817,-87.89917920495728,0.9735239654814976,-2.1472966312591097,True,False,0.006219909015942573,0.006036082923599565,0.9704455335485082,0.006899072080229125,0.14673105074093915,21.268229848102425,-6.604297802000889,-4.976368357548535,-1.9191539547379066,3.087214402810628,0.10363164245146539,0.08394005280944902,0.00035453399084307943,3.087214402810628,0.10363164245146539,0.08394005280944902,0.00035453399084307943,False,False,ictal_scale,low,low,low,-0.15745942943985594,0.09828082256321416,0.006206427801441222,0.006209545084321089,0.006219909015942573,1200,500,10,84.3278386592865
-5.08,-0.03,0.22,0.001,24,164905090,True,,60,-0.15,-0.14821116800729,0.016414813467816168,-4.63279996035855,-4.9999999782912,0.0007837634901189116,-0.145341515690377,0.3700588129343152,-6.662514668593648,0.007263902871833696,-59.41345966819597,-58.121869063926134,-98.35519652528143,-99.86635987896386,1.2915906042698353,-1.5111633536824343,True,False,0.006219909015942573,0.006036082923599565,0.9704455335485082,0.009727484365459154,6.554327551176216e-05,0.0067379471453582135,-7.151403253892339,-4.63279996035855,-9.63279993864975,-4.9699999782912,0.4472000396414497,-0.20358518653218383,-0.00021623650988108838,4.9699999782912,0.4472000396414497,0.20358518653218383,0.00021623650988108838,False,False,ictal_scale,low,low,low,-0.14744050326605365,0.08419563984118467,0.006207903479374074,0.006211518161168413,0.006219909015942573,1200,500,10,95.15403723716736
-5.08,-0.03,0.22,0.001,25,775882112,True,,60,-0.15,-0.17406810789927255,0.4173138579212087,-4.671520694725324,-3.9233753250012033,0.0010802685174453135,-0.1715483785984627,0.4764836524589143,-5.074433504368033,0.001672780588075225,-59.019625149375585,-58.54920618567087,-97.56752748764066,-100.72103412245333,0.4704189637047165,-3.153506634812672,True,False,0.006219909015942573,0.006036082923599565,0.9704455335485082,0.00935802799742596,0.00018504786812628332,0.019774237497171724,-6.830545641484465,-4.671520694725324,-8.594896019726527,-3.8933753250012035,0.40847930527467646,0.19731385792120867,8.026851744531347e-05,3.8933753250012035,0.40847930527467646,0.19731385792120867,8.026851744531347e-05,False,False,ictal_scale,low,low,low,-0.17412743419043167,0.08858938842596797,0.006205584522014358,0.006207317759824464,0.006219909015942573,1200,500,10,91.22706413269043
-5.08,-0.03,0.22,0.001,26,174277132,True,,60,-0.15,-0.12423392143536405,0.26304769917088955,-4.931740458395884,-4.999999977945255,0.0007308264790280246,-0.14220944306050953,0.440865740437181,-5.172015908421513,0.0009043472883097454,-65.47435294805157,-63.28833684552037,-110.47698308499264,-110.19929544215233,2.1860161025312053,0.27768764284030567,True,True,0.006219909015942573,0.006036082923599565,0.9704455335485082,0.007213936791965699,4.8607124831035195e-05,0.006737947147689169,-7.221334501183015,-4.931740458395884,-9.93174043634114,-4.969999977945255,0.1482595416041157,0.04304769917088955,-0.00026917352097197546,4.969999977945255,0.1482595416041157,0.04304769917088955,0.00026917352097197546,False,False,ictal_scale,low,low,low,-0.14404591587612103,0.08104185495047256,0.006207680888063446,0.006209156080703208,0.006219909015942573,1200,500,10,115.63636207580566
-5.08,-0.03,0.22,0.001,27,1362229497,True,,60,-0.15,-0.15494282508997578,0.3404088880035028,-5.5313751753709965,4.99999997230011,0.000988757772669594,-0.15323069548014628,0.43351357431809084,-5.237098415844937,0.0006218723060376366,-66.73449112826113,-64.98746135133659,-112.99725944541174,-113.59754445378478,1.7470297769245349,-0.6002850083730351,True,False,0.006219909015942573,0.006036082923599565,0.9704455335485082,0.003960538906911164,0.5877960746414643,148.41315499154842,-6.9190611778062605,-5.5313751753709965,-0.5313752030708869,5.02999997230011,-0.4513751753709965,0.12040888800350277,-1.1242227330406085e-05,5.02999997230011,0.4513751753709965,0.12040888800350277,1.1242227330406085e-05,False,False,ictal_scale,low,low,low,-0.146013866133657,0.08083478318228235,0.0062086222427160135,0.006211106724216129,0.006219909015942573,1200,500,10,91.59367060661316
-5.08,-0.03,0.22,0.001,28,282988060,True,,60,-0.15,-0.14353101641629773,0.14545973613310972,-5.526710065998519,2.2234122738559416,0.0004785624618055202,-0.14039503181237722,0.37298559421780103,-6.039450222832322,0.0025685203520706083,-73.88821213276476,-73.77464305889286,-127.30470145441902,-131.17190786889734,0.11356907387190063,-3.867206414478318,True,False,0.006219909015942573,0.006036082923599565,0.9704455335485082,0.003979058418271824,0.036761734721512083,9.238802464598738,-7.6447238189017845,-5.526710065998519,-3.3032977921425775,2.2534122738559415,-0.44671006599851903,-0.07454026386689028,-0.0005214375381944799,2.2534122738559415,0.44671006599851903,0.07454026386689028,0.0005214375381944799,False,False,ictal_scale,low,low,low,-0.14892078026614133,0.06755891616946891,0.006209819553096989,0.0062103514639687924,0.006219909015942573,1200,500,10,100.69587874412537
-5.08,-0.03,0.22,0.001,29,893965082,True,,60,-0.15,-0.13494649100544243,0.1386808607589639,-4.568470238021221,-3.689744310841654,0.0010558885712174735,-0.1415168106062089,0.40718015171083893,-5.583107775866539,0.005053853704641996,-55.71855365343082,-55.0142569695238,-90.96538449575112,-93.6511356901592,0.7042966839070175,-2.68575119440807,True,False,0.006219909015942573,0.006036082923599565,0.9704455335485082,0.010373817056452041,0.0002591212267387389,0.02497838792882675,-6.853372618946083,-4.568470238021221,-8.258214548862874,-3.659744310841654,0.5115297619787791,-0.08131913924103609,5.588857121747353e-05,3.659744310841654,0.5115297619787791,0.08131913924103609,5.588857121747353e-05,False,False,ictal_scale,low,low,low,-0.13791914583326986,0.08367907339534908,0.006207725113502552,0.00621003477473139,0.006219909015942573,1200,500,10,92.13135886192322
-5.08,-0.03,0.22,0.001,30,292360102,True,,60,-0.15,-0.1484303725384427,0.3601673708556522,-4.915502151349509,-2.2697057489175427,0.0006114384913462501,-0.15289855146610712,0.4844642790480117,-5.703580866776248,0.0031384318611056717,-63.65563301744328,-63.343385160809405,-106.83954322377605,-110.3093920727304,0.3122478566338742,-3.4698488489543564,True,False,0.006219909015942573,0.006036082923599565,0.9704455335485082,0.0073320351764920855,0.0007577114631480832,0.10334258427693477,-7.399696194410928,-4.915502151349509,-7.185207900267052,-2.239705748917543,0.1644978486504911,0.1401673708556522,-0.0003885615086537499,2.239705748917543,0.1644978486504911,0.1401673708556522,0.0003885615086537499,False,False,ictal_scale,low,low,low,-0.14371516404433868,0.08107260328548502,0.006208013060155336,0.006210383755434452,0.006219909015942573,1200,500,10,86.67880749702454
-5.08,-0.03,0.22,0.001,31,209905992,True,,60,-0.15,-0.12687532968978008,0.31003177442869534,-4.916113201830889,-0.04995209942583474,0.0007204272745022849,-0.1170104266763427,0.4414021531980863,-5.120416023419046,0.0010270892642056443,-60.1127628637813,-59.66142069467698,-99.75380291645209,-102.94546314046555,0.451342169104322,-3.191660224013461,True,False,0.006219909015942573,0.006036082923599565,0.9704455335485082,0.00732755630141674,0.0069705210475569535,0.9512749900276092,-7.235666085159435,-4.916113201830889,-4.966065301256724,-0.019952099425834743,0.163886798169111,0.09003177442869534,-0.00027957272549771514,0.019952099425834743,0.163886798169111,0.09003177442869534,0.00027957272549771514,False,False,ictal_scale,low,low,low,-0.1263787881738893,0.09342684755264602,0.006205487769526583,0.006206751951221751,0.006219909015942573,1200,500,10,81.16901135444641
-5.08,-0.03,0.22,0.001,32,401071030,True,,60,-0.15,-0.14996794170073124,0.17889723747436403,-5.202519232925437,-1.9720857029495111,0.0005677494717278338,-0.1555664275585229,0.4519343143044972,-5.96822233903857,0.002945995749693892,-70.42328561404045,-70.55937422698102,-120.3748484169704,-124.74137020507364,-0.1360886129405685,-4.366521788103242,False,False,0.006219909015942573,0.006036082923599565,0.9704455335485082,0.005502684400879079,0.0007657881937877362,0.13916629375753367,-7.473830307445206,-5.202519232925437,-7.174604935874948,-1.942085702949511,-0.12251923292543676,-0.041102762525635966,-0.00043225052827216626,1.942085702949511,0.12251923292543676,0.041102762525635966,0.00043225052827216626,False,False,ictal_scale,low,low,low,-0.14388104027350326,0.0668376962536096,0.006210113967805183,0.006212552143793915,0.006219909015942573,1200,500,10,96.79257369041443
-5.08,-0.03,0.22,0.001,33,101195064,True,,60,-0.15,-0.1538892367132577,0.3256834765835195,-4.77388313339719,0.30571588931089,0.0010769108987406782,-0.15246941302647526,0.44234973201901157,-4.830979266206924,0.0010363328985625723,-53.85316891844521,-54.20235419861891,-87.23461502577993,-92.02733014834942,-0.34918528017369965,-4.79271512256949,False,False,0.006219909015942573,0.006036082923599565,0.9704455335485082,0.00844751356651545,0.011468315223811457,1.357596544061198,-6.833658615204582,-4.77388313339719,-4.4681672440863,0.33571588931089,0.30611686660281023,0.10568347658351948,7.691089874067815e-05,0.33571588931089,0.30611686660281023,0.10568347658351948,7.691089874067815e-05,False,False,ictal_scale,low,low,low,-0.1478851637999157,0.0984098687075576,0.006205866337874667,0.006208285989926678,0.006219909015942573,1200,500,10,79.65219569206238
-5.08,-0.03,0.22,0.001,34,410443072,True,,60,-0.15,-0.15739868613370517,0.18438542388368562,-5.288527002894351,3.029753857981084,0.001063233846532596,-0.16211969439772386,0.3403214148352876,-5.4076822711046635,0.0024860450785699857,-62.243391068704646,-61.67873696944565,-104.0150593262988,-106.9800956900029,0.5646540992589948,-2.965036363704101,True,False,0.006219909015942573,0.006036082923599565,0.9704455335485082,0.0050491922302526695,0.1044785862427026,20.6921387577027,-6.846440216485233,-5.288527002894351,-2.258773144913267,3.0597538579810837,-0.20852700289435067,-0.035614576116314384,6.323384653259597e-05,3.0597538579810837,0.20852700289435067,0.035614576116314384,6.323384653259597e-05,False,False,ictal_scale,low,low,low,-0.15087520107555455,0.07770010434706638,0.0062083599204806475,0.006210717990851704,0.006219909015942573,1200,500,10,95.90864205360413
-5.08,-0.03,0.22,0.001,35,2055660625,True,,60,-0.15,-0.15870123348459259,-0.06465272471699303,-4.73409460357245,-0.5229512773890133,0.000881949734327861,-0.1585118422811248,0.13590632153789012,-9.17826841803225,0.009199286574963798,-54.47327152794945,-55.09781869366905,-88.47482024478839,-93.81825913844969,-0.6245471657195978,-5.3434388936613,False,False,0.006219909015942573,0.006036082923599565,0.9704455335485082,0.008790404030319065,0.005210674958867532,0.5927685395227957,-7.033375494139487,-4.73409460357245,-5.257045880961463,-0.49295127738901323,0.34590539642755047,-0.28465272471699304,-0.00011805026567213899,0.49295127738901323,0.34590539642755047,0.28465272471699304,0.00011805026567213899,False,False,ictal_scale,low,low,low,-0.1550851478687645,0.08519507678602746,0.006207025513949436,0.006209176370681697,0.006219909015942573,1200,500,10,103.01780462265015
-5.08,-0.03,0.22,0.001,36,594089116,True,,60,-0.15,-0.15728602283754314,0.06129700384281807,-4.637405908997578,-4.015517716128739,0.0006776510357604794,-0.15101379824226138,0.3674380086996521,-7.552246765023316,0.007601430125861477,-58.752146956731245,-58.73406524041125,-97.032571102352,-101.09075223193409,0.018081716319997554,-4.0581811295820955,True,False,0.006219909015942573,0.006036082923599565,0.9704455335485082,0.009682783096985456,0.00017461559063093574,0.01803361583977841,-7.296878099044066,-4.637405908997578,-8.652923625126316,-3.9855177161287396,0.4425940910024222,-0.15870299615718192,-0.00032234896423952066,3.9855177161287396,0.4425940910024222,0.15870299615718192,0.00032234896423952066,False,False,ictal_scale,low,low,low,-0.1521015145232831,0.0853402887999533,0.006208199176332371,0.00621144804139547,0.006219909015942573,1200,500,10,97.40760159492493
-5.08,-0.03,0.22,0.001,37,2130595741,True,,60,-0.15,-0.13155348997388655,0.2973039150505823,-4.8231659189870015,-4.9999999782912,0.0006716221307389416,-0.13841938324900638,0.4726816844030105,-5.6087891470228035,0.002981270010579181,-64.91733617466936,-64.40534702074635,-109.36294953822821,-112.43331579260429,0.511989153923011,-3.070366254376083,True,False,0.006219909015942573,0.006036082923599565,0.9704455335485082,0.008041288728780162,5.418177843508546e-05,0.0067379471453582135,-7.3058146810421265,-4.8231659189870015,-9.823165897278201,-4.9699999782912,0.25683408101299854,0.07730391505058229,-0.00032837786926105846,4.9699999782912,0.25683408101299854,0.07730391505058229,0.00032837786926105846,False,False,ictal_scale,low,low,low,-0.13723415575093906,0.0821120829190979,0.006207297761560545,0.0062085571696311875,0.006219909015942573,1200,500,10,99.56335544586182
-5.08,-0.03,0.22,0.001,38,584717074,True,,60,-0.15,-0.1686466474573365,-0.04035639856173333,-5.164164792409146,-4.9999999782912,0.0005256103428061572,-0.16755606414590243,-0.15168771693063302,-9.702891976443455,0.005270231937397432,-73.44156052188356,-71.94589442413503,-126.41139823265661,-127.51441059938166,1.4956660977485257,-1.1030123667250535,True,False,0.006219909015942573,0.006036082923599565,0.9704455335485082,0.005717836425643201,3.852647962178781e-05,0.0067379471453582135,-7.550950412893578,-5.164164792409146,-10.164164770700346,-4.9699999782912,-0.08416479240914576,-0.2603563985617333,-0.00047438965719384283,4.9699999782912,0.08416479240914576,0.2603563985617333,0.00047438965719384283,False,False,ictal_scale,low,low,low,-0.16332121374153932,0.07103710740804975,0.0062095594720444494,0.00621200234509469,0.006219909015942573,1200,500,10,98.83802795410156
-5.08,-0.03,0.22,0.001,39,26259948,True,,60,-0.15,-0.14104640336765048,0.23259754522824858,-5.059703895434309,1.1037250923934525,0.00079479633876121,-0.1393961743918001,0.49300776093966253,-5.801872996656688,0.00450185212168983,-60.28997131915749,-60.26834822279651,-100.10821982720446,-104.15931819670462,0.021623096360976035,-4.051098369500153,True,False,0.006219909015942573,0.006036082923599565,0.9704455335485082,0.00634743874026292,0.019139925161147604,3.0153776892307267,-7.137424653787899,-5.059703895434309,-3.955978803040856,1.1337250923934525,0.02029610456569131,0.012597545228248574,-0.00020520366123879,1.1337250923934525,0.02029610456569131,0.012597545228248574,0.00020520366123879,False,False,ictal_scale,low,low,low,-0.14437257750043023,0.08204545367208108,0.006208414360144743,0.006211500597642092,0.006219909015942573,1200,500,10,76.721755027771
-5.08,-0.03,0.22,0.001,40,476006146,True,,60,-0.15,-0.138384686902391,0.3971032246922594,-4.5816554253769475,-1.769787745861496,0.0011658742839829976,-0.1387436956436811,0.46502931593622676,-4.8847065170661175,0.0024011310905246545,-52.07619089214525,-51.76096502774048,-83.68065897317999,-87.14455180659256,0.3152258644047663,-3.4638928334125723,True,False,0.006219909015942573,0.006036082923599565,0.9704455335485082,0.010237934124515529,0.0017442280991713803,0.1703691465443884,-6.754284015063036,-4.5816554253769475,-6.351443171238444,-1.7397877458614959,0.4983445746230526,0.1771032246922594,0.0001658742839829976,1.7397877458614959,0.4983445746230526,0.1771032246922594,0.0001658742839829976,False,False,ictal_scale,low,low,low,-0.14348563428105734,0.10344325654804438,0.00620435090579348,0.00620875197097321,0.006219909015942573,1200,500,10,80.5564968585968
-5.08,-0.03,0.22,0.001,41,2012512771,True,,60,-0.15,-0.15323664221903968,0.23712078012979057,-4.926555622205294,-2.695661595095136,0.000948880599152999,-0.15553992636098313,0.4382746764951185,-5.850694845071839,0.003993368959835777,-62.65478108938005,-62.60969072587004,-104.8378393676496,-108.84200320285167,0.045090363510013276,-4.004163835202078,True,False,0.006219909015942573,0.006036082923599565,0.9704455335485082,0.007251437004743163,0.0004894553981524802,0.06749771084439231,-6.960227584811661,-4.926555622205294,-7.62221721730043,-2.6656615950951363,0.1534443777947061,0.01712078012979057,-5.111940084700107e-05,2.6656615950951363,0.1534443777947061,0.01712078012979057,5.111940084700107e-05,False,False,ictal_scale,low,low,low,-0.1596780173448939,0.08290674506969749,0.006207623479052352,0.00621041406128408,0.006219909015942573,1200,500,10,97.74367833137512
-5.08,-0.03,0.22,0.001,42,367295218,True,,60,-0.15,-0.14936116233159288,-0.016658877226441722,-4.699372622360279,-4.716967665016048,0.000480654522737914,-0.15367078308267557,0.3162589304733358,-6.999135007507176,0.00609732784276655,-63.20044980374921,-63.03904154891578,-105.9291767963879,-109.70070484894316,0.16140825483342525,-3.7715280525552544,True,False,0.006219909015942573,0.006036082923599565,0.9704455335485082,0.009100985065513698,8.138331451330844e-05,0.00894225338548172,-7.64036179386827,-4.699372622360279,-9.416340287376327,-4.686967665016048,0.3806273776397209,-0.23665887722644172,-0.000519345477262086,4.686967665016048,0.3806273776397209,0.23665887722644172,0.000519345477262086,False,False,ictal_scale,low,low,low,-0.15188856285620744,0.07935268089873776,0.006208116266983218,0.006209587018807512,0.006219909015942573,1200,500,10,100.30723524093628
-5.08,-0.03,0.22,0.001,43,968900198,True,,60,-0.15,-0.13535686343536746,0.0043611268721760865,-5.18655909944597,3.3412856778941564,0.0005968630934556456,-0.1402877683267046,0.28788080241240516,-7.6820581718574426,0.007104671845442597,-61.00730056491218,-61.09162617582648,-101.54287831871386,-105.80587410276455,-0.08432561091429847,-4.262995784050688,False,False,0.006219909015942573,0.006036082923599565,0.9704455335485082,0.005591212559836337,0.1579821192675808,28.255430745456252,-7.423822795065385,-5.18655909944597,-1.8452734215518132,3.3712856778941562,-0.10655909944596953,-0.21563887312782393,-0.00040313690654435446,3.3712856778941562,0.10655909944596953,0.21563887312782393,0.00040313690654435446,False,False,ictal_scale,low,low,low,-0.14601997429629954,0.07429174216640397,0.006208626146424516,0.0062107931732291784,0.006219909015942573,1200,500,10,104.09878635406494
-5.08,-0.03,0.22,0.001,44,357923176,True,,60,-0.15,-0.13782822405785375,0.43488529799550946,-4.525250252404738,-4.413372458959615,0.0008778134439491132,-0.12931101197012845,0.4547239478321528,-4.985956223635602,0.0011410904809681616,-57.037484269430834,-56.74677136134029,-93.60324572775116,-97.11616447379218,0.2907129080905406,-3.5129187460410236,True,False,0.006219909015942573,0.006036082923599565,0.9704455335485082,0.010832003362334346,0.00013122164586120991,0.01211425453554614,-7.038076465323761,-4.525250252404738,-8.938622711364353,-4.383372458959615,0.5547497475952623,0.21488529799550946,-0.0001221865560508868,4.383372458959615,0.5547497475952623,0.21488529799550946,0.0001221865560508868,False,False,ictal_scale,low,low,low,-0.13994807420005445,0.09712409363326961,0.0062053719225108285,0.006206821074797831,0.006219909015942573,1200,500,10,91.0785436630249
-5.08,-0.03,0.22,0.001,45,1287294381,True,,60,-0.15,-0.15864049071774167,0.2492238468772237,-4.953646023318464,-4.966581915855651,0.0006754312682533418,-0.1590463426389182,0.44889140145258755,-6.013757056172193,0.0031628907145914314,-68.59132162649126,-68.56208624002335,-116.71092044187202,-120.74679423115829,0.029235386467917124,-4.035873789286271,True,False,0.006219909015942573,0.006036082923599565,0.9704455335485082,0.0070576296793533515,4.9169947750329276e-05,0.006966920904644925,-7.300159155180754,-4.953646023318464,-9.920227939174115,-4.93658191585565,0.12635397668153647,0.029223846877223708,-0.0003245687317466582,4.93658191585565,0.12635397668153647,0.029223846877223708,0.0003245687317466582,False,False,ictal_scale,low,low,low,-0.1612700998322679,0.06999767357665611,0.006209650138106325,0.006211139574310896,0.006219909015942573,1200,500,10,93.585688829422
-5.08,-0.03,0.22,0.001,46,249212248,True,,60,-0.15,-0.1421793982399529,0.0130453429471793,-4.836208955874506,-4.999999963137026,0.0005495406500746439,-0.1435266650920618,0.1687411034050995,-6.054910589631621,0.00414801730676321,-66.35847237891902,-65.96037500384696,-112.24522194672753,-115.54337175880552,0.3980973750720551,-3.2981498120779946,True,False,0.006219909015942573,0.006036082923599565,0.9704455335485082,0.007937086934428307,5.34796730627314e-05,0.006737947247466237,-7.506427810378754,-4.836208955874506,-9.836208919011533,-4.969999963137026,0.24379104412549424,-0.2069546570528207,-0.0004504593499253561,4.969999963137026,0.24379104412549424,0.2069546570528207,0.0004504593499253561,False,False,ictal_scale,low,low,low,-0.13504621077861514,0.07697787297129194,0.006208291995547127,0.006209436415776605,0.006219909015942573,1200,500,10,99.65291595458984
-5.08,-0.03,0.22,0.001,47,850817228,True,,60,-0.15,-0.15445673045841116,0.35829430863145406,-4.699679615349496,-4.810437043784864,0.0007409509100055029,-0.1549052521927206,0.46930423987595765,-5.315357912414278,0.0019641960847921066,-62.21898967265461,-61.853082320072325,-103.96625653419872,-107.32878639125624,0.36590735258228335,-3.362529857057524,True,False,0.006219909015942573,0.006036082923599565,0.9704455335485082,0.009098191555719514,7.409839697705482e-05,0.00814429950427604,-7.207576183168367,-4.699679615349496,-9.510116659134361,-4.780437043784864,0.38032038465050366,0.13829430863145406,-0.0002590490899944971,4.780437043784864,0.38032038465050366,0.13829430863145406,0.0002590490899944971,False,False,ictal_scale,low,low,low,-0.14693178282722003,0.090161849961636,0.006207535594355861,0.006210678034485445,0.006219909015942573,1200,500,10,86.48192620277405
-5.08,-0.03,0.22,0.001,48,239840206,True,,60,-0.15,-0.15342295445442858,0.34035479850383477,-5.259035370059605,-1.5393183498788234,0.0007018737612312855,-0.14781861064687335,0.4738890287695352,-5.54760651076746,0.0013710649637759709,-69.87762252669329,-69.59640029515033,-119.28352224227606,-122.81542234141226,0.2812222315429551,-3.5319000991361946,True,False,0.006219909015942573,0.006036082923599565,0.9704455335485082,0.005200318683107664,0.0011156102437902447,0.21452728414781802,-7.261756997415193,-5.259035370059605,-6.7983537199384285,-1.5093183498788234,-0.17903537005960501,0.12035479850383476,-0.00029812623876871456,1.5093183498788234,0.17903537005960501,0.12035479850383476,0.00029812623876871456,False,False,ictal_scale,low,low,low,-0.15375617425488558,0.07044199384067613,0.006209121434882791,0.00620958204972826,0.006219909015942573,1200,500,10,91.72019243240356
-5.08,-0.03,0.22,0.001,49,742106300,True,,60,-0.15,-0.13094878049473085,0.12551326953955175,-4.907547066032837,-4.4371358983783065,0.0006526440922305164,-0.1299958294011732,0.41705832965881584,-6.6970295652028256,0.005494048279369831,-65.03060752623806,-64.91780880771192,-109.5894922413656,-113.45823936653544,0.1127987185261361,-3.8687471251698327,True,False,0.006219909015942573,0.006036082923599565,0.9704455335485082,0.007390594756272184,8.742904879827811e-05,0.011829771714120788,-7.33447861214238,-4.907547066032837,-9.344682964411144,-4.407135898378306,0.172452933967163,-0.09448673046044825,-0.00034735590776948364,4.407135898378306,0.172452933967163,0.09448673046044825,0.00034735590776948364,False,False,ictal_scale,low,low,low,-0.1270323848836863,0.07161759627196283,0.006209918022529635,0.006211146870762508,0.006219909015942573,1200,500,10,93.16787505149841
-5.08,-0.03,0.22,0.001,50,903111257,True,,60,-0.15,-0.14463417663705583,0.1445490101936926,-5.097449702760466,-3.5986718385767484,0.0006998577567283333,-0.1460690818940396,0.33100647181302895,-6.2385145617659505,0.0034849216609685813,-69.64623035754616,-69.20136431389122,-118.82073790398181,-122.02535037889403,0.4448660436549403,-3.2046124749122242,True,False,0.006219909015942573,0.006036082923599565,0.9704455335485082,0.006112314924985829,0.00016723316171940447,0.027360036871757268,-7.264633448243546,-5.097449702760466,-8.696121541337215,-3.5686718385767486,-0.01744970276046587,-0.0754509898063074,-0.0003001422432716667,3.5686718385767486,0.01744970276046587,0.0754509898063074,0.0003001422432716667,False,False,ictal_scale,low,low,low,-0.1446165386325867,0.07436449926803204,0.006208242983678242,0.006208779666125949,0.006219909015942573,1200,500,10,109.12718749046326
-5.08,-0.03,0.22,0.001,51,732734258,True,,60,-0.15,-0.15245141397893838,0.31513886273976377,-4.676018578140562,-2.632118478913225,0.0013180692501390762,-0.15858756119583028,0.4579743899137255,-5.0049774341685165,0.0012712723520489435,-56.35966994611751,-55.77513127490333,-92.24761708112453,-95.17288430091826,0.5845386712141831,-2.9252672197937244,True,False,0.006219909015942573,0.006036082923599565,0.9704455335485082,0.009316031197654517,0.0006700641813859396,0.07192592716463216,-6.631587302446681,-4.676018578140562,-7.308137057053787,-2.602118478913225,0.403981421859438,0.09513886273976377,0.00031806925013907615,2.602118478913225,0.403981421859438,0.09513886273976377,0.00031806925013907615,False,False,ictal_scale,low,low,low,-0.15412146380277936,0.09778377776554774,0.006205097553655345,0.006207683044310235,0.006219909015942573,1200,500,10,84.34277772903442
-5.08,-0.03,0.22,0.001,52,912483299,True,,60,-0.15,-0.13701452582025428,0.09106833833469967,-4.848769349596933,-2.642259652464514,0.0006572539348201052,-0.1341371221317314,0.34778363211348207,-6.474895217285644,0.0057577691798988105,-61.634837323760756,-61.688520980779494,-102.79795183641102,-106.99966371267058,-0.05368365701873756,-4.201711876259566,False,False,0.006219909015942573,0.006036082923599565,0.9704455335485082,0.007838017475685142,0.0005580684113783162,0.07120019993697885,-7.327440107578586,-4.848769349596933,-7.491029002061447,-2.6122596524645143,0.23123065040306745,-0.12893166166530035,-0.0003427460651798948,2.6122596524645143,0.23123065040306745,0.12893166166530035,0.0003427460651798948,False,False,ictal_scale,low,low,low,-0.14298155671835883,0.08262037137622413,0.006207960737322695,0.006209739225575295,0.006219909015942573,1200,500,10,107.15968799591064
-5.08,-0.03,0.22,0.001,53,624023330,True,,60,-0.15,-0.15389886378993248,0.2161216463171648,-4.86100697905694,-3.463280909635931,0.0008172516525195127,-0.1553895387337484,0.42889130359683825,-5.980435875415126,0.004589823388427625,-63.222809314628066,-62.84677345586108,-105.97389581814562,-109.31616866283376,0.37603585876698276,-3.3422728446881393,True,False,0.006219909015942573,0.006036082923599565,0.9704455335485082,0.0077426832443802844,0.00024255358845196655,0.031326812785220745,-7.109563490313039,-4.86100697905694,-8.324287888692872,-3.4332809096359314,0.21899302094305995,-0.003878353682835206,-0.00018274834748048736,3.4332809096359314,0.21899302094305995,0.003878353682835206,0.00018274834748048736,False,False,ictal_scale,low,low,low,-0.15215404014089967,0.07690427886193382,0.006208954395808164,0.006210375429301369,0.006219909015942573,1200,500,10,100.96539807319641
-5.08,-0.03,0.22,0.001,54,1021194227,True,,60,-0.15,-0.16949967750795128,0.34587597038034246,-4.9180825155895995,-4.999943619356461,0.0006646765244278875,-0.15853535110231443,0.47537541451507276,-5.725957340666884,0.0025081818198684075,-67.1813927907643,-67.2148432504692,-113.8910627704181,-118.05230825205,-0.0334504597048948,-4.1612454816318944,False,False,0.006219909015942573,0.006036082923599565,0.9704455335485082,0.007313140243504257,4.9278329623226403e-05,0.0067383268995828225,-7.316210065085343,-4.9180825155895995,-9.91802613494606,-4.969943619356461,0.16191748441040055,0.12587597038034246,-0.0003353234755721125,4.969943619356461,0.16191748441040055,0.12587597038034246,0.0003353234755721125,False,False,ictal_scale,low,low,low,-0.1605924961725283,0.07754159639286877,0.006208271075784004,0.006210371307080334,0.006219909015942573,1200,500,10,88.96714639663696
-5.08,-0.03,0.22,0.001,55,419589247,True,,60,-0.15,-0.13985781648078965,0.32316893225051246,-4.470504292536388,-4.9999999782912,0.0007313358587779928,-0.1505748671723588,0.46262928174692725,-5.368307216306341,0.003315412884533619,-57.40860479059363,-57.340005564152136,-94.34548677007675,-98.30263287941587,0.06859922644149208,-3.9571461093391207,True,False,0.006219909015942573,0.006036082923599565,0.9704455335485082,0.011441544509904925,7.709252216900283e-05,0.0067379471453582135,-7.220637752597164,-4.470504292536388,-9.470504270827588,-4.9699999782912,0.609495707463612,0.10316893225051246,-0.00026866414122200723,4.9699999782912,0.609495707463612,0.10316893225051246,0.00026866414122200723,False,False,ictal_scale,low,low,low,-0.14807798204555428,0.09728238835418976,0.006205760783028732,0.006209478716961998,0.006219909015942573,1200,500,10,89.5701208114624
-5.08,-0.03,0.22,0.001,56,1030566269,True,,60,-0.15,-0.12409291409407679,-0.04786229255134932,-5.336160557622817,4.999999980748799,0.0006146229765941747,-0.12639180758769789,0.3119245315567628,-8.516331126587765,0.007633977054012253,-61.54472908702805,-60.16116048674396,-102.61773536294561,-103.94494272459951,1.383568600284093,-1.3272073616539046,True,False,0.006219909015942573,0.006036082923599565,0.9704455335485082,0.004814319573547338,0.7145083630843859,148.41315624544512,-7.394501524335739,-5.336160557622817,-0.33616057687401746,5.0299999807488,-0.25616055762281675,-0.2678622925513493,-0.00038537702340582535,5.0299999807488,0.25616055762281675,0.2678622925513493,0.00038537702340582535,False,False,ictal_scale,low,low,low,-0.12141715323819692,0.08438524766955582,0.006206662996681571,0.006209694936254794,0.006219909015942573,1200,500,10,96.4715678691864
-5.08,-0.03,0.22,0.001,57,528300175,True,,60,-0.15,-0.11040839880656877,0.11375276908319011,-5.139646528104591,1.0033183686461562,0.0007590596844940961,-0.11280100719899652,0.3601305926856046,-6.145797995071511,0.004397527728326662,-63.290494841351254,-63.702053440817416,-106.10926687159201,-111.02672863274643,-0.41155859946616147,-4.917461761154414,False,False,0.006219909015942573,0.006036082923599565,0.9704455335485082,0.00585976060800128,0.015981425146931245,2.727317072494261,-7.183430147963172,-5.139646528104591,-4.136328159458435,1.0333183686461562,-0.059646528104591034,-0.10624723091680989,-0.00024094031550590388,1.0333183686461562,0.059646528104591034,0.10624723091680989,0.00024094031550590388,False,False,ictal_scale,low,low,low,-0.11441571485175792,0.08166203345944772,0.006206375661687522,0.006207769599954312,0.006219909015942573,1200,500,10,84.3312759399414
-5.08,-0.03,0.22,0.001,58,1139277197,True,,60,-0.15,-0.15142961180883757,-0.08892815787377847,-5.2178474830048405,-4.999996143742232,0.0004402899333011564,-0.1531319156020064,0.34047400830732605,-9.866379912405318,0.004666542844835313,-75.99007190313657,-75.50513492282329,-131.50842099516262,-134.63289159675818,0.4849369803132788,-3.1244706015955614,True,False,0.006219909015942573,0.006036082923599565,0.9704455335485082,0.005418981030245601,3.651294777391143e-05,0.006737972982396023,-7.728077108736348,-5.2178474830048405,-10.217843626747072,-4.9699961437422315,-0.1378474830048404,-0.3089281578737785,-0.0005597100666988437,4.9699961437422315,0.1378474830048404,0.3089281578737785,0.0005597100666988437,False,False,ictal_scale,low,low,low,-0.15134360558972054,0.06801609070891808,0.00621007169945556,0.00621259200472218,0.006219909015942573,1200,500,10,103.30022931098938
-5.08,-0.03,0.22,0.001,59,537672217,True,,60,-0.15,-0.16936431491037518,0.3284502180705235,-5.313394900073035,-1.59105749400569,0.00039655924071568344,-0.17230221358003256,0.4656165235297875,-5.828668577272196,0.0018494615632050023,-74.70379748236664,-73.72067644842373,-128.93587215362277,-131.06397464795907,0.9831210339429077,-2.1281024943363036,True,False,0.006219909015942573,0.006036082923599565,0.9704455335485082,0.004925177816813823,0.0010033083454379383,0.20371007560636548,-7.832685118930803,-5.313394900073035,-6.904452394078725,-1.56105749400569,-0.23339490007303532,0.10845021807052349,-0.0006034407592843166,1.56105749400569,0.23339490007303532,0.10845021807052349,0.0006034407592843166,False,False,ictal_scale,low,low,low,-0.16731430284899582,0.0635208515930032,0.006210871211757824,0.006212909286513685,0.006219909015942573,1200,500,10,91.20666670799255
-5.08,-0.03,0.22,0.001,60,1148649239,True,,60,-0.15,-0.15266754670819463,0.01876828399442656,-4.573022279250152,-4.829864420001549,0.000970465918118264,-0.1361052132919492,0.46577278689183316,-4.614165199705492,0.0013966205343476448,-55.32403726288497,-50.659388082509686,-90.17635171465943,-84.94139791613097,4.664649180375285,5.2349537985284655,True,True,0.006219909015942573,0.006036082923599565,0.9704455335485082,0.01032670232895635,8.24856103982438e-05,0.00798760415190355,-6.9377342738304195,-4.573022279250152,-9.4028866992517,-4.799864420001549,0.5069777207498483,-0.20123171600557344,-2.953408188173599e-05,4.799864420001549,0.5069777207498483,0.20123171600557344,2.953408188173599e-05,False,False,ictal_scale,low,low,low,-0.1409388467155641,0.08824753840909999,0.006208311558351613,0.006211673510928493,0.006219909015942573,1200,500,10,101.49461007118225
-5.08,-0.03,0.22,0.001,61,646383145,True,,60,-0.15,-0.15109875661358882,-0.07923455633510985,-4.892616119369545,-0.06519270214392234,0.000693765071847644,-0.16342591723351452,0.44291797778327646,-4.7731880599748004,0.00138344855128532,-59.76593221079223,-53.658139791826784,-99.06014161047395,-90.93890133476516,6.107792418965445,8.121240275708786,True,True,0.006219909015942573,0.006036082923599565,0.9704455335485082,0.007501771252150144,0.007028311256939051,0.9368869058656792,-7.273377167953825,-4.892616119369545,-4.957808821513467,-0.03519270214392234,0.1873838806304553,-0.29923455633510987,-0.00030623492815235603,0.03519270214392234,0.1873838806304553,0.29923455633510987,0.00030623492815235603,False,False,ictal_scale,low,low,low,-0.1568354908176693,0.07677036539341488,0.006208242918076092,0.006209732748485308,0.006219909015942573,1200,500,10,89.06914114952087
-5.08,-0.03,0.22,0.001,62,2003366596,True,,60,-0.15,-0.14555297769849726,0.3545143768350701,-5.236156062675526,1.5328442765720163,0.0006542532264180498,-0.14588471820367313,0.464090308966116,-5.2147048601425885,0.0011947198040114493,-65.57645035933446,-65.34409261353915,-110.6811779075584,-114.31080697818989,0.2323577457953121,-3.6296290706314807,True,False,0.006219909015942573,0.006036082923599565,0.9704455335485082,0.005320669899083867,0.02464178287231429,4.631330892479761,-7.332016085090367,-5.236156062675526,-3.70331178610351,1.5628442765720163,-0.15615606267552629,0.1345143768350701,-0.0003457467735819502,1.5628442765720163,0.15615606267552629,0.1345143768350701,0.0003457467735819502,False,False,ictal_scale,low,low,low,-0.1520844326027554,0.07874885310227824,0.006208517565745467,0.006211126641648026,0.006219909015942573,1200,500,10,81.71456789970398
-5.08,-0.03,0.22,0.001,63,655755187,True,,60,-0.15,-0.13781440271663395,-0.04514649865051075,-4.7887393656961565,-4.32082637181455,0.0007400263919462236,-0.13695948617786158,0.16344924766664162,-8.824262335889193,0.007139440382662635,-62.3680060717553,-62.331446256696495,-104.2642893324001,-108.28551426450458,0.036559815058808454,-4.021224932104488,True,False,0.006219909015942573,0.006036082923599565,0.9704455335485082,0.008322942958698258,0.00011060273532282983,0.01328889743347809,-7.208824707609838,-4.7887393656961565,-9.109565737510707,-4.29082637181455,0.2912606343038435,-0.26514649865051076,-0.0002599736080537764,4.29082637181455,0.2912606343038435,0.26514649865051076,0.0002599736080537764,False,False,ictal_scale,low,low,low,-0.13593978977197663,0.07898052025038647,0.006207542091410741,0.00620720033596411,0.006219909015942573,1200,500,10,102.16081547737122
-5.08,-0.03,0.22,0.001,64,1993994554,True,,60,-0.15,-0.1536066633392976,0.17772584038780154,-5.204219566993677,0.7465308587789485,0.0006638321421715714,-0.1540617055277533,0.4504837045515648,-5.888531302736034,0.003470473940535907,-64.4506126535371,-65.22216708301852,-108.4295024959637,-114.06695591714863,-0.7715544294814123,-5.637453421184929,False,False,0.006219909015942573,0.006036082923599565,0.9704455335485082,0.005493335949123297,0.0115891181900359,2.1096685688566805,-7.317481238381005,-5.204219566993677,-4.457688708214729,0.7765308587789486,-0.12421956699367698,-0.042274159612198464,-0.0003361678578284286,0.7765308587789486,0.12421956699367698,0.042274159612198464,0.0003361678578284286,False,False,ictal_scale,low,low,low,-0.16197771951373402,0.07250472032255964,0.0062092794109114054,0.0062112087368460375,0.006219909015942573,1200,500,10,90.68022847175598
-5.08,-0.03,0.22,0.001,65,764466115,True,,60,-0.15,-0.15417057555181443,0.33924714944479395,-4.583331882754565,-4.999086346509651,0.0007230556323467243,-0.1426765127857581,0.47772248760053837,-4.9733381897453866,0.0012370281035919903,-59.19671481558154,-58.96924180956654,-97.92170682005258,-101.56110537024468,0.22747300601499632,-3.639398550192098,True,False,0.006219909015942573,0.006036082923599565,0.9704455335485082,0.01022078504318935,6.893005733616994e-05,0.006744105961029065,-7.232024392228088,-4.583331882754565,-9.582418229264217,-4.969086346509651,0.49666811724543525,0.11924714944479395,-0.00027694436765327577,4.969086346509651,0.49666811724543525,0.11924714944479395,0.00027694436765327577,False,False,ictal_scale,low,low,low,-0.14631110845675482,0.08425303409949554,0.006207424334117035,0.006207860006049245,0.006219909015942573,1200,500,10,91.1580421924591
-5.08,-0.03,0.22,0.001,66,1885283626,True,,60,-0.15,-0.16933858750940217,0.02775228484767696,-4.862326396345832,-4.9999999782912,0.0006406884237956447,-0.16482039206828242,0.34521645612985224,-7.18146569074645,0.00605586418675224,-65.55710247709976,-65.28805764623175,-110.64248214308901,-114.1987370435751,0.2690448308680118,-3.5562549004860813,True,False,0.006219909015942573,0.006036082923599565,0.9704455335485082,0.0077324741507536045,5.210100213062642e-05,0.0067379471453582135,-7.352967297539895,-4.862326396345832,-9.862326374637032,-4.9699999782912,0.217673603654168,-0.19224771515232303,-0.00035931157620435535,4.9699999782912,0.217673603654168,0.19224771515232303,0.00035931157620435535,False,False,ictal_scale,low,low,low,-0.167979119939221,0.06732199376771078,0.006210116894100033,0.006212602403721363,0.006219909015942573,1200,500,10,102.16963958740234
-5.08,-0.03,0.22,0.001,67,873177043,True,,60,-0.15,-0.1408642231664439,0.2578967718942884,-5.470262332178644,4.603150301802842,0.0007538341123436064,-0.13716698889746404,0.44836389844323743,-5.906657092216433,0.0034566012022421776,-66.61843920242752,-65.82978765841617,-112.76515559374454,-115.28219706794393,0.7886515440113584,-2.517041474199388,True,False,0.006219909015942573,0.006036082923599565,0.9704455335485082,0.004210127561182231,0.42016321738411677,99.79821544080062,-7.190338224316471,-5.470262332178644,-0.867112030375802,4.633150301802842,-0.3902623321786436,0.03789677189428839,-0.0002461658876563936,4.633150301802842,0.3902623321786436,0.03789677189428839,0.0002461658876563936,False,False,ictal_scale,low,low,low,-0.13758152024208573,0.07684315228006074,0.006208811338745415,0.006209403952286706,0.006219909015942573,1200,500,10,96.9448869228363
-5.08,-0.03,0.22,0.001,68,1875911584,True,,60,-0.15,-0.13653805264239324,0.17849572730701418,-5.095649027694972,-2.8522413122225365,0.0005035954499072319,-0.1361565455136706,0.417892713735343,-6.230439580381882,0.0036096706562957397,-69.1393422820866,-69.74877268673507,-117.8069617530627,-123.12016712458173,-0.6094304046484638,-5.313205371519032,False,False,0.006219909015942573,0.006036082923599565,0.9704455335485082,0.006123331133392985,0.0003534069472624423,0.05771481887287984,-7.59373729096748,-5.095649027694972,-7.9478903399175085,-2.8222413122225367,-0.01564902769497234,-0.041504272692985816,-0.0004964045500927681,2.8222413122225367,0.01564902769497234,0.041504272692985816,0.0004964045500927681,False,False,ictal_scale,low,low,low,-0.13694042995654324,0.07309154509878231,0.00620876745823769,0.006210639283894474,0.006219909015942573,1200,500,10,95.31594061851501
-5.08,-0.03,0.22,0.001,69,230694031,True,,60,-0.15,-0.14000325850503376,0.16869007763318436,-4.59193776229194,-4.9999999782912,0.0007049076644437076,-0.149533304737207,0.34018503132984224,-5.608128635805104,0.004670928935233068,-59.37035237149515,-58.181973073668324,-98.26898193187981,-99.98656789844824,1.1883792978268275,-1.7175859665684357,True,False,0.006219909015942573,0.006036082923599565,0.9704455335485082,0.010133203596551303,6.827699024671637e-05,0.0067379471453582135,-7.257443736149915,-4.59193776229194,-9.591937740583141,-4.9699999782912,0.4880622377080597,-0.05130992236681564,-0.00029509233555629244,4.9699999782912,0.4880622377080597,0.05130992236681564,0.00029509233555629244,False,False,ictal_scale,low,low,low,-0.14472190631890197,0.09428211572333758,0.006206368987245424,0.006209715717229579,0.006219909015942573,1200,500,10,86.27612805366516
-5.08,-0.03,0.22,0.001,70,1767200656,True,,60,-0.15,-0.13013322359477714,0.19152889807228612,-5.314816523561189,1.0224817509450626,0.0004894827882667368,-0.13475630742559375,0.4908062003906423,-6.2292219309810175,0.0036161762048751898,-66.86528175963132,-68.11681117828925,-113.25884070815212,-119.8562441076901,-1.2515294186579382,-6.597403399537981,False,False,0.006219909015942573,0.006036082923599565,0.9704455335485082,0.00491818104291355,0.013672964737912624,2.7800856899348108,-7.622161258477608,-5.314816523561189,-4.292334772616126,1.0524817509450626,-0.23481652356118854,-0.028471101927713877,-0.0005105172117332632,1.0524817509450626,0.23481652356118854,0.028471101927713877,0.0005105172117332632,False,False,ictal_scale,low,low,low,-0.13193250436878073,0.07913590650414991,0.00620711914764924,0.006207944551272045,0.006219909015942573,1200,500,10,84.93800711631775
-5.08,-0.03,0.22,0.001,71,2025500548,True,,60,-0.15,-0.14329581827333163,0.04271297565790538,-4.87902960190333,-4.9999999782912,0.0005361331196328118,-0.14572895932994773,0.25698850785517796,-4.942535783926926,9.389333993341501e-05,-68.4671426941527,-64.44889847057229,-116.46256257719489,-112.52041869225617,4.01824422358041,3.942143884938716,True,True,0.006219909015942573,0.006036082923599565,0.9704455335485082,0.007604389733637073,5.123797609795122e-05,0.0067379471453582135,-7.5311280702051935,-4.87902960190333,-9.87902958019453,-4.9699999782912,0.20097039809667017,-0.17728702434209462,-0.0004638668803671882,4.9699999782912,0.20097039809667017,0.17728702434209462,0.0004638668803671882,False,False,ictal_scale,low,low,low,-0.14624717039498944,0.08273263553041804,0.006207731664182626,0.006209872863380453,0.006219909015942573,1200,500,10,110.79094576835632
-5.08,-0.03,0.22,0.001,72,389655033,True,,60,-0.15,-0.16772747523753223,0.373597569215342,-5.286225364595634,-4.896732960344176,0.0007197772042057465,-0.1670464608511939,0.4930966927063954,-5.702116095441946,0.001026273248549934,-75.78264704957881,-75.53897008058286,-131.09357128804712,-134.70056191227732,0.24367696899595614,-3.6069906242302068,True,False,0.006219909015942573,0.006036082923599565,0.9704455335485082,0.005060827028880148,3.780919144639401e-05,0.0074709511371623336,-7.236568832443306,-5.286225364595634,-10.18295832493981,-4.866732960344176,-0.20622536459563356,0.15359756921534198,-0.0002802227957942535,4.866732960344176,0.20622536459563356,0.15359756921534198,0.0002802227957942535,False,False,ictal_scale,low,low,low,-0.15844965890221918,0.068237364438967,0.006209511325863506,0.006210548212864339,0.006219909015942573,1200,500,10,100.5722005367279
-5.08,-0.03,0.22,0.001,73,112611061,True,,60,-0.15,-0.1406814102206694,0.2981642639004798,-4.691521711109741,-2.936901921129558,0.0009143676175391047,-0.14476938557870278,0.4339343589146067,-5.276955704643087,0.00309331115209498,-57.846613321680515,-57.8054489002371,-95.22150383225053,-99.2335195515858,0.041164421443411925,-4.012015719335267,True,False,0.006219909015942573,0.006036082923599565,0.9704455335485082,0.009172717304832729,0.0004864270421952154,0.05302976490280987,-6.997277860000628,-4.691521711109741,-7.628423632239299,-2.9069019211295584,0.38847828889025937,0.07816426390047979,-8.56323824608953e-05,2.9069019211295584,0.38847828889025937,0.07816426390047979,8.56323824608953e-05,False,False,ictal_scale,low,low,low,-0.14025597350235314,0.0891868102119745,0.006206491933193775,0.006209926564690486,0.006219909015942573,1200,500,10,92.18450665473938
-5.08,-0.03,0.22,0.001,74,1649117686,True,,60,-0.15,-0.12327342800693028,0.36291327355482766,-4.835486143673191,-4.984663651116765,0.0006332838315473405,-0.1222288983301579,0.4854048098011057,-5.267797692984081,0.0012593419486368756,-66.58655382206224,-65.72680475819473,-112.70138483301398,-115.07623126750106,0.8597490638675112,-2.3748464344870825,True,False,0.006219909015942573,0.006036082923599565,0.9704455335485082,0.00794282603160227,5.434544292220495e-05,0.006842078966098424,-7.364591845247285,-4.835486143673191,-9.820149794789955,-4.954663651116765,0.244513856326809,0.14291327355482766,-0.0003667161684526595,4.954663651116765,0.244513856326809,0.14291327355482766,0.0003667161684526595,False,False,ictal_scale,low,low,low,-0.12299993318741209,0.08628508790828371,0.0062060675155911306,0.006206627309203528,0.006219909015942573,1200,500,10,91.22297310829163
-5.08,-0.03,0.22,0.001,75,3900133,True,,60,-0.15,-0.18152378151973736,0.3297316310012492,-5.4184882178504585,4.999999980748799,0.0006169091652708572,-0.18468768313319825,0.48925757553791505,-5.284992042821113,0.0019278410330056594,-62.83065339268934,-61.380692211753,-105.18958397426817,-106.3840061746176,1.4499611809363415,-1.1944222003494218,True,False,0.006219909015942573,0.006036082923599565,0.9704455335485082,0.0044338445907467034,0.6580408700145123,148.41315624544512,-7.390788764879215,-5.4184882178504585,-0.41848823710165917,5.0299999807488,-0.33848821785045846,0.10973163100124919,-0.0003830908347291428,5.0299999807488,0.33848821785045846,0.10973163100124919,0.0003830908347291428,False,False,ictal_scale,low,low,low,-0.17988107873937537,0.08727138031355514,0.006206113702482788,0.0062072142216021975,0.006219909015942573,1200,500,10,83.8348639011383
-5.08,-0.03,0.22,0.001,76,1541978538,True,,60,-0.15,-0.14587575525634516,0.16677238700821542,-5.058827518698952,4.361670580692071,0.0004954849301094279,-0.12929381788700633,0.47176594254706955,-4.734669079416193,0.001776079773427124,-54.964811568760965,-51.422177903323906,-89.45790032641142,-86.4669775577594,3.5426336654370587,2.9909227686520126,True,True,0.006219909015942573,0.006036082923599565,0.9704455335485082,0.0063530039261475175,0.4979991354481505,78.38797854326825,-7.609973618159399,-5.058827518698952,-0.6971569380068816,4.391670580692071,0.021172481301047874,-0.05322761299178458,-0.0005045150698905721,4.391670580692071,0.021172481301047874,0.05322761299178458,0.0005045150698905721,False,False,ictal_scale,low,low,low,-0.14508970953915737,0.09461587824558938,0.006206064159398306,0.006208498040536201,0.006219909015942573,1200,500,10,89.92927932739258
-5.08,-0.03,0.22,0.001,77,2142011738,True,,60,-0.15,-0.14989894907369097,0.07702155415395029,-4.640743396660019,-3.161615202406031,0.0009851019454257027,-0.15258541826369482,0.37785635784897975,-6.199875321935818,0.006403592377639115,-57.438747537382326,-57.268535820269754,-94.40577226365414,-98.1596933916511,0.1702117171125721,-3.7539211279969606,True,False,0.006219909015942573,0.006036082923599565,0.9704455335485082,0.009650520795325052,0.0004087697172212564,0.04235727023346496,-6.922765424253608,-4.640743396660019,-7.80235859906605,-3.131615202406031,0.43925660333998096,-0.1429784458460497,-1.489805457429729e-05,3.131615202406031,0.43925660333998096,0.1429784458460497,1.489805457429729e-05,False,False,ictal_scale,low,low,low,-0.15835844445230104,0.08523838697595179,0.006207422379018071,0.006209223283206112,0.006219909015942573,1200,500,10,104.42135238647461
-5.08,-0.03,0.22,0.001,78,1650689466,True,,60,-0.15,-0.16396976498570948,0.3604231772441445,-5.134120134015971,-2.865434788721389,0.0005819585581647589,-0.16194884299745488,0.48655155101446934,-5.492119071315134,0.0015013246192017524,-70.37268135419474,-69.92523767925867,-120.27363989727897,-123.47309710962894,0.44744367493606774,-3.1994572123499694,True,False,0.006219909015942573,0.006036082923599565,0.9704455335485082,0.005892233601017874,0.00033561196792211494,0.056958360894608547,-7.449111318670573,-5.134120134015971,-7.99955492273736,-2.8354347887213893,-0.05412013401597093,0.14042317724414452,-0.0004180414418352411,2.8354347887213893,0.05412013401597093,0.14042317724414452,0.0004180414418352411,False,False,ictal_scale,low,low,low,-0.15196344101676368,0.07653785555736703,0.006208294108419211,0.006209906967343112,0.006219909015942573,1200,500,10,75.82005763053894
-5.08,-0.03,0.22,0.001,79,2033300810,True,,60,-0.15,-0.15063079663798354,-0.004605838792788306,-5.124901269625552,-4.9999999782912,0.0005081778109336789,-0.14799011423316605,0.29730768975820226,-7.42908799134594,0.00447393117903844,-74.43082667217887,-73.97577836979086,-128.38993053324722,-131.57417849069333,0.45504830238800764,-3.184247957446104,True,False,0.006219909015942573,0.006036082923599565,0.9704455335485082,0.005946804457720137,4.006925411989889e-05,0.0067379471453582135,-7.584679150106045,-5.124901269625552,-10.124901247916752,-4.9699999782912,-0.04490126962555152,-0.2246058387927883,-0.0004918221890663211,4.9699999782912,0.04490126962555152,0.2246058387927883,0.0004918221890663211,False,False,ictal_scale,low,low,low,-0.15977434900098184,0.0665101191139147,0.006209693248689027,0.006210579162110789,0.006219909015942573,1200,500,10,96.62228894233704
-5.08,-0.03,0.22,0.001,80,487422143,True,,60,-0.15,-0.17346884495196754,0.26600643319518946,-5.3937982978002115,3.7464164464081984,0.0008041991185600198,-0.17574623228854142,0.39541825990578383,-5.2597924624230625,0.0011666437213449466,-65.6621775788304,-65.04385744565391,-110.85263234655028,-113.71033664241942,0.618320133176482,-2.8577042958691408,True,False,0.006219909015942573,0.006036082923599565,0.9704455335485082,0.004544678468769768,0.19255338261895033,42.36897812290646,-7.1256636595474365,-5.3937982978002115,-1.647381851392013,3.776416446408198,-0.3137982978002114,0.04600643319518946,-0.00019580088143998024,3.776416446408198,0.3137982978002114,0.04600643319518946,0.00019580088143998024,False,False,ictal_scale,low,low,low,-0.169046382953406,0.08593441380148216,0.00620736681117065,0.006209922974977959,0.006219909015942573,1200,500,10,96.13353514671326
-5.08,-0.03,0.22,0.001,81,1157795414,True,,60,-0.15,-0.1676591152814303,0.15546838191082912,-5.14834052283419,0.6701184673521245,0.0007878331544037084,-0.16124216955342874,0.4034665318385234,-6.021511439756404,0.004522673720572236,-63.63605171309543,-63.90911064086507,-106.80038061508037,-111.44084303284174,-0.2730589277696396,-4.64046241776137,False,False,0.006219909015942573,0.006036082923599565,0.9704455335485082,0.005809036696367943,0.01135358125802686,1.9544688476706649,-7.1462242235152065,-5.14834052283419,-4.478222055482066,0.7001184673521246,-0.06834052283419023,-0.06453161808917088,-0.00021216684559629162,0.7001184673521246,0.06834052283419023,0.06453161808917088,0.00021216684559629162,False,False,ictal_scale,low,low,low,-0.16370633059262715,0.08699147826005099,0.0062061938785855945,0.006205571089898982,0.006219909015942573,1200,500,10,93.88619589805603
-5.08,-0.03,0.22,0.001,82,1768772436,True,,60,-0.15,-0.14357417109090076,0.36002213353678814,-4.91523244287024,-4.99999890743382,0.0008640050748494044,-0.1435067525705539,0.4807243824602005,-5.6328277859337,0.0025651469362316446,-65.15826770285803,-65.25293943607286,-109.84481259460554,-114.12850062325732,-0.09467173321483813,-4.283688028651781,False,False,0.006219909015942573,0.006036082923599565,0.9704455335485082,0.0073340129552493475,4.941624457356434e-05,0.006737954360742501,-7.053931915509176,-4.91523244287024,-9.91523135030406,-4.96999890743382,0.16476755712976043,0.14002213353678813,-0.00013599492515059563,4.96999890743382,0.16476755712976043,0.14002213353678813,0.00013599492515059563,False,False,ictal_scale,low,low,low,-0.14963926002977201,0.08344081536660801,0.006207769506289837,0.006210393693184326,0.006219909015942573,1200,500,10,91.66801118850708
-5.08,-0.03,0.22,0.001,83,1266506342,True,,60,-0.15,-0.15342032150571397,-0.11477465911738627,-5.397194261461324,4.620756773846011,0.0005871665464918586,-0.14892886721683607,-0.050557341582717984,-13.007930890032068,0.006520768302212533,-66.69698594961761,-65.77921874977346,-112.92224908812472,-115.18105925065852,0.9177671998441497,-2.2588101625338055,True,False,0.006219909015942573,0.006036082923599565,0.9704455335485082,0.0045292710821082174,0.4600420007838405,101.57086922907406,-7.440202053520101,-5.397194261461324,-0.7764374876153131,4.650756773846012,-0.31719426146132434,-0.33477465911738624,-0.00041283345350814145,4.650756773846012,0.31719426146132434,0.33477465911738624,0.00041283345350814145,False,False,ictal_scale,low,low,low,-0.14475495693967935,0.07258334537715176,0.0062089501316969125,0.00621026262719439,0.006219909015942573,1200,500,10,98.39188838005066
-5.08,-0.03,0.22,0.001,84,369339173,True,,60,-0.15,-0.11792040041676657,0.12477461846054594,-4.970647359703234,-4.999999961044441,0.0006186313139917319,-0.12453495070316495,0.35905276888540105,-6.236565872239033,0.00405640480781797,-68.59919776138668,-68.19703184552836,-116.72667271166284,-120.01668544216831,0.40216591585831907,-3.2900127305054667,True,False,0.006219909015942573,0.006036082923599565,0.9704455335485082,0.006938654775029386,4.675228994036084e-05,0.006737947261565963,-7.38800107825131,-4.970647359703234,-9.970647320747675,-4.969999961044441,0.10935264029676617,-0.09522538153945406,-0.0003813686860082681,4.969999961044441,0.10935264029676617,0.09522538153945406,0.0003813686860082681,False,False,ictal_scale,low,low,low,-0.13123241789756185,0.07373627339933823,0.006208962850554845,0.006211388730104375,0.006219909015942573,1200,500,10,97.36732459068298
-5.08,-0.03,0.22,0.001,85,1275878384,True,,60,-0.15,-0.14903500371693135,0.39889542753010476,-5.22742442063562,2.3870938165713604,0.0007382404017984786,-0.14840592510513695,0.47907733989956086,-5.2000754562885705,0.0009998524656677145,-62.77968354917152,-62.10276337067769,-105.08764428723254,-107.82814849246698,0.6769201784938303,-2.740504205234444,True,False,0.006219909015942573,0.006036082923599565,0.9704455335485082,0.005367331503807434,0.058406353394458876,10.88182337033348,-7.211241038713648,-5.22742442063562,-2.8403306040642593,2.4170938165713602,-0.14742442063561967,0.17889542753010476,-0.0002617595982015214,2.4170938165713602,0.14742442063561967,0.17889542753010476,0.0002617595982015214,False,False,ictal_scale,low,low,low,-0.1487453115762145,0.08284049925737637,0.006208060178107076,0.006209364468895901,0.006219909015942573,1200,500,10,93.68852829933167
-5.08,-0.03,0.22,0.001,86,1886855406,True,,60,-0.15,-0.13509558665143576,0.316999694661524,-4.671200204274828,-4.692383910022259,0.0008373228302708955,-0.1341420342745553,0.4420922102475906,-5.277378075360893,0.0026562670716125418,-59.05077440985432,-59.4647882277218,-97.62982600859814,-102.55219820655519,-0.4140138178674775,-4.922372197957046,False,False,0.006219909015942573,0.006036082923599565,0.9704455335485082,0.0093610276366868,8.579205847701721e-05,0.009164812006407244,-7.085300862589252,-4.671200204274828,-9.363584114297087,-4.662383910022259,0.4087997957251721,0.096999694661524,-0.00016267716972910454,4.662383910022259,0.4087997957251721,0.096999694661524,0.00016267716972910454,False,False,ictal_scale,low,low,low,-0.13169606060462455,0.08729016395313041,0.006206879960148465,0.006208507346462142,0.006219909015942573,1200,500,10,92.40709114074707
-5.08,-0.03,0.22,0.001,87,1384589312,True,,60,-0.15,-0.13566303790025275,0.18455394753888843,-4.688606580219566,-4.9999999782912,0.0006013347477718932,-0.12323298902374172,0.41993772221878284,-5.999207034288499,0.0045765227921920094,-63.445628356045596,-62.85090404319222,-106.4195339009807,-109.32442983749604,0.5947243128533728,-2.904895936515345,True,False,0.006219909015942573,0.006036082923599565,0.9704455335485082,0.009199495989116024,6.198571773859859e-05,0.0067379471453582135,-7.4163587938420275,-4.688606580219566,-9.688606558510767,-4.9699999782912,0.3913934197804343,-0.03544605246111157,-0.00039866525222810687,4.9699999782912,0.3913934197804343,0.03544605246111157,0.00039866525222810687,False,False,ictal_scale,low,low,low,-0.13533490168135914,0.08030354058492092,0.0062085894084140565,0.00621130974415807,0.006219909015942573,1200,500,10,102.7973210811615
-5.08,-0.03,0.22,0.001,88,1265160429,True,,60,-0.15,-0.14399111680508914,0.3500327450329956,-4.748327328457809,-1.9718289052128495,0.0006307982780266574,-0.13458370687976184,0.46327793587604554,-5.031609931937419,0.001066497812943168,-60.0368294256996,-59.4322175659061,-99.6019360402887,-102.4870568829238,0.6046118597935006,-2.8851208426350894,True,False,0.006219909015942573,0.006036082923599565,0.9704455335485082,0.00866617875721611,0.0012063497267884877,0.139202035935849,-7.368524432703693,-4.748327328457809,-6.720156233670659,-1.9418289052128495,0.33167267154219093,0.13003274503299558,-0.00036920172197334265,1.9418289052128495,0.33167267154219093,0.13003274503299558,0.00036920172197334265,False,False,ictal_scale,low,low,low,-0.13979433695529175,0.09015475225716862,0.00620638044387375,0.006209333522352678,0.006219909015942573,1200,500,10,79.29918313026428
-5.08,-0.03,0.22,0.001,89,1393961354,True,,60,-0.15,-0.15301442487491987,0.2935150064992234,-5.392136658098392,4.356133706475347,0.000659440488468212,-0.15009412960452362,0.47183833485318827,-5.129031014806873,0.0010213128293206964,-64.32519634202198,-63.43378343518809,-108.17866987293345,-110.49018862148777,0.8914129068338923,-2.3115187485543203,True,False,0.006219909015942573,0.006036082923599565,0.9704455335485082,0.004552236364456274,0.35487028465317166,77.9551535205835,-7.324118827227725,-5.392136658098392,-1.0360029516230442,4.386133706475348,-0.31213665809839153,0.0735150064992234,-0.000340559511531788,4.386133706475348,0.31213665809839153,0.0735150064992234,0.000340559511531788,False,False,ictal_scale,low,low,low,-0.15525961013664713,0.08336785783261243,0.0062071528106406775,0.006208917068790204,0.006219909015942573,1200,500,10,86.82630562782288
-5.08,-0.03,0.22,0.001,90,1255788387,True,,60,-0.15,-0.14414928452927048,0.15574317900145557,-4.935313020817015,-4.9999999782912,0.0008983550757648456,-0.13733876869680905,0.4629823182967952,-5.062753840568362,0.0007482738172137683,-66.56798630715768,-63.19844513239851,-112.66424980320485,-110.01951201590862,3.3695411747591706,2.6447377872962363,True,True,0.006219909015942573,0.006036082923599565,0.9704455335485082,0.007188210534167684,4.843378264892898e-05,0.0067379471453582135,-7.014945160504426,-4.935313020817015,-9.935312999108215,-4.9699999782912,0.14468697918298545,-0.06425682099854443,-0.00010164492423515446,4.9699999782912,0.14468697918298545,0.06425682099854443,0.00010164492423515446,False,False,ictal_scale,low,low,low,-0.1533348924990053,0.07091533577007263,0.006209788000780497,0.006211532133396824,0.006219909015942573,1200,500,10,102.60442328453064
-5.08,-0.03,0.22,0.001,91,1502672282,True,,60,-0.15,-0.1488885501462801,0.3121762936268784,-4.4154059039592735,-4.1768975242038495,0.0010397827861359822,-0.14846694654077042,0.45150588781670853,-4.811528836992682,0.0015501422334159392,-53.64775477677644,-51.99538405354285,-86.82378674244237,-87.6133898581973,1.652370723233588,-0.7896031157549288,True,False,0.006219909015942573,0.006036082923599565,0.9704455335485082,0.012089645893875442,0.00018552824410830046,0.01534604451916068,-6.868743447127668,-4.4154059039592735,-8.592303428163124,-4.146897524203849,0.6645940960407266,0.09217629362687838,3.978278613598219e-05,4.146897524203849,0.6645940960407266,0.09217629362687838,3.978278613598219e-05,False,False,ictal_scale,low,low,low,-0.14054839222354937,0.0991252647361177,0.006205526881214592,0.006210166455803358,0.006219909015942573,1200,500,10,85.6515998840332
-5.08,-0.03,0.22,0.001,92,1147077459,True,,60,-0.15,-0.16374461328645262,0.13939866918874524,-5.066854782567637,-0.25696875490434573,0.0008403230338936991,-0.1665005718046275,0.30029008592536643,-5.738629033245248,0.0038702611362112765,-62.83381538238983,-62.760021255580384,-105.19590795366915,-109.14266426227236,0.07379412680944597,-3.946756308603213,True,False,0.006219909015942573,0.006036082923599565,0.9704455335485082,0.006302210824832839,0.0048740818171477025,0.7733923781067708,-7.081724175893593,-5.066854782567637,-5.3238235374719824,-0.22696875490434573,0.01314521743236341,-0.08060133081125476,-0.00015967696610630095,0.22696875490434573,0.01314521743236341,0.08060133081125476,0.00015967696610630095,False,False,ictal_scale,low,low,low,-0.16173397833591485,0.0781693590149651,0.006208681024100043,0.006209907455965524,0.006219909015942573,1200,500,10,99.5408067703247
-5.08,-0.03,0.22,0.001,93,1512044324,True,,60,-0.15,-0.13889978006422354,0.2545578117616209,-4.808617424957002,-4.999773344393432,0.0006401599608276442,-0.1375306819798096,0.44001546684135007,-5.492805159617584,0.0019277792183270196,-66.46519212664447,-64.82881198211241,-112.45866144217842,-113.28024571533642,1.6363801445320547,-0.8215842731579954,True,False,0.006219909015942573,0.006036082923599565,0.9704455335485082,0.008159132516114885,5.4988264438184386e-05,0.0067394743656361234,-7.353792474046859,-4.808617424957002,-9.808390769350435,-4.969773344393432,0.2713825750429981,0.0345578117616209,-0.00035984003917235584,4.969773344393432,0.2713825750429981,0.0345578117616209,0.00035984003917235584,False,False,ictal_scale,low,low,low,-0.13397441735902266,0.07935768881726983,0.0062077205012386755,0.006209337609888994,0.006219909015942573,1200,500,10,90.55118823051453
-5.08,-0.03,0.22,0.001,94,1137705417,True,,60,-0.15,-0.156313891791874,0.0868917834453707,-4.767183610611663,-4.599153817116956,0.0006726082628077302,-0.15775328892959345,0.39097423324968045,-7.037224143910383,0.0062288439275686855,-62.86092920961171,-62.7934307566156,-105.25013560811291,-109.2094832643428,0.06749845299611223,-3.9593476562298804,True,False,0.006219909015942573,0.006036082923599565,0.9704455335485082,0.008504297877638256,8.55561709352789e-05,0.010060345035684341,-7.304347473857367,-4.767183610611663,-9.366337427728618,-4.5691538171169555,0.31281638938833733,-0.1331082165546293,-0.0003273917371922698,4.5691538171169555,0.31281638938833733,0.1331082165546293,0.0003273917371922698,False,False,ictal_scale,low,low,low,-0.1633659178033249,0.07501375990490122,0.006208541032496437,0.006211431734365266,0.006219909015942573,1200,500,10,93.55863332748413
-5.08,-0.03,0.22,0.001,95,1639971511,True,,60,-0.15,-0.15993171092077704,0.03264455982634874,-5.061889403719505,-2.9726090133263505,0.0007015471015664632,-0.16438327534526417,0.18610683057549635,-7.248888565370638,0.005762521789202459,-65.95009705693141,-65.77654192777199,-111.42847130275231,-115.17570560665557,0.17355512915942484,-3.747234303903255,True,False,0.006219909015942573,0.006036082923599565,0.9704455335485082,0.006333581508369551,0.0003240870462317322,0.051169633769371274,-7.2622225166038845,-5.061889403719505,-8.034498417045855,-2.9426090133263507,0.018110596280495272,-0.18735544017365124,-0.0002984528984335368,2.9426090133263507,0.018110596280495272,0.18735544017365124,0.0002984528984335368,False,False,ictal_scale,low,low,low,-0.16449220963548558,0.07257066365539523,0.006209243244551067,0.006211695290438907,0.006219909015942573,1200,500,10,107.93993854522705
-5.08,-0.03,0.22,0.001,96,1028994489,True,,60,-0.15,-0.147308974045378,0.017803873530069333,-5.1765156877133585,-4.033274115475805,0.0008379992668305086,-0.1463843693562866,0.331274893758188,-7.288420171200881,0.004954849627054174,-70.2190506630709,-70.48430843752007,-119.9663785150313,-124.59123862615174,-0.265257774449168,-4.624860111120441,False,False,0.006219909015942573,0.006036082923599565,0.9704455335485082,0.00564765034923099,0.00010005507203778327,0.01771622990991417,-7.084493332386502,-5.1765156877133585,-9.209789803189164,-4.003274115475805,-0.09651568771335839,-0.20219612646993068,-0.0001620007331694914,4.003274115475805,0.09651568771335839,0.20219612646993068,0.0001620007331694914,False,False,ictal_scale,low,low,low,-0.14707573004638377,0.06842224764224587,0.006210142602463979,0.006212378354996672,0.006219909015942573,1200,500,10,123.48929524421692
-5.08,-0.03,0.22,0.001,97,1630599469,True,,60,-0.15,-0.14133564704595492,0.10021790803317202,-5.331103337649424,3.6908465897912808,0.0006397175012384568,-0.150251898408868,0.3396897239129936,-6.423949376103828,0.005641677047583963,-63.35321556694704,-63.17609100485829,-106.23470832278358,-109.97480376082818,0.17712456208874983,-3.740095438044605,True,False,0.006219909015942573,0.006036082923599565,0.9704455335485082,0.004838728314817848,0.19393024472349418,40.07876287032136,-7.354483883373029,-5.331103337649424,-1.640256747858143,3.7208465897912806,-0.2511033376494236,-0.11978209196682799,-0.0003602824987615432,3.7208465897912806,0.2511033376494236,0.11978209196682799,0.0003602824987615432,False,False,ictal_scale,low,low,low,-0.14989300738967476,0.08127885680761175,0.006207791432785006,0.006208564278831281,0.006219909015942573,1200,500,10,104.91917133331299
-5.08,-0.03,0.22,0.001,98,1127861200,True,,60,-0.15,-0.1610287567097656,0.034692025796407,-5.104689584189539,1.0644819723714187,0.0005725301355057545,-0.16145439998537872,0.139863386843947,-9.579135277234492,0.006985378599776298,-63.460927981562634,-63.47445128949023,-106.45013315201476,-110.57152433009206,-0.013523307927599149,-4.121391178077303,False,False,0.006219909015942573,0.006036082923599565,0.9704455335485082,0.006068222294974378,0.017593819351603618,2.8993366584765012,-7.465445185483234,-5.104689584189539,-4.04020761181812,1.0944819723714188,-0.024689584189538927,-0.18530797420359302,-0.0004274698644942455,1.0944819723714188,0.024689584189538927,0.18530797420359302,0.0004274698644942455,False,False,ictal_scale,low,low,low,-0.16497366164883406,0.0843545489549607,0.006206867954036073,0.006208389985893152,0.006219909015942573,1200,500,10,84.77036166191101
-5.08,-0.03,0.22,0.001,99,1521888541,True,,60,-0.15,-0.1583185220218717,0.1725724439009587,-5.38004116438425,3.574987954873655,0.0007934279065470747,-0.16509983392964328,0.4238955854708853,-5.489438269046188,0.002393968146766311,-64.03085076749429,-63.88791750879555,-107.58997872387806,-111.3984567687027,0.14293325869873286,-3.808478044824639,True,False,0.006219909015942573,0.006036082923599565,0.9704455335485082,0.00460763225574421,0.1644657052046453,35.694190872027676,-7.139147877138515,-5.38004116438425,-1.8050532095105947,3.6049879548736548,-0.30004116438424955,-0.04742755609904131,-0.00020657209345292533,3.6049879548736548,0.30004116438424955,0.04742755609904131,0.00020657209345292533,False,False,ictal_scale,low,low,low,-0.1643892891566302,0.07185570711403116,0.00620898438914971,0.006210065773483937,0.006219909015942573,1200,500,10,88.41026997566223
-5.08,1.45,0.22,0.001,0,1750306634,True,,60,-0.15,-0.13855028401669475,0.37429932642854996,-5.076002658579254,3.352781587976988,0.0011127132278575588,-0.1417592254010085,0.46584665417692667,-4.895829702936489,0.0018682639960122104,-54.45533160147088,-54.203454666508506,-88.43894039183127,-92.0295310841286,0.2518769349623753,-3.59059069229734,True,False,0.006219909015942573,0.02651618440889418,4.263114515168817,0.006244821875314613,0.17849029114214024,28.582126873418293,-6.800953896799422,-5.076002658579254,-1.723221070602266,1.9027815879769883,0.003997341420745926,0.15429932642854996,0.00011271322785755874,1.9027815879769883,0.003997341420745926,0.15429932642854996,0.00011271322785755874,True,True,strong,low,low,low,-0.14267316407632377,0.0985567634025421,0.00699644821385799,0.006849964990890279,0.00924704406978208,1200,500,10,87.78294157981873
-5.08,1.45,0.22,0.001,1,899443107,True,,60,-0.15,-0.1414008135162138,0.14096416182236485,-4.925142653834719,-1.137296794838098,0.0007897616443141505,-0.1406794989557822,0.3905452270629606,-6.505583909842899,0.005858885996231758,-60.96476394987017,-60.91820510967041,-101.45780508862984,-105.45903197045241,0.04655884019975787,-4.001226881822575,True,False,0.006219909015942573,0.02651618440889418,4.263114515168817,0.00726169029795571,0.0023287131766422022,0.3206847278102422,-7.143779374086692,-4.925142653834719,-6.0624394486728175,-2.587296794838098,0.15485734616528113,-0.07903583817763515,-0.00021023835568584955,2.587296794838098,0.15485734616528113,0.07903583817763515,0.00021023835568584955,True,True,strong,low,low,low,-0.13889863744696881,0.08322898278420252,0.006841198176226779,0.006735346350043667,0.008758924073473935,1200,500,10,89.75065445899963
-5.08,1.45,0.22,0.001,2,288466085,True,,60,-0.15,-0.16318607612111882,0.10151851618161897,-5.183991047389587,-2.6037043837669276,0.0007102089686599368,-0.1613889834899017,0.3559304848758921,-6.818488985799142,0.004157978651456882,-71.30431109627308,-71.41575058361124,-122.13689938143565,-126.45412291833408,-0.11143948733815989,-4.317223536898425,False,False,0.006219909015942573,0.02651618440889418,4.263114515168817,0.005605589537260299,0.00041480773627979267,0.07399894935627548,-7.249951309176904,-5.183991047389587,-7.787695431156514,-4.053704383766927,-0.10399104738958709,-0.11848148381838103,-0.0002897910313400632,4.053704383766927,0.10399104738958709,0.11848148381838103,0.0002897910313400632,True,True,strong,low,low,low,-0.16626031730258647,0.06684482798535171,0.006775196168367633,0.006733213527204951,0.007899657703825952,1200,500,10,113.82603144645691
-5.08,1.45,0.22,0.001,3,890071065,True,,60,-0.15,-0.13777387974911112,0.148854061442905,-4.658186204761617,-4.9999999782912,0.0009505292743970723,-0.13174390095490884,0.3859755946585942,-5.802869520324039,0.0051074793847730076,-59.11364185403495,-57.804505083550964,-97.7555608969594,-99.23163191821352,1.3091367704839882,-1.4760710212541284,True,False,0.006219909015942573,0.02651618440889418,4.263114515168817,0.009483648207193388,6.390032036524029e-05,0.0067379471453582135,-6.958491597565226,-4.658186204761617,-9.658186183052816,-6.4499999782912,0.4218137952383829,-0.071145938557095,-4.9470725602927704e-05,6.4499999782912,0.4218137952383829,0.071145938557095,4.9470725602927704e-05,True,True,strong,low,low,low,-0.14052065923474544,0.0851873749837995,0.00688978765304799,0.006802890206688249,0.00813727110636192,1200,500,10,97.59008860588074
-5.08,1.45,0.22,0.001,4,1868389604,True,,60,-0.15,-0.1725241518085421,0.25323813540660056,-5.113995875179693,3.7763213037725083,0.0010084611949026127,-0.16610278126821765,0.4363638456783316,-4.844495759160004,0.001563764726284153,-55.92647023678144,-54.83108664010113,-91.38121766245237,-93.28479503131385,1.095383596680314,-1.9035773688614768,True,False,0.006219909015942573,0.02651618440889418,4.263114515168817,0.006012011614664454,0.26245528051474654,43.655151941917,-6.899329679344404,-5.113995875179693,-1.337674571407185,2.3263213037725086,-0.03399587517969316,0.03323813540660056,8.461194902612684e-06,2.3263213037725086,0.03399587517969316,0.03323813540660056,8.461194902612684e-06,True,True,strong,low,low,low,-0.1690727326825228,0.09250537896364558,0.006932329460349154,0.006733231044627047,0.00901973837030577,1200,500,10,98.06469058990479
-5.08,1.45,0.22,0.001,5,781360137,True,,60,-0.15,-0.1438817933984566,0.4520898048337163,-5.306002796820578,2.6913201358587964,0.0007380074624784109,-0.14677808829785244,0.48021625864433776,-5.277291138478017,0.0016118154771220042,-63.62318132545188,-63.583583982444715,-106.77463983979325,-110.78978971600102,0.03959734300716633,-4.015149876207772,True,False,0.006219909015942573,0.02651618440889418,4.263114515168817,0.004961720135670539,0.0731910113762122,14.75113657661407,-7.211556621655561,-5.306002796820578,-2.6146826609617815,1.2413201358587964,-0.22600279682057778,0.2320898048337163,-0.00026199253752158915,1.2413201358587964,0.22600279682057778,0.2320898048337163,0.00026199253752158915,True,True,strong,low,low,low,-0.14687971833477337,0.08424494048271382,0.006868108766444351,0.006747649187281858,0.009112577534355857,1200,500,10,82.71809959411621
-5.08,1.45,0.22,0.001,6,1977100532,True,,60,-0.15,-0.1269417052726493,-0.061359240463201105,-5.54570499917543,4.999999980748799,0.0005038631689283507,-0.12824872252082864,-0.7473071368619298,-13.450160443389922,0.0058533454678830876,-70.38844779962254,-68.87180325187853,-120.30517278813457,-121.36622825486866,1.5166445477440078,-1.0610554667340892,True,False,0.006219909015942573,0.02651618440889418,4.263114515168817,0.003904189782955637,0.5794331282696655,148.41315624544512,-7.5932058169745735,-5.54570499917543,-0.5457050184266308,3.549999980748799,-0.46570499917543007,-0.2813592404632011,-0.0004961368310716493,3.549999980748799,0.46570499917543007,0.2813592404632011,0.0004961368310716493,True,True,strong,low,low,low,-0.1336741645482246,0.07110175032031085,0.006760639502584392,0.006610406467773913,0.008375443440359745,1200,500,10,99.65770173072815
-5.08,1.45,0.22,0.001,7,771988095,True,,60,-0.15,-0.13903653943519373,0.3359684326836908,-5.61616353656442,4.999997516782001,0.00046224378689447686,-0.14091035898016518,0.43536754864739874,-5.481478575790786,0.001167367606280981,-71.55325622434988,-69.89837881743362,-122.63478963758925,-123.41937938597884,1.6548774069162562,-0.7845897483895925,True,False,0.006219909015942573,0.02651618440889418,4.263114515168817,0.003638573620744661,0.5400108647156516,148.41279056080617,-7.679418128794452,-5.61616353656442,-0.616166019782419,3.5499975167820006,-0.5361635365644197,0.11596843268369081,-0.0005377562131055232,3.5499975167820006,0.5361635365644197,0.11596843268369081,0.0005377562131055232,True,True,strong,low,low,low,-0.13535159351717244,0.07655058226142783,0.006811573469798772,0.006692020213725693,0.008834208016949974,1200,500,10,94.13465404510498
-5.08,1.45,0.22,0.001,8,1274254189,True,,60,-0.15,-0.1428154621721744,0.2578246000421241,-4.9779676940933,-2.5800810670263514,0.00065454405807107,-0.1423658040227519,0.4626209272951224,-5.542133859434525,0.0026210933055368824,-66.03123099245545,-65.55538834135369,-111.59073917380039,-114.73339843381898,0.4758426511017575,-3.14265926001859,True,False,0.006219909015942573,0.02651618440889418,4.263114515168817,0.006888046960914436,0.0005218925881307349,0.07576786149864606,-7.331571659263306,-4.9779676940933,-7.558048761119651,-4.030081067026352,0.10203230590670032,0.037824600042124096,-0.00034545594192893,4.030081067026352,0.10203230590670032,0.037824600042124096,0.00034545594192893,True,True,strong,low,low,low,-0.13559465484971606,0.0764867432305919,0.006818225439696642,0.006707585434993716,0.008524391154574422,1200,500,10,88.99427366256714
-5.08,1.45,0.22,0.001,9,663277167,True,,60,-0.15,-0.16016909752213715,0.0454627505773018,-4.984856372099656,2.386756797466147,0.0007688134236226842,-0.1622933783176999,0.3351555720243515,-6.478241632048027,0.006691850045621026,-56.653788458202385,-57.14501245872508,-92.83585410529426,-97.91264666856175,-0.491224000522692,-5.076792563267489,False,False,0.006219909015942573,0.02651618440889418,4.263114515168817,0.006840760480969019,0.07441486381528001,10.878156605877665,-7.170662239973262,-4.984856372099656,-2.5980995746335087,0.936756797466147,0.09514362790034436,-0.17453724942269822,-0.00023118657637731586,0.936756797466147,0.09514362790034436,0.17453724942269822,0.00023118657637731586,True,True,strong,low,low,low,-0.15500840071656766,0.09116839888927057,0.006953684760906705,0.006862817264853679,0.008888029034709092,1200,500,10,80.69488143920898
-5.08,1.45,0.22,0.001,10,981940390,True,,60,-0.15,-0.12983655818542156,0.36806525779286287,-5.41517738087325,4.999999980748799,0.0007270086802754986,-0.14104569995448332,0.4249399810274517,-5.336879506193558,0.001693669647766044,-64.12169781759307,-63.21928265812217,-107.77167282407564,-110.06118706735593,0.9024151594709053,-2.289514243280294,True,False,0.006219909015942573,0.02651618440889418,4.263114515168817,0.00444854865531757,0.6602231466471113,148.41315624544512,-7.226572140645778,-5.41517738087325,-0.4151774001244508,3.549999980748799,-0.3351773808732501,0.14806525779286286,-0.0002729913197245014,3.549999980748799,0.3351773808732501,0.14806525779286286,0.0002729913197245014,True,True,strong,low,low,low,-0.14337892491565554,0.08234073312293175,0.006844951239378269,0.006686287228037373,0.008672530506794951,1200,500,10,91.35995101928711
-5.08,1.45,0.22,0.001,11,554566239,True,,60,-0.15,-0.17312415981147822,0.41452899811418,-4.532181445145266,-0.6670801657064257,0.0011485571632646042,-0.16436843975617338,0.46501507800072167,-4.65202675697906,0.0014100860205728508,-48.51920858630179,-48.591753174446,-76.56669436149306,-80.80612810000359,-0.07254458814421127,-4.239433738510527,False,False,0.006219909015942573,0.02651618440889418,4.263114515168817,0.01075718425163695,0.005520639296301804,0.5132048654332303,-6.76924876496696,-4.532181445145266,-5.199261610851692,-2.1170801657064255,0.5478185548547341,0.19452899811417998,0.0001485571632646042,2.1170801657064255,0.5478185548547341,0.19452899811417998,0.0001485571632646042,True,True,strong,low,low,low,-0.16627677099078667,0.10040347309191208,0.0070149212066230055,0.006814931257369814,0.009232393563280046,1200,500,10,83.3411808013916
-5.08,1.45,0.22,0.001,12,1156171219,True,,60,-0.15,-0.14077142574845247,0.2317818370435652,-4.82126149008109,-2.395406299836738,0.001011576776943332,-0.13836534944069323,0.42297637502323265,-5.617399575290406,0.0037127069480309615,-60.6225001825778,-59.992072059583144,-100.77327755404511,-103.60676587027788,0.6304281229946582,-2.833488316232774,True,False,0.006219909015942573,0.02651618440889418,4.263114515168817,0.008056617383009237,0.0007342450056247818,0.09113564300239028,-6.896245000190246,-4.82126149008109,-7.216667789917828,-3.845406299836738,0.2587385099189099,0.011781837043565196,1.1576776943332057e-05,3.845406299836738,0.2587385099189099,0.011781837043565196,1.1576776943332057e-05,True,True,strong,low,low,low,-0.13749682892084236,0.07918805864857034,0.0068157356269251184,0.006725891724094062,0.008286942769632722,1200,500,10,96.79123210906982
-5.08,1.45,0.22,0.001,13,489046338,True,,60,-0.15,-0.12589239714327263,0.4286069573473987,-4.941052639102477,-0.16299324618134117,0.000816041317154933,-0.13673843663701155,0.44858468316906197,-5.087538143257575,0.0011602492685858139,-59.13426394682132,-59.13047747560255,-97.79680508253213,-101.88357670231669,0.003786471218774068,-4.086771619784557,True,False,0.006219909015942573,0.02651618440889418,4.263114515168817,0.00714707112473798,0.006072129660473855,0.8495969264187877,-7.1110455705137126,-4.941052639102477,-5.104045885283818,-1.6129932461813412,0.13894736089752335,0.20860695734739867,-0.00018395868284506707,1.6129932461813412,0.13894736089752335,0.20860695734739867,0.00018395868284506707,True,True,strong,low,low,low,-0.13321929283977668,0.08803144356948689,0.0069706380096044894,0.006957335368140891,0.008060933255871318,1200,500,10,81.33252906799316
-5.08,1.45,0.22,0.001,14,1047460291,True,,60,-0.15,-0.14901605873286847,0.28884773624582344,-5.188609916777706,2.6323554122925104,0.000996143010605013,-0.14814236200310452,0.4642055077264128,-5.171282943880504,0.0011440855081451984,-59.929416923839895,-58.4761809739003,-99.38711103656928,-100.57498369891219,1.4532359499395966,-1.1878726623429117,True,False,0.006219909015942573,0.02651618440889418,4.263114515168817,0.005579757754085054,0.07759482792345117,13.906486866144398,-6.911619725742216,-5.188609916777706,-2.5562545044851954,1.1823554122925104,-0.1086099167777057,0.06884773624582344,-3.856989394986944e-06,1.1823554122925104,0.1086099167777057,0.06884773624582344,3.856989394986944e-06,True,True,strong,low,low,low,-0.1521735391365886,0.08975496195105423,0.006892700407626846,0.006729223204861722,0.00879643936870635,1200,500,10,96.58420968055725
-5.08,1.45,0.22,0.001,15,597757266,True,,60,-0.15,-0.157005466576826,-0.08229214393846525,-4.76638825009561,-2.264073887233551,0.0008394129144157004,-0.15392073117735466,-0.005095051212036037,-9.106989274586688,0.00785333845780585,-59.805098786907465,-59.756930750037654,-99.13847476270442,-103.1364832511869,0.04816803686981075,-3.9980084884824834,True,False,0.006219909015942573,0.02651618440889418,4.263114515168817,0.008511064551002574,0.0008845229150695283,0.10392623740179892,-7.082807821889235,-4.76638825009561,-7.030462137329161,-3.7140738872335506,0.31361174990439,-0.30229214393846526,-0.00016058708558429964,3.7140738872335506,0.31361174990439,0.30229214393846526,0.00016058708558429964,True,True,strong,low,low,low,-0.15187371913315698,0.07983536379453679,0.006843008677237707,0.006739936034739367,0.008224748275146382,1200,500,10,96.53924608230591
-5.08,1.45,0.22,0.001,16,1038088249,True,,60,-0.15,-0.17764611784156192,0.22769829628357746,-5.1806351463147085,-4.9999996795324,0.0004223361881026982,-0.17429588763130366,0.3782267975164514,-5.591614608435133,0.0008426724242905755,-74.41191514808733,-73.53997108896353,-128.35210748506415,-130.70256392903866,0.8719440591238055,-2.350456443974508,True,False,0.006219909015942573,0.02651618440889418,4.263114515168817,0.005624432941829899,3.789714320676483e-05,0.006737949158379517,-7.769708906817046,-5.1806351463147085,-10.180634825847108,-6.4499996795324,-0.10063514631470838,0.00769829628357746,-0.0005776638118973018,6.4499996795324,0.10063514631470838,0.00769829628357746,0.0005776638118973018,True,True,strong,low,low,low,-0.17436522255439277,0.06359202884376759,0.0067089019628826605,0.006552226422952342,0.008072538263702122,1200,500,10,100.63662481307983
-5.08,1.45,0.22,0.001,17,607129308,True,,60,-0.15,-0.18123695968061004,0.15402225943445055,-4.9499249535508225,1.1375926671799559,0.0008749067015427521,-0.17437930190366838,0.40238101786411534,-5.574934482919666,0.004707868905919096,-58.19154741689299,-58.62998564010938,-95.91137202267547,-100.88259303133036,-0.43843822321639436,-4.971221008654894,False,False,0.006219909015942573,0.02651618440889418,4.263114515168817,0.007083940533687588,0.022096583252483724,3.1192502460182587,-7.041393304099985,-4.9499249535508225,-3.8123322863708666,-0.31240733282004407,0.13007504644917756,-0.06597774056554945,-0.0001250932984572479,0.31240733282004407,0.13007504644917756,0.06597774056554945,0.0001250932984572479,True,True,strong,low,low,low,-0.1783162627100226,0.08496102886495072,0.006890737716235887,0.0067612216849928936,0.008515773596977036,1200,500,10,84.85002827644348
-5.08,1.45,0.22,0.001,18,929377321,True,,60,-0.15,-0.13791425627706708,0.29922637052710743,-4.688950486179586,-3.814517582175154,0.0013453990029622456,-0.1421786907131496,0.44696124923539804,-5.307399227391297,0.002925285907609933,-57.87628691097982,-57.31795667445813,-95.28085101084915,-98.25853510002786,0.5583302365216909,-2.977684089178709,True,False,0.006219909015942573,0.02651618440889418,4.263114515168817,0.009196332771572047,0.00020276394899330745,0.022048348404713744,-6.611064653444661,-4.688950486179586,-8.503468068354739,-5.264517582175154,0.3910495138204144,0.07922637052710743,0.0003453990029622456,5.264517582175154,0.3910495138204144,0.07922637052710743,0.0003453990029622456,True,True,strong,low,low,low,-0.13476316573734531,0.09105867376514316,0.006983132623074128,0.006894229685547217,0.008357686617295286,1200,500,10,95.28317308425903
-5.08,1.45,0.22,0.001,19,715840236,True,,60,-0.15,-0.13730942252176748,0.35481979756920756,-4.621019122027422,-4.889754641512964,0.0007540212155214062,-0.13498989318501603,0.48065179875947306,-5.280866936243728,0.002355491741568122,-59.01624649175208,-58.810954557376306,-97.56077017239366,-101.2445308658642,0.2052919343757722,-3.6837606934705462,True,False,0.006219909015942573,0.02651618440889418,4.263114515168817,0.00984275997455671,7.404972258775114e-05,0.007523268146248388,-7.19009005305587,-4.621019122027422,-9.510773763540385,-6.339754641512964,0.4589808779725777,0.13481979756920756,-0.00024597878447859384,6.339754641512964,0.4589808779725777,0.13481979756920756,0.00024597878447859384,True,True,strong,low,low,low,-0.13200120654013062,0.08387340799058653,0.006870407084736586,0.006734585031415202,0.008575737769014,1200,500,10,82.60799145698547
-5.08,1.45,0.22,0.001,20,114235256,True,,60,-0.15,-0.1306830745392758,0.3072656225986565,-4.766585067376877,-3.9843716926056,0.0010779467050701875,-0.14005922439745522,0.4292303281694022,-5.578128706331991,0.00410373698630019,-59.34050167151712,-58.806485496233975,-98.20928053192372,-101.23559274357955,0.534016175283142,-3.0263122116558208,True,False,0.006219909015942573,0.02651618440889418,4.263114515168817,0.008509389591252881,0.00015830978816491528,0.01860412976362578,-6.832697246427866,-4.766585067376877,-8.750956759982476,-5.4343716926056,0.3134149326231235,0.08726562259865647,7.794670507018753e-05,5.4343716926056,0.3134149326231235,0.08726562259865647,7.794670507018753e-05,True,True,strong,low,low,low,-0.1337673445319403,0.08702317426962987,0.006928979336499835,0.006879072483612707,0.008374194123842054,1200,500,10,99.27443623542786
-5.08,1.45,0.22,0.001,21,725212278,True,,60,-0.15,-0.1404725871103184,0.29939410256649646,-5.0234901672130015,1.4296859411314418,0.0009022628434806264,-0.13938229352338088,0.3762295942422866,-4.880248196219398,0.0007230263430114376,-59.1667283092648,-58.58533049900799,-97.86173380741909,-100.79328274912757,0.58139781025681,-2.931548941708485,True,False,0.006219909015942573,0.02651618440889418,4.263114515168817,0.006581515985731374,0.02749353958524409,4.177387040440176,-7.010604679596029,-5.0234901672130015,-3.5938042260815597,-0.020314058868558194,0.056509832786998615,0.07939410256649646,-9.773715651937361e-05,0.020314058868558194,0.056509832786998615,0.07939410256649646,9.773715651937361e-05,True,True,strong,low,low,low,-0.13945438011772457,0.08260786678380068,0.006806823333217093,0.006603660509886398,0.008414570082080153,1200,500,10,80.49347400665283
-5.08,1.45,0.22,0.001,22,222946184,True,,60,-0.15,-0.15590619907288408,0.29734984220885613,-4.652307409128147,-4.9999999380178055,0.0007949023301060843,-0.1642317348144947,0.39341877048206386,-4.929540319209339,0.0006682811396169355,-60.86525174509909,-58.78335066242081,-101.25878067908766,-101.18932307595321,2.0819010826782787,0.06945760313445248,True,True,0.006219909015942573,0.02651618440889418,4.263114515168817,0.009539564837041992,6.427708625036301e-05,0.006737947416718222,-7.137291306069734,-4.652307409128147,-9.652307347145953,-6.449999938017806,0.4276925908718532,0.07734984220885613,-0.00020509766989391573,6.449999938017806,0.4276925908718532,0.07734984220885613,0.00020509766989391573,True,True,strong,low,low,low,-0.16080081770685034,0.08289630472129422,0.006869968718830962,0.0067635125027251065,0.008099591766444907,1200,500,10,93.49621081352234
-5.08,1.45,0.22,0.001,23,833923206,True,,60,-0.15,-0.15711462166582055,0.09806632658836649,-5.045885024566433,2.262112421506093,0.0009007700278929037,-0.1616785274352611,0.36183701599930596,-5.813454002308221,0.005272804312009482,-57.307459652378,-57.50731022160261,-94.14319649364549,-98.63724219431681,-0.19985056922460842,-4.494045700671322,False,False,0.006219909015942573,0.02651618440889418,4.263114515168817,0.006435762035137282,0.06180490164248944,9.603354086905899,-7.012260573897826,-5.045885024566433,-2.78377260306034,0.8121124215060929,0.03411497543356745,-0.12193367341163351,-9.922997210709637e-05,0.8121124215060929,0.03411497543356745,0.12193367341163351,9.922997210709637e-05,True,True,strong,low,low,low,-0.15502176938498938,0.08085245930048902,0.006838108792404747,0.006716832153603355,0.00829869730224704,1200,500,10,94.53291058540344
-5.08,1.45,0.22,0.001,24,232318226,True,,60,-0.15,-0.16414015923298667,0.15653931160737322,-5.042237484970544,0.8294895005020718,0.0007497710733081727,-0.17387090939425837,0.4784631993352545,-5.334045496127002,0.002035864496845438,-62.84438385012196,-60.76300299759016,-105.2170448891334,-105.14862774629192,2.081380852531794,0.06841714284148281,True,True,0.006219909015942573,0.02651618440889418,4.263114515168817,0.0064592795965341615,0.014805626752740487,2.292148300978442,-7.195742633616885,-5.042237484970544,-4.212747984468472,-0.6205104994979281,0.03776251502945627,-0.06346068839262678,-0.00025022892669182735,0.6205104994979281,0.03776251502945627,0.06346068839262678,0.00025022892669182735,True,True,strong,low,low,low,-0.16136743455887376,0.07826517138383368,0.006836442616963585,0.006780193679250269,0.008619375014615157,1200,500,10,84.08350086212158
-5.08,1.45,0.22,0.001,25,843295248,True,,60,-0.15,-0.1695333995039655,0.30696667492248714,-4.1884222898951915,-4.999999935800856,0.0009688505168458649,-0.1618501493076541,0.42937965477342566,-4.858273342891157,0.0033686065553112277,-49.72374154152871,-49.314696072625665,-78.97576027194691,-82.25201389636293,0.40904546890304516,-3.2762536244160145,True,False,0.006219909015942573,0.02651618440889418,4.263114515168817,0.015170200180491837,0.00010221601134385097,0.006737947431655909,-6.93940022335458,-4.1884222898951915,-9.188422225696048,-6.449999935800856,0.8915777101048086,0.08696667492248714,-3.1149483154135145e-05,6.449999935800856,0.8915777101048086,0.08696667492248714,3.1149483154135145e-05,True,True,strong,low,low,low,-0.15911491557710858,0.10373007719788944,0.007064868029687813,0.006946148490382312,0.008639445515557122,1200,500,10,84.23216271400452
-5.08,1.45,0.22,0.001,26,341029154,True,,60,-0.15,-0.1668911136844873,0.3891183072139893,-5.428262364509722,4.999999976220692,0.0007642746530294905,-0.15878743677155427,0.4714273162987118,-5.1216130114401786,0.0008131697034739038,-64.33666358458538,-62.08511916253881,-108.20160435806025,-107.79286007618921,2.251544422046571,0.4087442818710372,True,True,0.006219909015942573,0.02651618440889418,4.263114515168817,0.004390718646436694,0.6516404095527005,148.41315557341437,-7.17658333990596,-5.428262364509722,-0.4282623882890304,3.5499999762206915,-0.34826236450972203,0.16911830721398932,-0.0002357253469705095,3.5499999762206915,0.34826236450972203,0.16911830721398932,0.0002357253469705095,True,True,strong,low,low,low,-0.1525256199978258,0.08177743942829356,0.00683313627873043,0.006762605803884822,0.00871638650565429,1200,500,10,91.01057982444763
-5.08,1.45,0.22,0.001,27,161236940,True,,60,-0.15,-0.12895673591611767,0.24584856373070707,-4.499272794778402,-1.8032348796106397,0.001321075513583528,-0.13866523930612443,0.440935342220192,-5.530007761946262,0.0066797693404013056,-50.73925604781078,-50.83709776165554,-81.00678928451106,-85.29681727442268,-0.09784171384476537,-4.290027989911621,False,False,0.006219909015942573,0.02651618440889418,4.263114515168817,0.011117077996614856,0.001831705691483681,0.16476503016722863,-6.629309091121523,-4.499272794778402,-6.302507674389041,-3.2532348796106394,0.5807272052215984,0.02584856373070707,0.000321075513583528,3.2532348796106394,0.5807272052215984,0.02584856373070707,0.000321075513583528,True,True,strong,low,low,low,-0.14087421800297342,0.10028646048085504,0.007045138204833033,0.0068911959636719835,0.00886872710429683,1200,500,10,92.92238903045654
-5.08,1.45,0.22,0.001,28,350401196,True,,60,-0.15,-0.15683501330245828,0.07948392226783799,-5.288938825906606,4.999999980748799,0.0007166261703297888,-0.15612015654283767,0.26757357895895023,-6.1038544271691695,0.005989679546305981,-59.63959537240078,-58.243678410789826,-98.80746793369104,-100.10997857269125,1.3959169616109506,-1.3025106390002037,True,False,0.006219909015942573,0.02651618440889418,4.263114515168817,0.00504711328480712,0.749058012526541,148.41315624544512,-7.240956233623803,-5.288938825906606,-0.28893884515780677,3.549999980748799,-0.20893882590660606,-0.14051607773216201,-0.0002833738296702112,3.549999980748799,0.20893882590660606,0.14051607773216201,0.0002833738296702112,True,True,strong,low,low,low,-0.15426664269648935,0.08403088108566178,0.006899130469189165,0.006809846595783984,0.007923973977374231,1200,500,10,84.9487566947937
-5.08,1.45,0.22,0.001,29,151864898,True,,60,-0.15,-0.11905700244995131,0.17773784631011766,-4.77350248475106,1.0211790480090919,0.001176065619427143,-0.1215291772276546,0.3516095280866268,-5.800263798430096,0.0075454772121762515,-51.12413673165952,-51.381406384826754,-81.77655065220853,-86.3854345207651,-0.25726965316723494,-4.608883868556575,False,False,0.006219909015942573,0.02651618440889418,4.263114515168817,0.00845072971318981,0.023463167290673877,2.776466422071554,-6.745580632229794,-4.77350248475106,-3.7523234367419684,-0.4288209519909081,0.30649751524893976,-0.04226215368988234,0.00017606561942714303,0.4288209519909081,0.30649751524893976,0.04226215368988234,0.00017606561942714303,True,True,strong,low,low,low,-0.12784661861172494,0.09425434086334249,0.006989474108434187,0.006896536534791255,0.008299673576570656,1200,500,10,89.56941843032837
-5.08,1.45,0.22,0.001,30,459112124,True,,60,-0.15,-0.17962541467812113,0.2364645910840282,-5.2696676086705185,4.332480279824537,0.000722317637485736,-0.1903575201649637,0.44960589880782137,-5.195083678556003,0.0017818733630013206,-60.85542721447918,-59.270778893541,-101.23913161784785,-102.1641795381936,1.5846483209381788,-0.9250479203457473,True,False,0.006219909015942573,0.02651618440889418,4.263114515168817,0.005145320548761895,0.391728089604327,76.13288344077755,-7.233045574701189,-5.2696676086705185,-0.9371873288459813,2.882480279824537,-0.18966760867051846,0.0164645910840282,-0.00027768236251426407,2.882480279824537,0.18966760867051846,0.0164645910840282,0.00027768236251426407,True,True,strong,low,low,low,-0.18632506551448255,0.07582673794857778,0.0068940034429862945,0.0067919284998759,0.008493189334272294,1200,500,10,90.87949800491333
-5.08,1.45,0.22,0.001,31,43153970,True,,60,-0.15,-0.1347631464590525,0.4016625591045609,-4.577649804265852,-4.2769693696208595,0.0009224602539832765,-0.1435757127141669,0.48649594080802355,-5.137970620975999,0.0022884644042971674,-57.64791598170824,-56.87903839224863,-94.82410915230597,-97.38069853560886,0.7688775894596063,-2.5565893833028923,True,False,0.006219909015942573,0.02651618440889418,4.263114515168817,0.010279025653183265,0.00014272095840310768,0.01388467771348629,-6.988466268090761,-4.577649804265852,-8.85461917388671,-5.72696936962086,0.5023501957341479,0.1816625591045609,-7.75397460167235e-05,5.72696936962086,0.5023501957341479,0.1816625591045609,7.75397460167235e-05,True,True,strong,low,low,low,-0.14975579237606193,0.09039667379019072,0.0069099410130785115,0.006813199269164665,0.00931252663464017,1200,500,10,90.80540013313293
-5.08,1.45,0.22,0.001,32,468484166,True,,60,-0.15,-0.1997093719230011,0.34343655443104965,-4.459932158865213,-4.999999967627675,0.0010940004718331749,-0.18835991406558744,0.4572035730579938,-5.39226310778799,0.004122183081182562,-56.43789772594496,-55.59423301357651,-92.40407264077942,-94.81108777826462,0.8436647123684438,-2.407015137485203,True,False,0.006219909015942573,0.02651618440889418,4.263114515168817,0.011563147717922806,7.791187898814858e-05,0.006737947217208482,-6.8179141436906905,-4.459932158865213,-9.459932126492888,-6.449999967627675,0.6200678411347873,0.12343655443104964,9.400047183317486e-05,6.449999967627675,0.6200678411347873,0.12343655443104964,9.400047183317486e-05,True,True,strong,low,low,low,-0.18196183946040861,0.09501843782038477,0.007043029939782531,0.006927612631738555,0.008427107606352532,1200,500,10,89.2241415977478
-5.08,1.45,0.22,0.001,33,33781928,True,,60,-0.15,-0.1571208279280151,0.270246086181657,-5.12714945944011,0.014466343661905723,0.0004649303679914005,-0.14487161471835897,0.4553095654875252,-5.246663166267627,0.0007903852330269184,-66.83403401028808,-65.68223378214964,-113.19634520946565,-114.98708931541087,1.1518002281384412,-1.7907441059452225,True,False,0.006219909015942573,0.02651618440889418,4.263114515168817,0.00593344992989072,0.006019909122062835,1.0145714876157568,-7.673622909845061,-5.12714945944011,-5.1126831157782044,-1.4355336563380943,-0.047149459440110064,0.05024608618165702,-0.0005350696320085995,1.4355336563380943,0.047149459440110064,0.05024608618165702,0.0005350696320085995,True,True,strong,low,low,low,-0.15770062321254563,0.07876832451287061,0.006798216242342973,0.00670738486735001,0.008549020138771391,1200,500,10,97.84590315818787
-5.08,1.45,0.22,0.001,34,536048022,True,,60,-0.15,-0.13620889996442012,0.25791927570166057,-5.118947806165459,4.956565107814297,0.0010510232821211987,-0.14301721988302785,0.4603615046887568,-5.84451126742551,0.007082505010235391,-52.330888731021126,-51.5738412419876,-84.19005465093176,-86.7703042350868,0.7570474890335248,-2.580249584155041,True,False,0.006219909015942573,0.02651618440889418,4.263114515168817,0.005982314138674618,0.8501158043625225,142.10484181475397,-6.857991034981399,-5.118947806165459,-0.1623826983511618,3.506565107814297,-0.03894780616545912,0.037919275701660565,5.1023282121198665e-05,3.506565107814297,0.03894780616545912,0.037919275701660565,5.1023282121198665e-05,True,True,strong,low,low,low,-0.14845600815469462,0.09269525210921664,0.0069343457669080255,0.006797658498356194,0.009066352003754642,1200,500,10,89.78166675567627
-5.08,1.45,0.22,0.001,35,2072554647,True,,60,-0.15,-0.15867627036544302,0.283838209109998,-5.357711527817456,4.999999975247308,0.000756368790078365,-0.15749723768331875,0.4469697219087034,-5.570987479761835,0.0037757829654168806,-62.61404951657367,-60.374100391235096,-104.75637622203683,-104.37082253358179,2.239949125338576,0.38555368845504745,True,True,0.006219909015942573,0.02651618440889418,4.263114515168817,0.004711676319407922,0.6992747499231974,148.41315542895137,-7.186981483165074,-5.357711527817456,-0.357711552570148,3.5499999752473075,-0.27771152781745556,0.06383820910999802,-0.000243631209921635,3.5499999752473075,0.27771152781745556,0.06383820910999802,0.000243631209921635,True,True,strong,low,low,low,-0.16236749940751546,0.08162582966869227,0.0068291197353159356,0.006683619796781894,0.008301833567513784,1200,500,10,88.2612464427948
-5.08,1.45,0.22,0.001,36,427337094,True,,60,-0.15,-0.15656097537432712,0.3428767461845642,-4.992789240690745,-4.98453650746484,0.0006752214832169496,-0.14143051628183434,0.4720685916691111,-5.206777156961538,0.0006446871804769277,-68.5178136392257,-66.30904772386555,-116.56390446734088,-116.24071719884269,2.2087659153601464,0.323187268498188,True,True,0.006219909015942573,0.02651618440889418,4.263114515168817,0.006786708304875526,4.644109845733548e-05,0.0068429489483101185,-7.300469797628047,-4.992789240690745,-9.977325748155586,-6.43453650746484,0.08721075930925526,0.1228767461845642,-0.00032477851678305045,6.43453650746484,0.08721075930925526,0.1228767461845642,0.00032477851678305045,True,True,strong,low,low,low,-0.1463387273910171,0.07539572836403974,0.0067803460246515556,0.0067175238334582586,0.008004621297419426,1200,500,10,104.82352232933044
-5.08,1.45,0.22,0.001,37,84301042,True,,60,-0.15,-0.13801589328217662,0.2695642821209279,-4.626139463814229,-4.999628083446049,0.0008700861662699851,-0.1438032576006271,0.45590448994025207,-5.157148050197899,0.002121738221114823,-59.38516852050867,-57.66880786839154,-98.29861422990683,-98.96023748789467,1.7163606521171317,-0.6616232579878414,True,False,0.006219909015942573,0.02651618440889418,4.263114515168817,0.00979249048766862,6.60058259898421e-05,0.006740453419174744,-7.0469183095303105,-4.626139463814229,-9.625767547260278,-6.449628083446049,0.45386053618577105,0.04956428212092792,-0.00012991383373001488,6.449628083446049,0.45386053618577105,0.04956428212092792,0.00012991383373001488,True,True,strong,low,low,low,-0.14348390803838093,0.08405550109913308,0.0068471658802473296,0.006708710054223105,0.008227455285626673,1200,500,10,86.763014793396
-5.08,1.45,0.22,0.001,38,417965052,True,,60,-0.15,-0.13972738285117933,0.26349761862714866,-4.952700770815044,-4.867621658241842,0.000601537457353837,-0.14471404366472485,0.37626398289921187,-5.8458145797662375,0.002928711749353403,-67.93003010818191,-67.16185358979753,-115.38833740525331,-117.94632893070666,0.7681765183843794,-2.557991525453346,True,False,0.006219909015942573,0.02651618440889418,4.263114515168817,0.007064304075473825,5.433606184627589e-05,0.007691636892432529,-7.4160217512484765,-4.952700770815044,-9.820322429056887,-6.317621658241842,0.12729922918495618,0.043497618627148654,-0.00039846254264616307,6.317621658241842,0.12729922918495618,0.043497618627148654,0.00039846254264616307,True,True,strong,low,low,low,-0.15458698264548917,0.08095628269372765,0.006872450978067458,0.006788494011016191,0.007907169716707166,1200,500,10,108.38495707511902
-5.08,1.45,0.22,0.001,39,1227252505,True,,60,-0.15,-0.13375851179059847,0.039863846654415835,-5.040693765369372,1.9466457088388847,0.0007759221562739384,-0.13679441206706167,0.4316969188833814,-4.902371872565629,0.0009424104976453891,-60.23590573916083,-55.29516861175714,-100.00008866721114,-94.21295897462588,4.940737127403686,5.7871296925852675,True,True,0.006219909015942573,0.02651618440889418,4.263114515168817,0.00646925861347708,0.04531813223323542,7.00515081261807,-7.161458356892825,-5.040693765369372,-3.0940480565304878,0.4966457088388847,0.03930623463062766,-0.18013615334558417,-0.0002240778437260616,0.4966457088388847,0.03930623463062766,0.18013615334558417,0.0002240778437260616,True,True,strong,low,low,low,-0.12877597693638804,0.08556348616114665,0.006884733516773767,0.006614105698555278,0.008388177157888869,1200,500,10,85.7239875793457
-5.08,1.45,0.22,0.001,40,309254124,True,,60,-0.15,-0.1455896932721668,0.2998342645908056,-4.7088446257695855,-3.6693113634394026,0.0007101738959062515,-0.14819833390589496,0.4291861082164331,-5.102007232699348,0.0012959568356474746,-59.48929670872731,-57.83337804820077,-98.50687060634411,-99.28937784751314,1.6559186605265381,-0.7825072411690286,True,False,0.006219909015942573,0.02651618440889418,4.263114515168817,0.00901518748291329,0.00022983337015034696,0.025494020017437894,-7.250000694106231,-4.7088446257695855,-8.378155989208988,-5.119311363439403,0.37115537423041456,0.07983426459080559,-0.00028982610409374857,5.119311363439403,0.37115537423041456,0.07983426459080559,0.00028982610409374857,True,True,strong,low,low,low,-0.14948164137119827,0.09110832252624755,0.006906107262683094,0.006782401703295866,0.008992714575708076,1200,500,10,107.98830103874207
-5.08,1.45,0.22,0.001,41,1236624547,True,,60,-0.15,-0.14955447564021604,0.01131166845079487,-4.992419322603376,-4.809022411280492,0.0007138790738920825,-0.14711812226377863,0.3532230576350939,-7.649530210896674,0.005715808972846658,-68.75482150713246,-67.95859027388857,-117.03792020315441,-119.53980229888874,0.796231233243887,-2.501882095734331,True,False,0.006219909015942573,0.02651618440889418,4.263114515168817,0.006789219295432974,5.5371710585427646e-05,0.008155828848049662,-7.244796974265245,-4.992419322603376,-9.801441733883868,-6.259022411280492,0.08758067739662412,-0.20868833154920513,-0.0002861209261079175,6.259022411280492,0.08758067739662412,0.20868833154920513,0.0002861209261079175,True,True,strong,low,low,low,-0.1566054942535108,0.08092675495390599,0.006841119006521467,0.006684885874097267,0.008498374294117018,1200,500,10,107.41907715797424
-5.08,1.45,0.22,0.001,42,299882082,True,,60,-0.15,-0.15870918951579477,-0.0045380854111715056,-4.648139577336165,-4.9694621031958786,0.0009284745983384279,-0.15983769618287708,0.3517152010621534,-6.293967770945198,0.006002998363265918,-59.95762625298198,-60.03607198825098,-99.44352969485345,-103.69476572761356,-0.07844573526899978,-4.251236032760104,False,False,0.006219909015942573,0.02651618440889418,4.263114515168817,0.009579407108920785,6.65470274503269e-05,0.006946883736505491,-6.981967535285724,-4.648139577336165,-9.617601680532044,-6.419462103195879,0.43186042266383495,-0.2245380854111715,-7.152540166157208e-05,6.419462103195879,0.43186042266383495,0.2245380854111715,7.152540166157208e-05,True,True,strong,low,low,low,-0.16158743265271205,0.09013884473642876,0.006959801351086079,0.00679669615134796,0.008368333720118028,1200,500,10,98.8103301525116
-5.08,1.45,0.22,0.001,43,1345335475,True,,60,-0.15,-0.14900451752601185,0.23354555457670326,-5.471717951834821,4.833367676214021,0.000675236689161793,-0.15922817472287537,0.46315264477702545,-5.102554276930988,0.0008752135686999835,-65.68281356835472,-63.35434298422818,-110.89390432559892,-110.33130771956796,2.328470584126535,0.5625966060309651,True,True,0.006219909015942573,0.02651618440889418,4.263114515168817,0.004204003674855105,0.5281630291417353,125.63334145038274,-7.300447277945238,-5.471717951834821,-0.6383502756207999,3.3833676762140206,-0.3917179518348206,0.013545554576703256,-0.000324763310838207,3.3833676762140206,0.3917179518348206,0.013545554576703256,0.000324763310838207,True,True,strong,low,low,low,-0.15691289740936448,0.0716313229739906,0.006769688205112253,0.006670878368652879,0.008034981505746252,1200,500,10,104.30779266357422
-5.08,1.45,0.22,0.001,44,191171154,True,,60,-0.15,-0.16221713595563414,0.0980484102154993,-4.9758750203383375,3.3013543393430425,0.0007333233719678653,-0.16127285701414157,0.3210761353985434,-6.4322420111379,0.008014409160209379,-54.18284398171552,-54.080204397199545,-87.89396515232053,-91.78303054551068,0.10263958451597688,-3.889065393190151,True,False,0.006219909015942573,0.02651618440889418,4.263114515168817,0.006902476488893822,0.18739798137227645,27.14938351094746,-7.2179237910584195,-4.9758750203383375,-1.674520680995295,1.8513543393430425,0.10412497966166256,-0.1219515897845007,-0.00026667662803213474,1.8513543393430425,0.10412497966166256,0.1219515897845007,0.00026667662803213474,True,True,strong,low,low,low,-0.16550671294302716,0.09406991266362066,0.006918706122462741,0.006769877298408302,0.009740002829149013,1200,500,10,91.40907287597656
-5.08,1.45,0.22,0.001,45,792776134,True,,60,-0.15,-0.1476253191435078,0.14620343282792,-4.813417484153357,-2.8647305239031065,0.0008169480669257408,-0.15202543120266604,0.40508508101975926,-5.687576553605992,0.0040903612869851915,-61.60184403201653,-60.97099098950382,-102.73196525292255,-105.56460373011923,0.6308530425127117,-2.8326384771966815,True,False,0.006219909015942573,0.02651618440889418,4.263114515168817,0.008120062042357195,0.0004628312653195063,0.05699848879296861,-7.109935030699017,-4.813417484153357,-7.678148008056463,-4.314730523903107,0.2665825158466433,-0.07379656717208,-0.00018305193307425918,4.314730523903107,0.2665825158466433,0.07379656717208,0.00018305193307425918,True,True,strong,low,low,low,-0.15143736071666475,0.0839123020971583,0.006857021398397713,0.006670279866783184,0.008183948805049367,1200,500,10,95.62226724624634
-5.08,1.45,0.22,0.001,46,852441423,True,,60,-0.15,-0.12631359159316644,0.08785129125803785,-5.087309964803517,-0.8502969913316816,0.0007086966108106246,-0.1327196710661183,0.36800896900506924,-6.118598516043292,0.004025883313089109,-64.98722362673078,-64.96813326044357,-109.50272444235105,-113.55888827199873,0.019090366287215943,-4.056163829647673,True,False,0.006219909015942573,0.02651618440889418,4.263114515168817,0.006174607478004891,0.0026383357558048123,0.4272880122668622,-7.252083034421917,-5.087309964803517,-5.937606956135199,-2.3002969913316815,-0.00730996480351731,-0.13214870874196216,-0.0002913033891893754,2.3002969913316815,0.00730996480351731,0.13214870874196216,0.0002913033891893754,True,True,strong,low,low,low,-0.12369645755056709,0.07924181033895802,0.0068971165080283425,0.006809022570581068,0.008315441295650637,1200,500,10,86.24053120613098
-5.08,1.45,0.22,0.001,47,1463418445,True,,60,-0.15,-0.15825673543583607,0.2694485077061,-4.351402618755133,-4.999999890488048,0.000980868756053341,-0.15840986082174213,0.40096344005217754,-5.437657800857524,0.0044739599557223585,-54.001776064654905,-52.576527627357976,-87.5318293181993,-88.77567700582755,1.4252484372969292,-1.2438476876282465,True,False,0.006219909015942573,0.02651618440889418,4.263114515168817,0.012888721933191965,8.684353478220244e-05,0.006737947736971239,-6.927071893227388,-4.351402618755133,-9.35140250924318,-6.449999890488048,0.7285973812448674,0.049448507706100014,-1.913124394665902e-05,6.449999890488048,0.7285973812448674,0.049448507706100014,1.913124394665902e-05,True,True,strong,low,low,low,-0.14435766685877657,0.09439326812182708,0.006939989408323128,0.006835129974199069,0.009063109057952714,1200,500,10,89.24125051498413
-5.08,1.45,0.22,0.001,48,961152351,True,,60,-0.15,-0.18531380368579176,0.27859309303343566,-5.2981950544555625,4.999726983626806,0.0009880970337994347,-0.18973242492893,0.42893349604420783,-4.9448805510865546,0.0013972324639021266,-57.066477353158724,-55.709934777342326,-93.66123189520695,-95.04249130579625,1.3565425758163983,-1.3812594105892941,True,False,0.006219909015942573,0.02651618440889418,4.263114515168817,0.005000611597864516,0.7419539714473176,148.37264541084636,-6.919729652691317,-5.2981950544555625,-0.2984680708287568,3.5497269836268055,-0.21819505445556242,0.058593093033435656,-1.1902966200565352e-05,3.5497269836268055,0.21819505445556242,0.058593093033435656,1.1902966200565352e-05,True,True,strong,low,low,low,-0.1788676347613938,0.09642117927914891,0.007038522283864962,0.006910001419872886,0.00852195362435896,1200,500,10,82.98245072364807
-5.08,1.45,0.22,0.001,49,674693164,True,,60,-0.15,-0.15864308633396285,0.11102971293963025,-5.1510054738908915,4.053007028711435,0.000884144099929112,-0.15349655477546295,0.23136919879240403,-6.435307426211895,0.0072031840516834835,-57.28105697206098,-56.77691572185019,-94.09039113301145,-97.17645319481197,0.5041412502107931,-3.0860620618005186,True,False,0.006219909015942573,0.02651618440889418,4.263114515168817,0.0057935765073588675,0.33353801064304106,57.57031260731411,-7.030890499641566,-5.1510054738908915,-1.0979984451794564,2.603007028711435,-0.0710054738908914,-0.10897028706036975,-0.00011585590007088804,2.603007028711435,0.0710054738908914,0.10897028706036975,0.00011585590007088804,True,True,strong,low,low,low,-0.1540852157194246,0.08622688189887602,0.006915522968231511,0.00681425597193629,0.00840620266119556,1200,500,10,86.55211424827576
-5.08,1.45,0.22,0.001,50,970524393,True,,60,-0.15,-0.1549703522227769,0.19519736057229545,-5.170708677469129,3.1060230537519473,0.0011755122838465867,-0.15150733874640027,0.251358990439545,-5.107144542210923,0.0016195116287191426,-59.76605381601687,-59.61134814094355,-99.06038482092325,-102.84531803299869,0.15470567507332333,-3.784933212075444,True,False,0.006219909015942573,0.02651618440889418,4.263114515168817,0.005680541720501305,0.126858165498315,22.33205418428294,-6.746051240147991,-5.170708677469129,-2.064685623717182,1.6560230537519474,-0.09070867746912903,-0.024802639427704554,0.0001755122838465867,1.6560230537519474,0.09070867746912903,0.024802639427704554,0.0001755122838465867,True,True,strong,low,low,low,-0.15008254356351367,0.08774876786841185,0.006918733957180672,0.006778441712064261,0.008466309680158976,1200,500,10,99.4449999332428
-5.08,1.45,0.22,0.001,51,565982236,True,,60,-0.15,-0.1165949031106524,0.33262344217052814,-5.32136059999687,2.491875773340862,0.0007358980794363961,-0.11303220235478864,0.4840708733430858,-5.239901527262804,0.0010336294925006632,-66.67077037835546,-66.0103152044054,-112.8698179456004,-115.6432521599224,0.660455173950055,-2.7734342143219948,True,False,0.006219909015942573,0.02651618440889418,4.263114515168817,0.0048861011712949525,0.059043263351067334,12.083921572876319,-7.214418927851139,-5.32136059999687,-2.8294848266560084,1.041875773340862,-0.2413605999968702,0.11262344217052814,-0.00026410192056360395,1.041875773340862,0.2413605999968702,0.11262344217052814,0.00026410192056360395,True,True,strong,low,low,low,-0.11799385665160748,0.07665807372946848,0.006879315479573503,0.006818337266233527,0.008246479634984894,1200,500,10,96.52767419815063
-5.08,1.45,0.22,0.001,52,1079235321,True,,60,-0.15,-0.15697285544660705,0.05188967426433621,-4.813932936132934,-3.4242885518682327,0.0007407257329496418,-0.15136123381692856,0.39869923774189303,-6.431661968937513,0.005308441046398255,-62.87781120176055,-62.973166699981654,-105.28389959241059,-109.5689551510749,-0.09535549822110312,-4.285055558664311,False,False,0.006219909015942573,0.02651618440889418,4.263114515168817,0.008115877618830512,0.00026435398835299054,0.03257244635375408,-7.207880132155706,-4.813932936132934,-8.238221488001166,-4.874288551868233,0.2660670638670659,-0.16811032573566378,-0.00025927426705035827,4.874288551868233,0.2660670638670659,0.16811032573566378,0.00025927426705035827,True,True,strong,low,low,low,-0.1510951414308455,0.07911997351633371,0.006843287570946343,0.006785487694216938,0.008724005105847627,1200,500,10,103.64674878120422
-5.08,1.45,0.22,0.001,53,477630341,True,,60,-0.15,-0.15574214899270597,0.14186585771007118,-4.933523249844978,-2.927339346150506,0.0006430252799817951,-0.15078007802278404,0.4223117459609324,-6.098894951069738,0.004300217751141887,-64.41608386623186,-65.0992323145088,-108.3604449213532,-113.82108638012919,-0.6831484482769383,-5.4606414587759815,False,False,0.006219909015942573,0.02651618440889418,4.263114515168817,0.0072010873045201965,0.0003855411616335177,0.05353929834894647,-7.349326518820187,-4.933523249844978,-7.860862595995483,-4.377339346150506,0.14647675015502237,-0.07813414228992882,-0.0003569747200182049,4.377339346150506,0.14647675015502237,0.07813414228992882,0.0003569747200182049,True,True,strong,low,low,low,-0.15435763803699445,0.07483964906290318,0.006793292984679547,0.006686512667275618,0.008638870954725385,1200,500,10,95.82184743881226
-5.08,1.45,0.22,0.001,54,1088607363,True,,60,-0.15,-0.1343899497155414,0.15812120804544644,-5.433557976005447,3.6728450369442753,0.0005361132260706241,-0.1387264639935,0.3550235702247085,-6.543333796731402,0.004752897054118801,-65.75139310334647,-66.76754149241903,-111.03106339558244,-117.15770473594965,-1.016148389072555,-6.126641340367215,False,False,0.006219909015942573,0.02651618440889418,4.263114515168817,0.004367528563327716,0.17192225003263104,39.363737990448236,-7.531165176532988,-5.433557976005447,-1.7607129390611713,2.2228450369442756,-0.3535579760054466,-0.061878791954553564,-0.00046388677392937593,2.2228450369442756,0.3535579760054466,0.061878791954553564,0.00046388677392937593,True,True,strong,low,low,low,-0.13523472161424197,0.07283056035138237,0.0067612799303652105,0.006644601954486927,0.008579053654351012,1200,500,10,105.19164824485779
-5.08,1.45,0.22,0.001,55,1561142378,True,,60,-0.15,-0.14512229458280418,0.06719562299229437,-4.981943980090186,-0.11830439472888951,0.0008443435536654923,-0.14886277216149596,0.45898645923061765,-7.27161773304864,0.00694309257051706,-59.08647183188738,-59.11177647987169,-97.70122085266425,-101.84617471085498,-0.025304647984313533,-4.144953858190732,False,False,0.006219909015942573,0.02651618440889418,4.263114515168817,0.006860712497075836,0.006095232475229209,0.8884255793880173,-7.076951092086331,-4.981943980090186,-5.100248374819076,-1.5683043947288895,0.09805601990981394,-0.15280437700770563,-0.00015565644633450777,1.5683043947288895,0.09805601990981394,0.15280437700770563,0.00015565644633450777,True,True,strong,low,low,low,-0.15573048037280185,0.08240055597539363,0.006855412735785176,0.006793052367782096,0.00802585967429935,1200,500,10,97.65964341163635
-5.08,1.45,0.22,0.001,56,1197318291,True,,60,-0.15,-0.15989894024438867,0.32632829713711986,-4.7317092562428815,-4.9999999782912,0.0005033198679246035,-0.14796551923976273,0.45274737619863475,-5.0852193439530335,0.001254809604363957,-63.54417505228199,-61.498212737994116,-106.61662729345349,-106.61904722709983,2.045962314287877,-0.002419933646336858,True,False,0.006219909015942573,0.02651618440889418,4.263114515168817,0.008811397225175191,5.9370728779986455e-05,0.0067379471453582135,-7.5942846696489426,-4.7317092562428815,-9.731709234534081,-6.4499999782912,0.34829074375711855,0.10632829713711986,-0.0004966801320753965,6.4499999782912,0.34829074375711855,0.10632829713711986,0.0004966801320753965,True,True,strong,low,low,low,-0.15196694684651144,0.08366853851760374,0.006889732674699945,0.006908699855065743,0.008669430878538997,1200,500,10,84.08910608291626
-5.08,1.45,0.22,0.001,57,595713311,True,,60,-0.15,-0.17554585860249755,0.2808378682657426,-4.681483280521635,-3.243546298198377,0.0010081002853099107,-0.17800712253293452,0.40451845793280145,-5.733440533116973,0.004731551297204687,-58.120698943668444,-57.89370031099835,-95.76967507622638,-99.41002237310829,0.2269986326700959,-3.640347296881913,True,False,0.006219909015942573,0.02651618440889418,4.263114515168817,0.00926526070893824,0.00036157915462347456,0.03902525422459593,-6.899687624886949,-4.681483280521635,-7.925029578720013,-4.693546298198377,0.39851671947836476,0.060837868265742584,8.100285309910714e-06,4.693546298198377,0.39851671947836476,0.060837868265742584,8.100285309910714e-06,True,True,strong,low,low,low,-0.16997901617260738,0.08704047541161056,0.006901307883901759,0.006681413081083382,0.008716919176031053,1200,500,10,97.65869164466858
-5.08,1.45,0.22,0.001,58,2054036430,True,,60,-0.15,-0.1258686222455803,0.22052824785665393,-4.790064584084577,-4.371918529702348,0.0006453377191213179,-0.12750096574544595,0.4536559075516718,-5.961993415186633,0.00420932136244569,-64.169445418896,-63.77179233700624,-107.8671680266815,-111.16620642512407,0.39765308188976434,-3.299038398442576,True,False,0.006219909015942573,0.02651618440889418,4.263114515168817,0.008311920546808209,0.00010495455470956054,0.012626992055387627,-7.3457367826598885,-4.790064584084577,-9.161983113786924,-5.821918529702348,0.2899354159154228,0.0005282478566539239,-0.00035466228087868213,5.821918529702348,0.2899354159154228,0.0005282478566539239,0.00035466228087868213,True,True,strong,low,low,low,-0.13482080900104237,0.08055009375107512,0.006892556886217944,0.006849589652272992,0.008062604468140746,1200,500,10,86.79976463317871
-5.08,1.45,0.22,0.001,59,704424239,True,,60,-0.15,-0.14826871384422513,0.13883103649910564,-5.158207094124145,1.4713523528689159,0.0009187496208533719,-0.14520456468983703,0.44233975661650365,-5.07509154018436,0.0010946652878326573,-60.84103598885689,-58.60746651190982,-101.21034916660327,-100.83755477493123,2.2335694769470678,0.37279439167203066,True,True,0.006219909015942573,0.02651618440889418,4.263114515168817,0.005752003246655463,0.025050669099346504,4.355120820544107,-6.992496920113915,-5.158207094124145,-3.686854741255229,0.021352352868915903,-0.07820709412414484,-0.08116896350089436,-8.12503791466281e-05,0.021352352868915903,0.07820709412414484,0.08116896350089436,8.12503791466281e-05,True,True,strong,low,low,low,-0.1442684538325578,0.08357797039015476,0.006861164248164144,0.0067366484669938555,0.008935366418779775,1200,500,10,87.18503022193909
-5.08,1.45,0.22,0.001,60,1945325502,True,,60,-0.15,-0.12798564457608308,0.14355152510837882,-5.098441168862598,0.8560833389247204,0.0008420156978339993,-0.1276655705103638,0.3876558994426779,-6.632669643188665,0.00572508058649056,-63.10650418513601,-62.88389629583215,-105.74128555916153,-109.3904143427759,0.222607889303859,-3.6491287836143727,True,False,0.006219909015942573,0.02651618440889418,4.263114515168817,0.0061062577751577,0.014373661208784045,2.3539230962801656,-7.079711900387423,-5.098441168862598,-4.242357829937878,-0.5939166610752795,-0.018441168862597834,-0.07644847489162118,-0.00015798430216600067,0.5939166610752795,0.018441168862597834,0.07644847489162118,0.00015798430216600067,True,True,strong,low,low,low,-0.12901538575410199,0.07909507973869126,0.006806305317201906,0.006582238191073269,0.008519593610367951,1200,500,10,83.77744030952454
-5.08,1.45,0.22,0.001,61,1334348480,True,,60,-0.15,-0.15164608957082668,-0.22886315953341219,-5.6082088136718165,4.999999644015439,0.001008754498420081,-0.1534791490188314,-0.3153343455935988,-13.772090769835795,0.006821506001559857,-65.0760919393135,-64.4521339467417,-109.68046106751649,-112.52688964459499,0.6239579925718033,-2.8464285770784983,True,False,0.006219909015942573,0.02651618440889418,4.263114515168817,0.0036676328916123405,0.5443247901014494,148.41310626979273,-6.899038878989731,-5.6082088136718165,-0.6082091696563774,3.549999644015439,-0.5282088136718164,-0.44886315953341216,8.754498420080956e-06,3.549999644015439,0.5282088136718164,0.44886315953341216,8.754498420080956e-06,True,True,strong,low,low,low,-0.14935355677470252,0.07293430796399225,0.006745300452051366,0.006568074028125563,0.008469881497145063,1200,500,10,105.03685665130615
-5.08,1.45,0.22,0.001,62,1935953460,True,,60,-0.15,-0.12820169976342688,0.12112185175518396,-4.916069574446924,-4.179361557711333,0.0006980794790341882,-0.1380471431274644,0.38789411268737684,-6.1569740867356515,0.00473194060332876,-64.03528646512207,-63.984961461385225,-107.59885011913363,-111.59254467388205,0.050325003736844565,-3.9936945547484157,True,False,0.006219909015942573,0.02651618440889418,4.263114515168817,0.007327875990502576,0.00011217716207550061,0.015308277899474528,-7.267177594873077,-4.916069574446924,-9.095431132158257,-5.629361557711333,0.16393042555307602,-0.09887814824481604,-0.00030192052096581184,5.629361557711333,0.16393042555307602,0.09887814824481604,0.00030192052096581184,True,True,strong,low,low,low,-0.12993764989094306,0.07257085431609059,0.0067939810926159186,0.006694797340230333,0.007982431259196572,1200,500,10,105.82441401481628
-5.08,1.45,0.22,0.001,63,822507209,True,,60,-0.15,-0.14381025341210202,0.20188415870435805,-5.267849437599454,2.696240552878979,0.0006431013830773099,-0.15202461142539225,0.43946741422645286,-5.284817789731703,0.001571900722824599,-64.33383861329398,-63.79229754113614,-108.19595441547744,-111.20721683338388,0.541541072157834,-3.011262417906437,True,False,0.006219909015942573,0.02651618440889418,4.263114515168817,0.005154684131453127,0.07641250755771765,14.82389717954971,-7.349208174184641,-5.267849437599454,-2.5716088847204746,1.246240552878979,-0.1878494375994535,-0.01811584129564195,-0.00035689861692269015,1.246240552878979,0.1878494375994535,0.01811584129564195,0.00035689861692269015,True,True,strong,low,low,low,-0.1470573246962874,0.07844925231623262,0.006823390206632327,0.0067065830662895315,0.00818824877627885,1200,500,10,95.2485134601593
-5.08,1.45,0.22,0.001,64,1827242532,True,,60,-0.15,-0.16116795016150334,0.10506535118967883,-4.952111117297383,-1.8879084472183851,0.0009777363849665125,-0.1649425457966685,0.40068803183664603,-6.129414913330724,0.0053353417760371976,-60.796313500660936,-60.90888955957915,-101.12090419021138,-105.4404008702699,-0.11257605891821498,-4.319496680058521,False,False,0.006219909015942573,0.02651618440889418,4.263114515168817,0.007068470795561606,0.001070082463789569,0.15138811416770503,-6.930270469287262,-4.952111117297383,-6.840019564515768,-3.337908447218385,0.12788888270261722,-0.11493464881032117,-2.2263615033487477e-05,3.337908447218385,0.12788888270261722,0.11493464881032117,2.2263615033487477e-05,True,True,strong,low,low,low,-0.1623929784702388,0.08140044532854299,0.006852373224663386,0.006744788689009548,0.00816616592642766,1200,500,10,103.91176342964172
-5.08,1.45,0.22,0.001,65,1965458672,True,,60,-0.15,-0.1602234511080944,0.09852403285403229,-4.709367989738252,-4.984773287800213,0.0008938513402897662,-0.15586302488711307,0.47682875524339097,-6.953082632456871,0.006751996893811842,-61.310515258434485,-60.719702503315474,-102.14930770575847,-105.06202675774254,0.5908127551190105,-2.9127190519840696,True,False,0.006219909015942573,0.02651618440889418,4.263114515168817,0.009010470493072895,6.164359186583887e-05,0.00684132886437278,-7.019971082647159,-4.709367989738252,-9.694141277538463,-6.434773287800213,0.3706320102617484,-0.12147596714596771,-0.00010614865971023384,6.434773287800213,0.3706320102617484,0.12147596714596771,0.00010614865971023384,True,True,strong,low,low,low,-0.15559270140465417,0.07877190439141361,0.006836825530200997,0.006694646035922845,0.007904593143085335,1200,500,10,96.88101029396057
-5.08,1.45,0.22,0.001,66,1817870490,True,,60,-0.15,-0.12629657337520528,0.36135191690302143,-5.245752124056815,4.9998558967668725,0.0006844000126619877,-0.12479598771640193,0.4724799889695039,-4.7626503882963185,0.001045716422546478,-58.05870319770558,-56.65154225144481,-95.64568358430066,-96.92570625400121,1.407160946260774,-1.280022669700557,True,False,0.006219909015942573,0.02651618440889418,4.263114515168817,0.005269856617751263,0.78200337132413,148.39177382739192,-7.286967997445377,-5.245752124056815,-0.24589622728994254,3.5498558967668723,-0.16575212405681494,0.14135191690302143,-0.0003155999873380123,3.5498558967668723,0.16575212405681494,0.14135191690302143,0.0003155999873380123,True,True,strong,low,low,low,-0.13595937387044185,0.08972911226320579,0.006944193449231198,0.006809793579523639,0.008879893428444507,1200,500,10,81.10862064361572
-5.08,1.45,0.22,0.001,67,172652937,True,,60,-0.15,-0.16450576209000176,0.1843647796452964,-5.201488451958824,4.924236675430742,0.0007618389871101751,-0.15199810790751633,0.4651728619484686,-4.810311863191503,0.0015476922575418672,-56.05751947611516,-54.56451836040492,-91.64331614111981,-92.75165847192143,1.4930011157102427,-1.1083423308016194,True,False,0.006219909015942573,0.02651618440889418,4.263114515168817,0.005508359387556434,0.7578636608061885,137.5842800885918,-7.1797753276102725,-5.201488451958824,-0.27725177652808153,3.474236675430742,-0.12148845195882352,-0.035635220354703595,-0.00023816101288982492,3.474236675430742,0.12148845195882352,0.035635220354703595,0.00023816101288982492,True,True,strong,low,low,low,-0.16331899872965103,0.08845935297659764,0.006868276862388036,0.006626510075594859,0.008597870329442429,1200,500,10,85.33432292938232
-5.08,1.45,0.22,0.001,68,1709159562,True,,60,-0.15,-0.11903815532412915,-0.12509872181792017,-5.10651561401186,2.450164819704888,0.0008723336643783599,-0.11798042428664524,-0.09252385437615548,-11.202205620063655,0.00825751452151167,-58.89051460203316,-58.77514583851681,-97.30930639295582,-101.17291342814522,0.11536876351634362,-3.8636070351894034,True,False,0.006219909015942573,0.02651618440889418,4.263114515168817,0.006057151650834606,0.07020394350052601,11.590256864520258,-7.0443385646085845,-5.10651561401186,-2.656350794306972,1.000164819704888,-0.026515614011859867,-0.3450987218179202,-0.0001276663356216401,1.000164819704888,0.026515614011859867,0.3450987218179202,0.0001276663356216401,True,True,strong,low,low,low,-0.12220251860470953,0.0877749836122409,0.006935629754654256,0.006836150448291082,0.009123187251233868,1200,500,10,85.42931604385376
-5.08,1.45,0.22,0.001,69,2083541642,True,,60,-0.15,-0.1408358979488844,0.42156266480316623,-5.456396235909898,4.994834090553092,0.0007184637051765412,-0.15025931199798903,0.45181296641690405,-5.413329414817934,0.0022642166128882383,-64.36186600664344,-63.275605387115796,-108.25200920217637,-110.17383252534319,1.0862606195276427,-1.9218233231668194,True,False,0.006219909015942573,0.02651618440889418,4.263114515168817,0.004268912210183082,0.6302982585504859,147.6484470790872,-7.238395368437123,-5.456396235909898,-0.4615621453568055,3.544834090553092,-0.37639623590989757,0.20156266480316623,-0.0002815362948234588,3.544834090553092,0.37639623590989757,0.20156266480316623,0.0002815362948234588,True,True,strong,low,low,low,-0.13898844354542975,0.07857001237102848,0.00683220616808662,0.006731020960780204,0.008486428049612388,1200,500,10,77.08980751037598
-5.08,1.45,0.22,0.001,70,1699787520,True,,60,-0.15,-0.17293854359190808,0.12978234117737195,-4.675427706635336,-4.999999966449604,0.0006758293768508101,-0.18237167570245777,0.3548743597330686,-6.446155351976431,0.005893090203709095,-62.54183004182745,-61.48494879810386,-104.6119372725444,-106.59251934731931,1.0568812437235948,-1.9805820747749152,True,False,0.006219909015942573,0.02651618440889418,4.263114515168817,0.009321537401600317,6.280802706920996e-05,0.006737947225146263,-7.2995699148880995,-4.675427706635336,-9.67542767308494,-6.449999966449604,0.40457229336466405,-0.09021765882262806,-0.00032417062314918994,6.449999966449604,0.40457229336466405,0.09021765882262806,0.00032417062314918994,True,True,strong,low,low,low,-0.1793480617679731,0.07876781136901805,0.006845523760099193,0.006771393386397441,0.008839115829300961,1200,500,10,93.88189101219177
-5.08,1.45,0.22,0.001,71,54569967,True,,60,-0.15,-0.14709655142356906,-0.1189803291888216,-4.7517181543789055,-3.745648024007867,0.0008616787654565861,-0.1492294717953037,0.24549958220169446,-9.011754583180199,0.007545791015893485,-60.830766152382694,-60.82807994696988,-101.18980949365488,-105.27878164505135,0.002686205412814502,-4.088972151396476,True,False,0.006219909015942573,0.02651618440889418,4.263114515168817,0.008636843017949635,0.00020400497475024624,0.023620317554258002,-7.0566280186395876,-4.7517181543789055,-8.497366178386773,-5.195648024007867,0.3282818456210945,-0.3389803291888216,-0.00013832123454341394,5.195648024007867,0.3282818456210945,0.3389803291888216,0.00013832123454341394,True,True,strong,low,low,low,-0.1532844763972977,0.0780722849160653,0.006843218094342047,0.006770465738057717,0.007956341438849684,1200,500,10,107.13096237182617
-5.08,1.45,0.22,0.001,72,1590647590,True,,60,-0.15,-0.14674785618638939,0.009087503628120169,-5.352208078193389,-4.999998802737891,0.0003833283009781796,-0.1469709863792653,0.38714034864351476,-7.346372005264271,0.003453198896105416,-79.23642837222806,-79.31911654435635,-138.0011339333456,-142.2608548398243,-0.08268817212828594,-4.259720906478691,False,False,0.006219909015942573,0.02651618440889418,4.263114515168817,0.004737678277280514,3.192226335032808e-05,0.006737955066178931,-7.8666187532442695,-5.352208078193389,-10.35220688093128,-6.449998802737891,-0.27220807819338866,-0.21091249637187984,-0.0006166716990218204,6.449998802737891,0.27220807819338866,0.21091249637187984,0.0006166716990218204,True,True,strong,low,low,low,-0.14786021796361482,0.06272044308442488,0.006703303765920957,0.006653112503498643,0.007819764511874149,1200,500,10,111.165842294693
-5.08,1.45,0.22,0.001,73,2093342686,True,,60,-0.15,-0.16544644060200547,0.5145515509911001,-4.471858865246362,-4.999999649224489,0.0008938946933042995,-0.15652089200406366,0.476997167657696,-4.818977803864593,0.0017930982554801482,-57.522190885559915,-55.889114640899756,-94.57265896000933,-95.4008510329111,1.6330762446601597,-0.8281920729017713,True,False,0.006219909015942573,0.02651618440889418,4.263114515168817,0.0114260565980714,7.69881907719231e-05,0.0067379493625926825,-7.019922582453365,-4.471858865246362,-9.471858514470851,-6.449999649224489,0.6081411347536383,0.2945515509911001,-0.00010610530669570052,6.449999649224489,0.6081411347536383,0.2945515509911001,0.00010610530669570052,True,True,strong,low,low,low,-0.15732475317510541,0.09969989942288633,0.006962385572387767,0.006804098370223955,0.00929019469112765,1200,500,10,87.14053630828857
-5.08,1.45,0.22,0.001,74,1600019632,True,,60,-0.15,-0.1318205011988103,0.04080105895359052,-4.997445469367209,-4.56604108211581,0.0006349761916527844,-0.12842595159482395,0.3221953142999477,-7.123478305882564,0.005149506456501344,-69.37124372546626,-68.90584585837698,-118.270764639822,-121.43431346786555,0.46539786708927977,-3.1635488280435453,True,False,0.006219909015942573,0.02651618440889418,4.263114515168817,0.0067551812944924815,7.024744984957248e-05,0.010399047307116018,-7.361923053234662,-4.997445469367209,-9.56348655148302,-6.016041082115811,0.08255453063279106,-0.1791989410464095,-0.00036502380834721557,6.016041082115811,0.08255453063279106,0.1791989410464095,0.00036502380834721557,True,True,strong,low,low,low,-0.13301487342346813,0.07477402458786159,0.0067853564668426255,0.006680285009168001,0.008096134036847828,1200,500,10,99.3011794090271
-5.08,1.45,0.22,0.001,75,2083970644,True,,60,-0.15,-0.16413280289229698,0.1570676711784898,-4.483992600004187,-4.999999684013423,0.0009201915104441906,-0.15819354115936718,0.3731586713345383,-5.92493229023259,0.0058849160945804,-56.62488911861897,-55.975078679857575,-92.77805542612742,-95.57277911082674,0.6498104387613921,-2.7947236846993206,True,False,0.006219909015942573,0.02651618440889418,4.263114515168817,0.011288253581305174,7.605967837690463e-05,0.006737949128186614,-6.990928746057914,-4.483992600004187,-9.48399228401761,-6.449999684013423,0.5960073999958126,-0.0629323288215102,-7.980848955580942e-05,6.449999684013423,0.5960073999958126,0.0629323288215102,7.980848955580942e-05,True,True,strong,low,low,low,-0.15970918237198475,0.08746079325690607,0.0068877999482390645,0.006765161202215248,0.008869131521672312,1200,500,10,94.81217002868652
-5.08,1.45,0.22,0.001,76,1708730560,True,,60,-0.15,-0.14349834114233184,-0.10630318036121114,-4.8145429276816625,-4.957563513187296,0.0006975948846228661,-0.14069932540836116,-0.0917465949747322,-6.93088388444004,0.006044157641791162,-63.65979719862323,-63.563184291207676,-106.84787158613597,-110.74899033352695,0.09661290741555462,-3.9011187473909814,True,False,0.006219909015942573,0.02651618440889418,4.263114515168817,0.00811092851168274,5.702011595660515e-05,0.007030035571695038,-7.267872018219116,-4.8145429276816625,-9.772106440868958,-6.407563513187296,0.2654570723183376,-0.32630318036121114,-0.0003024051153771339,6.407563513187296,0.2654570723183376,0.32630318036121114,0.0003024051153771339,True,True,strong,low,low,low,-0.14688717358003228,0.08429114051163021,0.0068339780688604825,0.006683015236540909,0.009047330923694976,1200,500,10,101.28022170066833
-5.08,1.45,0.22,0.001,77,941019181,True,,60,-0.15,-0.16428094830902024,0.24823434371846614,-4.734355587694274,-2.962187768927982,0.0007971477096247373,-0.1547024695265985,0.45215337654710197,-5.3937033304274,0.0026771583920957814,-59.515028529209324,-59.585057098731056,-98.55833424730815,-102.7927359485737,-0.07002856952173175,-4.234401701265554,False,False,0.006219909015942573,0.02651618440889418,4.263114515168817,0.00878811017378582,0.0004543951533659463,0.05170567327676069,-7.134470564319898,-4.734355587694274,-7.696543356622255,-4.412187768927982,0.3456444123057265,0.028234343718466143,-0.00020285229037526268,4.412187768927982,0.3456444123057265,0.028234343718466143,0.00020285229037526268,True,True,strong,low,low,low,-0.15989817172819484,0.08156695871866716,0.006841518347290991,0.006734553880125025,0.008364860590547318,1200,500,10,89.50288248062134
-5.08,1.45,0.22,0.001,78,1718102602,True,,60,-0.15,-0.14674436857689782,0.10114204175936534,-5.032604558929985,1.8901326732031816,0.0009587383158145052,-0.15096496323946826,0.37758488529548306,-6.450417727527556,0.0068456804191834066,-57.080288575285955,-57.24787109990426,-93.68885433946141,-98.11836395092011,-0.1675825246183038,-4.429509611458698,False,False,0.006219909015942573,0.02651618440889418,4.263114515168817,0.006521802012596929,0.04317593989641575,6.620246952149263,-6.949892392251979,-5.032604558929985,-3.1424718857268035,0.4401326732031816,0.04739544107001503,-0.11885795824063466,-4.1261684185494836e-05,0.4401326732031816,0.04739544107001503,0.11885795824063466,4.1261684185494836e-05,True,True,strong,low,low,low,-0.15176188553022862,0.08716750365457204,0.006869919766204261,0.006645584268010132,0.009787950488800169,1200,500,10,86.53503632545471
-5.08,1.45,0.22,0.001,79,1215836508,True,,60,-0.15,-0.16786423270986175,0.15948281504808262,-5.18795350854261,4.886320440804664,0.0010259727464302863,-0.1644195311467256,0.4443419508852103,-4.848885088046507,0.001865497559772198,-55.10630417968334,-52.80784851945727,-89.74088554825619,-89.23831879002614,2.298455660226068,0.5025667582300457,True,True,0.006219909015942573,0.02651618440889418,4.263114515168817,0.00558342155536779,0.739609401656167,132.46526244200948,-6.882114095519804,-5.18795350854261,-0.30163306773794574,3.436320440804664,-0.10795350854260999,-0.06051718495191738,2.597274643028626e-05,3.436320440804664,0.10795350854260999,0.06051718495191738,2.597274643028626e-05,True,True,strong,low,low,low,-0.16265916647115902,0.09001443272616062,0.006922645488747992,0.006751684308643761,0.008441024124280412,1200,500,10,92.38917803764343
-5.08,1.45,0.22,0.001,80,1826813530,True,,60,-0.15,-0.15120971067682482,0.21538234761174102,-4.821089645422564,0.11115199887073388,0.0007786174094890484,-0.16191446027396736,0.4222810371704358,-5.106153672646664,0.0016414845805234638,-57.37007935115945,-56.22600416956878,-94.26843589120838,-96.07463009024916,1.1440751815906651,-1.8061941990407746,True,False,0.006219909015942573,0.02651618440889418,4.263114515168817,0.00805800198863743,0.009005339078874266,1.1175647625270722,-7.157990763046828,-4.821089645422564,-4.70993764655183,-1.338848001129266,0.25891035457743605,-0.00461765238825898,-0.00022138259051095166,1.338848001129266,0.25891035457743605,0.00461765238825898,0.00022138259051095166,True,True,strong,low,low,low,-0.15974737458676222,0.08614343772925494,0.006864499793087034,0.006679659384463301,0.008577412161092953,1200,500,10,88.5129075050354
-5.08,1.45,0.22,0.001,81,1324547436,True,,60,-0.15,-0.15404087906584926,0.09985747987517304,-5.2425486180030045,0.5963355281873517,0.0006087497984822099,-0.15937443817789398,0.43331404829747816,-6.274903179142343,0.004107060117615455,-67.6678465362821,-67.4771940002058,-114.86397026145369,-118.57700975152319,0.19065253607629984,-3.713039490069505,True,False,0.006219909015942573,0.02651618440889418,4.263114515168817,0.005286765705049985,0.009597879504877034,1.815453916504948,-7.404103214602913,-5.2425486180030045,-4.646213089815653,-0.8536644718126483,-0.16254861800300446,-0.12014252012482696,-0.0003912502015177901,0.8536644718126483,0.16254861800300446,0.12014252012482696,0.0003912502015177901,True,True,strong,low,low,low,-0.15644143355152693,0.06819852693287937,0.0067386685619996115,0.006643899439274117,0.0079674839625161,1200,500,10,89.29208564758301
-5.08,1.45,0.22,0.001,82,1935524458,True,,60,-0.15,-0.17848984551768565,0.0214423057212329,-4.665703047488938,-4.121573597015612,0.0010170488385696718,-0.18092761894749762,0.3587629775701936,-6.616854080318815,0.0063323603116584035,-59.945904568159335,-60.199310494567705,-99.42008632520816,-104.021242740247,-0.25340592640836945,-4.601156415038844,False,False,0.006219909015942573,0.02651618440889418,4.263114515168817,0.009412628372006541,0.00015266315812373393,0.0162189722243533,-6.890850140876342,-4.665703047488938,-8.78727664450455,-5.571573597015612,0.41429695251106224,-0.1985576942787671,1.7048838569671794e-05,5.571573597015612,0.41429695251106224,0.1985576942787671,1.7048838569671794e-05,True,True,strong,low,low,low,-0.17639100514840997,0.08939100011932458,0.006959533554481794,0.006849737471149432,0.008615711367719815,1200,500,10,100.00603914260864
-5.08,1.45,0.22,0.001,83,1333919478,True,,60,-0.15,-0.15716250203934473,-0.0694894165126889,-4.958437508362114,0.3068054397692526,0.0006873642610770232,-0.15704273091675802,0.15756796619135383,-8.984315047572009,0.007753555604422858,-59.97414908015054,-60.378693919892065,-99.47657534919057,-104.38000959089572,-0.40454483974152566,-4.903434241705156,False,False,0.006219909015942573,0.02651618440889418,4.263114515168817,0.007023894038752597,0.009546009467780675,1.359076520105931,-7.282646186350502,-4.958437508362114,-4.651632068592861,-1.1431945602307474,0.1215624916378859,-0.2894894165126889,-0.00031263573892297686,1.1431945602307474,0.1215624916378859,0.2894894165126889,0.00031263573892297686,True,True,strong,low,low,low,-0.15386505068852646,0.079958920003426,0.0068664310798536715,0.006748925533085934,0.008054730564026833,1200,500,10,92.26975345611572
-5.08,1.45,0.22,0.001,84,1315830263,True,,60,-0.15,-0.14698148975117523,-0.09919850925422183,-5.329976981166691,-2.739237468659128,0.0006106427890773562,-0.14560638471080833,0.38670759426799234,-8.165079377238587,0.004900112449168008,-73.0745008795386,-72.60769202387785,-125.6772789479667,-128.8380057988673,0.4668088556607586,-3.160726850900602,True,False,0.006219909015942573,0.02651618440889418,4.263114515168817,0.004844181518372481,0.00031302908455948104,0.06461960258348264,-7.400998403018624,-5.329976981166691,-8.06921444982582,-4.189237468659128,-0.2499769811666912,-0.31919850925422183,-0.00038935721092264383,4.189237468659128,0.2499769811666912,0.31919850925422183,0.00038935721092264383,True,True,strong,low,low,low,-0.1404472234131388,0.07022277444746086,0.0067414174590593465,0.006579118072712116,0.008003188759851515,1200,500,10,120.3451247215271
-5.08,1.45,0.22,0.001,85,1442630406,True,,60,-0.15,-0.12784615716769082,0.332731524553843,-5.336483910617818,4.952403900551217,0.0006917570048025326,-0.12074935518521158,0.4730166381831549,-5.058602629047315,0.0011568568047760214,-61.316052935787376,-60.53679922626079,-102.16038306046426,-104.69622020363317,0.7792537095265857,-2.5358371431689193,True,False,0.006219909015942573,0.02651618440889418,4.263114515168817,0.004812763100553004,0.6810769319888056,141.5147427286723,-7.276275813143185,-5.336483910617818,-0.38408001006660086,3.502403900551217,-0.25648391061781783,0.11273152455384303,-0.0003082429951974674,3.502403900551217,0.25648391061781783,0.11273152455384303,0.0003082429951974674,True,True,strong,low,low,low,-0.13500619541116468,0.08359138618105853,0.0068419599863154285,0.006738661663311257,0.008158645455122614,1200,500,10,88.49381899833679
-5.08,1.45,0.22,0.001,86,1207119335,True,,60,-0.15,-0.1691656988887099,-0.006360138481808789,-4.35925631488538,-3.8971457687843967,0.0008082243129257541,-0.16339488260040103,-0.47561555610186845,-19.789876716471742,0.010265243558916275,-51.40950100260021,-52.1254000107052,-82.34727919408991,-87.873421772522,-0.7158990081049907,-5.526142578432086,False,False,0.006219909015942573,0.02651618440889418,4.263114515168817,0.012787894280751477,0.00025959130081075856,0.02029976907155848,-7.120670922963973,-4.35925631488538,-8.256402083669776,-5.347145768784396,0.7207436851146198,-0.2263601384818088,-0.00019177568707424595,5.347145768784396,0.7207436851146198,0.2263601384818088,0.00019177568707424595,True,True,strong,low,low,low,-0.16301223356714717,0.09906654789840233,0.006945986136349753,0.006800203485609217,0.009006312278547823,1200,500,10,96.28208827972412
-5.08,1.45,0.22,0.001,87,1452002448,True,,60,-0.15,-0.15486818213567685,0.27931264723500204,-4.821768721066968,0.35012153124119344,0.0008758263325488966,-0.15482552108373224,0.4408278674381984,-5.397747318950565,0.0038218177430444722,-56.50299586936511,-56.75789595460842,-92.5342689276197,-97.13841366032844,-0.25490008524331387,-4.604144732708733,False,False,0.006219909015942573,0.02651618440889418,4.263114515168817,0.008052531853272442,0.011428475469406221,1.419240020113902,-7.040342737197072,-4.821768721066968,-4.471647189825775,-1.0998784687588066,0.25823127893303166,0.05931264723500204,-0.00012417366745110338,1.0998784687588066,0.25823127893303166,0.05931264723500204,0.00012417366745110338,True,True,strong,low,low,low,-0.14908824053354613,0.08911888319507824,0.0069152531529241,0.0067443807746960915,0.008333622064266131,1200,500,10,77.30535292625427
-5.08,1.45,0.22,0.001,88,1197747293,True,,60,-0.15,-0.14401451223442893,0.13162958135617192,-4.6429852444433655,-4.9999999782912,0.0006565547710609296,-0.14447511271387853,0.36990117828684665,-4.905319145145419,0.00041084099485046545,-61.79932865660453,-58.472132937229354,-103.12693450209855,-100.5668876255703,3.327195719375176,2.560046876528247,True,True,0.006219909015942573,0.02651618440889418,4.263114515168817,0.009628910029746465,6.48790868478412e-05,0.0067379471453582135,-7.328504438819577,-4.6429852444433655,-9.642985222734566,-6.4499999782912,0.4370147555566346,-0.08837041864382808,-0.00034344522893907045,6.4499999782912,0.4370147555566346,0.08837041864382808,0.00034344522893907045,True,True,strong,low,low,low,-0.1459981030840501,0.08189716440451278,0.00686110577850482,0.00672033499972827,0.008265547828020295,1200,500,10,91.76062273979187
-5.08,1.45,0.22,0.001,89,1560713376,True,,60,-0.15,-0.13913165455782925,0.070423001858885,-4.510780260721526,-4.334647661256624,0.0008102605546928618,-0.1406021093392853,0.2936679474609279,-6.979255048549162,0.007900424159340967,-56.305846072817175,-56.19328117684396,-92.13996933452384,-96.00918410479952,0.11256489597321462,-3.8692147702756756,True,False,0.006219909015942573,0.02651618440889418,4.263114515168817,0.010989881856432475,0.0001440387896665581,0.013106491184184197,-7.11815468956296,-4.510780260721526,-8.84542792197815,-5.784647661256624,0.5692197392784744,-0.149576998141115,-0.00018973944530713824,5.784647661256624,0.5692197392784744,0.149576998141115,0.00018973944530713824,True,True,strong,low,low,low,-0.13688889395730258,0.08612266397193417,0.006904971653259737,0.006757655297954964,0.00856841243201245,1200,500,10,85.26613020896912
-5.08,1.45,0.22,0.001,90,1089036365,True,,60,-0.15,-0.13172425253604292,0.28244562485610786,-4.898712632300457,-4.9999999782912,0.0006722347672040227,-0.14666149636202092,0.3874376364248962,-5.176457967578516,0.0011770995458630952,-66.70084341917202,-64.35353198089865,-112.92996402723352,-112.3296857129089,2.3473114382733655,0.6002783143246262,True,True,0.006219909015942573,0.02651618440889418,4.263114515168817,0.00745617573475976,5.02393180073137e-05,0.0067379471453582135,-7.3049029224933415,-4.898712632300457,-9.898712610591657,-6.4499999782912,0.181287367699543,0.062445624856107856,-0.0003277652327959773,6.4499999782912,0.181287367699543,0.062445624856107856,0.0003277652327959773,True,True,strong,low,low,low,-0.13841451159912552,0.08251760245895717,0.006867682578427096,0.006800586466761766,0.008205993968678743,1200,500,10,103.40037274360657
-5.08,1.45,0.22,0.001,91,1690641345,True,,60,-0.15,-0.14605061631636146,0.40922085583900475,-4.8586358694091984,-4.999899476168046,0.0006818843346674894,-0.16507127031470029,0.4534507335724646,-5.221915258115114,0.0006812075384507717,-64.63244490802484,-62.42092328944797,-108.79316700493916,-108.46446833000753,2.2115216185768674,0.32869867493162985,True,True,0.006219909015942573,0.02651618440889418,4.263114515168817,0.007761063777839024,5.229889341254176e-05,0.0067386243573820705,-7.2906505117658,-4.8586358694091984,-9.858535345577245,-6.449899476168047,0.22136413059080162,0.18922085583900475,-0.00031811566533251066,6.449899476168047,0.22136413059080162,0.18922085583900475,0.00031811566533251066,True,True,strong,low,low,low,-0.15904756434318687,0.07930570631402073,0.006832434554061613,0.006748277208692451,0.008766376964976981,1200,500,10,102.6247386932373
-5.08,1.45,0.22,0.001,92,1079664323,True,,60,-0.15,-0.1600712466202936,0.17234740763479406,-4.943311432916294,-4.864156335921991,0.0005506647887281609,-0.16054716938057745,0.44458237920078075,-5.473591633473399,0.0020593292547213884,-66.50621211970892,-65.75700533420404,-112.54070142830733,-115.13663241951967,0.7492067855048816,-2.5959309912123416,True,False,0.006219909015942573,0.02651618440889418,4.263114515168817,0.007130945583686935,5.503904206470573e-05,0.00771833712917618,-7.5043843028572255,-4.943311432916294,-9.807467768838286,-6.314156335921991,0.1366885670837057,-0.04765259236520594,-0.00044933521127183914,6.314156335921991,0.1366885670837057,0.04765259236520594,0.00044933521127183914,True,True,strong,low,low,low,-0.15748509954253626,0.07686517778484141,0.0068221261525741985,0.006759048222414165,0.008302407722009894,1200,500,10,104.54340982437134
-5.08,1.45,0.22,0.001,93,1581930417,True,,60,-0.15,-0.16766675623500682,0.17790655652375786,-5.332748680234175,4.99999997198676,0.0005792377975618433,-0.16225643617391863,0.4365705610603201,-5.532766303254723,0.002876667896567487,-62.47983551416352,-61.51009262581279,-104.48794821721654,-106.64280700273717,0.96974288835073,-2.1548587855206307,True,False,0.006219909015942573,0.02651618440889418,4.263114515168817,0.004830773495061859,0.7169503352270239,148.41315494504326,-7.453797460800578,-5.332748680234175,-0.332748708247415,3.54999997198676,-0.2527486802341752,-0.04209344347624214,-0.0004207622024381567,3.54999997198676,0.2527486802341752,0.04209344347624214,0.0004207622024381567,True,True,strong,low,low,low,-0.15355129286263475,0.07572349663984822,0.0067776951642752855,0.006675979795539048,0.008324280423038302,1200,500,10,96.12169051170349
-5.08,1.45,0.22,0.001,94,970953395,True,,60,-0.15,-0.1604398941403073,0.1485670039323578,-5.0491969572431925,1.4570126295689745,0.0006841128502603028,-0.16020009585031147,0.35298088656932286,-6.272736785957377,0.005815243193046027,-60.67542504870612,-60.509472361749545,-100.87912728630172,-104.64156647461068,0.1659526869565724,-3.76243918830896,True,False,0.006219909015942573,0.02651618440889418,4.263114515168817,0.0064144824822276745,0.027538112418214127,4.293115227068243,-7.287387668189701,-5.0491969572431925,-3.592184327674218,0.007012629568974527,0.030803042756807564,-0.0714329960676422,-0.00031588714973969725,0.007012629568974527,0.030803042756807564,0.0714329960676422,0.00031588714973969725,True,True,strong,low,low,low,-0.16427897628325122,0.08974918455073357,0.006909099137011429,0.006811053961103783,0.008678048203484673,1200,500,10,87.3047833442688
-5.08,1.45,0.22,0.001,95,1572558375,True,,60,-0.15,-0.13594473443584248,0.15239871122791937,-5.346494439465684,3.1743011073333958,0.000693647801782181,-0.14867997032372732,0.3177571919526251,-5.083744152696264,0.0003228689608150786,-64.07294107130848,-63.020554968955175,-107.67415933150644,-109.66373168902194,1.052386102353303,-1.9895723575154989,True,False,0.006219909015942573,0.02651618440889418,4.263114515168817,0.004764825139193524,0.11392746191166188,23.91010343161193,-7.273546216501624,-5.346494439465684,-2.1721933321322884,1.7243011073333958,-0.2664944394656841,-0.06760128877208063,-0.000306352198217819,1.7243011073333958,0.2664944394656841,0.06760128877208063,0.000306352198217819,True,True,strong,low,low,low,-0.14957662998593277,0.07462428135459503,0.006820426826843009,0.006765385947474844,0.007870029055346698,1200,500,10,100.37332653999329
-5.08,1.45,0.22,0.001,96,1185902294,True,,60,-0.15,-0.14613841618078754,0.3846026438459632,-5.209657201113888,-4.9999999782912,0.00043958750026994067,-0.1432712802882551,0.44042785323630296,-5.944393346407143,0.0020316855142735067,-74.99596477716402,-74.39686932223863,-129.52020674321753,-132.41636039558887,0.59909545492539,-2.896153652371339,True,False,0.006219909015942573,0.02651618440889418,4.263114515168817,0.005463546264237456,3.6813085954651296e-05,0.0067379471453582135,-7.729673770165866,-5.209657201113888,-10.209657179405088,-6.4499999782912,-0.12965720111388812,0.1646026438459632,-0.0005604124997300593,6.4499999782912,0.12965720111388812,0.1646026438459632,0.0005604124997300593,True,True,strong,low,low,low,-0.13956396633032483,0.07109686646093567,0.006775119879248702,0.00669256296113698,0.007869844010795287,1200,500,10,95.15566730499268
-5.08,1.45,0.22,0.001,97,1463847447,True,,60,-0.15,-0.1815170786344601,0.35922003183045437,-4.374723686385977,-4.950363325256065,0.0010895823622626912,-0.17089914076504573,0.4709001938783302,-4.806201181699674,0.0011403019880861201,-53.6235486938343,-51.678775274460676,-86.77537457655811,-86.98017230003295,1.9447734193736252,-0.20479772347484015,True,False,0.006219909015942573,0.02651618440889418,4.263114515168817,0.012591620998102484,8.915920093423563e-05,0.007080835815156097,-6.82196081005073,-4.374723686385977,-9.325087011642042,-6.400363325256065,0.7052763136140232,0.13922003183045437,8.958236226269114e-05,6.400363325256065,0.7052763136140232,0.13922003183045437,8.958236226269114e-05,True,True,strong,low,low,low,-0.17306231056466345,0.09370610080363284,0.006988752476752718,0.006825706214473816,0.008694396839880438,1200,500,10,84.59079194068909
-5.08,1.45,0.22,0.001,98,181370110,True,,60,-0.15,-0.14446777043495115,0.1041882307535644,-5.425720362984782,3.516496722357873,0.0007087490303377842,-0.14925477326071948,0.38337777038919046,-6.594491914067602,0.005264889164813971,-64.43406883235511,-65.07415444073112,-108.39641485359971,-113.77093063257384,-0.6400856083760118,-5.3745157789741285,False,False,0.006219909015942573,0.02651618440889418,4.263114515168817,0.004401894057870227,0.1481953948296505,33.66627930644747,-7.252009071053359,-5.425720362984782,-1.9092236406269087,2.066496722357873,-0.3457203629847818,-0.1158117692464356,-0.0002912509696622158,2.066496722357873,0.3457203629847818,0.1158117692464356,0.0002912509696622158,True,True,strong,low,low,low,-0.14748082413026664,0.07458162841751904,0.0067668732692923355,0.006622184617488902,0.008496081694350855,1200,500,10,94.83729219436646
-5.08,1.45,0.22,0.001,99,1454475405,True,,60,-0.15,-0.15175382807824814,0.29981223298927584,-4.946038879418786,-4.999999974902802,0.0007136613957540452,-0.1614166927824111,0.4583484628836181,-5.357810709320999,0.0012399074094296455,-68.59339723838166,-67.44755693844594,-116.7150716656528,-118.51773562800348,1.1458402999357133,-1.8026639623506782,True,False,0.006219909015942573,0.02651618440889418,4.263114515168817,0.007111522810423193,4.791706498200281e-05,0.00673794716818906,-7.245101943748566,-4.946038879418786,-9.94603885432159,-6.449999974902802,0.13396112058121368,0.07981223298927584,-0.00028633860424595483,6.449999974902802,0.13396112058121368,0.07981223298927584,0.00028633860424595483,True,True,strong,low,low,low,-0.16139447290332642,0.08134800659050072,0.006881107119441552,0.006822698876234065,0.008614380756695338,1200,500,10,92.07826590538025
-2.52,-3.5,0.22,0.001,0,1037075102,True,,60,-0.15,-0.13205327083309037,0.24766811393723415,-2.3917382887262026,-4.9998618770868655,0.004101740829964778,-0.13235335966220052,0.4557034707574357,-3.15516468525019,0.006089165440139569,-7.5165976056354795,-1.8886532420613142,5.438527599839544,12.600071764765772,5.627944363574166,7.161544164926228,True,True,0.08045960674953244,0.0024296695950245975,0.0301973834223185,0.0914705433871674,0.0006164088076208375,0.006738877728229557,-5.496343802711501,-2.3917382887262026,-7.391600165813069,-1.4998618770868655,0.12826171127379737,0.027668113937234146,0.003101740829964778,1.4998618770868655,0.12826171127379737,0.027668113937234146,0.003101740829964778,False,False,ictal_scale,mid,low,low,-0.15076592858532348,0.23363443520543753,0.047353420498279175,0.048658315098132385,0.08045960674953244,1200,500,10,77.18785762786865
-2.52,-3.5,0.22,0.001,1,1622046681,True,,60,-0.15,-0.10944510979587554,0.08010746596835791,-2.8955515036549087,-1.9308160277061157,0.004357967814760919,-0.126247914856863,0.23761762063475794,-4.312822470532764,0.032757137629021195,-7.3757875989243065,-7.571369453150079,5.72014761326189,1.2346393425882436,-0.19558185422577257,-4.485508270673646,False,False,0.08045960674953244,0.0024296695950245975,0.0301973834223185,0.055268535888465906,0.00801558480823417,0.14502980184620656,-5.435749427810313,-2.8955515036549087,-4.826367531361024,1.5691839722938843,-0.37555150365490864,-0.1398925340316421,0.0033579678147609192,1.5691839722938843,0.37555150365490864,0.1398925340316421,0.0033579678147609192,False,False,ictal_scale,mid,low,low,-0.11256624075521776,0.2128459016635187,0.047032016094321144,0.04532982964568372,0.08045960674953244,1200,500,10,75.55866384506226
-2.52,-3.5,0.22,0.001,2,1027703060,True,,60,-0.15,-0.1622787281106251,0.05179078048577785,-3.1118408556982677,-1.2125612574453672,0.004841339354341425,-0.17424687478818035,0.18638411314155365,-4.8153134704085705,0.03293625460978174,-9.783822779570949,-10.370888118655639,0.9040772519686051,-4.364397988422876,-0.58706533908469,-5.268475240391481,False,False,0.08045960674953244,0.0024296695950245975,0.0301973834223185,0.04451892694187498,0.013241464627968092,0.2974344966862404,-5.330563870431602,-3.1118408556982677,-4.324402113143635,2.2874387425546328,-0.5918408556982677,-0.16820921951422216,0.003841339354341425,2.2874387425546328,0.5918408556982677,0.16820921951422216,0.003841339354341425,False,False,ictal_scale,mid,low,low,-0.1700922754966756,0.19960804265377216,0.05009739087925524,0.051471222222817,0.08045960674953244,1200,500,10,75.91003012657166
-2.52,-3.5,0.22,0.001,3,1529969154,True,,60,-0.15,-0.16846719790713968,0.3030105716924484,-2.341081721860501,-4.999999965763555,0.004078272573633965,-0.16056881080866348,0.4063525406035259,-3.15711128258247,0.012250779438173641,-8.057664498331485,0.15205449131506352,4.356393814447532,16.681487231518528,8.209718989646548,12.325093417070995,True,True,0.08045960674953244,0.0024296695950245975,0.0301973834223185,0.09622349485568626,0.0006483488306015457,0.006737947229768821,-5.502081769035622,-2.341081721860501,-7.341081687624056,-1.4999999657635552,0.1789182781394989,0.08301057169244838,0.003078272573633965,1.4999999657635552,0.1789182781394989,0.08301057169244838,0.003078272573633965,False,False,ictal_scale,mid,low,low,-0.13789946786512122,0.24525024594587563,0.04728076024630234,0.04697053818663581,0.08045960674953244,1200,500,10,78.30114245414734
-2.52,-3.5,0.22,0.001,4,918992132,True,,60,-0.15,-0.13390837377853848,0.18483046685760335,-2.7342712704467775,-4.999999961941741,0.003007907150315978,-0.11177122888763057,0.25823849943782523,-3.1383030081716807,0.0017233890800061708,-14.19086567426063,-7.046562170370007,-7.910008537410757,2.284253908148388,7.144303503890623,10.194262445559145,True,True,0.08045960674953244,0.0024296695950245975,0.0301973834223185,0.06494131451973535,0.0004375711519381121,0.006737947255520002,-5.806510740952081,-2.7342712704467775,-7.734271232388519,-1.4999999619417412,-0.21427127044677752,-0.03516953314239665,0.002007907150315978,1.4999999619417412,0.21427127044677752,0.03516953314239665,0.002007907150315978,False,False,ictal_scale,mid,low,low,-0.14843494471605376,0.2091176215438412,0.051371103983686515,0.051653530837160885,0.08045960674953244,1200,500,10,88.2393229007721
-2.52,-3.5,0.22,0.001,5,1520597112,True,,60,-0.15,-0.14449839708186793,0.3910469149648269,-2.934693796552956,-4.011408309033261,0.005222169759036197,-0.13306352648191583,0.4384575053572888,-3.48796066127311,0.007762724355080509,-13.365746906535028,-11.830814362787285,-6.259771001959553,-7.284250476686168,1.5349325437477432,-1.0244794747266148,True,False,0.08045960674953244,0.0024296695950245975,0.0301973834223185,0.05314699060683135,0.000962379104326254,0.018107875786339506,-5.254842300800766,-2.934693796552956,-6.946102105586217,-0.5114083090332606,-0.4146937965529558,0.1710469149648269,0.004222169759036197,0.5114083090332606,0.4146937965529558,0.1710469149648269,0.004222169759036197,False,False,ictal_scale,mid,low,low,-0.13446284729751115,0.20716741646983072,0.04973212415343198,0.05095586661959368,0.08045960674953244,1200,500,10,78.61115431785583
-2.52,-3.5,0.22,0.001,6,1237863557,True,,60,-0.15,-0.22298210121334383,0.2340097837104439,-2.4960706517233526,-3.836572293372951,0.0050978860971643445,-0.22532044966799541,0.37491920252142247,-3.8216927790365416,0.03269070156155933,-4.293144145573407,-0.8399069849580734,11.885434519963688,14.697564278972255,3.453237160615334,2.8121297590085668,True,True,0.08045960674953244,0.0024296695950245975,0.0301973834223185,0.08240817368966158,0.0017773301701048982,0.021567401515268265,-5.278929315928982,-2.4960706517233526,-6.332642945096303,-0.33657229337295114,0.02392934827664739,0.014009783710443896,0.0040978860971643445,0.33657229337295114,0.02392934827664739,0.014009783710443896,0.0040978860971643445,False,False,ictal_scale,mid,low,low,-0.2302774571187638,0.234999037245506,0.045649660244073624,0.04549048568955135,0.08045960674953244,1200,500,10,78.09584474563599
-2.52,-3.5,0.22,0.001,7,1411886184,True,,60,-0.15,-0.1423002717625753,0.288045977985725,-3.111452456119633,-0.058537563946796045,0.005029611344536112,-0.13363488163392442,0.4218917257090495,-3.437008141255704,0.015273583047808558,-4.0541435394269145,-4.882240330198135,12.363435732256674,6.612897588492132,-0.8280967907712204,-5.750538143764542,False,False,0.08045960674953244,0.0024296695950245975,0.0301973834223185,0.044536221432709536,0.042004017098654124,0.9431428115678526,-5.292412565343626,-3.111452456119633,-3.1699900200664293,3.441462436053204,-0.591452456119633,0.06804597798572501,0.004029611344536112,3.441462436053204,0.591452456119633,0.06804597798572501,0.004029611344536112,False,False,ictal_scale,mid,low,low,-0.13749813583321308,0.2307094378948027,0.047669274880217265,0.04617562499751225,0.08045960674953244,1200,500,10,76.24010491371155
-2.52,-3.5,0.22,0.001,8,800909162,True,,60,-0.15,-0.1306774807967609,0.2636690890102125,-2.6049561849229472,-3.8156038020718612,0.005604826590595628,-0.13691120151974479,0.44335509552917735,-3.3537152030490303,0.010141505223912252,-7.6939281541139595,-6.435588668106914,5.083866502882584,3.506200912674574,1.2583394860070456,-1.5776655902080101,True,False,0.08045960674953244,0.0024296695950245975,0.0301973834223185,0.07390637534014592,0.0016277444637915622,0.022024412052411558,-5.184127161278162,-2.6049561849229472,-6.4205599869948085,-0.31560380207186123,-0.08495618492294721,0.04366908901021252,0.004604826590595628,0.31560380207186123,0.08495618492294721,0.04366908901021252,0.004604826590595628,False,False,ictal_scale,mid,low,low,-0.1523579764761617,0.22613991334963846,0.046669733370589675,0.04608720511840596,0.08045960674953244,1200,500,10,60.500479221343994
-2.52,-3.5,0.22,0.001,9,1402514142,True,,60,-0.15,-0.1540409282400819,0.2199624121568601,-2.844451910521456,-4.999990830178488,0.003336597583637961,-0.174507091721269,0.4566560268050494,-3.2724070901029307,0.005276833938215966,-15.285398557495096,-10.26503221702861,-10.09907430387969,-4.152686185168818,5.020366340466486,5.946388118710871,True,True,0.08045960674953244,0.0024296695950245975,0.0301973834223185,0.05816613825318717,0.0003919239505476481,0.0067380087851400886,-5.7028036787418594,-2.844451910521456,-7.844442740699944,-1.499990830178488,-0.32445191052145583,-3.7587843139896826e-05,0.002336597583637961,1.499990830178488,0.32445191052145583,3.7587843139896826e-05,0.002336597583637961,False,False,ictal_scale,mid,low,low,-0.18043910120846154,0.20325473244491782,0.0515083934003869,0.0528996032561628,0.08045960674953244,1200,500,10,71.41744565963745
-2.52,-3.5,0.22,0.001,10,242703415,True,,60,-0.15,-0.17332885344688134,0.32061199717165006,-2.455976766407273,-4.982445294192049,0.005390717593430403,-0.16551499961633068,0.41773519086586164,-3.335403065062935,0.0108540646879489,-6.021257814705477,-3.5464677368926445,8.42920718169955,9.284442775103113,2.4747900778128322,0.8552355934035631,True,True,0.08045960674953244,0.0024296695950245975,0.0301973834223185,0.08577936810276765,0.000588212629521928,0.006857273987111007,-5.223076768705662,-2.455976766407273,-7.438422060599322,-1.4824452941920487,0.0640232335927271,0.10061199717165006,0.004390717593430403,1.4824452941920487,0.0640232335927271,0.10061199717165006,0.004390717593430403,False,False,ictal_scale,mid,low,low,-0.17272138916722626,0.22731848059379559,0.04620779922924773,0.0440612857767696,0.08045960674953244,1200,500,10,89.16228127479553
-2.52,-3.5,0.22,0.001,11,1293803214,True,,60,-0.15,-0.22909181459462308,0.2369709988369797,-2.7055537361977824,-2.6521867463943414,0.004772022658129153,-0.23563385345698315,0.4317655473119475,-3.601302825268164,0.01833996894025137,-6.934422924329324,-6.190353730492086,6.602876962451855,3.996670787904229,0.7440691938372375,-2.6062061745476264,True,False,0.08045960674953244,0.0024296695950245975,0.0301973834223185,0.0668333055778461,0.004711539895856848,0.07049688557404873,-5.344985026616677,-2.7055537361977824,-5.357740482592124,0.8478132536056586,-0.18555373619778237,0.016970998836979695,0.0037720226581291526,0.8478132536056586,0.18555373619778237,0.016970998836979695,0.0037720226581291526,False,False,ictal_scale,mid,low,low,-0.23684017853303282,0.2230300414029384,0.04411512307878681,0.04128996926488489,0.08045960674953244,1200,500,10,80.52550506591797
-2.52,-3.5,0.22,0.001,12,351414343,True,,60,-0.15,-0.1710371832910428,0.229406684328542,-2.3667484081438097,-4.97424198097575,0.0035975086879186,-0.15552038217485398,0.43152156726084534,-3.113928568926889,0.006326695226877069,-7.726634061996043,-2.4270455641554696,5.0184546871184175,11.523287120577463,5.299588497840573,6.504832433459045,True,True,0.08045960674953244,0.0024296695950245975,0.0301973834223185,0.09378518216122295,0.0006484080265823832,0.006913757713534391,-5.62751370421787,-2.3667484081438097,-7.340990389119559,-1.4742419809757497,0.1532515918561903,0.009406684328541998,0.0025975086879186,1.4742419809757497,0.1532515918561903,0.009406684328541998,0.0025975086879186,False,False,ictal_scale,mid,low,low,-0.19295157720396575,0.22830085114449478,0.04730416246992606,0.04825055845662587,0.08045960674953244,1200,500,10,73.56663465499878
-2.52,-3.5,0.22,0.001,13,1185092286,True,,60,-0.15,-0.1349581312681915,0.2596686761263321,-2.001354714738545,-4.9999999586810135,0.004264467436570861,-0.13847616378466143,0.43775102131307153,-2.8041412912570625,0.007059045429219338,-1.2278876169353687,6.393579710900765,18.015947577239764,29.16453767068993,7.621467327836133,11.148590093450167,True,True,0.08045960674953244,0.0024296695950245975,0.0301973834223185,0.13515206666488266,0.000910647499631876,0.006737947277490614,-5.45743797416559,-2.001354714738545,-7.001354673419558,-1.4999999586810135,0.5186452852614551,0.0396686761263321,0.003264467436570861,1.4999999586810135,0.5186452852614551,0.0396686761263321,0.003264467436570861,False,False,ictal_scale,mid,low,low,-0.17040856914103414,0.2764733626223292,0.044995199503727684,0.043570949948822046,0.08045960674953244,1200,500,10,67.00035643577576
-2.52,-3.5,0.22,0.001,14,1786697266,True,,60,-0.15,-0.20306304088094615,0.2976682225357415,-2.7742417312351333,-3.1656150042331204,0.003422315800702062,-0.20712325911258966,0.28900418802614675,-3.2810929234539183,0.001074763708281995,-10.529984190895174,-9.04311114094483,-0.5882455706798453,-1.7088440330012595,1.4868730499503435,-1.1205984623214142,True,False,0.08045960674953244,0.0024296695950245975,0.0301973834223185,0.06239677227947108,0.002632406754520827,0.042188187919888695,-5.677437822351686,-2.7742417312351333,-5.939856735468254,0.33438499576687963,-0.2542417312351333,0.07766822253574149,0.002422315800702062,0.33438499576687963,0.2542417312351333,0.07766822253574149,0.002422315800702062,False,False,ictal_scale,mid,low,low,-0.2007110851106791,0.2135281485030835,0.0475743897389121,0.05045080980661984,0.08045960674953244,1200,500,10,69.78133893013
-2.52,-3.5,0.22,0.001,15,1175720244,True,,60,-0.15,-0.16573860653925837,0.04722930612093774,-2.534831995210167,-4.99999714512605,0.0036082011629869786,-0.14297026969472268,0.1515436046619041,-3.2530715345754224,0.006601531158029912,-9.979635605302631,-7.996625712905262,0.5124516005052406,0.38412682307787804,1.9830098923973694,-0.1283247774273626,True,False,0.08045960674953244,0.0024296695950245975,0.0301973834223185,0.07927503673188624,0.000534152520785943,0.006737966235102287,-5.624545923627853,-2.534831995210167,-7.5348291403362175,-1.4999971451260503,-0.014831995210167204,-0.17277069387906227,0.0026082011629869786,1.4999971451260503,0.014831995210167204,0.17277069387906227,0.0026082011629869786,False,False,ictal_scale,mid,low,low,-0.14581857313588065,0.20939826214148338,0.04851913686547054,0.04749801167417472,0.08045960674953244,1200,500,10,76.10471296310425
-2.52,-3.5,0.22,0.001,16,469497313,True,,60,-0.15,-0.18618219447018614,0.2601939813847944,-2.6480087504743626,-4.7869474948213915,0.003141461448021583,-0.17342461257762026,0.10071471904328393,-3.1322946962690894,0.0002277367502859655,-11.116950812905312,-8.186296561681635,-1.7621788147001212,0.0047851255251316616,2.930654251223677,1.7669639402252528,True,True,0.08045960674953244,0.0024296695950245975,0.0301973834223185,0.0707920374166065,0.0005902548027084245,0.008337869967420398,-5.763067158034362,-2.6480087504743626,-7.434956245295754,-1.2869474948213915,-0.12800875047436255,0.04019398138479438,0.002141461448021583,1.2869474948213915,0.12800875047436255,0.04019398138479438,0.002141461448021583,False,False,ictal_scale,mid,low,low,-0.19411973829078114,0.20145721728035357,0.049993895176585784,0.048492829563011174,0.08045960674953244,1200,500,10,77.71711134910583
-2.52,-3.5,0.22,0.001,17,2114714866,True,,60,-0.15,-0.1533986709586665,0.197087751324038,-2.664818802007646,-4.999999937033159,0.0031012607946752954,-0.1375192238232302,0.4064117486658163,-3.2881659201440256,0.0053177130125047,-15.313724930834487,-9.745181227067127,-10.155727050558472,-3.1129842052458514,5.568543703767361,7.04274284531262,True,True,0.08045960674953244,0.0024296695950245975,0.0301973834223185,0.06961196593903518,0.0004690417665334389,0.006737947423352715,-5.775946542214528,-2.664818802007646,-7.664818739040806,-1.4999999370331594,-0.14481880200764596,-0.022912248675962005,0.0021012607946752954,1.4999999370331594,0.14481880200764596,0.022912248675962005,0.0021012607946752954,False,False,ictal_scale,mid,low,low,-0.14843146232828971,0.20039813245866575,0.049285238826301696,0.048871708137500566,0.08045960674953244,1200,500,10,72.80478739738464
-2.52,-3.5,0.22,0.001,18,1668614296,True,,60,-0.15,-0.12974670884487977,-0.18594564313810635,-3.4706102454411853,-2.507853504588133,0.002858782548509224,-0.13401754452236447,-0.6338153593099589,-7.520869478983236,0.02723078482061514,-21.75867805788813,-21.971714916753136,-23.045633304665756,-27.56605158461787,-0.21303685886500645,-4.520418279952114,False,False,0.08045960674953244,0.0024296695950245975,0.0301973834223185,0.031098047427761632,0.002532714187171158,0.08144286849695172,-5.857359427118255,-3.4706102454411853,-5.978463750029318,0.9921464954118671,-0.9506102454411853,-0.4059456431381063,0.001858782548509224,0.9921464954118671,0.9506102454411853,0.4059456431381063,0.001858782548509224,False,False,ictal_scale,mid,low,low,-0.1422618062411218,0.17344076392158295,0.05263763063804307,0.051249101676116654,0.08045960674953244,1200,500,10,72.81049275398254
-2.52,-3.5,0.22,0.001,19,2124086908,True,,60,-0.15,-0.12009552301471738,0.19748000271507837,-2.9301612335247693,-2.7918477449804127,0.00393389767022329,-0.10887335580190824,0.35813197372521866,-3.3719176168664133,0.005149400244835201,-11.940172252553584,-9.545036319415228,-3.4086216939966647,-2.7126943899420546,2.3951359331383557,0.6959273040546101,True,True,0.08045960674953244,0.0024296695950245975,0.0301973834223185,0.05338842944654876,0.003273128647655475,0.06130782796172067,-5.538124570989753,-2.9301612335247693,-5.7220089785051815,0.7081522550195873,-0.4101612335247693,-0.022519997284921628,0.0029338976702232896,0.7081522550195873,0.4101612335247693,0.022519997284921628,0.0029338976702232896,False,False,ictal_scale,mid,low,low,-0.13009680286254993,0.19922582127528618,0.04990539360241531,0.048272571754102545,0.08045960674953244,1200,500,10,66.77582502365112
-2.52,-3.5,0.22,0.001,20,1559903368,True,,60,-0.15,-0.20226285235350416,0.257415666610628,-2.1514456033261142,-4.99999943032447,0.00559203551222923,-0.19173788148246063,0.3908764945701975,-3.593057157058756,0.03603489273076084,-0.574706538191333,3.020213185365564,19.32230973472784,22.41780461961953,3.594919723556897,3.0954948848916928,True,True,0.08045960674953244,0.0024296695950245975,0.0301973834223185,0.11631588954144143,0.0007837307453538124,0.006737950837530087,-5.186411923529085,-2.1514456033261142,-7.151445033650584,-1.4999994303244701,0.3685543966738858,0.03741566661062798,0.00459203551222923,1.4999994303244701,0.3685543966738858,0.03741566661062798,0.00459203551222923,False,False,ictal_scale,mid,low,low,-0.19128968262325852,0.25993324266278306,0.0461616694701542,0.04439029834253905,0.08045960674953244,1200,500,10,71.9856526851654
-2.52,-3.5,0.22,0.001,21,85314189,True,,60,-0.15,-0.14593394315793567,0.3562487210187305,-2.1699169426442637,-4.999999917866427,0.004083198342117959,-0.1221805756428444,0.42302901979188434,-3.126895699757653,0.009416745065674737,-6.452794031150747,-0.20494031115304212,7.566134748809009,15.967497626582318,6.247853719997705,8.401362877773309,True,True,0.08045960674953244,0.0024296695950245975,0.0301973834223185,0.1141871005956208,0.0007693866949850092,0.006737947552497151,-5.500874690279127,-2.1699169426442637,-7.169916860510691,-1.4999999178664272,0.3500830573557363,0.1362487210187305,0.0030831983421179586,1.4999999178664272,0.3500830573557363,0.1362487210187305,0.0030831983421179586,False,False,ictal_scale,mid,low,low,-0.14055052190898581,0.2585061847503488,0.042945496144685395,0.04399772387188697,0.08045960674953244,1200,500,10,67.73739075660706
-2.52,-3.5,0.22,0.001,22,1631192856,True,,60,-0.15,-0.14436942026764027,0.231760146413771,-2.431051372543047,-4.997777578449492,0.004563478653494352,-0.18730717169525818,0.4125058933893962,-3.413446228617301,0.018189509074495496,-6.991229877015469,-3.3587159950609142,6.489263057079565,9.659946258766574,3.6325138819545546,3.170683201687009,True,True,0.08045960674953244,0.0024296695950245975,0.0301973834223185,0.08794432171403374,0.0005938825704488207,0.006752938209927108,-5.389670083679211,-2.431051372543047,-7.428828950992539,-1.497777578449492,0.08894862745695287,0.011760146413770989,0.0035634786534943516,1.497777578449492,0.08894862745695287,0.011760146413770989,0.0035634786534943516,False,False,ictal_scale,mid,low,low,-0.17699545948403314,0.23225696590471945,0.04949692617763476,0.04860666248378755,0.08045960674953244,1200,500,10,77.11445116996765
-2.52,-3.5,0.22,0.001,23,94686231,True,,60,-0.15,-0.18626975318407046,0.26267868582758125,-3.4851010893560694,0.9824737666742955,0.004232281220983395,-0.17126811549632642,0.41907931908063806,-3.3144166123430505,0.004424140322955623,-11.843586531468343,-11.283480862051858,-3.2154502518261836,-6.189583475215315,0.560105669416485,-2.9741332233891313,True,False,0.08045960674953244,0.0024296695950245975,0.0301973834223185,0.030650659817125912,0.08186961790639757,2.67105564431123,-5.465014135550882,-3.4851010893560694,-2.502627322681774,4.482473766674295,-0.9651010893560694,0.04267868582758125,0.003232281220983395,4.482473766674295,0.9651010893560694,0.04267868582758125,0.003232281220983395,False,False,ictal_scale,mid,low,low,-0.1909987472486285,0.20354429771177007,0.04928808365526653,0.049119266928092535,0.08045960674953244,1200,500,10,67.44339299201965
-2.52,-3.5,0.22,0.001,24,407579863,True,,60,-0.15,-0.14610339740527936,0.11163070731852225,-2.3550117846597853,-4.999999950793178,0.0038136917990677544,-0.14830919662166164,0.14923491865805855,-3.443670611605474,0.024370528915254583,-7.542008894743023,-1.649944563419702,5.387705021624457,13.077489122048998,5.89206433132332,7.689784100424541,True,True,0.08045960674953244,0.0024296695950245975,0.0301973834223185,0.09489238825352206,0.0006393799141307246,0.006737947330638432,-5.56915758286459,-2.3550117846597853,-7.355011735452964,-1.4999999507931783,0.16498821534021468,-0.10836929268147776,0.0028136917990677543,1.4999999507931783,0.16498821534021468,0.10836929268147776,0.0028136917990677543,False,False,ictal_scale,mid,low,low,-0.13754457769263304,0.23649443669912748,0.04723005761430875,0.04793390124737582,0.08045960674953244,1200,500,10,69.08424687385559
-2.52,-3.5,0.22,0.001,25,203397159,True,,60,-0.15,-0.07271684909955463,-0.03965695471196848,-2.99559470893508,-2.2994987422993423,0.002917684172820979,-0.06327739117110118,-0.09217565515718555,-5.05348223216007,0.03118092112279179,-13.37293451289933,-13.236055168286828,-6.274146214688159,-10.094732087685255,0.1368793446125025,-3.8205858729970963,True,False,0.08045960674953244,0.0024296695950245975,0.0301973834223185,0.05000687870406785,0.005016145588588953,0.10030911183786619,-5.836965068865057,-2.99559470893508,-5.295093451234422,1.2005012577006577,-0.47559470893508005,-0.2596569547119685,0.0019176841728209791,1.2005012577006577,0.47559470893508005,0.2596569547119685,0.0019176841728209791,False,False,ictal_scale,mid,low,low,-0.05847094765676394,0.19727687713549594,0.04844863819598402,0.04686724119531676,0.08045960674953244,1200,500,10,74.93951654434204
-2.52,-3.5,0.22,0.001,26,1749275826,True,,60,-0.15,-0.18258708716420896,0.17088872533913774,-2.207041944771567,-4.999999930002432,0.004390861297805342,-0.1962053289752952,0.40066614534089856,-3.2271158029019116,0.018297575965331343,-4.577458778500871,1.5873592149760192,11.316805254108761,19.55209667884044,6.16481799347689,8.235291424731678,True,True,0.08045960674953244,0.0024296695950245975,0.0301973834223185,0.11002562951131435,0.0007413469120807288,0.006737947470725385,-5.4282298757390075,-2.207041944771567,-7.207041874773999,-1.4999999300024323,0.312958055228433,-0.049111274660862264,0.0033908612978053422,1.4999999300024323,0.312958055228433,0.049111274660862264,0.0033908612978053422,False,False,ictal_scale,mid,low,low,-0.1892264096834861,0.24811511679872458,0.048621573993906105,0.047417853308239666,0.08045960674953244,1200,500,10,77.13965034484863
-2.52,-3.5,0.22,0.001,27,212769201,True,,60,-0.15,-0.12380444981642981,0.2821648643003379,-2.4862886132495117,-4.534148375368332,0.004554337031914817,-0.14640598942125244,0.28802042606103206,-3.1912105246998967,0.005564021189909898,-7.988181449448851,-6.58641639558566,4.495359912212802,3.2045454577170815,1.4017650538631905,-1.2908144544957203,True,False,0.08045960674953244,0.0024296695950245975,0.0301973834223185,0.08321824925085507,0.0008934349866117843,0.010736046415956104,-5.391675306192605,-2.4862886132495117,-7.020436988617844,-1.034148375368332,0.03371138675048835,0.06216486430033788,0.0035543370319148166,1.034148375368332,0.03371138675048835,0.06216486430033788,0.0035543370319148166,False,False,ictal_scale,mid,low,low,-0.14785079388505845,0.21786599173635599,0.048341326165826044,0.047742472207778816,0.08045960674953244,1200,500,10,68.9539942741394
-2.52,-3.5,0.22,0.001,28,1857986754,True,,60,-0.15,-0.12056092682782996,0.15790110531784302,-2.731752548625265,-2.204453293715389,0.005485381612325501,-0.1410236535576827,0.383853984775719,-3.2507487850231875,0.005476123489022806,-3.1074564788650916,-0.2940984231821343,14.25680985338032,15.789181402524132,2.8133580556829574,1.5323715491438126,True,True,0.08045960674953244,0.0024296695950245975,0.0301973834223185,0.06510508979132715,0.007181795609203999,0.1103108164388202,-5.205668613869163,-2.731752548625265,-4.936205842340653,1.295546706284611,-0.21175254862526494,-0.062098894682156985,0.004485381612325501,1.295546706284611,0.21175254862526494,0.062098894682156985,0.004485381612325501,False,False,ictal_scale,mid,low,low,-0.14061944577265087,0.2316659081639086,0.04768710074898254,0.04548163913112328,0.08045960674953244,1200,500,10,61.778076171875
-2.52,-3.5,0.22,0.001,29,791762987,True,,60,-0.15,-0.146672215263909,0.23822771493404743,-2.185545639570844,-4.999999905034484,0.0048290286147743555,-0.12601489680255157,0.45297238931425865,-2.7899546207612183,0.007976806494259277,-3.6107863184200584,4.53370585777667,13.250150174270386,25.44478996444174,8.144492176196728,12.194639790171353,True,True,0.08045960674953244,0.0024296695950245975,0.0301973834223185,0.11241637809250238,0.0007574556693485993,0.006737947638958113,-5.33310994649753,-2.185545639570844,-7.185545544605327,-1.4999999050344837,0.3344543604291559,0.01822771493404743,0.0038290286147743555,1.4999999050344837,0.3344543604291559,0.01822771493404743,0.0038290286147743555,False,False,ictal_scale,mid,low,low,-0.13544439045225617,0.2519645514059051,0.04499696588208641,0.04607456771056387,0.08045960674953244,1200,500,10,68.13022255897522
-2.52,-3.5,0.22,0.001,30,1867358796,True,,60,-0.15,-0.19320431732462276,0.2351193673710807,-2.50772713697359,-3.71537762498816,0.004723647521454831,-0.21666108558199954,0.4119026356986613,-3.1835549799823806,0.010357491601003934,-4.0200209811936,-1.6439501950144746,12.431680848723303,13.089477858859453,2.3760707861791253,0.6577970101361501,True,True,0.08045960674953244,0.0024296695950245975,0.0301973834223185,0.081453160888264,0.001983078662178405,0.024346245628193083,-5.355173997856127,-2.50772713697359,-6.22310476196175,-0.21537762498816004,0.012272863026410175,0.015119367371080689,0.0037236475214548308,0.21537762498816004,0.012272863026410175,0.015119367371080689,0.0037236475214548308,False,False,ictal_scale,mid,low,low,-0.22132817100864066,0.2389786402599704,0.04830082059994093,0.04953727239931155,0.08045960674953244,1200,500,10,77.55067873001099
-2.52,-3.5,0.22,0.001,31,782390945,True,,60,-0.15,-0.1728739426730271,0.16610455781957523,-2.788826091982965,-2.5944898658946056,0.005245934957782214,-0.1716041058313472,0.33713520722761503,-3.6361451330451153,0.02101410195990883,-6.344245971710271,-5.054897196967695,7.78323086768996,6.267583854953012,1.2893487747425763,-1.5156470127369488,True,False,0.08045960674953244,0.0024296695950245975,0.0301973834223185,0.06149335910805619,0.004592567891417482,0.07468396519610218,-5.250301796054611,-2.788826091982965,-5.383315957877571,0.9055101341053944,-0.26882609198296503,-0.053895442180424774,0.004245934957782214,0.9055101341053944,0.26882609198296503,0.053895442180424774,0.004245934957782214,False,False,ictal_scale,mid,low,low,-0.17161936875263054,0.22595517325353984,0.05000098111873252,0.05318466330672902,0.08045960674953244,1200,500,10,76.93404984474182
-2.52,-3.5,0.22,0.001,32,1976069724,True,,60,-0.15,-0.13360657758496697,0.3035569655732445,-3.258639996139285,-0.9323092392385159,0.0040237907768385164,-0.12916366112032132,0.4513437789750647,-3.6025972180063954,0.009867270592801328,-13.389095304369079,-12.652696551977995,-6.306467797627654,-8.928014855067588,0.736398752391084,-2.6215470574399333,True,False,0.08045960674953244,0.0024296695950245975,0.0301973834223185,0.03844064190495432,0.015131914305207985,0.39364364264837487,-5.515530841363831,-3.258639996139285,-4.190949235377801,2.567690760761484,-0.7386399961392849,0.08355696557324452,0.0030237907768385164,2.567690760761484,0.7386399961392849,0.08355696557324452,0.0030237907768385164,False,False,ictal_scale,mid,low,low,-0.13794317656821856,0.198126223576219,0.04857199160542351,0.04540283609278478,0.08045960674953244,1200,500,10,72.23047423362732
-2.52,-3.5,0.22,0.001,33,673680017,True,,60,-0.15,-0.19283569296737807,0.12931173525466336,-2.466191142936765,-4.9999971992504575,0.0050134517522115165,-0.16875187431928057,0.4627492765847307,-3.0141608157403583,0.005801825046195066,-7.352806534710614,-0.6953271825085107,5.7661097416892755,14.986723883871381,6.657479352202103,9.220614142182106,True,True,0.08045960674953244,0.0024296695950245975,0.0301973834223185,0.08490764497179508,0.0005721048139571731,0.006737965870413869,-5.295630628620648,-2.466191142936765,-7.466188342187222,-1.4999971992504575,0.05380885706323513,-0.09068826474533664,0.0040134517522115165,1.4999971992504575,0.05380885706323513,0.09068826474533664,0.0040134517522115165,False,False,ictal_scale,mid,low,low,-0.1934459613568497,0.2417438107760727,0.04864851947821666,0.054520611901580224,0.08045960674953244,1200,500,10,76.51336884498596
-2.52,-3.5,0.22,0.001,34,2084780652,True,,60,-0.15,-0.12363610397951136,-0.02115055973023046,-2.697128229845387,-3.568526632796401,0.0034678490393960752,-0.12148639958179794,-0.08772176103283395,-6.66310673257976,0.04238232411597355,-10.081150670832049,-8.995121548189397,0.3094214694464057,-1.6128648474903926,1.0860291226426515,-1.9222863169367983,True,False,0.08045960674953244,0.0024296695950245975,0.0301973834223185,0.06739878891500704,0.001900468465062126,0.028197368167233745,-5.664220750597188,-2.697128229845387,-6.265654862641788,-0.06852663279640092,-0.1771282298453869,-0.24115055973023047,0.002467849039396075,0.06852663279640092,0.1771282298453869,0.24115055973023047,0.002467849039396075,False,False,ictal_scale,mid,low,low,-0.11657221131702929,0.1990563124744157,0.04992910515185677,0.05107696090819275,0.08045960674953244,1200,500,10,77.36011791229248
-2.52,-3.5,0.22,0.001,35,664307975,True,,60,-0.15,-0.11519356648758271,0.1983485601814444,-2.263074950204398,-4.99999948581092,0.003811859275688349,-0.13776714154977332,0.2212162935081841,-3.0952246404661716,0.004618397186012877,-6.195541054911535,-2.531907444418832,8.080640701287432,11.313563360050738,3.6636336104927034,3.2329226587633055,True,True,0.08045960674953244,0.0024296695950245975,0.0301973834223185,0.10403010503861715,0.0007009496944800824,0.006737950463665125,-5.569638210007919,-2.263074950204398,-7.263074436015318,-1.4999994858109202,0.25692504979560216,-0.021651439818555607,0.0028118592756883488,1.4999994858109202,0.25692504979560216,0.021651439818555607,0.0028118592756883488,False,False,ictal_scale,mid,low,low,-0.1182235939525495,0.23067200309727476,0.04631438821704868,0.045803492645265426,0.08045960674953244,1200,500,10,72.80202770233154
-2.52,-3.5,0.22,0.001,36,1166574069,True,,60,-0.15,-0.13534972581511112,0.1514822285529554,-2.347789957715262,-4.9999999558718065,0.0048471051005488566,-0.10722758014662293,0.4049610637851186,-3.041530525298435,0.009872154852612561,-6.360571123133139,-0.4205413113769206,7.750580564844224,15.53629562613456,5.940029811756219,7.785715061290336,True,True,0.08045960674953244,0.0024296695950245975,0.0301973834223185,0.09558016517355249,0.0006440141155224105,0.006737947296418903,-5.329373638725172,-2.347789957715262,-7.347789913587068,-1.4999999558718065,0.17221004228473813,-0.0685177714470446,0.0038471051005488565,1.4999999558718065,0.17221004228473813,0.0685177714470446,0.0038471051005488565,False,False,ictal_scale,mid,low,low,-0.10087948427634875,0.23775567214336418,0.04654070461295244,0.045751942485858774,0.08045960674953244,1200,500,10,73.46027851104736
-2.52,-3.5,0.22,0.001,37,555597047,True,,60,-0.15,-0.10853140191947393,0.22751088545961137,-2.848668304193171,-4.9999999782912,0.0024638909989402043,-0.08129062742457321,0.18322246034226936,-3.500928810756415,0.007862384432408337,-19.139315425777884,-13.4241368421268,-17.806908040445265,-10.470895435365197,5.715178583651085,7.336012605080068,True,True,0.08045960674953244,0.0024296695950245975,0.0301973834223185,0.0579214032281281,0.00039027135353610776,0.0067379471453582135,-6.006013471732468,-2.848668304193171,-7.848668282484371,-1.4999999782912,-0.32866830419317106,0.007510885459611372,0.0014638909989402042,1.4999999782912,0.32866830419317106,0.007510885459611372,0.0014638909989402042,False,False,ictal_scale,mid,low,low,-0.09049203208416312,0.19479072784121773,0.049288001788548655,0.049111664086014126,0.08045960674953244,1200,500,10,74.26404452323914
-2.52,-3.5,0.22,0.001,38,1089620510,True,,60,-0.15,-0.18559336696448014,0.17939386118485165,-2.5820681200714057,-4.999999971270709,0.0031906117550094247,-0.17830690126618925,0.4224199180620807,-3.099436185167468,0.0060142719897365495,-14.423884874355291,-3.055072868579753,-8.37604693760008,10.267232511728896,11.368812005775538,18.643279449328976,True,True,0.08045960674953244,0.0024296695950245975,0.0301973834223185,0.07561745621985962,0.000509506426852838,0.006737947192661909,-5.747542607841196,-2.5820681200714057,-7.582068091342115,-1.499999971270709,-0.06206812007140572,-0.04060613881514835,0.0021906117550094246,1.499999971270709,0.06206812007140572,0.04060613881514835,0.0021906117550094246,False,False,ictal_scale,mid,low,low,-0.17305016373530904,0.2270937115716269,0.04960621043870393,0.0522101019036406,0.08045960674953244,1200,500,10,71.89094686508179
-2.52,-3.5,0.22,0.001,39,546225005,True,,60,-0.15,-0.13879309733602732,0.32807612305323725,-2.5433321599104164,-4.999999705675827,0.0041713633561671635,-0.16132955529135515,0.481065592656493,-3.0607776224479126,0.007090845050068802,-10.556340028645204,-5.635615035745589,-0.6409572461799051,5.106148177397223,4.920724992899615,5.747105423577128,True,True,0.08045960674953244,0.0024296695950245975,0.0301973834223185,0.07860404168734375,0.0005296300226861225,0.006737948982226437,-5.479512352680966,-2.5433321599104164,-7.543331865586243,-1.499999705675827,-0.023332159910416372,0.10807612305323724,0.0031713633561671634,1.499999705675827,0.023332159910416372,0.10807612305323724,0.0031713633561671634,False,False,ictal_scale,mid,low,low,-0.17845958636019102,0.22901750317818273,0.04781209706285774,0.04720811789527696,0.08045960674953244,1200,500,10,75.77903246879578
-2.52,-3.5,0.22,0.001,40,1048491099,True,,60,-0.15,-0.15603163805559883,0.24029540773477726,-3.0795556931900947,-2.187803589736866,0.00510672499745343,-0.13949917309780696,0.41274811397475564,-3.464868859031917,0.007246735498009704,-10.945668851612137,-9.95983090741493,-1.4196148921137706,-3.5422835659414567,0.9858379441972076,-2.122668673827686,True,False,0.08045960674953244,0.0024296695950245975,0.0301973834223185,0.04597968119679839,0.005157211343277127,0.11216283386576044,-5.277196980925212,-3.0795556931900947,-5.267359282926961,1.3121964102631338,-0.5595556931900947,0.020295407734777254,0.00410672499745343,1.3121964102631338,0.5595556931900947,0.020295407734777254,0.00410672499745343,False,False,ictal_scale,mid,low,low,-0.15700965720500268,0.21135023707221934,0.045971906487098244,0.046890924423750736,0.08045960674953244,1200,500,10,72.35925149917603
-2.52,-3.5,0.22,0.001,41,596726458,True,,60,-0.15,-0.20043370095126975,0.3583552090607467,-2.971405114445378,-1.4171707068214625,0.0034700687114270967,-0.17936453729550728,0.4374430442457299,-3.3166219704293907,0.007204441417653918,-8.126698967672807,-7.309753247527146,4.218324875764889,1.7578717538341095,0.8169457201456609,-2.4604531219307795,True,False,0.08045960674953244,0.0024296695950245975,0.0301973834223185,0.05123127393102185,0.01241840265735409,0.24239886507749775,-5.6635808836554125,-2.971405114445378,-4.388575821266841,2.0828292931785377,-0.4514051144453779,0.1383552090607467,0.0024700687114270967,2.0828292931785377,0.4514051144453779,0.1383552090607467,0.0024700687114270967,False,False,ictal_scale,mid,low,low,-0.1994061257384265,0.21890990425957907,0.046636530200541815,0.04601482291836953,0.08045960674953244,1200,500,10,68.43028569221497
-2.52,-3.5,0.22,0.001,42,939780171,True,,60,-0.15,-0.21826445921379367,-0.030357701173398966,-2.513561769008892,-4.999999823193204,0.004064043383944154,-0.21340739796799504,-0.04205660143703066,-3.082474818251348,0.0010656464739137402,-9.745878829202312,-5.381368300507725,0.9799651527058799,5.614641647872952,4.364510528694587,4.6346764951670725,True,True,0.08045960674953244,0.0024296695950245975,0.0301973834223185,0.08097929542598538,0.0005456342970754167,0.006737948190400392,-5.505576893579827,-2.513561769008892,-7.513561592202096,-1.4999998231932041,0.006438230991108185,-0.25035770117339895,0.003064043383944154,1.4999998231932041,0.006438230991108185,0.25035770117339895,0.003064043383944154,False,False,ictal_scale,mid,low,low,-0.20766942899643853,0.21304229813868594,0.047731289417102224,0.049116085549552935,0.08045960674953244,1200,500,10,76.37628650665283
-2.52,-3.5,0.22,0.001,43,606098500,True,,60,-0.15,-0.12267440594144552,0.2107360124167483,-2.4643618587432647,-4.966366139177417,0.003945159253101375,-0.14805967768840167,0.23714976372400268,-3.139800090061078,0.002675768869138033,-9.816699649634604,-7.124322659061107,0.8383235118412955,2.128732930766187,2.6923769905734964,1.2904094189248916,True,True,0.08045960674953244,0.0024296695950245975,0.0301973834223185,0.08506310733371826,0.0005927558297830534,0.006968424365895349,-5.53526595715906,-2.4643618587432647,-7.430727997920682,-1.466366139177417,0.055638141256735274,-0.009263987583251698,0.002945159253101375,1.466366139177417,0.055638141256735274,0.009263987583251698,0.002945159253101375,False,False,ictal_scale,mid,low,low,-0.14298847990052135,0.22064699259088516,0.04908068619331531,0.050152543876922834,0.08045960674953244,1200,500,10,81.13506054878235
-2.52,-3.5,0.22,0.001,44,930408129,True,,60,-0.15,-0.15607953230546223,0.2833406395838398,-2.4190241361198335,-4.999999800720901,0.006335291282409636,-0.12403213615134517,0.28577265063028573,-2.957078161622414,0.003031335879976869,-5.691470987853492,-0.2940703042745887,9.088780835403519,15.789237640339223,5.397400683578903,6.700456804935705,True,True,0.08045960674953244,0.0024296695950245975,0.0301973834223185,0.08900843520829381,0.0005997342384195035,0.006737948341817608,-5.061619486406623,-2.4190241361198335,-7.419023936840734,-1.499999800720901,0.10097586388016655,0.06334063958383981,0.005335291282409636,1.499999800720901,0.10097586388016655,0.06334063958383981,0.005335291282409636,False,False,ictal_scale,mid,low,low,-0.11268413605730165,0.2358823916003486,0.04926237956382676,0.05289294349874772,0.08045960674953244,1200,500,10,93.47088623046875
-2.52,-3.5,0.22,0.001,45,714809428,True,,60,-0.15,-0.17433874595496066,0.3328583510012067,-3.317994888960742,-0.22861586387588675,0.004585392709270148,-0.1581700712537254,0.4643316042121139,-3.3422503900776435,0.005345025397696144,-11.249607584916678,-10.877363913376985,-2.027492358722853,-5.377349577865569,0.3722436715396924,-3.3498572191427165,True,False,0.08045960674953244,0.0024296695950245975,0.0301973834223185,0.03622539492038833,0.028822159724165564,0.7956341066124283,-5.384879526064731,-3.317994888960742,-3.546610752836629,3.271384136124113,-0.797994888960742,0.1128583510012067,0.0035853927092701476,3.271384136124113,0.797994888960742,0.1128583510012067,0.0035853927092701476,False,False,ictal_scale,mid,low,low,-0.17564092230516917,0.20463752489674664,0.048106209657778204,0.047332800085573695,0.08045960674953244,1200,500,10,64.6990807056427
-2.52,-3.5,0.22,0.001,46,821697201,True,,60,-0.15,-0.17459194965537783,0.1789214949552624,-2.987751030917191,-4.99997658214983,0.004572430987354091,-0.16520638210063293,0.4036642810442978,-4.432982125981248,0.02273633198295514,-17.901479506626934,-16.443124294862937,-15.331236202143366,-16.508870340837472,1.4583552117639975,-1.1776341386941063,True,False,0.08045960674953244,0.0024296695950245975,0.0301973834223185,0.05040065888288299,0.0003396049209958904,0.006738104789166291,-5.387710270792029,-2.987751030917191,-7.987727613067021,-1.4999765821498299,-0.46775103091719084,-0.04107850504473759,0.0035724309873540906,1.4999765821498299,0.46775103091719084,0.04107850504473759,0.0035724309873540906,False,False,ictal_scale,mid,low,low,-0.17173575261132162,0.18464189861897803,0.05213064212979394,0.05176096721937415,0.08045960674953244,1200,500,10,79.52456569671631
-2.52,-3.5,0.22,0.001,47,724181470,True,,60,-0.15,-0.13080230638479623,0.20437876435534166,-2.449388898747584,-4.258318675306047,0.003973071798324856,-0.09537387197319146,0.13427099831314848,-3.1477277855550723,0.00015639065949490857,-4.850549844717774,5.420976848917457,10.770623121674955,27.219331946723315,10.27152669363523,16.44870882504836,True,True,0.08045960674953244,0.0024296695950245975,0.0301973834223185,0.0863463367343815,0.0012214610264812576,0.014146066557967765,-5.528215730748691,-2.449388898747584,-6.7077075740536305,-0.7583186753060467,0.07061110125241621,-0.015621235644658338,0.0029730717983248557,0.7583186753060467,0.07061110125241621,0.015621235644658338,0.0029730717983248557,False,False,ictal_scale,mid,low,low,-0.1167263691963964,0.22575203615595404,0.04925656849057063,0.051179345737158585,0.08045960674953244,1200,500,10,72.93291330337524
-2.52,-3.5,0.22,0.001,48,221915376,True,,60,-0.15,-0.15732170254129663,0.13792283115190965,-2.0694147664061435,-4.999999969479048,0.004444830743986568,-0.1593845184988046,0.07848450536712256,-3.1964288545426194,0.02925774861039221,-2.8427096315379194,5.082963944516985,14.786303548034663,26.54330613792237,7.925673576054905,11.757002589887708,True,True,0.08045960674953244,0.0024296695950245975,0.0301973834223185,0.12625965147698728,0.0008507308657400592,0.006737947204734027,-5.41601348858454,-2.0694147664061435,-7.069414735885191,-1.499999969479048,0.4505852335938565,-0.08207716884809035,0.003444830743986568,1.499999969479048,0.4505852335938565,0.08207716884809035,0.003444830743986568,False,False,ictal_scale,mid,low,low,-0.15586040532375625,0.2596009561481301,0.04362050564564916,0.043442162433846576,0.08045960674953244,1200,500,10,64.27277088165283
-2.52,-3.5,0.22,0.001,49,832892398,True,,60,-0.15,-0.13194541108679225,0.20299726317256653,-2.335340729260875,-4.4477001163377246,0.004201657812281544,-0.1410660915303969,0.3118109328245646,-3.1033065568067046,0.007342599102898629,-5.801932777979746,-2.882393231946203,8.86785725515101,10.612591784995995,2.919539546033543,1.744734529844985,True,True,0.08045960674953244,0.0024296695950245975,0.0301973834223185,0.09677750198134145,0.001132824909895897,0.011705457226146465,-5.472276114363268,-2.335340729260875,-6.7830408455986,-0.9477001163377246,0.1846592707391248,-0.017002736827433473,0.0032016578122815442,0.9477001163377246,0.1846592707391248,0.017002736827433473,0.0032016578122815442,False,False,ictal_scale,mid,low,low,-0.13548163082592166,0.23593736594124615,0.04672130656879088,0.045522565274052004,0.08045960674953244,1200,500,10,61.44623422622681
-2.52,-3.5,0.22,0.001,50,330626304,True,,60,-0.15,-0.11633267809848197,0.012761158257245393,-2.841954406363002,-3.9230906533814958,0.004075271251174182,-0.12252930970099268,0.02454062173141473,-3.289451418216082,0.000628959133161109,-13.154412882474332,-10.818486542653183,-5.837102953838162,-5.259594836417964,2.3359263398211496,0.5775081174201979,True,True,0.08045960674953244,0.0024296695950245975,0.0301973834223185,0.05831158998290071,0.0011533955214008593,0.019779867462696207,-5.502817969799322,-2.841954406363002,-6.765045059744498,-0.42309065338149576,-0.32195440636300177,-0.20723884174275461,0.0030752712511741822,0.42309065338149576,0.32195440636300177,0.20723884174275461,0.0030752712511741822,False,False,ictal_scale,mid,low,low,-0.09989012664445525,0.20002299012084462,0.047805834161291715,0.046445961286255444,0.08045960674953244,1200,500,10,79.22258067131042
-2.52,-3.5,0.22,0.001,51,1305219211,True,,60,-0.15,-0.10404531613118137,0.08253239389166335,-2.5441034557383975,-4.999999849336069,0.0033433836746865598,-0.0959451259438571,0.3066874176527389,-4.072691402894664,0.028590084761522475,-9.89656274777738,-5.926727646900953,0.6785973155557414,4.523922955086496,3.969835100876428,3.8453256395307545,True,True,0.08045960674953244,0.0024296695950245975,0.0301973834223185,0.07854343809258217,0.00052922160272837,0.006737948014251126,-5.700771908555496,-2.5441034557383975,-7.544103305074467,-1.499999849336069,-0.02410345573839745,-0.13746760610833664,0.0023433836746865598,1.499999849336069,0.02410345573839745,0.13746760610833664,0.0023433836746865598,False,False,ictal_scale,mid,low,low,-0.09666750120989072,0.22045131685485428,0.050921805241538755,0.05146302748220445,0.08045960674953244,1200,500,10,76.26920509338379
-2.52,-3.5,0.22,0.001,52,339998346,True,,60,-0.15,-0.14241802742637882,0.28750988925625526,-2.700155594453551,-4.506483135715728,0.004808888623829681,-0.13107064529789714,0.4551023738728304,-3.226438337127248,0.006076905355776184,-11.046654637333706,-8.783680037605048,-1.621586463556909,-1.189981826321695,2.2629745997286577,0.43160463723521403,True,True,0.08045960674953244,0.0024296695950245975,0.0301973834223185,0.06719505674818765,0.0007416458423405725,0.011037208363702674,-5.337289276898729,-2.700155594453551,-7.206638730169279,-1.0064831357157278,-0.1801555944535509,0.06750988925625526,0.0038088886238296813,1.0064831357157278,0.1801555944535509,0.06750988925625526,0.0038088886238296813,False,False,ictal_scale,mid,low,low,-0.1470414758755742,0.21241610638171526,0.04883382199953301,0.050147243753010745,0.08045960674953244,1200,500,10,87.73436737060547
-2.52,-3.5,0.22,0.001,53,950975368,True,,60,-0.15,-0.22113324148259014,0.20152765596218414,-2.889937000269605,-3.1164729562883613,0.0035288494598553514,-0.22120521989489467,0.34273403747212966,-3.902666841697158,0.02033029821181725,-12.319027859802558,-10.321360700998257,-4.1663329084946135,-4.2653431531081125,1.9976671588043011,-0.09901024461349905,True,False,0.08045960674953244,0.0024296695950245975,0.0301973834223185,0.055579714008186336,0.0024629142971839472,0.04431318766449906,-5.646783393216635,-2.889937000269605,-6.006409956557967,0.3835270437116387,-0.36993700026960497,-0.018472344037815863,0.0025288494598553514,0.3835270437116387,0.36993700026960497,0.018472344037815863,0.0025288494598553514,False,False,ictal_scale,mid,low,low,-0.2142276491961556,0.2039985594536932,0.05268453716947944,0.05628655665300103,0.08045960674953244,1200,500,10,74.01550650596619
-2.52,-3.5,0.22,0.001,54,448709274,True,,60,-0.15,-0.13260767763323456,0.07558349404756316,-2.6494764342327066,-2.9848032565450686,0.003523703943721476,-0.13707938261583008,0.28976004365987845,-4.166665885087051,0.031680023449087956,-7.056654951806903,-6.060010990603439,6.358412907496698,4.257356267681523,0.9966439612034632,-2.101056639815175,True,False,0.08045960674953244,0.0024296695950245975,0.0301973834223185,0.07068821330219055,0.003573250151496062,0.05054944784387884,-5.648242585867136,-2.6494764342327066,-5.634279690777776,0.5151967434549314,-0.1294764342327066,-0.14441650595243682,0.002523703943721476,0.5151967434549314,0.1294764342327066,0.14441650595243682,0.002523703943721476,False,False,ictal_scale,mid,low,low,-0.12643082117094098,0.21423656470817043,0.04752512419972197,0.04632585135921988,0.08045960674953244,1200,500,10,68.26426029205322
-2.52,-3.5,0.22,0.001,55,152895706,True,,60,-0.15,-0.14804448871242248,0.2594218743862418,-2.551219321614998,-4.999999590672597,0.004939343119162528,-0.1709625087872763,0.4594619331206701,-3.2123051283571105,0.00843884668609388,-8.626877796453602,-3.221554010041281,3.217967218203299,9.93427022880584,5.405323786412321,6.716303010602541,True,True,0.08045960674953244,0.0024296695950245975,0.0301973834223185,0.07798651735824985,0.0005254692356920596,0.006737949757112379,-5.310522928453291,-2.551219321614998,-7.551218912287595,-1.499999590672597,-0.031219321614997853,0.03942187438624181,0.003939343119162528,1.499999590672597,0.031219321614997853,0.03942187438624181,0.003939343119162528,False,False,ictal_scale,mid,low,low,-0.1548248561896211,0.23644215999258447,0.04647212911920106,0.04738018023299714,0.08045960674953244,1200,500,10,74.04195189476013
-2.52,-3.5,0.22,0.001,56,458081316,True,,60,-0.15,-0.14346425564688256,0.18039523641926766,-2.673509647086616,-4.9999964635690946,0.003043325698499351,-0.14972132175085245,0.4098199067784871,-3.300078699628893,0.0035876210644840817,-12.994495809725658,-7.995802314225427,-5.517268808340813,0.38577362043754704,4.9986934955002305,5.90304242877836,True,True,0.08045960674953244,0.0024296695950245975,0.0301973834223185,0.069009600451407,0.0004649846746529115,0.006737970827411607,-5.794804381754287,-2.673509647086616,-7.67350611065571,-1.4999964635690946,-0.15350964708661596,-0.03960476358073234,0.002043325698499351,1.4999964635690946,0.15350964708661596,0.03960476358073234,0.002043325698499351,False,False,ictal_scale,mid,low,low,-0.15003588149045252,0.208888482243994,0.04930437252465151,0.049451563166544144,0.08045960674953244,1200,500,10,69.3301408290863
-2.52,-3.5,0.22,0.001,57,44184778,True,,60,-0.15,-0.14595522425597204,0.2660962404501502,-2.7835291459935494,-3.111388567218803,0.00483600194252934,-0.12209292654698656,0.3296602466133584,-3.0886575589402554,0.0024639544437489325,-8.34652481989768,-6.058400887047635,3.7786731713151447,4.260576474793131,2.288123932850044,0.4819033034779867,True,True,0.08045960674953244,0.0024296695950245975,0.0301973834223185,0.061819950314335015,0.0027534029024240143,0.04453906689383973,-5.331666944548666,-2.7835291459935494,-5.894917713212353,0.38861143278119714,-0.2635291459935494,0.04609624045015018,0.0038360019425293396,0.38861143278119714,0.2635291459935494,0.04609624045015018,0.0038360019425293396,False,False,ictal_scale,mid,low,low,-0.1220268440675989,0.21556055392712326,0.049070679959048055,0.04925425910221658,0.08045960674953244,1200,500,10,71.26436948776245
-2.52,-3.5,0.22,0.001,58,566792244,True,,60,-0.15,-0.14027136065394685,0.17670997853784853,-2.6408558264365105,-4.999999456505559,0.004942116282545863,-0.130312967568864,0.2943639755994935,-3.0705683054640676,0.0012370599484702038,-10.290502859195083,-5.252290603245885,-0.10928290727966328,5.872797042396632,5.038212255949198,5.9820799496762955,True,True,0.08045960674953244,0.0024296695950245975,0.0301973834223185,0.0713002228217875,0.00048041738350029436,0.006737950661123197,-5.3099616422417295,-2.6408558264365105,-7.64085528294207,-1.4999994565055594,-0.1208558264365105,-0.04329002146215147,0.003942116282545863,1.4999994565055594,0.1208558264365105,0.04329002146215147,0.003942116282545863,False,False,ictal_scale,mid,low,low,-0.13656741351155915,0.21624757822236504,0.04969530694028571,0.05104557508120418,0.08045960674953244,1200,500,10,64.41350984573364
-2.52,-3.5,0.22,0.001,59,2082957497,True,,60,-0.15,-0.17423561568321527,0.09712925857759294,-3.1136490658853644,-0.9059663866745571,0.0049059515422283815,-0.17322277418782966,0.2991678122531861,-4.772527399429748,0.03413045033603977,-8.414144397451205,-8.531762518310885,3.6434340162080936,-0.6861467877333673,-0.11761812085967982,-4.329580803941461,False,False,0.08045960674953244,0.0024296695950245975,0.0301973834223185,0.044438500100890455,0.01795987003379523,0.4041511300566006,-5.317306210441179,-3.1136490658853644,-4.019615452559922,2.594033613325443,-0.5936490658853644,-0.12287074142240706,0.0039059515422283815,2.594033613325443,0.5936490658853644,0.12287074142240706,0.0039059515422283815,False,False,ictal_scale,mid,low,low,-0.16540264428508514,0.20930292235012432,0.05023151238919617,0.05116012346683191,0.08045960674953244,1200,500,10,65.51281404495239
-2.52,-3.5,0.22,0.001,60,576164286,True,,60,-0.15,-0.22260144901024012,0.23913182480859588,-2.98280078881246,-2.8658760808150685,0.0030640756595778397,-0.22934380411373673,0.39070606389050705,-3.7668746312051535,0.01444800921506514,-14.272440960118212,-12.951005162921268,-8.073159109125921,-9.524632076954134,1.3214357971969442,-1.451472967828213,True,False,0.08045960674953244,0.0024296695950245975,0.0301973834223185,0.050650772898304976,0.0028837121621284145,0.05693323116546002,-5.788009334334953,-2.98280078881246,-5.848676869627528,0.6341239191849315,-0.4628007888124599,0.019131824808595876,0.0020640756595778397,0.6341239191849315,0.4628007888124599,0.019131824808595876,0.0020640756595778397,False,False,ictal_scale,mid,low,low,-0.23084003655607852,0.2029254252677434,0.04705874204981623,0.04726030055270353,0.08045960674953244,1200,500,10,84.17416715621948
-2.52,-3.5,0.22,0.001,61,2073585455,True,,60,-0.15,-0.13003760161042643,0.24208203599082811,-2.558887637344846,-4.694425633367146,0.004805516331226838,-0.12211294954292462,0.37505940462664406,-3.0604318337699628,0.003696610417192366,-7.416746471632187,-4.363022930125979,5.638229867846128,7.651332388636444,3.0537235415062085,2.0131025207903157,True,True,0.08045960674953244,0.0024296695950245975,0.0301973834223185,0.0773907791939101,0.0007078252826010388,0.009146119085162765,-5.3379907852618365,-2.558887637344846,-7.253313270711992,-1.1944256333671461,-0.03888763734484613,0.022082035990828114,0.0038055163312268377,1.1944256333671461,0.03888763734484613,0.022082035990828114,0.0038055163312268377,False,False,ictal_scale,mid,low,low,-0.10188845548632881,0.2096992441943244,0.049157254199658586,0.0504057788784141,0.08045960674953244,1200,500,10,100.5326738357544
-2.52,-3.5,0.22,0.001,62,428367902,True,,60,-0.15,-0.21019140987357018,0.2512225796283556,-2.8394043024879774,-3.9316518657891697,0.004336462612229667,-0.184780084675734,0.40143537777199073,-4.078756587478513,0.023509554379150324,-11.676738470520828,-9.769543620548285,-2.881754129931153,-3.161708992208169,1.9071948499725426,-0.27995486227701605,True,False,0.08045960674953244,0.0024296695950245975,0.0301973834223185,0.05846048035674806,0.0011464831321157671,0.01961125062810793,-5.4406963295234965,-2.8394043024879774,-6.771056168277147,-0.4316518657891697,-0.31940430248797735,0.03122257962835559,0.0033364626122296672,0.4316518657891697,0.31940430248797735,0.03122257962835559,0.0033364626122296672,False,False,ictal_scale,mid,low,low,-0.18817013660962117,0.21707577791489052,0.048772274293885566,0.05034027752461445,0.08045960674953244,1200,500,10,80.14794969558716
-2.52,-3.5,0.22,0.001,63,1964874527,True,,60,-0.15,-0.15039263624419916,0.2861095130924178,-2.843225997643817,-3.7888717184584597,0.003727078948864307,-0.1289039201491255,0.4403109621780086,-3.452964235103483,0.005583812407848628,-13.808643099535502,-12.63484638131076,-7.1455633879605,-8.892314513733119,1.1737967182247413,-1.7467511257726187,True,False,0.08045960674953244,0.0024296695950245975,0.0301973834223185,0.05823748859683102,0.001317396661258662,0.02262111043933902,-5.59213047575678,-2.843225997643817,-6.632097716102276,-0.2888717184584597,-0.32322599764381676,0.06610951309241778,0.002727078948864307,0.2888717184584597,0.32322599764381676,0.06610951309241778,0.002727078948864307,False,False,ictal_scale,mid,low,low,-0.13284330175033135,0.2063420727469562,0.05011678713100964,0.05056626143824837,0.08045960674953244,1200,500,10,73.05274438858032
-2.52,-3.5,0.22,0.001,64,418995860,True,,60,-0.15,-0.15305016118939813,0.03632564466239101,-2.615068953537663,-4.639828732406706,0.0036680481767342944,-0.14354315418129504,-0.15250335074005741,-7.286540790586615,0.043762966738068475,-10.871935986989273,-8.546897583328413,-1.2721491628680432,-0.7164169177684236,2.3250384036608605,0.5557322450996196,True,True,0.08045960674953244,0.0024296695950245975,0.0301973834223185,0.07316274369204609,0.0007067046814246382,0.009659351819817929,-5.608095590340941,-2.615068953537663,-7.254897685944369,-1.1398287324067056,-0.09506895353766298,-0.183674355337609,0.0026680481767342944,1.1398287324067056,0.09506895353766298,0.183674355337609,0.0026680481767342944,False,False,ictal_scale,mid,low,low,-0.13658884449915576,0.21121945632300676,0.04966861910041106,0.05219576931053892,0.08045960674953244,1200,500,10,79.514568567276
-2.52,-3.5,0.22,0.001,65,191981162,True,,60,-0.15,-0.09029380337592002,0.0858656004651131,-2.4068190986778006,-3.550797761588918,0.004436779942237309,-0.08228998978205007,0.32582897181354775,-4.114835284716154,0.03514167399578694,-3.518220023357098,-3.005415259308089,13.435282764396307,10.366547730272224,0.512804764049009,-3.0687350341240833,True,False,0.08045960674953244,0.0024296695950245975,0.0301973834223185,0.09010144302522848,0.0025860675946972416,0.02870173337815621,-5.4178264038853134,-2.4068190986778006,-5.957616860266718,-0.05079776158891791,0.11318090132219938,-0.1341343995348869,0.003436779942237309,0.05079776158891791,0.11318090132219938,0.1341343995348869,0.003436779942237309,False,False,ictal_scale,mid,low,low,-0.0885387339316952,0.2304222220701284,0.04713829046932427,0.04751712007308194,0.08045960674953244,1200,500,10,78.26836228370667
-2.52,-3.5,0.22,0.001,66,310284932,True,,60,-0.15,-0.12275215524735598,0.06984937061833504,-2.36769654320232,-4.999998484118732,0.004279969458611286,-0.14244000327709844,0.1622122014207516,-5.603380793541454,0.05022073887562192,-6.54918210530596,-2.487881675505359,7.373358600498584,11.401614897877684,4.061300429800601,4.0282562973791,True,True,0.08045960674953244,0.0024296695950245975,0.0301973834223185,0.0936963032832954,0.000631321682541069,0.006737957213020847,-5.453809405252376,-2.36769654320232,-7.367695027321052,-1.4999984841187324,0.15230345679767998,-0.15015062938166496,0.003279969458611286,1.4999984841187324,0.15230345679767998,0.15015062938166496,0.003279969458611286,False,False,ictal_scale,mid,low,low,-0.1438914250422351,0.22760958272610854,0.04675463688726631,0.04451840182591338,0.08045960674953244,1200,500,10,79.53585839271545
-2.52,-3.5,0.22,0.001,67,1334932625,True,,60,-0.15,-0.12552608997652756,0.23491536968307064,-2.4246559873835833,-4.9999999631232885,0.003501876789853654,-0.13251742904033315,0.38268473111857937,-3.565974671183316,0.024674870101494203,-10.830106816668856,-1.6898029639552792,-1.1884908222272088,12.997772320977843,9.140303852713577,14.186263143205052,True,True,0.08045960674953244,0.0024296695950245975,0.0301973834223185,0.08850856186737235,0.0005963660208196493,0.006737947247558799,-5.654456228531908,-2.4246559873835833,-7.424655950506872,-1.4999999631232885,0.09534401261641667,0.01491536968307064,0.002501876789853654,1.4999999631232885,0.09534401261641667,0.01491536968307064,0.002501876789853654,False,False,ictal_scale,mid,low,low,-0.1430375840925545,0.24188453615146488,0.04911928436514087,0.05733914607026074,0.08045960674953244,1200,500,10,86.4753007888794
-2.52,-3.5,0.22,0.001,68,300912890,True,,60,-0.15,-0.1541694097441044,0.08178723406435562,-2.1809818333574715,-4.999999909016393,0.004257803211326068,-0.16886101193060987,0.34543745651719193,-3.706943188537238,0.03434379401171377,-5.317629374690491,-0.19751365414846628,9.83646406172952,15.98235094059147,5.120115720542025,6.145886878861949,True,True,0.08045960674953244,0.0024296695950245975,0.0301973834223185,0.11293059716289341,0.0007609204474899312,0.006737947612128219,-5.459001929801006,-2.1809818333574715,-7.180981742373865,-1.4999999090163927,0.3390181666425285,-0.13821276593564438,0.003257803211326068,1.4999999090163927,0.3390181666425285,0.13821276593564438,0.003257803211326068,False,False,ictal_scale,mid,low,low,-0.1571165496561858,0.23562289666630065,0.04792246997072259,0.04640389880287438,0.08045960674953244,1200,500,10,63.566179513931274
-2.52,-3.5,0.22,0.001,69,1344304667,True,,60,-0.15,-0.11160493215889057,0.20088623388433807,-2.7924496411713116,-4.954737464744094,0.0029085907049782836,-0.059135872079461506,0.40564290854580226,-4.452483194396444,0.028363731712093786,-13.88705694262839,-10.812607947665462,-7.3023910741462785,-5.247837646442523,3.0744489949629283,2.0545534277037554,True,True,0.08045960674953244,0.0024296695950245975,0.0301973834223185,0.06127093811664055,0.0004319558794168485,0.007049930892106475,-5.84008660892876,-2.7924496411713116,-7.747187105915405,-1.4547374647440936,-0.27244964117131154,-0.01911376611566193,0.0019085907049782836,1.4547374647440936,0.27244964117131154,0.01911376611566193,0.0019085907049782836,False,False,ictal_scale,mid,low,low,-0.07511735869795748,0.19899088472276252,0.049660906677349896,0.04982588476353066,0.08045960674953244,1200,500,10,81.81787371635437
-2.52,-3.5,0.22,0.001,70,192201962,True,,60,-0.15,-0.10279327832063563,0.29528374445801503,-2.6400607823779265,-4.96164194475571,0.004270877249596666,-0.10898378011902082,0.41754161671568935,-3.4118560466104415,0.006991033875904599,-11.799829097387699,-7.91223714060082,-3.1279353836648944,0.5529039676867615,3.8875919567868786,3.680839351351656,True,True,0.08045960674953244,0.0024296695950245975,0.0301973834223185,0.0713569321805499,0.0004996000262685766,0.007001422440702329,-5.455936027972098,-2.6400607823779265,-7.601702727133636,-1.4616419447557103,-0.1200607823779265,0.07528374445801503,0.0032708772495966664,1.4616419447557103,0.1200607823779265,0.07528374445801503,0.0032708772495966664,False,False,ictal_scale,mid,low,low,-0.11592313934447515,0.20852683116852733,0.04945664502478591,0.04671722793158149,0.08045960674953244,1200,500,10,82.04661250114441
-2.52,-3.5,0.22,0.001,71,1453015595,True,,60,-0.15,-0.1381462291377927,0.21953509593229878,-2.538469516023729,-4.999999899639064,0.004187744787865042,-0.16257162992097524,0.4249535341105179,-3.452385804488438,0.012745979923368414,-10.757732906705213,-6.608430808220744,-1.043743002299923,3.160516632446914,4.149302098484469,4.204259634746837,True,True,0.08045960674953244,0.0024296695950245975,0.0301973834223185,0.0789871959665473,0.0005322115934422236,0.006737947675312166,-5.475592926735892,-2.538469516023729,-7.538469415662794,-1.4999998996390644,-0.01846951602372915,-0.0004649040677012217,0.0031877447878650416,1.4999998996390644,0.01846951602372915,0.0004649040677012217,0.0031877447878650416,False,False,ictal_scale,mid,low,low,-0.147077747499459,0.21930138934667737,0.048205115976495884,0.048262445126597414,0.08045960674953244,1200,500,10,72.34005522727966
-2.52,-3.5,0.22,0.001,72,182829920,True,,60,-0.15,-0.11168158253712548,0.060978031737014354,-2.8002575656501105,-4.980726527338218,0.0065431213156689665,-0.07653042737407306,0.41955504832289703,-3.4832550452507443,0.0095097775770419,-8.823392490875957,-5.530606719572162,2.824937829358589,5.316164809744077,3.2927857713037945,2.4912269803854876,True,True,0.08045960674953244,0.0024296695950245975,0.0301973834223185,0.0607944020588032,0.0004176010141042104,0.0068690701768937025,-5.029340961975125,-2.8002575656501105,-7.780984092988328,-1.4807265273382182,-0.2802575656501105,-0.15902196826298565,0.0055431213156689665,1.4807265273382182,0.2802575656501105,0.15902196826298565,0.0055431213156689665,False,False,ictal_scale,mid,low,low,-0.06797653837562305,0.21636398567437418,0.04877905030477084,0.052322495409161895,0.08045960674953244,1200,500,10,84.6129047870636
-2.52,-3.5,0.22,0.001,73,685096014,True,,60,-0.15,-0.07282940380111068,0.23683842281123849,-2.9208060754504013,-4.826284246983207,0.003909559384074725,-0.09709516008367378,0.3126400147139161,-3.765691168571045,0.007666649486141683,-17.606326943709043,-16.757781271319445,-14.740931076307582,-17.138184293750488,0.8485456723895979,-2.3972532174429055,True,False,0.08045960674953244,0.0024296695950245975,0.0301973834223185,0.053890230196279,0.0004319976876339809,0.008016252409027739,-5.544330600829756,-2.9208060754504013,-7.747090322433608,-1.3262842469832066,-0.40080607545040126,0.016838422811238485,0.002909559384074725,1.3262842469832066,0.40080607545040126,0.016838422811238485,0.002909559384074725,False,False,ictal_scale,mid,low,low,-0.08799870951644455,0.18410999529434335,0.051238030658524565,0.049245584412356325,0.08045960674953244,1200,500,10,75.67137050628662
-2.52,-3.5,0.22,0.001,74,960121543,True,,60,-0.15,-0.17288558673634563,0.22028493534722002,-3.363449623677825,-0.7081436572358464,0.003906890517465703,-0.18133724760183131,0.34125026548203685,-4.127522398018433,0.0246549940185005,-11.278470892324524,-10.884333027242464,-2.085218973538545,-5.3912878055965265,0.39413786508205995,-3.3060688320579814,True,False,0.08045960674953244,0.0024296695950245975,0.0301973834223185,0.034615641808699124,0.01705020109466482,0.4925577052389071,-5.545013485450359,-3.363449623677825,-4.071593280913671,2.7918563427641536,-0.8434496236778251,0.0002849353472200167,0.0029068905174657027,2.7918563427641536,0.8434496236778251,0.0002849353472200167,0.0029068905174657027,False,False,ictal_scale,mid,low,low,-0.17957099932636597,0.20200067211627784,0.05268032335314602,0.05461581019544549,0.08045960674953244,1200,500,10,75.84806251525879
-2.52,-3.5,0.22,0.001,75,1571098565,True,,60,-0.15,-0.12820089618115896,0.15856771145826118,-2.661560632398159,-4.9999999782912,0.002991286429462497,-0.15326577523150164,0.3516183668948836,-4.156880243828001,0.029576053407382986,-14.107302882250426,-6.782942430576211,-7.74288295339035,2.811493387735979,7.324360451674215,10.554376341126328,True,True,0.08045960674953244,0.0024296695950245975,0.0301973834223185,0.06983914342132873,0.000470572457050005,0.0067379471453582135,-5.812051740140548,-2.661560632398159,-7.661560610689358,-1.4999999782912,-0.14156063239815886,-0.06143228854173882,0.001991286429462497,1.4999999782912,0.14156063239815886,0.06143228854173882,0.001991286429462497,False,False,ictal_scale,mid,low,low,-0.140040035813489,0.21943853409325723,0.04871198184036223,0.04861333802566986,0.08045960674953244,1200,500,10,71.44897317886353
-2.52,-3.5,0.22,0.001,76,969493585,True,,60,-0.15,-0.141467011137833,0.33444207491591993,-2.468462283798398,-4.9999999782912,0.0025896969995397516,-0.10649366050343283,0.4715753043238391,-3.1648629799553154,0.008301250046879332,-13.6813537061404,-3.5052459096991946,-6.890984601170295,9.366886429490012,10.176107796441205,16.257871030660308,True,True,0.08045960674953244,0.0024296695950245975,0.0301973834223185,0.08471502656439758,0.0005708053714085279,0.0067379471453582135,-5.956214398709081,-2.468462283798398,-7.468462262089598,-1.4999999782912,0.05153771620160219,0.11444207491591993,0.0015896969995397516,1.4999999782912,0.05153771620160219,0.11444207491591993,0.0015896969995397516,False,False,ictal_scale,mid,low,low,-0.10038062211505955,0.2356225890222486,0.046372162732805124,0.0448822651902117,0.08045960674953244,1200,500,10,77.90975546836853
-2.52,-3.5,0.22,0.001,77,567013044,True,,60,-0.15,-0.1292187111657034,0.1095382218976884,-2.890115697630798,-3.3895860528127923,0.002994589940951468,-0.15213713838344942,0.3633214504806552,-4.1802274620229465,0.02319363144567512,-12.661262228151646,-10.994868639255563,-4.850801645192789,-5.6123590296227235,1.6663935888960832,-0.7615573844299348,True,False,0.08045960674953244,0.0024296695950245975,0.0301973834223185,0.05556978294731083,0.0018739594184490251,0.033722633399987226,-5.810947971328787,-2.890115697630798,-6.27970175044359,0.11041394718720765,-0.37011569763079777,-0.1104617781023116,0.001994589940951468,0.11041394718720765,0.37011569763079777,0.1104617781023116,0.001994589940951468,False,False,ictal_scale,mid,low,low,-0.13496870343098671,0.2023052010624024,0.051632185812368774,0.05128517674045045,0.08045960674953244,1200,500,10,74.82334113121033
-2.52,-3.5,0.22,0.001,78,1078204513,True,,60,-0.15,-0.18011037620443524,0.27206882913181085,-3.170703148840616,-0.26787764960059895,0.0039780682635505256,-0.17868884732732981,0.4070070168210973,-3.4979948574112063,0.008563561774466578,-8.25765315504049,-8.22942671512942,3.9564165010295227,-0.08147518137043974,0.028226439911069434,-4.037891682399962,True,False,0.08045960674953244,0.0024296695950245975,0.0301973834223185,0.04197407350351828,0.03211022388581285,0.7650013736008099,-5.526958938428481,-3.170703148840616,-3.438580798441215,3.232122350399401,-0.6507031488406159,0.05206882913181085,0.0029780682635505255,3.232122350399401,0.6507031488406159,0.05206882913181085,0.0029780682635505255,False,False,ictal_scale,mid,low,low,-0.18761940071045483,0.2174175159995684,0.0496873826273754,0.05030900619193829,0.08045960674953244,1200,500,10,66.25197315216064
-2.52,-3.5,0.22,0.001,79,1689181535,True,,60,-0.15,-0.12612021792426112,0.32409477423236144,-2.8967879285813654,-4.9999773514491155,0.004296438053823436,-0.14565591713819642,0.4435492069453582,-3.859768884545657,0.011787380948566267,-15.922554150801602,-15.179822170319081,-11.373385490492701,-13.98226609174976,0.742731980482521,-2.6088806012570593,True,False,0.08045960674953244,0.0024296695950245975,0.0301973834223185,0.0552002427214319,0.00037194473370749393,0.006738099605549084,-5.449968959137944,-2.8967879285813654,-7.896765280030481,-1.4999773514491155,-0.37678792858136534,0.10409477423236144,0.003296438053823436,1.4999773514491155,0.37678792858136534,0.10409477423236144,0.003296438053823436,False,False,ictal_scale,mid,low,low,-0.14665401054005853,0.19374767099378276,0.05070456193359761,0.0514941340216629,0.08045960674953244,1200,500,10,79.8843321800232
-2.52,-3.5,0.22,0.001,80,1087576555,True,,60,-0.15,-0.130784919924463,0.3291465547811345,-2.987371531578327,-2.0793894471249104,0.004142997401064514,-0.13642889207227765,0.4348470945189236,-3.407787638854967,0.006446101160358455,-9.939598357231574,-9.872358559247555,0.5925260966473544,-3.3673388696067086,0.06723979798401913,-3.959864966254063,True,False,0.08045960674953244,0.0024296695950245975,0.0301973834223185,0.05041978952941159,0.006302802024290428,0.1250065119889838,-5.486335743194693,-2.987371531578327,-5.066760978703238,1.4206105528750896,-0.4673715315783271,0.10914655478113452,0.003142997401064514,1.4206105528750896,0.4673715315783271,0.10914655478113452,0.003142997401064514,False,False,ictal_scale,mid,low,low,-0.1305758799158134,0.2103249088970332,0.047386374510581294,0.04606529512073927,0.08045960674953244,1200,500,10,77.50527834892273
-2.52,-3.5,0.22,0.001,81,585310461,True,,60,-0.15,-0.1638171671370459,0.17761260235682677,-2.9957834547287145,-1.6260254527570601,0.005116374696035458,-0.13188357690714814,0.38676065512098806,-3.424993930890235,0.006212529786226951,-8.417275091240077,-6.801845517459702,3.637172628630349,2.773687213968998,1.615429573780375,-0.8634854146613513,True,False,0.08045960674953244,0.0024296695950245975,0.0301973834223185,0.04999744100675052,0.009834989374816003,0.1967098550801453,-5.275309157909256,-2.9957834547287145,-4.621808907485775,1.8739745472429399,-0.4757834547287145,-0.04238739764317323,0.004116374696035458,1.8739745472429399,0.4757834547287145,0.04238739764317323,0.004116374696035458,False,False,ictal_scale,mid,low,low,-0.1480795609646009,0.21644543847912615,0.047678745362572404,0.04749360502173842,0.08045960674953244,1200,500,10,70.3471508026123
-2.52,-3.5,0.22,0.001,82,1196287483,True,,60,-0.15,-0.13940425447492974,0.2346321723524742,-2.8061878192439145,-3.8668032680483346,0.0031361734195780697,-0.1634957160595355,0.22458971608641817,-3.146995276555735,0.002206113724039752,-12.587553868430899,-10.453600596444254,-4.703384925751294,-4.529822944000106,2.1339532719866448,0.1735619817511882,True,True,0.08045960674953244,0.0024296695950245975,0.0301973834223185,0.06043494273344093,0.0012646105278989058,0.020925154731703748,-5.764751878412589,-2.8061878192439145,-6.6729910872922495,-0.36680326804833463,-0.28618781924391445,0.014632172352474188,0.0021361734195780697,0.36680326804833463,0.28618781924391445,0.014632172352474188,0.0021361734195780697,False,False,ictal_scale,mid,low,low,-0.16283547700340703,0.19731785854364287,0.04975431547241996,0.04894922636164523,0.08045960674953244,1200,500,10,72.89547967910767
-2.52,-3.5,0.22,0.001,83,1453462258,True,,60,-0.15,-0.1541049128571124,0.2347001876998048,-2.427050612941102,-4.999999962883189,0.0033112241206353353,-0.16656694667023197,0.4536867777834471,-3.1748565301994143,0.010154686244680905,-10.028691294981225,-3.552512384152915,0.414340221148052,9.272353480582572,6.4761789108283105,8.85801325943452,True,True,0.08045960674953244,0.0024296695950245975,0.0301973834223185,0.08829687056492434,0.0005949396561338322,0.006737947249176577,-5.710437332996205,-2.427050612941102,-7.427050575824291,-1.499999962883189,0.09294938705889821,0.014700187699804801,0.0023112241206353352,1.499999962883189,0.09294938705889821,0.014700187699804801,0.0023112241206353352,False,False,ictal_scale,mid,low,low,-0.16527512703415076,0.22958687734117045,0.04622404720058745,0.04671581006137128,0.08045960674953244,1200,500,10,79.93033051490784
-2.52,-3.5,0.22,0.001,84,1304998411,True,,60,-0.15,-0.14109584938687858,0.3356969855896181,-2.889827680579096,-2.381770021696574,0.00530893399158326,-0.15692816953931243,0.41946656019967216,-3.466146673965677,0.010042072707523005,-9.598191342142922,-8.739581701626745,1.2753401268246591,-1.1017851543650892,0.8586096405161765,-2.3771252811897483,True,False,0.08045960674953244,0.0024296695950245975,0.0301973834223185,0.05558579029744326,0.005135399176143172,0.09238690587402484,-5.23836421876299,-2.889827680579096,-5.27159770227567,1.1182299783034262,-0.3698276805790961,0.11569698558961808,0.00430893399158326,1.1182299783034262,0.3698276805790961,0.11569698558961808,0.00430893399158326,False,False,ictal_scale,mid,low,low,-0.13270702087147285,0.21358675491634407,0.046493223486515814,0.04325744943114019,0.08045960674953244,1200,500,10,65.23054599761963
-2.52,-3.5,0.22,0.001,85,703393431,True,,60,-0.15,-0.12133984409259954,0.15148538713532245,-2.3504358502184486,-4.974872943824531,0.003841649563863945,-0.09108170553652296,0.11572608153977598,-3.4827764183253183,0.01939187179403108,-6.343386921742678,-4.0680838540570825,7.784948967625146,8.241210540774237,2.275303067685596,0.45626157314909044,True,True,0.08045960674953244,0.0024296695950245975,0.0301973834223185,0.09532760460246996,0.000658656242875957,0.006909396765214543,-5.5618534307000616,-2.3504358502184486,-7.3253087940429795,-1.474872943824531,0.16956414978155143,-0.06851461286467755,0.002841649563863945,1.474872943824531,0.16956414978155143,0.06851461286467755,0.002841649563863945,False,False,ictal_scale,mid,low,low,-0.10395951021409643,0.2206750897365891,0.0469489029096686,0.04693183115059806,0.08045960674953244,1200,500,10,76.96125507354736
-2.52,-3.5,0.22,0.001,86,1946356310,True,,60,-0.15,-0.16077130839687398,0.08429473656899145,-2.6709062346809236,-4.909315394585215,0.0030386467352634255,-0.14364599690166407,-0.9591822607546612,-20.94143731723537,0.04024186042655709,-12.767445090444856,-11.256526470225287,-5.063167369779208,-6.135674691562173,1.5109186202195684,-1.0725073217829646,True,False,0.08045960674953244,0.0024296695950245975,0.0301973834223185,0.06918949496953743,0.0005104480802435845,0.007377537304880214,-5.796343015547834,-2.6709062346809236,-7.580221629266138,-1.4093153945852146,-0.15090623468092357,-0.13570526343100855,0.0020386467352634255,1.4093153945852146,0.15090623468092357,0.13570526343100855,0.0020386467352634255,False,False,ictal_scale,mid,low,low,-0.15450118100001492,0.20117844815350844,0.048753029992985954,0.05012914770423686,0.08045960674953244,1200,500,10,74.50295281410217
-2.52,-3.5,0.22,0.001,87,1335379288,True,,60,-0.15,-0.1771252583322404,0.04182687043176273,-2.3599961005963386,-4.999999934684156,0.004115762290972102,-0.18991313158017298,0.41665470945913474,-3.175334793041083,0.01684082260088194,-7.229450223855048,0.9656014035958304,6.0128223634004065,18.30858105608006,8.195051627450878,12.295758692679655,True,True,0.08045960674953244,0.0024296695950245975,0.0301973834223185,0.09442059137958424,0.0006362009818919479,0.0067379474391801785,-5.492931215114392,-2.3599961005963386,-7.359996035280494,-1.4999999346841557,0.16000389940366144,-0.17817312956823728,0.0031157622909721017,1.4999999346841557,0.16000389940366144,0.17817312956823728,0.0031157622909721017,False,False,ictal_scale,mid,low,low,-0.18422225295059358,0.240241415609132,0.04743600590374888,0.04947514805116163,0.08045960674953244,1200,500,10,67.82380080223083
-2.52,-3.5,0.22,0.001,88,1837645382,True,,60,-0.15,-0.11827387840481637,0.36830101386696945,-2.888432224769661,-2.743257240391023,0.005483829873022435,-0.10624863906282303,0.4567634363921078,-3.317291570343998,0.007664013881783509,-11.88707380707584,-11.108695609980904,-3.302424803041177,-5.840012971073406,0.7783781970949359,-2.5375881680322294,True,False,0.08045960674953244,0.0024296695950245975,0.0301973834223185,0.055663411957638166,0.0035825176728788667,0.0643603679128633,-5.205951540188067,-2.888432224769661,-5.631689465160684,0.7567427596089771,-0.368432224769661,0.14830101386696945,0.004483829873022435,0.7567427596089771,0.368432224769661,0.14830101386696945,0.004483829873022435,False,False,ictal_scale,mid,low,low,-0.11294302660588643,0.21947320884841587,0.0470992853942734,0.04379236544596812,0.08045960674953244,1200,500,10,63.74904227256775
-2.52,-3.5,0.22,0.001,89,821476401,True,,60,-0.15,-0.1671387316763025,0.36784311790601026,-2.3952108608419698,-4.999999939788221,0.004371271935245808,-0.14943078610671162,0.43821640929924344,-3.261563591310618,0.007707676195296002,-10.63373223003544,-4.845539682030812,-0.7957416489603766,6.686298884826778,5.788192548004628,7.4820405337871545,True,True,0.08045960674953244,0.0024296695950245975,0.0301973834223185,0.0911534562014864,0.0006141871936503761,0.006737947404789253,-5.432701251527604,-2.3952108608419698,-7.395210800630191,-1.4999999397882213,0.12478913915803025,0.14784311790601026,0.0033712719352458082,1.4999999397882213,0.12478913915803025,0.14784311790601026,0.0033712719352458082,False,False,ictal_scale,mid,low,low,-0.13920717945503172,0.229927773090311,0.048104526609469775,0.05018085361344182,0.08045960674953244,1200,500,10,64.80718731880188
-2.52,-3.5,0.22,0.001,90,1828273340,True,,60,-0.15,-0.21343044917991552,0.1924838459502872,-2.51687210382672,-4.999999965773012,0.005089218540788292,-0.21727787482902194,0.29890322959170335,-4.181821113453941,0.032136453879188155,-9.163102095622492,-6.300799414152713,2.14551861986552,3.7757794205829764,2.862302681469779,1.6302608007174566,True,True,0.08045960674953244,0.0024296695950245975,0.0301973834223185,0.08071167005400065,0.0005438309736452261,0.006737947229705104,-5.2806309885387455,-2.51687210382672,-7.5168720695997315,-1.4999999657730116,0.0031278961732801314,-0.027516154049712804,0.004089218540788292,1.4999999657730116,0.0031278961732801314,0.027516154049712804,0.004089218540788292,False,False,ictal_scale,mid,low,low,-0.2185563598919603,0.21731102222877086,0.04855892596480279,0.049139941249375096,0.08045960674953244,1200,500,10,78.20764207839966
-2.52,-3.5,0.22,0.001,91,930187329,True,,60,-0.15,-0.1718556304328533,0.2394751040592035,-2.4332796933320178,-4.9999999638617965,0.00392564233206242,-0.15407906686790582,0.374200789619763,-4.130966347452491,0.03621246261957406,-8.81926344906779,-2.721140426699662,2.8331959129749222,10.935097395489077,6.098123022368128,8.101901482514155,True,True,0.08045960674953244,0.0024296695950245975,0.0301973834223185,0.08774857173156242,0.0005912452469392572,0.006737947242582772,-5.540225289656337,-2.4332796933320178,-7.433279657193815,-1.4999999638617965,0.08672030666798225,0.019475104059203496,0.00292564233206242,1.4999999638617965,0.08672030666798225,0.019475104059203496,0.00292564233206242,False,False,ictal_scale,mid,low,low,-0.15624229677658683,0.24211182286711502,0.04745321118272684,0.04525400905869558,0.08045960674953244,1200,500,10,75.39811658859253
-2.52,-3.5,0.22,0.001,92,1719562412,True,,60,-0.15,-0.1104882426270079,0.5358649594499729,-2.8941227591424146,-4.999994507885546,0.0034335430783592365,-0.09145172096350745,0.53848151951647,-3.6969339156125027,0.004708003276040306,-21.493096722711254,-18.997013882484197,-22.514470634312005,-21.616649516079992,2.496082840227057,0.897821118232013,True,True,0.08045960674953244,0.0024296695950245975,0.0301973834223185,0.05534755694283682,0.0003729309533835545,0.00673798400476319,-5.674162583496379,-2.8941227591424146,-7.89411726702796,-1.4999945078855461,-0.37412275914241455,0.31586495944997295,0.0024335430783592365,1.4999945078855461,0.37412275914241455,0.31586495944997295,0.0024335430783592365,False,False,ictal_scale,mid,low,low,-0.1090456590392382,0.20676499112638083,0.04807783586695438,0.04774928016149939,0.08045960674953244,1200,500,10,65.20337247848511
-2.52,-3.5,0.22,0.001,93,173683745,True,,60,-0.15,-0.16991208227346033,0.09436963935748906,-2.9034489232704854,-2.1204821336591118,0.005724400070047125,-0.14560632272885327,0.43158996858394305,-3.741045392894211,0.02402192974148644,-6.165022729239037,-5.931321271326068,8.14167735263243,4.514735706236266,0.2337014579129688,-3.6269416463961637,True,False,0.08045960674953244,0.0024296695950245975,0.0301973834223185,0.05483377606901338,0.00657861490258951,0.11997377117179955,-5.163017526290965,-2.9034489232704854,-5.023931056929597,1.3795178663408882,-0.3834489232704854,-0.12563036064251093,0.004724400070047125,1.3795178663408882,0.3834489232704854,0.12563036064251093,0.004724400070047125,False,False,ictal_scale,mid,low,low,-0.16452073414896945,0.22120289350147188,0.04902854803891702,0.04887990604637834,0.08045960674953244,1200,500,10,76.47561955451965
-2.52,-3.5,0.22,0.001,94,1710190370,True,,60,-0.15,-0.16076978864621577,0.3306750835719081,-2.6410474571750324,-2.9376971400642926,0.005216686797406922,-0.1090633968103417,0.42885592399711275,-3.2420423521010866,0.006573344497801277,-5.7101973401778405,-4.397671256904796,9.051328130754822,7.58203573507881,1.3125260832730445,-1.4692923956760122,True,False,0.08045960674953244,0.0024296695950245975,0.0301973834223185,0.07128656081650328,0.0037773045820534636,0.05298761139251081,-5.255892791743686,-2.6410474571750324,-5.578744597239325,0.5623028599357074,-0.1210474571750324,0.11067508357190811,0.004216686797406922,0.5623028599357074,0.1210474571750324,0.11067508357190811,0.004216686797406922,False,False,ictal_scale,mid,low,low,-0.13047302531337496,0.22469145195326637,0.04697719024579136,0.048076712511181494,0.08045960674953244,1200,500,10,74.64219260215759
-2.52,-3.5,0.22,0.001,95,64972817,True,,60,-0.15,-0.09952148878946679,0.4399213549403892,-2.371141401196078,-4.927416598446076,0.005086265123777951,-0.08471844218468216,0.4557121939779693,-3.1459627285818197,0.006728799614214982,-6.9034844870052225,-2.967943904212131,6.664753837100058,10.44149044046414,3.9355405827930916,3.776736603364082,True,True,0.08045960674953244,0.0024296695950245975,0.0301973834223185,0.09337408813530364,0.0006765136050329824,0.007245196376672305,-5.281211485189448,-2.371141401196078,-7.298557999642154,-1.4274165984460758,0.14885859880392216,0.2199213549403892,0.004086265123777951,1.4274165984460758,0.14885859880392216,0.2199213549403892,0.004086265123777951,False,False,ictal_scale,mid,low,low,-0.10283815166307542,0.24923243078295373,0.043317557069149075,0.043181883491523826,0.08045960674953244,1200,500,10,66.7652063369751
-2.52,-3.5,0.22,0.001,96,1601479442,True,,60,-0.15,-0.1823061015753471,0.24676451733080973,-2.4756327967089264,-3.840921161449104,0.005391551984296058,-0.1921053767242346,0.3910818588578232,-2.989952785915673,0.006888891565523781,-2.390957048890399,1.354276964543637,15.689808713329704,19.085932177975675,3.745234013434036,3.396123464645971,True,True,0.08045960674953244,0.0024296695950245975,0.0301973834223185,0.0841097490412719,0.001806156886501679,0.02147381138440222,-5.222921997790075,-2.4756327967089264,-6.31655395815803,-0.3409211614491041,0.044367203291073576,0.02676451733080973,0.004391551984296058,0.3409211614491041,0.044367203291073576,0.02676451733080973,0.004391551984296058,False,False,ictal_scale,mid,low,low,-0.17423919684359673,0.23306981752665348,0.05030528715991623,0.055454884200479934,0.08045960674953244,1200,500,10,91.51213145256042
-2.52,-3.5,0.22,0.001,97,55600775,True,,60,-0.15,-0.13178311565321477,0.15285727272774124,-2.8065589265729773,-4.34876513495031,0.0032814641726293657,-0.12502759879409317,0.3526511681754521,-4.576275150372879,0.02814996295448979,-14.79349996622127,-11.67409132343591,-9.115277121332038,-6.970804397983418,3.119408642785361,2.1444727233486205,True,True,0.08045960674953244,0.0024296695950245975,0.0301973834223185,0.0604125190443161,0.000780696520673572,0.01292276059703595,-5.7194655620959685,-2.8065589265729773,-7.155324061523287,-0.8487651349503098,-0.2865589265729773,-0.06714272727225876,0.0022814641726293656,0.8487651349503098,0.2865589265729773,0.06714272727225876,0.0022814641726293656,False,False,ictal_scale,mid,low,low,-0.12726963470078428,0.19730546994767928,0.05153415736952886,0.05366433689398779,0.08045960674953244,1200,500,10,73.3017508983612
-2.52,-3.5,0.22,0.001,98,1592107400,True,,60,-0.15,-0.14471860413087434,0.32873694274696963,-2.4038627263301633,-4.999999818368456,0.004185778981053558,-0.12256585694171057,0.45742044242447505,-3.1360962457377966,0.006068234174656733,-9.308111122380149,-4.332655360023857,1.855500566350205,7.712067528840688,4.975455762356292,5.856566962490483,True,True,0.08045960674953244,0.0024296695950245975,0.0301973834223185,0.09036821057767941,0.0006088963238693677,0.006737948222909292,-5.476062455909475,-2.4038627263301633,-7.40386254469862,-1.4999998183684564,0.11613727366983673,0.10873694274696963,0.003185778981053558,1.4999998183684564,0.11613727366983673,0.10873694274696963,0.003185778981053558,False,False,ictal_scale,mid,low,low,-0.13532474683478343,0.23224353633445222,0.04634732112182573,0.04291801961431652,0.08045960674953244,1200,500,10,69.1230640411377
-2.52,-3.5,0.22,0.001,99,2094373494,True,,60,-0.15,-0.14795876541034805,0.20689543035113994,-3.043249497587988,-2.534046313520369,0.003753274068809192,-0.14016091404679287,0.351138685349667,-4.283138611004783,0.024159924244256958,-12.356663848101082,-11.914692073075145,-4.241604885091661,-7.452005897261888,0.4419717750259373,-3.2104010121702267,True,False,0.08045960674953244,0.0024296695950245975,0.0301973834223185,0.04767970241274345,0.00378278105470528,0.07933734615118422,-5.585126734901056,-3.043249497587988,-5.577295811108357,0.9659536864796312,-0.523249497587988,-0.01310456964886006,0.002753274068809192,0.9659536864796312,0.523249497587988,0.01310456964886006,0.002753274068809192,False,False,ictal_scale,mid,low,low,-0.13864474772851804,0.1989844366103836,0.050269465384420814,0.049778584651919616,0.08045960674953244,1200,500,10,72.1300859451294
-2.52,-0.03,0.22,0.001,0,1446504402,True,,60,-0.15,-0.12896167526952557,-0.014437489907517129,-2.1632134797479217,-1.8873895907776945,0.007884767274027853,-0.1419309454227595,0.3385161726414947,-2.6989965596850483,0.008954804090827497,11.988329975986554,14.916833496292906,44.448382763083615,46.21104524147421,2.928503520306352,1.7626624783905953,True,True,0.08045960674953244,0.07808166600115317,0.9704455335485082,0.11495512090953897,0.017411870886432475,0.15146668324705873,-4.842822574027715,-2.1632134797479217,-4.050603070525616,-1.8573895907776945,0.35678652025207835,-0.23443748990751712,0.006884767274027853,1.8573895907776945,0.35678652025207835,0.23443748990751712,0.006884767274027853,False,False,ictal_scale,mid,low,low,-0.12950333926391974,0.29687026006511735,0.07990947833964314,0.08002184950569885,0.08045960674953244,1200,500,10,72.7591621875763
-2.52,-0.03,0.22,0.001,1,835527380,True,,60,-0.15,-0.14929443007207996,0.1544062456667999,-2.7722423909823304,-0.3421536467812576,0.008292121758026086,-0.15473818432872383,0.28120588704100086,-3.663797835899129,0.04161732347895987,4.7673169208284465,5.055587035497071,30.006356652767394,26.488552319882544,0.2882701146686246,-3.5178043328848503,True,False,0.08045960674953244,0.07808166600115317,0.9704455335485082,0.06252164945231531,0.04440531818552634,0.7102390703782356,-4.792449400721657,-2.7722423909823304,-3.114396037763588,-0.31215364678125757,-0.25224239098233037,-0.06559375433320011,0.007292121758026086,0.31215364678125757,0.25224239098233037,0.06559375433320011,0.007292121758026086,False,False,ictal_scale,mid,low,low,-0.1404630061062002,0.2658694591643846,0.0799483498198225,0.0799838025931689,0.08045960674953244,1200,500,10,69.44857239723206
-2.52,-0.03,0.22,0.001,2,809690177,True,,60,-0.15,-0.06183024615498694,0.2900539840222172,-2.839801470973196,0.7996950855951713,0.006973179984034898,-0.04723205058828119,0.3428347697876002,-2.71297873216887,0.012259446310104394,10.282730740086324,10.398580520141545,41.037184291283154,37.17453928917149,0.11584978005522117,-3.8626450021116625,True,False,0.08045960674953244,0.07808166600115317,0.9704455335485082,0.058437266306569334,0.1300148784606616,2.2248624324516997,-4.965683919512501,-2.839801470973196,-2.040106385378025,0.8296950855951714,-0.319801470973196,0.07005398402221721,0.005973179984034898,0.8296950855951714,0.319801470973196,0.07005398402221721,0.005973179984034898,False,False,ictal_scale,mid,low,low,-0.0599478563255544,0.3030829029112605,0.07983907712335746,0.07988501271584511,0.08045960674953244,1200,500,10,64.00939083099365
-2.52,-0.03,0.22,0.001,3,726816452,True,,60,-0.15,-0.1634476449681554,0.13762558641727407,-2.8187304298710325,1.3865461538805395,0.010999095267009491,-0.13186914252699095,0.36989548515969156,-2.989435931317652,0.0413452181944645,13.944719231691968,14.836952443474962,48.361161274494435,46.051283135838325,0.8922332117829939,-2.30987813865611,True,False,0.08045960674953244,0.07808166600115317,0.9704455335485082,0.059681664690323634,0.23878677597396636,4.001007297852427,-4.509942258020039,-2.8187304298710325,-1.432184275990493,1.4165461538805395,-0.2987304298710325,-0.08237441358272593,0.00999909526700949,1.4165461538805395,0.2987304298710325,0.08237441358272593,0.00999909526700949,False,False,ictal_scale,mid,low,low,-0.13415746328212946,0.3040980790259496,0.07988615507471213,0.08003186486558217,0.08045960674953244,1200,500,10,73.59680438041687
-2.52,-0.03,0.22,0.001,4,1328421432,True,,60,-0.15,-0.0744413950888347,0.16612848198221608,-3.4144918601560983,2.788535798036816,0.007934410055818157,-0.09730015426017341,0.39340285549117554,-2.8301415708016613,0.0068954408036975305,4.864076574047875,8.463542738737031,30.199875959206253,33.304463726362464,3.599466164689156,3.104587767156211,True,True,0.08045960674953244,0.07808166600115317,0.9704455335485082,0.032893116758846215,0.5347499298944614,16.257198544453733,-4.836546274860507,-3.4144918601560983,-0.6259560621192821,2.818535798036816,-0.8944918601560983,-0.05387151801778392,0.006934410055818157,2.818535798036816,0.8944918601560983,0.05387151801778392,0.006934410055818157,False,False,ictal_scale,mid,low,low,-0.09876248847232239,0.27512902348504115,0.07994218833469498,0.0800247918085845,0.08045960674953244,1200,500,10,72.89851689338684
-2.52,-0.03,0.22,0.001,5,316796125,True,,60,-0.15,-0.1419805891786058,0.1017435340737157,-2.899083401945549,1.454631102405222,0.007780092167696503,-0.1473562342545458,0.06015941590801444,-4.8477299346259635,0.08027256372681747,11.890035559025199,12.199113689091746,44.2517939291609,40.7756056270719,0.3090781300665473,-3.4761883020889996,True,False,0.08045960674953244,0.07808166600115317,0.9704455335485082,0.05507367735385826,0.23587523015587378,4.282903221448844,-4.856187094114387,-2.899083401945549,-1.4444522995403268,1.4846311024052221,-0.3790834019455489,-0.1182564659262843,0.006780092167696503,1.4846311024052221,0.3790834019455489,0.1182564659262843,0.006780092167696503,False,False,ictal_scale,mid,low,low,-0.15226667082173925,0.2886345842920434,0.0799224174367197,0.08001110370304326,0.08045960674953244,1200,500,10,65.70587205886841
-2.52,-0.03,0.22,0.001,6,1219710504,True,,60,-0.15,-0.13260343789348591,0.16627713920306478,-2.229205424576782,-1.2534886209137628,0.0077281160542716585,-0.16045593761958704,0.23171997982976084,-2.7425743365569915,0.01786325897433776,12.526652586796633,12.630873568830864,45.52502798470377,41.639125386550134,0.10422098203423147,-3.885902598153635,True,False,0.08045960674953244,0.07808166600115317,0.9704455335485082,0.10761390353671295,0.030724526163917187,0.28550703165818525,-4.862890164809983,-2.229205424576782,-3.482694045490545,-1.2234886209137628,0.29079457542321796,-0.05372286079693522,0.0067281160542716585,1.2234886209137628,0.29079457542321796,0.05372286079693522,0.0067281160542716585,False,False,ictal_scale,mid,low,low,-0.1377048814969411,0.2953551626451331,0.07985428100226648,0.07985676634056925,0.08045960674953244,1200,500,10,71.10832834243774
-2.52,-0.03,0.22,0.001,7,425507053,True,,60,-0.15,-0.23321108506441351,0.5594164287683007,-3.3123982143031165,0.34278062364763223,0.005590672828462267,-0.2076547553847085,0.4752151570658574,-3.32197390709434,0.010115861678421063,-7.308229520937513,-6.398751198115805,5.855263769235476,3.579875852656791,0.909478322821708,-2.275387916578685,True,False,0.08045960674953244,0.07808166600115317,0.9704455335485082,0.03642870506979606,0.05132293294889154,1.408859657529926,-5.186655636184765,-3.3123982143031165,-2.9696175906554845,0.3727806236476322,-0.7923982143031165,0.3394164287683007,0.004590672828462267,0.3727806236476322,0.7923982143031165,0.3394164287683007,0.004590672828462267,False,False,ictal_scale,mid,low,low,-0.23516634934499692,0.244074486411496,0.07995822721710043,0.08002832666301894,0.08045960674953244,1200,500,10,62.26135516166687
-2.52,-0.03,0.22,0.001,8,1210338462,True,,60,-0.15,-0.13362643370353638,0.29555788807075617,-2.6822881258678004,-1.150326840114283,0.007930692966632357,-0.13194001385844695,0.3677070940935721,-2.997449509641471,0.009752011207939257,3.9322216928411016,5.36254345268291,28.336166196792707,27.102465154254222,1.4303217598418088,-1.2337010425384847,True,False,0.08045960674953244,0.07808166600115317,0.9704455335485082,0.0684064523727474,0.02165291988452244,0.3165332966915968,-4.837014861701519,-2.6822881258678004,-3.832614965982083,-1.120326840114283,-0.1622881258678004,0.07555788807075617,0.006930692966632357,1.120326840114283,0.1622881258678004,0.07555788807075617,0.006930692966632357,False,False,ictal_scale,mid,low,low,-0.13439243621103644,0.26996608938719324,0.0799405101750251,0.07999975046875776,0.08045960674953244,1200,500,10,64.49186110496521
-2.52,-0.03,0.22,0.001,9,434879095,True,,60,-0.15,-0.17770974704479625,0.24759408406747047,-2.517684693482649,-0.9183971418910853,0.006697912278800311,-0.17073538348801404,0.4015625047097404,-2.901515791147227,0.013132547156178658,7.489535074476445,7.381035376143933,35.450792960063396,31.139449001176267,-0.10849969833251194,-4.311343958887129,False,False,0.08045960674953244,0.07808166600115317,0.9704455335485082,0.08064611122562228,0.03219056649418716,0.39915832276311686,-5.0059594013216975,-2.517684693482649,-3.4360818353737344,-0.8883971418910853,0.0023153065173509013,0.027594084067470465,0.005697912278800311,0.8883971418910853,0.0023153065173509013,0.027594084067470465,0.005697912278800311,False,False,ictal_scale,mid,low,low,-0.1741166979715763,0.26747972963576744,0.0799671575479422,0.08001692682769464,0.08045960674953244,1200,500,10,62.833879470825195
-2.52,-0.03,0.22,0.001,10,1101627534,True,,60,-0.15,-0.17503333727788023,0.14391316714554475,-1.8055329211218623,-4.933451130313638,0.0068269633174706254,-0.20852984638554353,0.28339963858613093,-3.070441607580842,0.036676922582313934,6.172478103782874,9.537283020268017,32.816679018676254,35.45194428942443,3.3648049164851432,2.635265270748178,True,True,0.08045960674953244,0.07808166600115317,0.9704455335485082,0.16438682801686735,0.001183849275838899,0.00720160666228943,-4.986875313715457,-1.8055329211218623,-6.7389840514355,-4.903451130313638,0.7144670788781378,-0.07608683285445525,0.005826963317470625,4.903451130313638,0.7144670788781378,0.07608683285445525,0.005826963317470625,False,False,ictal_scale,mid,low,low,-0.20211283256950827,0.28558299285801075,0.07991945952429648,0.08002171079896304,0.08045960674953244,1200,500,10,86.11183190345764
-2.52,-0.03,0.22,0.001,11,543590023,True,,60,-0.15,-0.08817159264622138,0.16448134921692403,-2.8346651049110627,0.5058697453598102,0.006164933157559135,-0.09218102079976187,0.3837426634910953,-2.795180549286946,0.007636721339777045,6.183395127080745,7.455482467749247,32.838513065272,31.288343184386896,1.2720873406685023,-1.5501698808851003,True,False,0.08045960674953244,0.07808166600115317,0.9704455335485082,0.05873819367295122,0.09741302410610458,1.6584273028294196,-5.088877984669678,-2.8346651049110627,-2.3287953595512523,0.5358697453598102,-0.3146651049110627,-0.05551865078307597,0.005164933157559135,0.5358697453598102,0.3146651049110627,0.05551865078307597,0.005164933157559135,False,False,ictal_scale,mid,low,low,-0.08696657697293046,0.26709070531936385,0.07996974321290222,0.08002981289020067,0.08045960674953244,1200,500,10,68.18167185783386
-2.52,-0.03,0.22,0.001,12,2089468690,True,,60,-0.15,-0.1224445233795611,0.15481581003143802,-2.6970813325719165,-0.10834904744737234,0.008875278372773635,-0.12951514552252746,0.3052107681864079,-3.4824639275216334,0.043837146635220085,8.826818683084978,8.711931994827381,38.125360177280456,33.80124223854317,-0.11488668825759696,-4.324117938737288,False,False,0.08045960674953244,0.07808166600115317,0.9704455335485082,0.06740194980856043,0.060480735870174884,0.8973143364836828,-4.724485578166234,-2.6970813325719165,-2.805430380019289,-0.07834904744737234,-0.1770813325719165,-0.06518418996856198,0.007875278372773634,0.07834904744737234,0.1770813325719165,0.06518418996856198,0.007875278372773634,False,False,ictal_scale,mid,low,low,-0.1378021280194061,0.27450307506204874,0.07993572590072894,0.07998763241585344,0.08045960674953244,1200,500,10,74.2169508934021
-2.52,-0.03,0.22,0.001,13,552962065,True,,60,-0.15,-0.133004637967481,0.3114969007864995,-2.182062728105369,-1.056777255295163,0.011543025766764015,-0.12331145600029335,0.3959936743204058,-2.3302273955019963,0.008555349302230519,17.289540170943038,17.543137482795863,55.05080315299658,51.46365321448013,0.2535973118528254,-3.587149938516447,True,False,0.08045960674953244,0.07808166600115317,0.9704455335485082,0.11280859702007799,0.03920935222781632,0.34757415005203657,-4.4616738541103205,-2.182062728105369,-3.238839983400532,-1.026777255295163,0.33793727189463096,0.0914969007864995,0.010543025766764014,1.026777255295163,0.33793727189463096,0.0914969007864995,0.010543025766764014,False,False,ictal_scale,mid,low,low,-0.1556794819846238,0.33179984239528365,0.0798540958260057,0.08001877566673846,0.08045960674953244,1200,500,10,69.8371033668518
-2.52,-0.03,0.22,0.001,14,50695971,True,,60,-0.15,-0.11482008706421798,0.1963068276197119,-2.599130792628102,-0.2434813323766062,0.008598407694811178,-0.09316120844542825,0.3765400120896723,-3.333314930586093,0.04442344331974991,11.650952884577084,11.551784410949105,43.77362858026467,39.48094707078661,-0.09916847362797832,-4.292681509478058,False,False,0.08045960674953244,0.07808166600115317,0.9704455335485082,0.07433816542182704,0.058273249972993164,0.7838941093357017,-4.7561782446315215,-2.599130792628102,-2.8426121250047083,-0.21348133237660621,-0.07913079262810196,-0.02369317238028809,0.007598407694811178,0.21348133237660621,0.07913079262810196,0.02369317238028809,0.007598407694811178,False,False,ictal_scale,mid,low,low,-0.09607158238538424,0.2988889809959932,0.07986801541524755,0.07991824785611341,0.08045960674953244,1200,500,10,72.24408769607544
-2.52,-0.03,0.22,0.001,15,661672993,True,,60,-0.15,-0.13072422135766248,0.28578616401079576,-2.4136973069996377,-2.1631280969501594,0.005901497837602237,-0.12902446097460346,0.4257397925226671,-2.9454319411996597,0.01198493762071759,3.3382666002180117,4.266755276289026,27.148256011546525,24.910888801466456,0.9284886760710145,-2.2373672100800697,True,False,0.08045960674953244,0.07808166600115317,0.9704455335485082,0.08948383299015703,0.010287503179137885,0.11496493651841543,-5.132549089510157,-2.4136973069996377,-4.5768254039497975,-2.1331280969501596,0.10630269300036232,0.06578616401079576,0.004901497837602237,2.1331280969501596,0.10630269300036232,0.06578616401079576,0.004901497837602237,False,False,ictal_scale,mid,low,low,-0.1113969984080543,0.2635492598986867,0.07996587191809428,0.08008121346868022,0.08045960674953244,1200,500,10,73.2486777305603
-2.52,-0.03,0.22,0.001,16,60068013,True,,60,-0.15,-0.1454875786878781,0.4827354901299167,-2.4783441036291403,0.32147847218030506,0.009336804380335498,-0.13735411217718163,0.4624054560294228,-2.428399171295064,0.019890221165155098,18.260241455069806,18.2084753988993,56.992205721250116,52.794329046687,-0.05176605617050711,-4.197876674563119,False,False,0.08045960674953244,0.07808166600115317,0.9704455335485082,0.08388201057059691,0.11568715955527799,1.3791653152842966,-4.673791228718835,-2.4783441036291403,-2.1568656314488353,0.35147847218030503,0.04165589637085976,0.2627354901299167,0.008336804380335499,0.35147847218030503,0.04165589637085976,0.2627354901299167,0.008336804380335499,False,False,ictal_scale,mid,low,low,-0.17127970778418264,0.3588547184369115,0.0797808778395832,0.0798761370885097,0.08045960674953244,1200,500,10,60.914119720458984
-2.52,-0.03,0.22,0.001,17,671045035,True,,60,-0.15,-0.1240767875106763,0.25970750700160866,-1.8224311348725726,-4.696356455297476,0.007578345272780873,-0.13857607465379745,0.36878379540010264,-2.7939552227735707,0.02067284869002563,6.0555039606870995,9.841555307464462,32.582730732484706,36.060488863817326,3.786051346777363,3.477758131332621,True,True,0.08045960674953244,0.07808166600115317,0.9704455335485082,0.1616323229125988,0.0014754568767984472,0.009128476595589652,-4.882460404903099,-1.8224311348725726,-6.5187875901700485,-4.666356455297476,0.6975688651274274,0.03970750700160866,0.006578345272780873,4.666356455297476,0.6975688651274274,0.03970750700160866,0.006578345272780873,False,False,ictal_scale,mid,low,low,-0.1377773657647908,0.29593696450689,0.07989403300682467,0.07998889834284895,0.08045960674953244,1200,500,10,73.43498039245605
-2.52,-0.03,0.22,0.001,18,168778941,True,,60,-0.15,-0.040583165603247574,0.015832606074465228,-3.089840939356107,2.059488991537074,0.007571267233851914,-0.050892521624543566,0.04758592524492851,-2.4495607621901287,4.1735128478800806e-05,10.592280235725386,83.23997119378596,41.656283282561276,182.85732063646032,72.64769095806058,141.20103735389904,True,True,0.08045960674953244,0.07808166600115317,0.9704455335485082,0.04550919255042437,0.3568813348561402,7.8419614775787165,-4.883394823448903,-3.089840939356107,-1.0303519478190326,2.089488991537074,-0.5698409393561068,-0.20416739392553476,0.006571267233851914,2.089488991537074,0.5698409393561068,0.20416739392553476,0.006571267233851914,False,False,ictal_scale,mid,low,low,-0.05120218324833671,0.291881827569072,0.0798993656712225,0.07998193321712767,0.08045960674953244,1200,500,10,66.35789012908936
-2.52,-0.03,0.22,0.001,19,333487153,True,,60,-0.15,-0.155630321565228,0.24077861417531776,-3.056798051444456,0.9315808534701217,0.00755537802728257,-0.17003431648610912,0.3914534117172721,-2.8208190088766063,0.008547780164992014,3.351348758129812,4.380540963290952,27.17442032737013,25.138460175470307,1.0291922051611397,-2.035960151899822,True,False,0.08045960674953244,0.07808166600115317,0.9704455335485082,0.04703806782216484,0.11940703048486215,2.538519033908878,-4.885495647807366,-3.056798051444456,-2.1252171979743344,0.9615808534701217,-0.5367980514444559,0.02077861417531776,0.00655537802728257,0.9615808534701217,0.5367980514444559,0.02077861417531776,0.00655537802728257,False,False,ictal_scale,mid,low,low,-0.16559500769864083,0.2632828623340683,0.07997764233019403,0.08005075674975293,0.08045960674953244,1200,500,10,61.089101791381836
-2.52,-0.03,0.22,0.001,20,178150983,True,,60,-0.15,-0.15171828419809574,0.1032794852790072,-2.246920818347444,-0.8450096866455563,0.009936349401342645,-0.13471826286699612,0.16923131738244873,-2.924260334754567,0.04833714475404269,16.317759015940734,16.365650120499726,53.10724084299197,49.10867848988785,0.04789110455899248,-3.99856235310412,True,False,0.08045960674953244,0.07808166600115317,0.9704455335485082,0.10572426809755338,0.04541419738938499,0.42955319726101693,-4.611555589217805,-2.246920818347444,-3.091930504993,-0.8150096866455563,0.2730791816525562,-0.1167205147209928,0.008936349401342646,0.8150096866455563,0.2730791816525562,0.1167205147209928,0.008936349401342646,False,False,ictal_scale,mid,low,low,-0.14937336563772652,0.30966173423431453,0.07988901143223219,0.08005130240795472,0.08045960674953244,1200,500,10,70.26891350746155
-2.52,-0.03,0.22,0.001,21,324115111,True,,60,-0.15,-0.08937849528401273,0.19667368900464796,-2.700126366619033,-0.015526350933301646,0.009433740362371858,-0.12326795788857592,0.2707138726047198,-3.2351827223223033,0.04097301902904715,10.574231644064819,10.562899458169,41.620186099240144,37.503177165226404,-0.01133218589581908,-4.1170089340137395,False,False,0.08045960674953244,0.07808166600115317,0.9704455335485082,0.06719702074288823,0.06616175397211194,0.984593561450626,-4.663462615977287,-2.700126366619033,-2.7156527175523344,0.014473649066698353,-0.18012636661903292,-0.02332631099535204,0.008433740362371857,0.014473649066698353,0.18012636661903292,0.02332631099535204,0.008433740362371857,False,False,ictal_scale,mid,low,low,-0.09489712229279951,0.29001061326114086,0.07993404175794641,0.08005158625649228,0.08045960674953244,1200,500,10,70.15805697441101
-2.52,-0.03,0.22,0.001,22,286861911,True,,60,-0.15,-0.13989843899354215,0.2829929298006081,-2.888419460815308,0.2716762903299685,0.005792314308552294,-0.11974707418873312,0.4141818627199511,-2.826483456684887,0.008334650167542607,2.6938955028900504,2.9809764920142263,25.859513816890605,22.339331232916855,0.2870809891241759,-3.5201825839737495,True,False,0.08045960674953244,0.07808166600115317,0.9704455335485082,0.055664122447421846,0.0730403558670915,1.3121621729702568,-5.151223359391734,-2.888419460815308,-2.6167431704853397,0.30167629032996846,-0.36841946081530796,0.06299292980060808,0.004792314308552294,0.30167629032996846,0.36841946081530796,0.06299292980060808,0.004792314308552294,False,False,ictal_scale,mid,low,low,-0.13488820835586773,0.26866719164348996,0.0799483452566953,0.07999228357585542,0.08045960674953244,1200,500,10,71.56158924102783
-2.52,-0.03,0.22,0.001,23,215404183,True,,60,-0.15,-0.14994616990693777,0.333120194111093,-2.7887833502863995,1.1404272063020977,0.012861153621122303,-0.1423960714382788,0.39517818593016163,-2.444911434617092,0.012933676280135822,16.134314886571914,16.3503430122639,52.74035258425433,49.0780642734162,0.21602812569198449,-3.662288310838129,True,False,0.08045960674953244,0.07808166600115317,0.9704455335485082,0.06149598749472244,0.19236587064524097,3.1281044257033797,-4.35354385804343,-2.7887833502863995,-1.6483561439843017,1.1704272063020977,-0.26878335028639944,0.113120194111093,0.011861153621122302,1.1704272063020977,0.26878335028639944,0.113120194111093,0.011861153621122302,False,False,ictal_scale,mid,low,low,-0.1412862517827215,0.32263853121623587,0.07986945092913024,0.08009936644606355,0.08045960674953244,1200,500,10,63.67789435386658
-2.52,-0.03,0.22,0.001,24,817009163,True,,60,-0.15,-0.11912106044559662,0.18530754152315143,-2.7494893565055394,0.6606382797725577,0.006869111116666805,-0.12504863329827728,0.303390656888313,-3.3051086687606164,0.040346330655358885,8.879932462135073,9.073982799597056,38.23158773538065,34.525343848082514,0.19405033746198264,-3.706243887298136,True,False,0.08045960674953244,0.07808166600115317,0.9704455335485082,0.06396051388937801,0.12382932451193499,1.9360276674152779,-4.98072056733926,-2.7494893565055394,-2.0888510767329818,0.6906382797725578,-0.22948935650553937,-0.03469245847684857,0.005869111116666805,0.6906382797725578,0.22948935650553937,0.03469245847684857,0.005869111116666805,False,False,ictal_scale,mid,low,low,-0.10986464748688936,0.28716806967195607,0.07991293111293045,0.07997678161310981,0.08045960674953244,1200,500,10,72.07321166992188
-2.52,-0.03,0.22,0.001,25,206032141,True,,60,-0.15,-0.13647829010522713,0.10848509148606754,-2.2815842342244963,-2.9361077306873318,0.008695426096252784,-0.09604140744229242,0.25867589951501435,-3.5833887451501685,0.03921042679247511,4.575811288875395,5.772290417722266,29.623345388861292,27.921959084332933,1.196479128846871,-1.7013863045283593,True,False,0.08045960674953244,0.07808166600115317,0.9704455335485082,0.10212229286323063,0.0054198238453762974,0.05307189736363349,-4.744958127632158,-2.2815842342244963,-5.217691964911828,-2.906107730687332,0.23841576577550372,-0.11151490851393246,0.007695426096252784,2.906107730687332,0.23841576577550372,0.11151490851393246,0.007695426096252784,False,False,ictal_scale,mid,low,low,-0.1067850551502152,0.2655802753204407,0.07994942319737768,0.07998124056905684,0.08045960674953244,1200,500,10,79.7281744480133
-2.52,-0.03,0.22,0.001,26,708298235,True,,60,-0.15,-0.14793719418141305,0.2786492897141327,-2.717691788596566,-2.6659013962928246,0.01177731339237765,-0.1827279246137299,0.26240899357983116,-2.718597860215188,0.006197918620054083,3.8924737688412776,5.191289848298005,28.256670348793058,26.759957945484413,1.2988160794567278,-1.4967124033086456,True,False,0.08045960674953244,0.07808166600115317,0.9704455335485082,0.06602698290593717,0.004591294884008538,0.06953664520078631,-4.441580191932698,-2.717691788596566,-5.38359318488939,-2.635901396292825,-0.1976917885965661,0.05864928971413272,0.010777313392377651,2.635901396292825,0.1976917885965661,0.05864928971413272,0.010777313392377651,False,False,ictal_scale,mid,low,low,-0.16657167737711326,0.2669591197315098,0.07996488090935538,0.08003033858866673,0.08045960674953244,1200,500,10,79.82241892814636
-2.52,-0.03,0.22,0.001,27,97321213,True,,60,-0.15,-0.1209303491206935,0.13779888452271832,-2.38399264659916,-2.0196035899938676,0.0100910323977241,-0.1306043531419455,0.29405487353485865,-3.9686885934159073,0.05865357369872054,7.3280862355380645,8.220993805339402,35.12789528218663,32.819365859567206,0.8929075698013378,-2.308529422619422,True,False,0.08045960674953244,0.07808166600115317,0.9704455335485082,0.09218179246588014,0.01223326697987284,0.13270806145802413,-4.596108130948552,-2.38399264659916,-4.403596236593028,-1.9896035899938675,0.13600735340083991,-0.08220111547728168,0.009091032397724099,1.9896035899938675,0.13600735340083991,0.08220111547728168,0.009091032397724099,False,False,ictal_scale,mid,low,low,-0.11175522801547026,0.2766038332781158,0.07992291229989462,0.07994657033799521,0.08045960674953244,1200,500,10,70.60886311531067
-2.52,-0.03,0.22,0.001,28,599587307,True,,60,-0.15,-0.11790896454202973,0.1501936633697733,-2.860438540201543,1.5845590406648054,0.009044248897780915,-0.11858323559650238,0.3563512625345932,-2.5259516704843628,0.013635548841264583,13.450802435289976,15.763865824319215,47.373327681690455,47.90510989752683,2.3130633890292387,0.5317822158363725,True,True,0.08045960674953244,0.07808166600115317,0.9704455335485082,0.05724365111788615,0.27918531685527254,4.877140283737758,-4.705626204182065,-2.860438540201543,-1.2758794995367375,1.6145590406648054,-0.34043854020154285,-0.0698063366302267,0.008044248897780916,1.6145590406648054,0.34043854020154285,0.0698063366302267,0.008044248897780916,False,False,ictal_scale,mid,low,low,-0.13187951748337653,0.30981542608328555,0.07986777274541453,0.0799935259584032,0.08045960674953244,1200,500,10,69.70220875740051
-2.52,-0.03,0.22,0.001,29,2059534476,True,,60,-0.15,-0.09384494863513522,-0.2569198446047212,-3.341698762801506,2.039459669847987,0.005367674288766392,-0.10261335403202212,0.022679893783057674,-7.182380909005229,0.058672872062156683,0.16894477912172662,0.38729015902589864,20.809612369353957,17.1519585669402,0.21834537990417202,-3.6576538024137584,True,False,0.08045960674953244,0.07808166600115317,0.9704455335485082,0.03537680983897997,0.2719222516811575,7.68645485330166,-5.227360557612963,-3.341698762801506,-1.3022390929535188,2.069459669847987,-0.821698762801506,-0.47691984460472125,0.004367674288766392,2.069459669847987,0.821698762801506,0.47691984460472125,0.004367674288766392,False,False,ictal_scale,mid,low,low,-0.09667843854710402,0.23958749857521164,0.08003422308537994,0.08010709327256099,0.08045960674953244,1200,500,10,71.3096969127655
-2.52,-0.03,0.22,0.001,30,590215265,True,,60,-0.15,-0.1347960417222349,0.10521644369587083,-3.069134418072098,1.212663874949563,0.008192582531836985,-0.17882049213587947,0.2945763111622957,-3.0880532236284743,0.01940254449697816,3.7361292928272136,5.26231668995961,27.94398139676493,26.90201162880762,1.526187397132396,-1.0419697679573083,True,False,0.08045960674953244,0.07808166600115317,0.9704455335485082,0.04646135356527588,0.15622304095772846,3.3624298254299223,-4.804526103369788,-3.069134418072098,-1.8564705431225348,1.242663874949563,-0.5491344180720978,-0.11478355630412918,0.0071925825318369845,1.242663874949563,0.5491344180720978,0.11478355630412918,0.0071925825318369845,False,False,ictal_scale,mid,low,low,-0.13442284301967816,0.2612038162402717,0.07997237331566617,0.08008976760851705,0.08045960674953244,1200,500,10,71.6960301399231
-2.52,-0.03,0.22,0.001,31,1055002292,True,,60,-0.15,-0.1465736945883493,0.1651925571100895,-2.5470134883095237,-1.3208288968866817,0.006830987768186498,-0.13066024175907087,0.3384111404282495,-3.6117291991033422,0.041342008616526926,4.616987544193984,4.659586617681167,29.70569789949847,25.696551484250733,0.042599073487182615,-4.009146415247738,True,False,0.08045960674953244,0.07808166600115317,0.9704455335485082,0.0783152063714167,0.02090342233780726,0.2669139660907098,-4.986285993866952,-2.5470134883095237,-3.867842385196205,-1.2908288968866817,-0.02701348830952366,-0.05480744288991049,0.005830987768186498,1.2908288968866817,0.02701348830952366,0.05480744288991049,0.005830987768186498,False,False,ictal_scale,mid,low,low,-0.14571381658793003,0.2607474016405503,0.0799359925242449,0.08001897076543601,0.08045960674953244,1200,500,10,72.92536115646362
-2.52,-0.03,0.22,0.001,32,481504337,True,,60,-0.15,-0.17929857128741772,0.3215594788517286,-2.3700536775168675,-0.2363557736195609,0.009177087641522877,-0.13362373348913076,0.39028799380493046,-2.342616301393818,0.006503060285027691,16.33263710024729,17.087066365604592,53.13699701160508,50.55151098009759,0.7544292653573024,-2.585486031507493,True,False,0.08045960674953244,0.07808166600115317,0.9704455335485082,0.09347570859946637,0.07379904770860309,0.7894997407810438,-4.691045375063057,-2.3700536775168675,-2.6064094511364284,-0.2063557736195609,0.14994632248313255,0.10155947885172859,0.008177087641522876,0.2063557736195609,0.14994632248313255,0.10155947885172859,0.008177087641522876,False,False,ictal_scale,mid,low,low,-0.17966347452817472,0.3269046898880309,0.07986626157666052,0.07999471074897407,0.08045960674953244,1200,500,10,60.258137464523315
-2.52,-0.03,0.22,0.001,33,1064374334,True,,60,-0.15,-0.20960970386881247,0.139361640636744,-2.684053603054635,-1.0395322317257896,0.005802683179369104,-0.21246583350127007,0.35675059967277517,-2.9137254399850354,0.004305373472649137,2.085994392349642,3.603178438630297,24.643711595809787,23.583735126148994,1.5171840462806552,-1.0599764696607927,True,False,0.08045960674953244,0.07808166600115317,0.9704455335485082,0.06828578888730785,0.024147224457598388,0.353620055520609,-5.149434851271474,-2.684053603054635,-3.7235858347804247,-1.0095322317257895,-0.16405360305463512,-0.080638359363256,0.004802683179369104,1.0095322317257895,0.16405360305463512,0.080638359363256,0.004802683179369104,False,False,ictal_scale,mid,low,low,-0.20927335925123008,0.24515166682002953,0.08000641398125365,0.0801294917134095,0.08045960674953244,1200,500,10,75.16846060752869
-2.52,-0.03,0.22,0.001,34,472132295,True,,60,-0.15,-0.144532420003191,0.26710525770117355,-2.8999640047102777,1.6534500147510194,0.009430810426611208,-0.1350145731858295,0.42692886224349375,-2.327443181032276,0.01097817865110092,15.892822161240721,16.26985685267862,52.25736713359194,48.917091954245635,0.37703469143789725,-3.340275179346307,True,False,0.08045960674953244,0.07808166600115317,0.9704455335485082,0.055025200668800754,0.28750529832464433,5.224975008363025,-4.663773244713373,-2.8999640047102777,-1.2465139899592583,1.6834500147510194,-0.3799640047102777,0.04710525770117355,0.008430810426611209,1.6834500147510194,0.3799640047102777,0.04710525770117355,0.008430810426611209,False,False,ictal_scale,mid,low,low,-0.13870314719963225,0.3302003478979666,0.07982675669354326,0.07987035521421311,0.08045960674953244,1200,500,10,66.78617691993713
-2.52,-0.03,0.22,0.001,35,1173085262,True,,60,-0.15,-0.18405472101798337,0.4722625983726784,-3.0097720693130343,0.8853181459880809,0.009620939048343167,-0.17831721914447174,0.45818458705404425,-2.8730599892943793,0.012079703661033963,5.848417754172763,5.94111552082142,32.168558319456025,28.25960929053124,0.09269776664865681,-3.908949028924784,True,False,0.08045960674953244,0.07808166600115317,0.9704455335485082,0.04930291512717147,0.11949820563560326,2.4237553768853366,-4.643813404895589,-3.0097720693130343,-2.1244539233249533,0.9153181459880809,-0.4897720693130343,0.2522625983726784,0.008620939048343167,0.9153181459880809,0.4897720693130343,0.2522625983726784,0.008620939048343167,False,False,ictal_scale,mid,low,low,-0.19692395307592286,0.29187649153807127,0.07990515392302715,0.07999780947177171,0.08045960674953244,1200,500,10,62.70794987678528
-2.52,-0.03,0.22,0.001,36,363421367,True,,60,-0.15,-0.19878551662879337,0.38880856186616414,-2.5934456337174985,0.2529373139428117,0.008708717715494805,-0.19236363497436093,0.39853985957942134,-2.6404953596150467,0.011393913632320136,11.382061288894846,11.540563011026332,43.235845388900195,39.45850427094106,0.1585017221314864,-3.777341117959132,True,False,0.08045960674953244,0.07808166600115317,0.9704455335485082,0.07476199332832681,0.09627868543002394,1.2878025470402297,-4.743430718761044,-2.5934456337174985,-2.3405083197746865,0.28293731394281174,-0.07344563371749846,0.16880856186616414,0.007708717715494805,0.28293731394281174,0.07344563371749846,0.16880856186616414,0.007708717715494805,False,False,ictal_scale,mid,low,low,-0.20231176127228806,0.31759666420472327,0.07989604113348171,0.08004804583157665,0.08045960674953244,1200,500,10,70.82210421562195
-2.52,-0.03,0.22,0.001,37,965026347,True,,60,-0.15,-0.14097652477943717,0.513760903532747,-2.592442865293071,-1.2049274796519844,0.008935537738763587,-0.15644068069754774,0.516047804931962,-2.793149122370214,0.009083711218128773,5.355461641708183,6.0669865403942085,31.182646094526866,28.51135132967682,0.7115248986860259,-2.671294764850046,True,False,0.08045960674953244,0.07808166600115317,0.9704455335485082,0.07483699989540704,0.02242967668520657,0.2997137340694378,-4.7177189487722275,-2.592442865293071,-3.7973703449450555,-1.1749274796519844,-0.07244286529307109,0.293760903532747,0.007935537738763588,1.1749274796519844,0.07244286529307109,0.293760903532747,0.007935537738763588,False,False,ictal_scale,mid,low,low,-0.17001666133031648,0.3029411955301355,0.07986259532993559,0.07987794492425299,0.08045960674953244,1200,500,10,58.79265260696411
-2.52,-0.03,0.22,0.001,38,680191210,True,,60,-0.15,-0.11502259172609228,0.0961044654253846,-3.0156619492928307,0.5044274631759934,0.005073963841612232,-0.14351788135565985,0.3336724861755711,-3.581503008207,0.03056853722141759,0.4932807408290284,0.4678549194306091,21.45828429276856,17.31308808774962,-0.025425821398419313,-4.145196205018941,False,False,0.08045960674953244,0.07808166600115317,0.9704455335485082,0.04901338037390449,0.08116797662694444,1.6560371067603326,-5.2836329440400895,-3.0156619492928307,-2.5112344861168374,0.5344274631759934,-0.4956619492928307,-0.1238955345746154,0.004073963841612232,0.5344274631759934,0.4956619492928307,0.1238955345746154,0.004073963841612232,False,False,ictal_scale,mid,low,low,-0.11921661703286486,0.24477474241392438,0.07998619785882587,0.08006877201028083,0.08045960674953244,1200,500,10,66.3067364692688
-2.52,-0.03,0.22,0.001,39,1291168232,True,,60,-0.15,-0.22950762853085624,0.23975778445031037,-1.921529032026982,-4.9999011501589905,0.004758069146162634,-0.21667688600393037,0.4192512879479254,-2.9381217570795104,0.009219305866961621,0.7329964660550627,4.663651858082909,21.93771574322063,25.70468196505422,3.9306553920278464,3.7669662218335915,True,True,0.08045960674953244,0.07808166600115317,0.9704455335485082,0.14638296668162243,0.0009864181735301579,0.006738613076995362,-5.3479133345960745,-1.921529032026982,-6.921430182185972,-4.96990115015899,0.598470967973018,0.019757784450310373,0.0037580691461626342,4.96990115015899,0.598470967973018,0.019757784450310373,0.0037580691461626342,False,False,ictal_scale,mid,low,low,-0.21273067672201282,0.2726427703182667,0.07992124276104574,0.08002881827185332,0.08045960674953244,1200,500,10,67.14277958869934
-2.52,-0.03,0.22,0.001,40,788902138,True,,60,-0.15,-0.11826881093088056,0.026023963492169785,-2.778137649685135,0.7551551337216279,0.006740293603514196,-0.12451865269204182,0.031311635573117995,-4.195966330549021,0.066333321486115,9.84413822263632,9.831842430988857,40.159999256383145,36.04106311086612,-0.012295791647462195,-4.118936145517026,False,False,0.08045960674953244,0.07808166600115317,0.9704455335485082,0.062154152463512795,0.13226040746354736,2.1279416132524696,-4.999651793654435,-2.778137649685135,-2.0229825159635073,0.7851551337216279,-0.2581376496851351,-0.1939760365078302,0.005740293603514196,0.7851551337216279,0.2581376496851351,0.1939760365078302,0.005740293603514196,False,False,ictal_scale,mid,low,low,-0.12613696385642043,0.28387713279337307,0.07992174794666251,0.08001651509643704,0.08045960674953244,1200,500,10,73.99092888832092
-2.52,-0.03,0.22,0.001,41,846943377,True,,60,-0.15,-0.192041382087576,-0.22607461501926565,-2.212427013738247,-2.4551900121119594,0.006844864011883232,-0.18324894855763935,-0.18800741528209267,-2.6010416312262663,0.003124382456480035,8.016060366156605,9.259435955432291,36.50384354342371,34.89625015975298,1.2433755892756864,-1.6075933836707321,True,False,0.08045960674953244,0.07808166600115317,0.9704455335485082,0.10943472636336016,0.009394630034688402,0.08584688194399158,-4.984256687220192,-2.212427013738247,-4.667617025850206,-2.4251900121119596,0.3075729862617531,-0.44607461501926565,0.005844864011883232,2.4251900121119596,0.3075729862617531,0.44607461501926565,0.005844864011883232,False,False,ictal_scale,mid,low,low,-0.1837769352853573,0.28473262562432916,0.07991859473789757,0.08000479575471175,0.08045960674953244,1200,500,10,80.3372094631195
-2.52,-0.03,0.22,0.001,42,798274180,True,,60,-0.15,-0.13843620287897662,0.2635172007435631,-2.547392077145293,-1.25696738864836,0.008533002320054443,-0.18049591553981625,0.4011339800596086,-2.6095016713849786,0.005288263776015651,7.731710431107577,9.16982358485155,35.935143673325655,34.717025418591504,1.4381131537439726,-1.2181182547341507,True,False,0.08045960674953244,0.07808166600115317,0.9704455335485082,0.07828556272034524,0.02227345951052,0.2845155445849719,-4.763814007535726,-2.547392077145293,-3.8043594657936532,-1.22696738864836,-0.027392077145293126,0.043517200743563106,0.007533002320054443,1.22696738864836,0.027392077145293126,0.043517200743563106,0.007533002320054443,False,False,ictal_scale,mid,low,low,-0.16976498473577684,0.2818641769919046,0.07992827009754148,0.08004842939250276,0.08045960674953244,1200,500,10,69.14902257919312
-2.52,-0.03,0.22,0.001,43,738232449,True,,60,-0.15,-0.07102584670086427,0.1966614345627658,-2.695593281479809,0.9122699288818428,0.004679613160698025,-0.06473623979502185,0.362649292833159,-2.5942955803918113,0.010092105750114037,11.908444048482448,12.429286397316167,44.2886109080754,41.235951043520735,0.5208423488337193,-3.0526598645546628,True,False,0.08045960674953244,0.07808166600115317,0.9704455335485082,0.06750232201454745,0.16807863348951033,2.4899681740324078,-5.364539830439448,-2.695593281479809,-1.7833233525979661,0.9422699288818428,-0.1755932814798089,-0.0233385654372342,0.003679613160698025,0.9422699288818428,0.1755932814798089,0.0233385654372342,0.003679613160698025,False,False,ictal_scale,mid,low,low,-0.08548363293451058,0.3072059159006104,0.07985447185244746,0.07994478328598345,0.08045960674953244,1200,500,10,67.53569412231445
-2.52,-0.03,0.22,0.001,44,906985108,True,,60,-0.15,-0.11513678945824743,0.2795436382146172,-3.304059247571317,1.7974728994108407,0.004953311143164757,-0.0940854055259529,0.43213737529438095,-2.9711094735194186,0.004639479061177638,-1.9707858131303866,0.29300314103644404,16.53015118484973,16.96338453096129,2.263788954166831,0.4332333461115603,True,True,0.08045960674953244,0.07808166600115317,0.9704455335485082,0.036733752953824986,0.2216653763119405,6.034378697721902,-5.307699008216276,-3.304059247571317,-1.5065863481604762,1.8274728994108407,-0.7840592475713168,0.059543638214617195,0.003953311143164757,1.8274728994108407,0.7840592475713168,0.059543638214617195,0.003953311143164757,False,False,ictal_scale,mid,low,low,-0.12507172022158078,0.24445919993650803,0.0800013584301248,0.08006758205774148,0.08045960674953244,1200,500,10,71.71883225440979
-2.52,-0.03,0.22,0.001,45,305380128,True,,60,-0.15,-0.13139562475082742,-0.03232594346835203,-2.7430989007695525,-0.8830789722371127,0.0052870007451056005,-0.13541839072431083,-0.1543148816026417,-7.637877847356572,0.06037381136416167,0.9437460816496559,0.9916409647834209,22.359214974409817,18.360660178455245,0.047894883133765,-3.998554795954572,True,False,0.08045960674953244,0.07808166600115317,0.9704455335485082,0.06437055951600232,0.02661772656297152,0.4135077706813228,-5.24250416079719,-2.7430989007695525,-3.6261778730066654,-0.8530789722371127,-0.22309890076955252,-0.252325943468352,0.0042870007451056005,0.8530789722371127,0.22309890076955252,0.252325943468352,0.0042870007451056005,False,False,ictal_scale,mid,low,low,-0.13465091511242655,0.24375878307704849,0.07997644902989157,0.07998208568004567,0.08045960674953244,1200,500,10,75.61739826202393
-2.52,-0.03,0.22,0.001,46,916357150,True,,60,-0.15,-0.0964642011288952,0.0943873178050237,-2.7898642530630315,1.1713332884303491,0.010230351466066094,-0.09015303285534348,0.1326417160169692,-2.834879129574595,0.026343350788175006,11.88478076444413,12.159933011250098,44.241284339998764,40.6972442713886,0.27515224680596795,-3.5440400686101654,True,False,0.08045960674953244,0.07808166600115317,0.9704455335485082,0.06142955222259103,0.19818963291543773,3.2262913491098586,-4.582396343199572,-2.7898642530630315,-1.6185309646326824,1.2013332884303491,-0.2698642530630315,-0.1256126821949763,0.009230351466066093,1.2013332884303491,0.2698642530630315,0.1256126821949763,0.009230351466066093,False,False,ictal_scale,mid,low,low,-0.10908742030642829,0.2934292632661988,0.07990159856132079,0.07992075409176211,0.08045960674953244,1200,500,10,70.40453934669495
-2.52,-0.03,0.22,0.001,47,1733392591,True,,60,-0.15,-0.09882155696771434,0.42876812630825306,-2.115979119881346,-4.382397392949806,0.006311876100509915,-0.13195521634498938,0.4629354010347148,-3.0459413915508717,0.010496470803336367,-0.6134469591150177,1.228441507242658,19.244828892880466,18.83426126337372,1.8418884663576756,-0.4105676295067475,True,False,0.08045960674953244,0.07808166600115317,0.9704455335485082,0.1205152329062412,0.0015058819896044623,0.012495366380580396,-5.065322324828001,-2.115979119881346,-6.498376512831152,-4.352397392949806,0.404020880118654,0.20876812630825306,0.005311876100509915,4.352397392949806,0.404020880118654,0.20876812630825306,0.005311876100509915,False,False,ictal_scale,mid,low,low,-0.1442789599111623,0.2697863895934792,0.07993310647497841,0.08000436111557739,0.08045960674953244,1200,500,10,72.0959038734436
-2.52,-0.03,0.22,0.001,48,1025068078,True,,60,-0.15,-0.15273266967251845,0.2536296315712682,-2.911855734833494,1.193962443081726,0.009538969243371723,-0.18497065937689602,0.30809634158881377,-2.5990946365060457,0.006784459569441153,11.679010365600691,11.741272617589791,43.82974354231189,39.859923484067984,0.06226225198910029,-3.9698200582439043,True,False,0.08045960674953244,0.07808166600115317,0.9704455335485082,0.05437473110214122,0.1794437856889178,3.300131918847346,-4.6523698451274695,-2.911855734833494,-1.7178932917517682,1.223962443081726,-0.3918557348334941,0.03362963157126822,0.008538969243371723,1.223962443081726,0.3918557348334941,0.03362963157126822,0.008538969243371723,False,False,ictal_scale,mid,low,low,-0.17217639644353314,0.30261185842671356,0.07988456960654625,0.07995476596449698,0.08045960674953244,1200,500,10,62.270519495010376
-2.52,-0.03,0.22,0.001,49,1624681663,True,,60,-0.15,-0.16599822104169518,0.41252373428800926,-2.8239119645231607,-0.2598672295961809,0.006980962512786741,-0.12100073401888417,0.4620615062482193,-2.84734062371522,0.007866353428474498,3.5415390219915954,4.238385614690683,27.554800855093696,24.85414947826977,0.6968465926990879,-2.7006513768239273,True,False,0.08045960674953244,0.07808166600115317,0.9704455335485082,0.05937322187031091,0.04578589548566449,0.7711539654303206,-4.96456847589989,-2.8239119645231607,-3.0837791941193418,-0.22986722959618092,-0.3039119645231607,0.19252373428800926,0.005980962512786741,0.22986722959618092,0.3039119645231607,0.19252373428800926,0.005980962512786741,False,False,ictal_scale,mid,low,low,-0.15875664154900887,0.2800800192096942,0.07994804028740571,0.08010643888913821,0.08045960674953244,1200,500,10,57.426780462265015
-2.52,-0.03,0.22,0.001,50,78802996,True,,60,-0.15,-0.0941742278279175,-0.20676960080269025,-2.45492845265154,-1.9022062752698659,0.008900712668229891,-0.1330023888820689,-0.20931486194056906,-2.4736082040594476,0.0005119626073494443,5.537219221355558,8.032487543767862,31.54616125382162,32.44235333642413,2.4952683224123042,0.8961920826025072,True,True,0.08045960674953244,0.07808166600115317,0.9704455335485082,0.08586933894490403,0.012815053710913344,0.1492389934332185,-4.721623930367871,-2.45492845265154,-4.357134727921406,-1.8722062752698658,0.06507154734845999,-0.4267696008026902,0.007900712668229892,1.8722062752698658,0.06507154734845999,0.4267696008026902,0.007900712668229892,False,False,ictal_scale,mid,low,low,-0.10002846114638074,0.27046588028316615,0.07992123057581146,0.07996881089870517,0.08045960674953244,1200,500,10,80.7184898853302
-2.52,-0.03,0.22,0.001,51,532174026,True,,60,-0.15,-0.09633147099685915,0.2597726011605368,-2.42333121487535,-1.4583858192422792,0.00837005042237975,-0.07683349033053241,0.41221765075977596,-2.7412623817004484,0.008130520337168592,7.654338959495779,8.678961077601494,35.78040073010206,33.73530040409139,1.0246221181057154,-2.045100326010669,True,False,0.08045960674953244,0.07808166600115317,0.9704455335485082,0.08862589327843144,0.020615397434347857,0.23261144877357137,-4.7830953703197165,-2.42333121487535,-3.8817170341176293,-1.4283858192422791,0.09666878512464994,0.0397726011605368,0.00737005042237975,1.4283858192422791,0.09666878512464994,0.0397726011605368,0.00737005042237975,False,False,ictal_scale,mid,low,low,-0.09068877623794842,0.28061766282477657,0.07991436018597979,0.080028553806877,0.08045960674953244,1200,500,10,66.14802265167236
-2.52,-0.03,0.22,0.001,52,2117575715,True,,60,-0.15,-0.1514322976909944,0.30523806707409873,-2.48622029978058,-0.35594567596854665,0.011299616737830611,-0.13451749171086086,0.29613235042305786,-2.600028994914373,0.013449838926847252,12.396024666515643,12.45652767827365,45.26377214414179,41.2904336054357,0.060503011758006764,-3.9733385387060878,True,False,0.08045960674953244,0.07808166600115317,0.9704455335485082,0.0832239343723228,0.058299254340572225,0.7005106737655075,-4.482986470845177,-2.48622029978058,-2.8421659757491264,-0.3259456759685466,0.03377970021942023,0.08523806707409873,0.01029961673783061,0.3259456759685466,0.03377970021942023,0.08523806707409873,0.01029961673783061,False,False,ictal_scale,mid,low,low,-0.14502263900504897,0.3087537761972402,0.07988626391776758,0.07997911815870604,0.08045960674953244,1200,500,10,64.2806077003479
-2.52,-0.03,0.22,0.001,53,1506598693,True,,60,-0.15,-0.183362067953114,0.4507373225227055,-2.6164928004865646,-2.1616423577041037,0.005937087114036958,-0.1628974887316364,0.4046820769745607,-2.998388565184749,0.009643472935052856,-1.2420991115664406,-0.5982570769111892,17.98752458797762,15.180864095066024,0.6438420346552514,-2.806660492911597,True,False,0.08045960674953244,0.07808166600115317,0.9704455335485082,0.07305864527036386,0.008411670785586224,0.11513587138739904,-5.126536650727816,-2.6164928004865646,-4.778135158190668,-2.131642357704104,-0.09649280048656461,0.23073732252270548,0.0049370871140369576,2.131642357704104,0.09649280048656461,0.23073732252270548,0.0049370871140369576,False,False,ictal_scale,mid,low,low,-0.16846096515070746,0.25776048450835515,0.07995463039537948,0.08003721840313135,0.08045960674953244,1200,500,10,70.6400454044342
-2.52,-0.03,0.22,0.001,54,2108203673,True,,60,-0.15,-0.15087598299110924,0.11756296333712829,-2.7427656076527622,-1.4498230197613364,0.0058827878393644785,-0.1418323257981228,0.2607068964392042,-4.1628485752762465,0.040393802095329535,-1.3464108345367425,-1.1240755075934474,17.778901142037018,14.129227233701506,0.22233532694329505,-3.6496739083355116,True,False,0.08045960674953244,0.07808166600115317,0.9704455335485082,0.06439201735608951,0.015107127488608393,0.23461180607319046,-5.135724507091187,-2.7427656076527622,-4.192588627414098,-1.4198230197613364,-0.2227656076527622,-0.10243703666287171,0.0048827878393644785,1.4198230197613364,0.2227656076527622,0.10243703666287171,0.0048827878393644785,False,False,ictal_scale,mid,low,low,-0.14493760770986905,0.24243131309305793,0.07999807646852687,0.0800327404455504,0.08045960674953244,1200,500,10,77.60281133651733
-2.52,-0.03,0.22,0.001,55,650256996,True,,60,-0.15,-0.16229261075159299,0.19930730774982708,-1.846398353546038,-2.1894797359621987,0.008605978410715774,-0.1747533739666869,0.3683407374851531,-2.469141655043366,0.011447417492357,16.931479738666898,18.995912692376066,54.3346822884443,54.36920363364054,2.0644329537091686,0.034521345196239395,True,True,0.08045960674953244,0.07808166600115317,0.9704455335485082,0.15780450005060223,0.017670157319224677,0.11197499002600364,-4.755298153200554,-1.846398353546038,-4.035878089508237,-2.159479735962199,0.673601646453962,-0.020692692250172923,0.007605978410715774,2.159479735962199,0.673601646453962,0.020692692250172923,0.007605978410715774,False,False,ictal_scale,mid,low,low,-0.19423262239536376,0.3314474085427337,0.0798206283540696,0.07987681805475101,0.08045960674953244,1200,500,10,65.41425466537476
-2.52,-0.03,0.22,0.001,56,1999492745,True,,60,-0.15,-0.15005380892735407,0.07701554862962766,-2.842295396277624,1.1183377923900004,0.006400202267425592,-0.1768533617221378,0.3457091549142319,-3.766960747710526,0.046877231098880145,7.896891058997289,7.599915133034912,36.26550492910508,31.577208514958226,-0.29697592596237676,-4.688296414146851,False,False,0.08045960674953244,0.07808166600115317,0.9704455335485082,0.05829170970849012,0.17835887550353774,3.059764010962952,-5.051425684830667,-2.842295396277624,-1.7239576038876236,1.1483377923900004,-0.32229539627762405,-0.14298445137037236,0.005400202267425592,1.1483377923900004,0.32229539627762405,0.14298445137037236,0.005400202267425592,False,False,ictal_scale,mid,low,low,-0.15658980939083228,0.2716089571239283,0.07996608194135844,0.0800574811949048,0.08045960674953244,1200,500,10,73.98103618621826
-2.52,-0.03,0.22,0.001,57,1793208459,True,,60,-0.15,-0.14654603899239885,-0.046290971928189546,-2.813455271568966,-0.6920170615064126,0.007720325019518447,-0.14826667174395378,0.20764425678258,-4.126962382823731,0.04426026765238119,1.1657033475626681,0.8396274911864658,22.80312950623584,18.056633231261333,-0.3260758563762023,-4.746496274974508,False,False,0.08045960674953244,0.07808166600115317,0.9704455335485082,0.05999732677101728,0.030032584610482183,0.5005653789393485,-4.863898814857781,-2.813455271568966,-3.5054723330753785,-0.6620170615064126,-0.2934552715689658,-0.26629097192818957,0.006720325019518447,0.6620170615064126,0.2934552715689658,0.26629097192818957,0.006720325019518447,False,False,ictal_scale,mid,low,low,-0.1491924099632554,0.2434889605461729,0.08001823219746658,0.08011249263532216,0.08045960674953244,1200,500,10,74.90349841117859
-2.52,-0.03,0.22,0.001,58,1990120703,True,,60,-0.15,-0.13770583413638024,0.1764401873951548,-1.9894779810944918,-4.545305497619849,0.006811653768199418,-0.0877704155306561,0.3689941908323855,-2.783514458032244,0.006112073817865434,4.6560811088653615,8.44663741887106,29.783885028841226,33.27065308663052,3.790556310005698,3.486768057789291,True,True,0.08045960674953244,0.07808166600115317,0.9704455335485082,0.13676680167015137,0.0014520433920206157,0.01061692877429857,-4.989120344220421,-1.9894779810944918,-6.534783478714341,-4.515305497619849,0.5305220189055082,-0.043559812604845205,0.005811653768199418,4.515305497619849,0.5305220189055082,0.043559812604845205,0.005811653768199418,False,False,ictal_scale,mid,low,low,-0.08705215390704105,0.2649363233088315,0.07995430684876834,0.08005938786478212,0.08045960674953244,1200,500,10,82.11468076705933
-2.52,-0.03,0.22,0.001,59,344903150,True,,60,-0.15,-0.02902917280703225,0.19911862760966426,-2.7665435859696474,0.984881924831619,0.008979361506817753,-0.024588779290104338,0.21075684077433987,-2.455638980273921,0.004475976785729738,12.542268520006903,12.371666836241351,45.55625985112431,41.120711921371104,-0.17060168376555218,-4.435547929753206,False,False,0.08045960674953244,0.07808166600115317,0.9704455335485082,0.06287896531129292,0.1683581604988804,2.677495719997855,-4.712826500886547,-2.7665435859696474,-1.7816616611380285,1.014881924831619,-0.24654358596964743,-0.020881372390335745,0.007979361506817752,1.014881924831619,0.24654358596964743,0.020881372390335745,0.007979361506817752,False,False,ictal_scale,mid,low,low,-0.026119078782357783,0.3034452222061404,0.07981294182449647,0.07988069682357471,0.08045960674953244,1200,500,10,63.955995321273804
-2.52,-0.03,0.22,0.001,60,1881409775,True,,60,-0.15,-0.20086034746254516,0.18391173336682376,-2.6684034488460133,-0.6185469711271483,0.0060644607496100275,-0.18040029187072704,0.33250221626678406,-3.2331393594298588,0.027940898897907695,4.257396308758002,3.9224343886480106,28.986515428626507,24.222247026184423,-0.3349619201099916,-4.7642684024420845,False,False,0.08045960674953244,0.07808166600115317,0.9704455335485082,0.0693628783376855,0.037367631396735,0.538726654548775,-5.105309652392268,-2.6684034488460133,-3.2869504199731616,-0.5885469711271483,-0.1484034488460133,-0.03608826663317624,0.0050644607496100275,0.5885469711271483,0.1484034488460133,0.03608826663317624,0.0050644607496100275,False,False,ictal_scale,mid,low,low,-0.20084266189002176,0.2639282197908467,0.07992871664544603,0.07994288519602204,0.08045960674953244,1200,500,10,87.54858565330505
-2.52,-0.03,0.22,0.001,61,1911291429,True,,60,-0.15,-0.145274092242185,0.15397804136536192,-3.171219107475551,1.6222836370323326,0.008496854415785165,-0.14920030916990928,0.33227888589562454,-3.865073996307424,0.041338828524719685,2.2989010428914365,2.862824765066579,25.069524896893377,22.10302777902156,0.5639237221751423,-2.9664971178718176,True,False,0.08045960674953244,0.07808166600115317,0.9704455335485082,0.04195242220391856,0.21247403837309584,5.06464292670209,-4.768059252709355,-3.171219107475551,-1.5489354704432183,1.6522836370323326,-0.6512191074755509,-0.06602195863463808,0.007496854415785165,1.6522836370323326,0.6512191074755509,0.06602195863463808,0.007496854415785165,False,False,ictal_scale,mid,low,low,-0.14105970144020813,0.24723126831032685,0.08001435757025957,0.08010089086116218,0.08045960674953244,1200,500,10,72.18683695793152
-2.52,-0.03,0.22,0.001,62,1872037733,True,,60,-0.15,-0.16011666629834964,0.03156109727527448,-2.837174767079158,0.026930567349587795,0.007722025588605744,-0.15804371189038763,0.04084271895911513,-6.065349367592315,0.06601572159756079,3.9909424339684243,3.7610209642928836,28.45360767904735,23.89942017747417,-0.22992146967554072,-4.554187501573182,False,False,0.08045960674953244,0.07808166600115317,0.9704455335485082,0.05859096547426333,0.06019029214448388,1.027296472370353,-4.863678567417825,-2.837174767079158,-2.81024419972957,0.05693056734958779,-0.31717476707915804,-0.18843890272472552,0.006722025588605744,0.05693056734958779,0.31717476707915804,0.18843890272472552,0.006722025588605744,False,False,ictal_scale,mid,low,low,-0.16319050375869484,0.24880304433022973,0.07999312169291022,0.08004081082520471,0.08045960674953244,1200,500,10,70.2548599243164
-2.52,-0.03,0.22,0.001,63,226820180,True,,60,-0.15,-0.1796261765491436,0.0875362975145907,-2.815273696022971,1.1508876165174495,0.006588694508423981,-0.20705270310896767,0.277815823234872,-3.6620242870383084,0.05632507847369497,9.77468648530833,10.022967969115568,40.02109578172716,36.42331418711954,0.24828148380723825,-3.597781594607625,True,False,0.08045960674953244,0.07808166600115317,0.9704455335485082,0.059888325300347774,0.18930684166440379,3.1609974183616796,-5.022400052000845,-2.815273696022971,-1.6643860795055216,1.1808876165174496,-0.29527369602297115,-0.13246370248540928,0.005588694508423981,1.1808876165174496,0.29527369602297115,0.13246370248540928,0.005588694508423981,False,False,ictal_scale,mid,low,low,-0.20302963476919356,0.2836111623774595,0.07996139631308836,0.08001097124221188,0.08045960674953244,1200,500,10,73.11915373802185
-2.52,-0.03,0.22,0.001,64,1418397377,True,,60,-0.15,-0.09190849506749241,0.05261018978304345,-2.2075411949730612,-4.911553880148886,0.004840660186959265,-0.1110388431543708,0.19837509193391,-2.941498764163808,0.0023116109512407636,-2.9604255126256076,7.504034294898629,14.550871785859288,31.38544683868566,10.464459807524236,16.834575052826374,True,True,0.08045960674953244,0.07808166600115317,0.9704455335485082,0.10997071290331578,0.0008094989555227673,0.007361041264090597,-5.330704165291229,-2.2075411949730612,-7.1190950751219475,-4.881553880148886,0.3124588050269388,-0.16738981021695654,0.003840660186959265,4.881553880148886,0.3124588050269388,0.16738981021695654,0.003840660186959265,False,False,ictal_scale,mid,low,low,-0.09872820793217549,0.24036936741303225,0.08000275739148925,0.08004387615751554,0.08045960674953244,1200,500,10,98.14814496040344
-2.52,-0.03,0.22,0.001,65,118109252,True,,60,-0.15,-0.160671201832052,0.2868809725172599,-2.3361781097011383,-1.0851511794710866,0.0123359050493209,-0.12939329954767093,0.4329471557177701,-2.4748835806308582,0.008408175624532522,13.964471612601372,14.026345155801033,48.40066603631325,44.43006856049047,0.06187354319966154,-3.970597475822778,True,False,0.08045960674953244,0.07808166600115317,0.9704455335485082,0.09669649631513844,0.03266897954225131,0.3378507059426596,-4.395241159230272,-2.3361781097011383,-3.421329289172225,-1.0551511794710866,0.18382189029886176,0.06688097251725991,0.011335905049320898,1.0551511794710866,0.18382189029886176,0.06688097251725991,0.011335905049320898,False,False,ictal_scale,mid,low,low,-0.1778305579056957,0.3122136228576186,0.07987541437337004,0.0799457955288698,0.08045960674953244,1200,500,10,67.82872343063354
-2.52,-0.03,0.22,0.001,66,1427769419,True,,60,-0.15,-0.09408766266330233,0.16305266255643783,-2.3531717383939075,-1.1361788719902142,0.012351075493091165,-0.05578844816615115,0.17097787741183712,-2.4670486597038765,0.0030606605254512747,13.402444006900613,15.625672595833365,47.27661082491173,47.628723440555135,2.223228588932752,0.35211261564340646,True,True,0.08045960674953244,0.07808166600115317,0.9704455335485082,0.09506715537867609,0.030520685553486766,0.3210434290572312,-4.39401213523896,-2.3531717383939075,-3.489350610384122,-1.1061788719902141,0.16682826160609254,-0.056947337443562174,0.011351075493091164,1.1061788719902141,0.16682826160609254,0.056947337443562174,0.011351075493091164,False,False,ictal_scale,mid,low,low,-0.08146579783986688,0.3011304489633061,0.0798684082090528,0.0799425909453874,0.08045960674953244,1200,500,10,66.72237133979797
-2.52,-0.03,0.22,0.001,67,108737210,True,,60,-0.15,-0.226281204081967,0.007516465090095443,-2.004305959851979,-1.5468631625199651,0.011404979312616373,-0.2181009827965961,0.0658528899714606,-2.367123563309185,0.00045027885111619133,16.780351411838836,19.34789205189754,54.032425634788176,55.07316235268348,2.567540640058702,1.0407367178953066,True,True,0.08045960674953244,0.07808166600115317,0.9704455335485082,0.13475378778694258,0.02869107665884098,0.21291480655225858,-4.473705237134641,-2.004305959851979,-3.551169122371944,-1.5168631625199651,0.5156940401480212,-0.21248353490990457,0.010404979312616372,1.5168631625199651,0.5156940401480212,0.21248353490990457,0.010404979312616372,False,False,ictal_scale,mid,low,low,-0.20971643646062488,0.31780895318869334,0.07984701732014235,0.07995098503779371,0.08045960674953244,1200,500,10,73.09763956069946
-2.52,-0.03,0.22,0.001,68,1536480347,True,,60,-0.15,-0.13610274900824879,0.35590225885674587,-2.551010497660045,-0.43279042621923774,0.0075202436853463416,-0.15266812485835513,0.40100854463542424,-2.7865333480459453,0.01150247662637876,9.38342867915161,8.932165749681335,39.23858016941372,34.24170974825107,-0.4512629294702748,-4.9968704211626545,False,False,0.08045960674953244,0.07808166600115317,0.9704455335485082,0.07800280451175232,0.05060014060795274,0.6486964273230593,-4.890156736579149,-2.551010497660045,-2.983800923879283,-0.4027904262192378,-0.031010497660044933,0.13590225885674587,0.0065202436853463415,0.4027904262192378,0.031010497660044933,0.13590225885674587,0.0065202436853463415,False,False,ictal_scale,mid,low,low,-0.14898748434456233,0.2953160318073644,0.0798893964855083,0.07988655265451447,0.08045960674953244,1200,500,10,62.43614077568054
-2.52,-0.03,0.22,0.001,69,1113269394,True,,60,-0.15,-0.22421584424288277,0.13554211604606842,-2.371039203366213,-2.2362720224107577,0.0067266475891623444,-0.2399655124862895,0.4496773165727198,-3.845887372627363,0.0481179387762661,4.427886018139443,5.729290519831909,29.32749484738939,27.835959288552218,1.301404501692466,-1.491535558837171,True,False,0.08045960674953244,0.07808166600115317,0.9704455335485082,0.09338363125211128,0.00997861250601912,0.1068561199883038,-5.001678388829547,-2.371039203366213,-4.607311225776971,-2.206272022410758,0.14896079663378714,-0.08445788395393158,0.005726647589162344,2.206272022410758,0.14896079663378714,0.08445788395393158,0.005726647589162344,False,False,ictal_scale,mid,low,low,-0.23643155976926256,0.2551979010470132,0.07993131783577394,0.08002915946590941,0.08045960674953244,1200,500,10,77.38142538070679
-2.52,-0.03,0.22,0.001,70,1545852389,True,,60,-0.15,-0.14558825209750179,0.2885923755969806,-2.551297705366432,-1.6361994550919166,0.007204275638034623,-0.10527757854602918,0.4844536843966444,-2.822351980739573,0.008195755430276938,3.3015788184590846,4.715485323957722,27.074880448028672,25.808348896803846,1.4139065054986375,-1.2665315512248263,True,False,0.08045960674953244,0.07808166600115317,0.9704455335485082,0.07798040472202684,0.015184241073061705,0.1947186748669524,-4.933080590596585,-2.551297705366432,-4.187497160458348,-1.6061994550919165,-0.03129770536643184,0.06859237559698059,0.006204275638034623,1.6061994550919165,0.03129770536643184,0.06859237559698059,0.006204275638034623,False,False,ictal_scale,mid,low,low,-0.11838791279070605,0.26547099087764137,0.07994879680052494,0.07997808143504605,0.08045960674953244,1200,500,10,70.00809669494629
-2.52,-0.03,0.22,0.001,71,1043586295,True,,60,-0.15,-0.049941505425182296,0.18162589798308687,-1.7857145674823995,-3.2213675573638323,0.008020054908665121,-0.03473887676651734,0.4839082527188236,-3.4501739989660964,0.06537774413006799,12.882154077723555,16.960311481049352,46.236030966557614,50.29800121098711,4.078157403325797,4.061970244429496,True,True,0.08045960674953244,0.07808166600115317,0.9704455335485082,0.16767720150570165,0.006690396594926647,0.039900454771718906,-4.825810010660178,-1.7857145674823995,-5.007082124846232,-3.1913675573638325,0.7342854325176005,-0.03837410201691313,0.007020054908665121,3.1913675573638325,0.7342854325176005,0.03837410201691313,0.007020054908665121,False,False,ictal_scale,mid,low,low,-0.0385400687979695,0.32494281204293535,0.07979702740675007,0.07988967469638428,0.08045960674953244,1200,500,10,68.5012571811676
-2.52,-0.03,0.22,0.001,72,1654563317,True,,60,-0.15,-0.16171386871442667,0.10558154824921134,-2.611477227534802,-0.8183649920210441,0.006977729566902221,-0.15471472207155312,0.3177706225714978,-3.7868163882654335,0.0502705260419429,7.31831340818502,7.150921397693855,35.10834962748054,30.67922104427611,-0.1673920104911648,-4.429128583204431,False,False,0.08045960674953244,0.07808166600115317,0.9704455335485082,0.07342599670434247,0.03239205120195925,0.44115235278847187,-4.965031692069983,-2.611477227534802,-3.4298422195558462,-0.788364992021044,-0.09147722753480192,-0.11441845175078866,0.005977729566902221,0.788364992021044,0.09147722753480192,0.11441845175078866,0.005977729566902221,False,False,ictal_scale,mid,low,low,-0.15249402138468812,0.2757609878169615,0.07992230463007467,0.07995871844935182,0.08045960674953244,1200,500,10,74.80110454559326
-2.52,-0.03,0.22,0.001,73,1152297223,True,,60,-0.15,-0.12462239497713862,0.39614768701761505,-2.3656688218057296,-0.06503607429598884,0.013120761488272204,-0.11405641598588796,0.4360684019730431,-2.3800440407229364,0.014345719480795912,18.006186645154777,18.292886776564018,56.48409610142006,52.96315180201644,0.28670013140924056,-3.5209442994036166,True,False,0.08045960674953244,0.07808166600115317,0.9704455335485082,0.09388648603589891,0.08797479762894467,0.9370336599380893,-4.333559456885816,-2.3656688218057296,-2.4307048961017186,-0.035036074295988845,0.15433117819427045,0.17614768701761505,0.012120761488272205,0.035036074295988845,0.15433117819427045,0.17614768701761505,0.012120761488272205,False,False,ictal_scale,mid,low,low,-0.11569939379877063,0.3478069426474176,0.07978553400083015,0.07983701646030353,0.08045960674953244,1200,500,10,60.81232309341431
-2.52,-0.03,0.22,0.001,74,1763274245,True,,60,-0.15,-0.21659209408475455,0.43920858656982154,-3.4650567042237026,1.5068617550510244,0.006738408519015447,-0.20757392886248155,0.4334862696267346,-3.1563046818691145,0.00994152977608551,-3.477232751150975,-3.0412350165219295,13.517257308808553,10.294908215844544,0.43599773462904556,-3.2223490929640093,True,False,0.08045960674953244,0.07808166600115317,0.9704455335485082,0.03127123216511268,0.14111290714144767,4.512547071902025,-4.999931506714922,-3.4650567042237026,-1.9581949491726782,1.5368617550510244,-0.9450567042237026,0.21920858656982153,0.005738408519015447,1.5368617550510244,0.9450567042237026,0.21920858656982153,0.005738408519015447,False,False,ictal_scale,mid,low,low,-0.2075404660741178,0.24843799258381036,0.07998308323907279,0.08008940908099764,0.08045960674953244,1200,500,10,62.36356067657471
-2.52,-0.03,0.22,0.001,75,1161669265,True,,60,-0.15,-0.19042439369130654,0.037276220364396415,-2.4257503449569167,-0.7292534940512321,0.008730777138097862,-0.18109270047979292,0.02543540589773316,-2.8324543982846357,0.023421444435840724,10.010219308016548,9.51176705267262,40.4921614271436,35.40091235423364,-0.4984522553439277,-5.09124907290996,False,False,0.08045960674953244,0.07808166600115317,0.9704455335485082,0.08841175483280517,0.04263823730379833,0.4822688723284727,-4.740900893837409,-2.4257503449569167,-3.155003839008149,-0.699253494051232,0.09424965504308336,-0.1827237796356036,0.007730777138097862,0.699253494051232,0.09424965504308336,0.1827237796356036,0.007730777138097862,False,False,ictal_scale,mid,low,low,-0.17711509644095333,0.28376915367633193,0.07991987168995791,0.08002777292044008,0.08045960674953244,1200,500,10,73.72782516479492
-2.52,-0.03,0.22,0.001,76,1488080476,True,,60,-0.15,-0.1596386990881281,0.28239114525427367,-2.2126908148702062,-2.943812785694194,0.009789585720794327,-0.13047951665423635,0.39726092214098946,-3.012927111979102,0.011863481540569367,5.327671048152308,6.700467145128354,31.127064907415118,29.778312539145112,1.372796096976046,-1.3487523682700058,True,False,0.08045960674953244,0.07808166600115317,0.9704455335485082,0.10940586116617308,0.005761810097724053,0.052664546819595204,-4.626436139903595,-2.2126908148702062,-5.156503600564401,-2.913812785694194,0.30730918512979377,0.06239114525427367,0.008789585720794326,2.913812785694194,0.30730918512979377,0.06239114525427367,0.008789585720794326,False,False,ictal_scale,mid,low,low,-0.14784902018534488,0.2730227301167931,0.07994245178589895,0.08006766904640847,0.08045960674953244,1200,500,10,70.07817769050598
-2.52,-0.03,0.22,0.001,77,1270380193,True,,60,-0.15,-0.12823392108940204,0.31567442183774186,-2.7900167595539274,1.3501740777085511,0.009608362969582283,-0.11571416054019769,0.3869536600938643,-2.417729718524571,0.011144073305643501,14.98029967637839,15.927223541125404,50.43232216386728,48.231825331139206,0.9469238647470135,-2.200496832728078,True,False,0.08045960674953244,0.07808166600115317,0.9704455335485082,0.061420184531479266,0.2369650346519133,3.858097080943533,-4.645121417068073,-2.7900167595539274,-1.4398426818453762,1.3801740777085512,-0.27001675955392734,0.09567442183774186,0.008608362969582284,1.3801740777085512,0.27001675955392734,0.09567442183774186,0.008608362969582284,False,False,ictal_scale,mid,low,low,-0.13266458894118602,0.32458626205989866,0.07983620282038724,0.0799122422588617,0.08045960674953244,1200,500,10,65.07416558265686
-2.52,-0.03,0.22,0.001,78,1379369548,True,,60,-0.15,-0.1803183587617004,0.1599868038294573,-1.6193259394990875,-4.99958365993127,0.009079318171512198,-0.16251233125424785,0.3123678886661408,-3.197338654022647,0.04679555752054039,10.058896188990522,13.29815596079278,40.58951518909154,42.97369017047396,3.239259771802258,2.384174981382415,True,True,0.08045960674953244,0.07808166600115317,0.9704455335485082,0.19803213974833708,0.0013348857124712008,0.006740752860457893,-4.701756180431573,-1.6193259394990875,-6.618909599430357,-4.96958365993127,0.9006740605009125,-0.06001319617054271,0.008079318171512199,4.96958365993127,0.9006740605009125,0.06001319617054271,0.008079318171512199,False,False,ictal_scale,mid,low,low,-0.17850083919168103,0.30851276136427475,0.07987929485645914,0.07994845193887488,0.08045960674953244,1200,500,10,69.85986709594727
-2.52,-0.03,0.22,0.001,79,1279752235,True,,60,-0.15,-0.22156323463284627,0.24229996029505146,-2.1074327888803777,-3.7751873830899907,0.010973750031620669,-0.1601784531786385,0.4188843139739013,-2.7519877522905496,0.010572682464901334,5.946666695640476,8.216881891505203,32.36505620239146,32.81114203189881,2.2702151958647265,0.44608582950735354,True,True,0.08045960674953244,0.07808166600115317,0.9704455335485082,0.12154960974485815,0.002787472042143876,0.022932793021672303,-4.512249218842373,-2.1074327888803777,-5.882620171970368,-3.745187383089991,0.41256721111962236,0.022299960295051463,0.009973750031620668,3.745187383089991,0.41256721111962236,0.022299960295051463,0.009973750031620668,False,False,ictal_scale,mid,low,low,-0.1924928389343191,0.2738769477399711,0.07994650139127162,0.08003539184893568,0.08045960674953244,1200,500,10,74.593834400177
-2.52,-0.03,0.22,0.001,80,1369997506,True,,60,-0.15,-0.12078334708713555,0.3195116157560864,-3.038862813188123,1.781165529401086,0.010033555155932695,-0.11373744118899048,0.39923166174346153,-2.5291871076040824,0.0074135253690278255,10.320152311447908,10.7967363693239,41.11202743400632,37.9708509875362,0.4765840578759928,-3.1411764464701193,True,False,0.08045960674953244,0.07808166600115317,0.9704455335485082,0.04788931764129879,0.28430795384105484,5.936771869889274,-4.601820287575087,-3.038862813188123,-1.257697283787037,1.811165529401086,-0.518862813188123,0.09951161575608639,0.009033555155932696,1.811165529401086,0.518862813188123,0.09951161575608639,0.009033555155932696,False,False,ictal_scale,mid,low,low,-0.11213298199431421,0.30479639524084634,0.07985756722582614,0.07994634542524923,0.08045960674953244,1200,500,10,76.88562393188477
-2.52,-0.03,0.22,0.001,81,1388463163,True,,60,-0.15,-0.2523889626298888,0.40820315636855975,-2.3142428802415917,-3.02902692043248,0.0069545576597508305,-0.19164436483034641,0.42828019707193177,-2.956396743008802,0.008718042723282308,2.2252718353965277,2.483118505488546,24.92226648190356,21.343615259865494,0.2578466700920181,-3.578651222038065,True,False,0.08045960674953244,0.07808166600115317,0.9704455335485082,0.09884099014653369,0.004780214778851632,0.04836267596838996,-4.968358055952706,-2.3142428802415917,-5.343269800674072,-2.99902692043248,0.20575711975840827,0.18820315636855975,0.0059545576597508304,2.99902692043248,0.20575711975840827,0.18820315636855975,0.0059545576597508304,False,False,ictal_scale,mid,low,low,-0.19947114942214483,0.27268985245961874,0.0799413247127407,0.08002830893721832,0.08045960674953244,1200,500,10,73.67606282234192
-2.52,-0.03,0.22,0.001,82,1261286578,True,,60,-0.15,-0.13429880759563434,0.3061900356276746,-2.10867242453166,-4.389723183379158,0.006881287604684597,-0.1731650933396075,0.39155802658295347,-3.059465842891101,0.011845494288763154,4.908529208631629,7.442194692503622,30.28878122837376,31.261767633895644,2.533665483871993,0.9729864055218833,True,True,0.08045960674953244,0.07808166600115317,0.9704455335485082,0.12139902586907292,0.0015058532349424406,0.0124041624235641,-4.978949492703915,-2.10867242453166,-6.498395607910818,-4.359723183379158,0.4113275754683401,0.0861900356276746,0.005881287604684597,4.359723183379158,0.4113275754683401,0.0861900356276746,0.005881287604684597,False,False,ictal_scale,mid,low,low,-0.20590091147086992,0.26850411075479025,0.07997246222276881,0.08008012687655244,0.08045960674953244,1200,500,10,87.10790157318115
-2.52,-0.03,0.22,0.001,83,1862891558,True,,60,-0.15,-0.12357314401124377,0.12160370344718265,-2.479434284854901,0.44998277267771003,0.010873779385039835,-0.08050186624403968,0.17798243600596525,-2.308786118996222,0.001040983930573075,17.24490578867298,18.778066960590547,54.961534388456464,53.93351217006949,1.5331611719175662,-1.0280222183869725,True,False,0.08045960674953244,0.07808166600115317,0.9704455335485082,0.08379061380606423,0.131407576841574,1.568285167903419,-4.521400948762928,-2.479434284854901,-2.0294515121771908,0.47998277267771006,0.0405657151450991,-0.09839629655281736,0.009873779385039836,0.47998277267771006,0.0405657151450991,0.09839629655281736,0.009873779385039836,False,False,ictal_scale,mid,low,low,-0.11337691791658994,0.33019585125567785,0.0798224926680545,0.07995661278632507,0.08045960674953244,1200,500,10,64.99714612960815
-2.52,-0.03,0.22,0.001,84,1251914536,True,,60,-0.15,-0.12680260205258292,-0.1629626112076292,-2.65947127413056,-0.590068528230564,0.006818968461217256,-0.1258425001509641,-0.08905239729977582,-5.653342068652993,0.065908270957817,4.364265319947381,4.999235996641629,29.200253451005267,26.37585024217166,0.6349706766942482,-2.8244032088336084,True,False,0.08045960674953244,0.07808166600115317,0.9704455335485082,0.06998521495778569,0.03879205573708243,0.5542892989680944,-4.988047070587437,-2.65947127413056,-3.2495398023611237,-0.560068528230564,-0.13947127413055993,-0.3829626112076292,0.005818968461217256,0.560068528230564,0.13947127413055993,0.3829626112076292,0.005818968461217256,False,False,ictal_scale,mid,low,low,-0.1323021350455435,0.2570776149492779,0.0799713428820392,0.08005498986931053,0.08045960674953244,1200,500,10,73.89448189735413
-2.52,-0.03,0.22,0.001,85,1754180630,True,,60,-0.15,-0.18329475463062364,0.4577303451725303,-2.8627092237530007,-2.5184674692804725,0.008354240956496952,-0.1787060584634814,0.44082855525230785,-3.085992329903802,0.006749716239085127,-3.973177468166397,-3.229034563544981,12.525367874777709,9.91930912179844,0.7441429046214161,-2.606058752979269,True,False,0.08045960674953244,0.07808166600115317,0.9704455335485082,0.05711381636347371,0.004602403126787477,0.08058300810258717,-4.784985970074734,-2.8627092237530007,-5.381176693033473,-2.4884674692804727,-0.3427092237530007,0.2377303451725303,0.007354240956496952,2.4884674692804727,0.3427092237530007,0.2377303451725303,0.007354240956496952,False,False,ictal_scale,mid,low,low,-0.17175811431759425,0.2474872593726617,0.07998370120451499,0.08006949830331715,0.08045960674953244,1200,500,10,70.27611255645752
-2.52,-0.03,0.22,0.001,86,1143203608,True,,60,-0.15,-0.21343147040726473,0.11786576457535178,-3.2682647291030715,2.6824603046148705,0.00961529883903069,-0.18157206758018318,0.20444103161215363,-2.7906445436835536,0.022646761766547934,10.507019810674862,11.952737374110171,41.48576243246023,40.28285299710875,1.4457175634353092,-1.2029094353514793,True,False,0.08045960674953244,0.07808166600115317,0.9704455335485082,0.03807243577690003,0.5566578924173441,14.621021246953925,-4.644399819921971,-3.2682647291030715,-0.585804424488201,2.7124603046148703,-0.7482647291030715,-0.10213423542464822,0.008615298839030689,2.7124603046148703,0.7482647291030715,0.10213423542464822,0.008615298839030689,False,False,ictal_scale,mid,low,low,-0.16852783014568423,0.2938001451042467,0.07986866862063552,0.07992371519043864,0.08045960674953244,1200,500,10,71.67994475364685
-2.52,-0.03,0.22,0.001,87,1744808588,True,,60,-0.15,-0.10417825667817493,0.14757700949315572,-2.2806069534039843,-0.18250343948807268,0.010525878793732051,-0.07124438021708357,0.3416338647887253,-2.377341746453351,0.009724142353643786,18.624695099667584,19.22288271083624,57.72111301044567,54.82314367056088,0.5981876111686582,-2.8979693398847886,True,False,0.08045960674953244,0.07808166600115317,0.9704455335485082,0.10222214380465043,0.08516962754704638,0.8331817782046137,-4.5539184070577505,-2.2806069534039843,-2.463110392892057,-0.15250343948807268,0.23939304659601568,-0.07242299050684428,0.00952587879373205,0.15250343948807268,0.23939304659601568,0.07242299050684428,0.00952587879373205,False,False,ictal_scale,mid,low,low,-0.09979582376117581,0.31974965163309693,0.07981472017301666,0.07989143234458912,0.08045960674953244,1200,500,10,61.829147815704346
-2.52,-0.03,0.22,0.001,88,1013652081,True,,60,-0.15,-0.16092831126718368,0.06605857242387929,-2.114502366021426,-2.0460525688175837,0.009194783764045013,-0.16829829608531416,0.18893713143424043,-3.4472319453979625,0.05564030755570981,11.425701945445882,12.23176187664831,43.32312670200227,40.84090200218502,0.8060599312024284,-2.4822246998172517,True,False,0.08045960674953244,0.07808166600115317,0.9704455335485082,0.12069333571625347,0.015598899145091313,0.12924408006887692,-4.689118937891334,-2.114502366021426,-4.160554934839009,-2.016052568817584,0.4054976339785741,-0.15394142757612073,0.008194783764045012,2.016052568817584,0.4054976339785741,0.15394142757612073,0.008194783764045012,False,False,ictal_scale,mid,low,low,-0.15353410044935537,0.29282836534851564,0.0798870480131069,0.07996251874948829,0.08045960674953244,1200,500,10,68.04247975349426
-2.52,-0.03,0.22,0.001,89,1636097660,True,,60,-0.15,-0.19476053013505795,0.24924899640822523,-2.605248377617659,-1.3004789778755868,0.006194491585217702,-0.21493873931166485,0.40309179231701797,-3.2145674721035693,0.02110610106813912,3.195864873538407,3.377291747820741,26.86345255818732,23.13196174452988,0.18142687428233373,-3.7314908136574374,True,False,0.08045960674953244,0.07808166600115317,0.9704455335485082,0.0738847835918081,0.02012631018385446,0.2724012875918601,-5.084094835837411,-2.605248377617659,-3.9057273554932457,-1.2704789778755867,-0.08524837761765891,0.02924899640822523,0.005194491585217702,1.2704789778755867,0.08524837761765891,0.02924899640822523,0.005194491585217702,False,False,ictal_scale,mid,low,low,-0.1961412988395944,0.2624307324095316,0.07996340182874942,0.0800026451612239,0.08045960674953244,1200,500,10,68.152827501297
-2.52,-0.03,0.22,0.001,90,9119897,True,,60,-0.15,-0.12740104422546472,0.28347229922014094,-2.078102233066067,-4.999997118984795,0.006800975772689036,-0.13166126403989079,0.3902117520327693,-2.6929274531078646,0.004228424924894985,0.22109228983316626,4.394789146509132,20.913907390776835,25.166956541906664,4.173696856675966,4.253049151129829,True,True,0.08045960674953244,0.07808166600115317,0.9704455335485082,0.1251675257360102,0.0008433745841874038,0.006737966411241186,-4.990689181110958,-2.078102233066067,-7.078099352050861,-4.969997118984795,0.44189776693393323,0.06347229922014094,0.005800975772689036,4.969997118984795,0.44189776693393323,0.06347229922014094,0.005800975772689036,False,False,ictal_scale,mid,low,low,-0.13213288260415326,0.2657363401288916,0.07996932152190395,0.080079201028661,0.08045960674953244,1200,500,10,72.38572978973389
-2.52,-0.03,0.22,0.001,91,1626725618,True,,60,-0.15,-0.10457607929218339,0.2609267526625779,-2.321125059517414,-1.1516960976384958,0.009945460328158172,-0.12045814548302035,0.38563243352293625,-2.97026107006103,0.025111069208605417,10.215783764923843,10.50684323922551,40.90329034095819,37.391064727339426,0.291059474301667,-3.5122256136187673,True,False,0.08045960674953244,0.07808166600115317,0.9704455335485082,0.0981630841435827,0.031029368340074328,0.316100177686836,-4.610639080350932,-2.321125059517414,-3.4728211571559098,-1.1216960976384958,0.19887494048258603,0.04092675266257792,0.008945460328158173,1.1216960976384958,0.19887494048258603,0.04092675266257792,0.008945460328158173,False,False,ictal_scale,mid,low,low,-0.1297939950087959,0.29461567208499106,0.07988718580724481,0.07993695914973906,0.08045960674953244,1200,500,10,65.09278774261475
-2.52,-0.03,0.22,0.001,92,18491939,True,,60,-0.15,-0.11476029146156064,0.014114835828748265,-2.284316060260544,-2.0684441676285408,0.006611489924131125,-0.1188125889694145,0.10727793260512657,-5.242549720706896,0.0706105063114478,6.656643475488735,7.747007779351233,33.785009762087974,31.87139380759087,1.090364303862498,-1.9136159544971036,True,False,0.08045960674953244,0.07808166600115317,0.9704455335485082,0.10184369324083979,0.012871235958815456,0.12638225843182635,-5.018946245959918,-2.284316060260544,-4.352760227889085,-2.038444167628541,0.2356839397394559,-0.20588516417125174,0.005611489924131125,2.038444167628541,0.2356839397394559,0.20588516417125174,0.005611489924131125,False,False,ictal_scale,mid,low,low,-0.11863452009558997,0.2729455975819076,0.07992279530749408,0.0799373900775664,0.08045960674953244,1200,500,10,76.20653700828552
-2.52,-0.03,0.22,0.001,93,1518014690,True,,60,-0.15,-0.08786714752374757,0.16277743625867755,-3.086773046154533,0.8456095570887465,0.008790627625218317,-0.110962743472557,0.2981185360676663,-3.5148999125452236,0.03915151392140586,6.050963977833571,5.2731789141235135,32.57365076677765,26.92373607713543,-0.7777850637100574,-5.649914689642216,False,False,0.08045960674953244,0.07808166600115317,0.9704455335485082,0.045649024277587186,0.10633471310231093,2.3293972825289773,-4.734069167647682,-3.086773046154533,-2.2411634890657863,0.8756095570887465,-0.5667730461545331,-0.05722256374132245,0.007790627625218317,0.8756095570887465,0.5667730461545331,0.05722256374132245,0.007790627625218317,False,False,ictal_scale,mid,low,low,-0.11927675556427056,0.2605868328507699,0.07998411384496312,0.08012167682459145,0.08045960674953244,1200,500,10,94.07700157165527
-2.52,-0.03,0.22,0.001,94,127202867,True,,60,-0.15,-0.1347037226251439,0.04656991128177572,-2.1405747778364863,-0.9557515667977591,0.00938071781551788,-0.15077581880388552,0.10998263329135087,-2.5609350150235484,0.027318365904617076,16.694473185133262,16.928522256589112,53.86066918137703,50.23442276206663,0.23404907145584986,-3.626246419310398,True,False,0.08045960674953244,0.07808166600115317,0.9704455335485082,0.11758723705672142,0.04521500199648863,0.38452304117561625,-4.669098992717368,-2.1405747778364863,-3.0963263446342455,-0.925751566797759,0.3794252221635137,-0.1734300887182243,0.008380717815517878,0.925751566797759,0.3794252221635137,0.1734300887182243,0.008380717815517878,False,False,ictal_scale,mid,low,low,-0.14382269281412266,0.31285585239729014,0.0798812507201382,0.07997300693025058,0.08045960674953244,1200,500,10,65.40618968009949
-2.52,-0.03,0.22,0.001,95,1673081534,True,,60,-0.15,-0.16083351692424663,0.24399314413316142,-3.0893016794749926,1.8748829268239158,0.009981278281867258,-0.15092648772029832,0.4197042288719457,-2.517773188365866,0.008709652107504405,11.663911015970747,12.901724127568148,43.799544843052,42.180826504024694,1.2378131115974007,-1.6187183390273034,True,False,0.08045960674953244,0.07808166600115317,0.9704455335485082,0.04553374045044266,0.2968825263344788,6.520055752010873,-4.607044112505428,-3.0893016794749926,-1.2144187526510768,1.9048829268239158,-0.5693016794749926,0.02399314413316142,0.008981278281867257,1.9048829268239158,0.5693016794749926,0.02399314413316142,0.008981278281867257,False,False,ictal_scale,mid,low,low,-0.16854912156934254,0.2980991633929189,0.07992778598110718,0.08003276263416004,0.08045960674953244,1200,500,10,66.32166862487793
-2.52,-0.03,0.22,0.001,96,2010908742,True,,60,-0.15,-0.18137171288174508,0.22442700604258733,-1.727632889528238,-4.070549718748288,0.010229813785431266,-0.16256399398677296,0.3707503745628815,-3.14124428818778,0.04359616161657518,11.40949845015859,13.633183746731001,43.290719711427684,43.643745742350404,2.2236852965724108,0.3530260309227202,True,True,0.08045960674953244,0.07808166600115317,0.9704455335485082,0.17770455882639472,0.003033062001217184,0.017068003326691696,-4.5824489019769175,-1.727632889528238,-5.798182608276527,-4.040549718748288,0.792367110471762,0.004427006042587334,0.009229813785431265,4.040549718748288,0.792367110471762,0.004427006042587334,0.009229813785431265,False,False,ictal_scale,mid,low,low,-0.1629719857015755,0.30962686851734894,0.07988033966183429,0.07996304137009319,0.08045960674953244,1200,500,10,72.77253985404968
-2.52,-0.03,0.22,0.001,97,1781792462,True,,60,-0.15,-0.09649634701003657,0.5167702591908329,-1.8789075507398678,-2.6031135782746615,0.01121697590149635,-0.17311105517056868,0.4828806857150968,-2.527202005722093,0.011157746486939854,14.69521544164771,15.374216694570524,49.86215369440592,47.12581163802945,0.6790012529228147,-2.736342056376472,True,False,0.08045960674953244,0.07808166600115317,0.9704455335485082,0.15275689379216664,0.01131052999720333,0.07404268125922925,-4.490326942712519,-1.8789075507398678,-4.482021129014529,-2.5731135782746617,0.6410924492601322,0.2967702591908329,0.01021697590149635,2.5731135782746617,0.6410924492601322,0.2967702591908329,0.01021697590149635,False,False,ictal_scale,mid,low,low,-0.1870059934725041,0.3307007938219466,0.07982091145780151,0.07990710358187787,0.08045960674953244,1200,500,10,69.06404829025269
-2.52,-0.03,0.22,0.001,98,245285837,True,,60,-0.15,-0.12226849217159796,0.37932855352818595,-2.744363296274813,-0.5234684969608216,0.00869075432987966,-0.10189343389451813,0.38420038469507145,-2.874786796746941,0.008670033970024076,3.891337193802702,3.9830369948919953,28.254397198715907,24.34345223867239,0.09169980108929332,-3.9109449600435156,True,False,0.08045960674953244,0.07808166600115317,0.9704455335485082,0.06428922110267757,0.03808892226844779,0.592462027306494,-4.745495539113122,-2.744363296274813,-3.2678317932356347,-0.4934684969608216,-0.224363296274813,0.15932855352818595,0.00769075432987966,0.4934684969608216,0.224363296274813,0.15932855352818595,0.00769075432987966,False,False,ictal_scale,mid,low,low,-0.12340577348326141,0.26892679908877626,0.07992398252710399,0.08004707428139356,0.08045960674953244,1200,500,10,64.33129811286926
-2.52,-0.03,0.22,0.001,99,1890503390,True,,60,-0.15,-0.1796715488721101,-0.1607657681738886,-3.4627352935501974,2.451455720591336,0.005491283914237986,-0.16460584332261358,-0.2233095137618307,-3.0816560432586724,0.008720877377418156,-2.649255288325803,-1.3173008904891081,15.173212234458898,13.742776467910186,1.3319543978366948,-1.4304357665487117,True,False,0.08045960674953244,0.07808166600115317,0.9704455335485082,0.03134390986198704,0.3637532328561584,11.605228398685114,-5.204593186642733,-3.4627352935501974,-1.0112795729588613,2.481455720591336,-0.9427352935501974,-0.38076576817388863,0.004491283914237986,2.481455720591336,0.9427352935501974,0.38076576817388863,0.004491283914237986,False,False,ictal_scale,mid,low,low,-0.1769180324149732,0.2332303071548976,0.0800229327643305,0.08003864308065287,0.08045960674953244,1200,500,10,80.57455968856812
-2.52,1.45,0.22,0.001,0,269115253,True,,60,-0.15,-0.09858722869634884,0.12110893958217209,-3.1116118690056584,3.0037861867220426,0.013199677434975979,-0.09815029274938575,0.330652351317326,-1.6342832912983725,0.012655408231735853,23.558331635486784,36.69676975968605,67.58838608208407,89.7709177682605,13.138438124199265,22.182531686176432,True,True,0.08045960674953244,0.34300851741870664,4.263114515168817,0.04452912235097587,0.8977840824619555,20.161728663450297,-4.327562886432638,-3.1116118690056584,-0.10782568228361589,1.5537861867220426,-0.5916118690056584,-0.09889106041782791,0.012199677434975978,1.5537861867220426,0.5916118690056584,0.09889106041782791,0.012199677434975978,True,True,strong,mid,low,low,-0.10810041398823299,0.42091053367768927,0.14016896643476176,0.1170336861978552,0.5999363761398702,1200,500,10,63.367573499679565
-2.52,1.45,0.22,0.001,1,1914332806,True,,60,-0.15,-0.2335164186604386,0.06419750668668661,-2.1333485751339096,-1.8876275838968757,0.005782508539298947,-0.22386460638657496,0.08085368720028328,-2.550069729566578,0.003712928610993004,12.68308295033656,13.060233926359093,45.83788871178362,42.497846101606584,0.37715097602253245,-3.3400426101770364,True,False,0.08045960674953244,0.34300851741870664,4.263114515168817,0.11844002376082366,0.017935448541433804,0.15143063950791183,-5.152917687111141,-2.1333485751339096,-4.020976159030785,-3.3376275838968756,0.3866514248660904,-0.1558024933133134,0.004782508539298947,3.3376275838968756,0.3866514248660904,0.1558024933133134,0.004782508539298947,True,True,strong,mid,low,low,-0.21956420641211158,0.3005554898010516,0.11926481728757005,0.10511151419271618,0.23760602693136365,1200,500,10,76.34347891807556
-2.52,1.45,0.22,0.001,2,735416935,True,,60,-0.15,-0.18616469844385877,0.14857489452652695,-2.6948246724472087,2.0447136167596356,0.014736173400442858,-0.18138034011494103,0.1170544622621225,-1.9867554003514902,0.019198523074542187,26.009311024327644,28.516208604192922,72.4903448597658,73.40979545727424,2.506897579865278,0.9194505975084439,True,True,0.08045960674953244,0.34300851741870664,4.263114515168817,0.06755422485290934,0.5219878038275048,7.72694535336711,-4.217450032407388,-2.6948246724472087,-0.6501110556875731,0.5947136167596356,-0.17482467244720867,-0.07142510547347306,0.013736173400442857,0.5947136167596356,0.17482467244720867,0.07142510547347306,0.013736173400442857,True,True,strong,mid,low,low,-0.19567631148964804,0.37987059765467085,0.1333880947489074,0.12252934610244255,0.26144030264367135,1200,500,10,64.83656764030457
-2.52,1.45,0.22,0.001,3,1923704848,True,,60,-0.15,-0.07893587055895941,0.2192241201750915,-2.8313071842609436,2.1807720880498707,0.013956796678039281,-0.09933692427707386,0.4134963785946316,-2.093969976889364,0.015504073957775437,23.020131721218824,25.779285441568117,66.51198625354814,67.93594913202463,2.7591537203492926,1.4239628784764875,True,True,0.08045960674953244,0.34300851741870664,4.263114515168817,0.05893576339251332,0.5217665067686855,8.853139023477317,-4.27178867230271,-2.8313071842609436,-0.650535096211073,0.7307720880498707,-0.3113071842609436,-0.0007758798249085097,0.01295679667803928,0.7307720880498707,0.3113071842609436,0.0007758798249085097,0.01295679667803928,True,True,strong,mid,low,low,-0.14124195205829165,0.3734586011993311,0.13201651839295958,0.11633349534756743,0.2742125250713361,1200,500,10,80.84824872016907
-2.52,1.45,0.22,0.001,4,726044893,True,,60,-0.15,-0.061086945488470906,0.13802517687336496,-3.2260213457909908,3.5488653856561734,0.01629085351581924,-0.013831128024460354,0.5029568400253556,-1.5627365154935218,0.04822567623956336,22.73793378585331,41.32697934850953,65.94759038281713,99.03133694590747,18.58904556265622,33.083746563090344,True,True,0.08045960674953244,0.34300851741870664,4.263114515168817,0.0397151979045499,1.3810499453730587,34.77384019820889,-4.117151462662842,-3.2260213457909908,0.3228440398651826,2.0988653856561736,-0.7060213457909907,-0.08197482312663504,0.015290853515819238,2.0988653856561736,0.7060213457909907,0.08197482312663504,0.015290853515819238,True,True,strong,mid,low,low,-0.0184421600719839,0.5302869985340132,0.13773551701778683,0.11251019252209127,0.8742206471654155,1200,500,10,60.598957777023315
-2.52,1.45,0.22,0.001,5,2032415776,True,,60,-0.15,-0.14317745865747603,-0.15859674134678214,-3.539418688857528,3.7218657417912713,0.009204930623284651,-0.11382380672787781,0.004136923041154794,-2.5302006840194537,0.026436313978915774,10.873093137524783,18.35776070982124,42.21790908616007,53.092899668530876,7.4846675722964555,10.874990582370806,True,True,0.08045960674953244,0.34300851741870664,4.263114515168817,0.029030197755590254,1.2001506048177104,41.341454678399536,-4.688016001176703,-3.539418688857528,0.18244705293374341,2.271865741791271,-1.0194186888575278,-0.3785967413467821,0.008204930623284652,2.271865741791271,1.0194186888575278,0.3785967413467821,0.008204930623284652,True,True,strong,mid,low,low,-0.11712594379604416,0.32658526035433316,0.12107374747078616,0.10452553140928644,0.311994536104602,1200,500,10,69.52937483787537
-2.52,1.45,0.22,0.001,6,617333965,True,,60,-0.15,-0.17240228413416891,-0.1624273444849777,-2.3669683398717125,-0.8039860921774012,0.011728364453250022,-0.1428622122088295,-0.08158237248828128,-2.2915897235042166,0.0007551693997465612,16.240559800690697,18.930345371150374,52.9528424124919,54.23806899118915,2.6897855704596765,1.2852265786972552,True,True,0.08045960674953244,0.34300851741870664,4.263114515168817,0.09376455809208527,0.04196352744873332,0.44754146238839365,-4.445745058838919,-2.3669683398717125,-3.170954432049114,-2.253986092177401,0.1530316601282875,-0.3824273444849777,0.010728364453250021,2.253986092177401,0.1530316601282875,0.3824273444849777,0.010728364453250021,True,True,strong,mid,low,low,-0.1670187229166454,0.3163000717898759,0.12001578507408849,0.10424405192047474,0.26050066211072953,1200,500,10,70.36576724052429
-2.52,1.45,0.22,0.001,7,1218938945,True,,60,-0.15,-0.1689780985822703,0.3686940540929669,-3.1358076088262954,3.04866261994321,0.011574378986368148,-0.15124449159848885,0.29754395347356566,-2.074180479462534,0.020425953532424282,22.241289440873114,27.844768163303563,64.95430169285673,72.06691457549553,5.603478722430449,7.1126128826388,True,True,0.08045960674953244,0.34300851741870664,4.263114515168817,0.043464637226316466,0.9165441972795311,21.087124056900965,-4.45896133173481,-3.1358076088262954,-0.08714498888308553,1.59866261994321,-0.6158076088262954,0.1486940540929669,0.01057437898636815,1.59866261994321,0.6158076088262954,0.1486940540929669,0.01057437898636815,True,True,strong,mid,low,low,-0.1797680705838524,0.39456005904546515,0.13515294366893396,0.1152969866492205,0.3619785893806976,1200,500,10,63.663140058517456
-2.52,1.45,0.22,0.001,8,607961923,True,,60,-0.15,-0.16889415201617053,0.23068247848268472,-2.8478678362726395,2.1194005955164585,0.013976480908363042,-0.2071496212492776,0.16972018405233957,-2.2272579845169234,0.012537663117063733,21.718484859966075,23.609615833828304,63.908692531042654,63.596609916545006,1.8911309738622286,-0.3120826144976476,True,False,0.08045960674953244,0.34300851741870664,4.263114515168817,0.05796778601481416,0.4826482069254381,8.326145262855015,-4.270379297157158,-2.8478678362726395,-0.728467240756181,0.6694005955164586,-0.3278678362726395,0.01068247848268472,0.012976480908363043,0.6694005955164586,0.3278678362726395,0.01068247848268472,0.012976480908363043,True,True,strong,mid,low,low,-0.2029468765671924,0.35475735169368994,0.1293195186366366,0.11606526674199899,0.4314259192915805,1200,500,10,61.11368775367737
-2.52,1.45,0.22,0.001,9,1110228017,True,,60,-0.15,-0.10032128186034873,0.33401692649366377,-3.0550365744603267,2.4187743774057684,0.01085343892635008,-0.13106495223671688,0.38709851596412037,-2.2922567552591504,0.011385992692821669,16.847049857855886,20.891663201845734,54.165822526822275,58.16070465257987,4.044613343989848,3.9948821257575915,True,True,0.08045960674953244,0.34300851741870664,4.263114515168817,0.04712099731376406,0.529267027258644,11.232084578652264,-4.5232732974769245,-3.0550365744603267,-0.6362621970545583,0.9687743774057684,-0.5350365744603267,0.11401692649366377,0.009853438926350079,0.9687743774057684,0.5350365744603267,0.11401692649366377,0.009853438926350079,True,True,strong,mid,low,low,-0.13719649092727554,0.34865705408758274,0.1275174942343462,0.11533091145933741,0.32916683655368534,1200,500,10,62.1371111869812
-2.52,1.45,0.22,0.001,10,499250995,True,,60,-0.15,-0.08439121534097178,0.2544255828310879,-2.757356120993484,1.469608038050769,0.008565904613575212,-0.10074614455571648,0.23292388135506156,-2.406004583898206,0.016565628163576946,17.860806762931382,19.724521616043717,56.19333633697327,55.82642148097584,1.8637148531123344,-0.3669148559974289,True,False,0.08045960674953244,0.34300851741870664,4.263114515168817,0.06345932554014463,0.2758913685528035,4.347530740431104,-4.759965535319647,-2.757356120993484,-1.2877480829427148,0.01960803805076905,-0.2373561209934838,0.0344255828310879,0.007565904613575212,0.01960803805076905,0.2373561209934838,0.0344255828310879,0.007565904613575212,True,True,strong,mid,low,low,-0.08131816390315859,0.3418649031117131,0.12624139365889436,0.11236842936538627,0.30141158893103964,1200,500,10,66.70276117324829
-2.52,1.45,0.22,0.001,11,1100855975,True,,60,-0.15,-0.11494794818492005,0.3463268897977679,-2.571329980003556,1.5220287390395413,0.01431704586958102,-0.12303241639873363,0.26883143910699225,-2.0313295220321015,0.011772539693182524,27.849817012227657,28.05477745098029,76.17135683556582,72.48693315084898,0.20496043875263226,-3.6844236847168332,True,False,0.08045960674953244,0.34300851741870664,4.263114515168817,0.07643382233876539,0.35018235672631703,4.58151046240053,-4.246304432754848,-2.571329980003556,-1.0493012409640148,0.07202873903954132,-0.05132998000355604,0.12632688979776788,0.013317045869581021,0.07202873903954132,0.05132998000355604,0.12632688979776788,0.013317045869581021,True,True,strong,mid,low,low,-0.13548679020962584,0.3915745157568401,0.1341227955571417,0.1240783082298469,0.2882448255174034,1200,500,10,60.174339294433594
-2.52,1.45,0.22,0.001,12,489878953,True,,60,-0.15,-0.12496188919925805,0.25478466138188377,-3.0583920294706037,2.6086250182458524,0.01578635134219792,-0.10568040639394419,0.17251320971065057,-2.5819024157710206,0.06152256754880711,20.109489005915655,26.421692517172936,60.690700822941814,69.22076328323428,6.31220351125728,8.530062460292463,True,True,0.08045960674953244,0.34300851741870664,4.263114515168817,0.04696314990028688,0.6377767291316576,13.580365254157742,-4.14860955137462,-3.0583920294706037,-0.4497670112247514,1.1586250182458524,-0.5383920294706037,0.03478466138188377,0.014786351342197919,1.1586250182458524,0.5383920294706037,0.03478466138188377,0.014786351342197919,True,True,strong,mid,low,low,-0.10280286397255917,0.3780967969111168,0.1318323913126468,0.11118929184927936,0.36516813005693555,1200,500,10,64.80293345451355
-2.52,1.45,0.22,0.001,13,992145047,True,,60,-0.15,-0.1833000072027519,-0.03558097787318159,-2.826614823378415,0.9166831910344104,0.009561846584552619,-0.18171186639375947,-0.043947139020157115,-3.119042780159563,0.039633757261962395,10.730408240461646,10.692483677371381,41.932539292033795,37.76234560363116,-0.037924563090264485,-4.170193688402634,False,False,0.08045960674953244,0.34300851741870664,4.263114515168817,0.05921296111048537,0.14809051085047473,2.500981340456068,-4.649974413191331,-2.826614823378415,-1.9099316323440045,-0.5333168089655895,-0.30661482337841495,-0.25558097787318157,0.00856184658455262,0.5333168089655895,0.30661482337841495,0.25558097787318157,0.00856184658455262,True,True,strong,mid,low,low,-0.17557997916421894,0.2915974157996146,0.11780471957788599,0.11209297801202414,0.21593542878732225,1200,500,10,66.6652762889862
-2.52,1.45,0.22,0.001,14,653072510,True,,60,-0.15,-0.15870345811864367,0.22182808682778474,-2.5960525391847566,1.1642015458731532,0.012477743338840327,-0.11605501477103278,0.31180243915919376,-2.336100441749241,0.010851589609468287,20.378135257248527,21.55016626319656,61.22799332560756,59.47771077528152,1.172031005948032,-1.750282550326034,True,False,0.08045960674953244,0.34300851741870664,4.263114515168817,0.07456734969818032,0.23886637273372024,3.2033641225088267,-4.383808754599469,-2.5960525391847566,-1.4318509933116035,-0.2857984541268468,-0.07605253918475663,0.0018280868277847362,0.011477743338840326,0.2857984541268468,0.07605253918475663,0.0018280868277847362,0.011477743338840326,True,True,strong,mid,low,low,-0.14648423792229892,0.34448213793721005,0.12488704663281003,0.11088509345981591,0.27672828558291723,1200,500,10,61.64294981956482
-2.52,1.45,0.22,0.001,15,982773005,True,,60,-0.15,-0.18473444844860845,0.2663526512726602,-2.490289676042252,0.33552740394064917,0.012391321937924044,-0.1330353040111879,0.386445485704421,-2.4453976995773057,0.010558303925116657,17.42271265256562,18.487419805607303,55.317148116241746,53.35221786010301,1.064707153041681,-1.9649302561387358,True,False,0.08045960674953244,0.34300851741870664,4.263114515168817,0.0828859530224353,0.11593074731016878,1.3986778589466058,-4.390758895091879,-2.490289676042252,-2.154762272101603,-1.114472596059351,0.029710323957747864,0.04635265127266022,0.011391321937924043,1.114472596059351,0.029710323957747864,0.04635265127266022,0.011391321937924043,True,True,strong,mid,low,low,-0.17895209856798058,0.3235423966965644,0.12077726542124712,0.10542186050220878,0.28622194166960085,1200,500,10,69.51067543029785
-2.52,1.45,0.22,0.001,16,662444552,True,,60,-0.15,-0.1696630129165531,-0.04039832673450064,-2.183762752039009,0.6829488098229788,0.0159110426524346,-0.1869362362638277,-0.03716178689707329,-1.988114669260117,0.016503633619148098,28.018646958129914,28.943847044320513,76.50901672737032,74.26507233752943,0.9252000861905998,-2.243944389840891,True,False,0.08045960674953244,0.34300851741870664,4.263114515168817,0.1126169826259,0.22294861898344712,1.979706912624852,-4.140741904371518,-2.183762752039009,-1.5008139422160303,-0.7670511901770212,0.33623724796099097,-0.26039832673450064,0.014911042652434599,0.7670511901770212,0.33623724796099097,0.26039832673450064,0.014911042652434599,True,True,strong,mid,low,low,-0.19221288643580667,0.3848576521818093,0.13386153796443445,0.11750636377911361,0.4164163084481292,1200,500,10,65.05695462226868
-2.52,1.45,0.22,0.001,17,874062077,True,,60,-0.15,-0.16462076831257855,-0.0005041727408797224,-2.1547878926684025,1.3208846957648972,0.020860234474147983,-0.21704978081028836,0.16618207993879128,-1.734268728813227,0.02066344323334708,37.51670555244765,39.7711880502455,95.5051339160058,95.9197543493794,2.254482497797852,0.41462043337359944,True,True,0.08045960674953244,0.34300851741870664,4.263114515168817,0.11592777713676211,0.434350617373672,3.7467346316945305,-3.8699105891012553,-2.1547878926684025,-0.8339031969035053,-0.12911530423510276,0.3652121073315975,-0.22050417274087972,0.019860234474147982,0.12911530423510276,0.3652121073315975,0.22050417274087972,0.019860234474147982,True,True,strong,mid,low,low,-0.2288008041741256,0.4540054908859616,0.14961926742813325,0.10841245288220779,0.7404384479085547,1200,500,10,63.09496283531189
-2.52,1.45,0.22,0.001,18,771155480,True,,60,-0.15,-0.17121108473872557,0.3231204436804576,-2.4748275840688274,1.5730542882237457,0.014184856189527167,-0.14778300849608983,0.3128177949005569,-2.0257960038636442,0.027182708690245732,30.32911081258669,31.882614546907682,81.12994443628389,80.14260734270377,1.5535037343209908,-0.9873370935801233,True,False,0.08045960674953244,0.34300851741870664,4.263114515168817,0.08417750254868502,0.40584933031959053,4.821351525425252,-4.255580348980176,-2.4748275840688274,-0.9017732958450817,0.12305428822374576,0.045172415931172605,0.10312044368045761,0.013184856189527167,0.12305428822374576,0.045172415931172605,0.10312044368045761,0.013184856189527167,True,True,strong,mid,low,low,-0.13944796089146946,0.4267139897776591,0.14173446253961022,0.12279064835660766,0.33246700646089605,1200,500,10,68.20163440704346
-2.52,1.45,0.22,0.001,19,765351149,True,,60,-0.15,-0.17030447662456516,0.3578129165545486,-2.747063647679019,1.9055952687505504,0.028968809040543907,-0.13245472432060307,0.37555361148204663,-1.9511730226653046,0.03678562281173632,31.632510871888208,33.49790969033386,83.73674455488691,83.37319762955613,1.8653988184456551,-0.36354692533078037,True,False,0.08045960674953244,0.34300851741870664,4.263114515168817,0.0641158517985688,0.4310770739790076,6.723408671748008,-3.5415355781410573,-2.747063647679019,-0.8414683789284687,0.45559526875055045,-0.2270636476790191,0.1378129165545486,0.027968809040543906,0.45559526875055045,0.2270636476790191,0.1378129165545486,0.027968809040543906,True,True,strong,mid,low,low,-0.12386533401999023,0.4381497710814791,0.14504286437626918,0.1204535589654192,0.46856636853800226,1200,500,10,62.3353431224823
-2.52,1.45,0.22,0.001,20,780527522,True,,60,-0.15,-0.12926270355103692,0.06303346716631932,-2.3643028036899616,0.7996308888216657,0.011886462088976441,-0.13463482764723428,0.09093496741130125,-2.1583861109473057,0.018421070547458028,24.995391382926766,25.43683507017355,70.46250557696403,67.2510483892355,0.4414436872467853,-3.211457187728527,True,False,0.08045960674953244,0.34300851741870664,4.263114515168817,0.09401482431289876,0.20915662309595495,2.224719608046524,-4.43235516604958,-2.3643028036899616,-1.564671914868296,-0.6503691111783343,0.15569719631003842,-0.15696653283368067,0.01088646208897644,0.6503691111783343,0.15569719631003842,0.15696653283368067,0.01088646208897644,True,True,strong,mid,low,low,-0.1321347908782409,0.36502201790804173,0.13053769281233565,0.11763598493599278,0.34099701002742244,1200,500,10,63.32459306716919
-2.52,1.45,0.22,0.001,21,278261428,True,,60,-0.15,-0.15659628912685536,0.12391667099224318,-2.2204815887111047,-0.8304491243709772,0.011131078920539704,-0.15711356917066027,0.2533606037060066,-2.9654727335625677,0.042094217475011034,16.000977363623864,16.10962804302173,52.47367753835823,48.59663433493186,0.10865067939786499,-3.8770432034263678,True,False,0.08045960674953244,0.34300851741870664,4.263114515168817,0.10855681649693284,0.047314867326080444,0.4358534899318578,-4.498014180338991,-2.2204815887111047,-3.050930713082082,-2.280449124370977,0.29951841128889534,-0.09608332900775682,0.010131078920539705,2.280449124370977,0.29951841128889534,0.09608332900775682,0.010131078920539705,True,True,strong,mid,low,low,-0.17051568560802313,0.31960083215376633,0.12074635651533809,0.11094530844597257,0.26510500830524814,1200,500,10,64.15895438194275
-2.52,1.45,0.22,0.001,22,889238450,True,,60,-0.15,-0.149269704262825,0.017410775941781996,-2.547460713845106,0.8061116973433102,0.011453503856688302,-0.14668975325742378,0.14780843792395518,-3.517390703811043,0.07697826250411778,18.580496314000662,18.43265560800263,57.63271543911183,53.24268946489366,-0.147840705998032,-4.390025974218169,False,False,0.08045960674953244,0.34300851741870664,4.263114515168817,0.0782801896420744,0.17528378033837733,2.2391844110219807,-4.469459582109958,-2.547460713845106,-1.741349016501796,-0.6438883026566897,-0.027460713845106177,-0.202589224058218,0.010453503856688303,0.6438883026566897,0.027460713845106177,0.202589224058218,0.010453503856688303,True,True,strong,mid,low,low,-0.1450611302619938,0.32609618402157153,0.12361761123345237,0.1138870900652551,0.23750045593009358,1200,500,10,67.93576312065125
-2.52,1.45,0.22,0.001,23,386972356,True,,60,-0.15,-0.22670073386783948,0.12128705914500162,-2.6068066043830136,1.9508061547591906,0.013826680663735356,-0.1961384635201428,0.21970649588852548,-1.961522220988747,0.016770308767593445,27.84093077893768,30.148343916132376,76.15358436898586,76.67406608115316,2.307413137194697,0.520481712167296,True,True,0.08045960674953244,0.34300851741870664,4.263114515168817,0.07376974399662807,0.5189226468389037,7.03435607506816,-4.281155171965275,-2.6068066043830136,-0.656000449623823,0.5008061547591907,-0.08680660438301357,-0.09871294085499838,0.012826680663735355,0.5008061547591907,0.08680660438301357,0.09871294085499838,0.012826680663735355,True,True,strong,mid,low,low,-0.1875245958437905,0.40222913922228976,0.13581875321509757,0.11783868973427333,0.395390873280304,1200,500,10,61.34882593154907
-2.52,1.45,0.22,0.001,24,1248873159,True,,60,-0.15,-0.11734238160518508,-0.2428441082975082,-2.754865004553803,-0.20563786197471381,0.007069237250961805,-0.11764938171868963,-0.3229894137452103,-6.188670175305283,0.0708320912501166,5.792303446430721,6.3962070149388905,32.05632970397195,29.16979227876618,0.6039035685081693,-2.8865374252057663,True,False,0.08045960674953244,0.34300851741870664,4.263114515168817,0.06361760717638833,0.051792865724485354,0.8141278495571627,-4.952002690189053,-2.754865004553803,-2.9605028665285165,-1.6556378619747139,-0.23486500455380277,-0.4628441082975082,0.006069237250961805,1.6556378619747139,0.23486500455380277,0.4628441082975082,0.006069237250961805,True,True,strong,mid,low,low,-0.1243850023038255,0.2731568100127624,0.11273534875378129,0.10556256228339839,0.21387175136995887,1200,500,10,76.19518518447876
-2.52,1.45,0.22,0.001,25,396344398,True,,60,-0.15,-0.20771697255766822,0.723669491971434,-2.405495448355266,1.210404742223114,0.031360634888634734,-0.2247242353943904,0.6319935012545971,-1.7824447472646234,0.03934994659643188,39.29218294505923,40.745605858983964,99.05608870122896,97.86858996685633,1.453422913924733,-1.1874987343726247,True,False,0.08045960674953244,0.34300851741870664,4.263114515168817,0.0902207847953115,0.3026764983224981,3.3548422240972053,-3.462201838531559,-2.405495448355266,-1.195090706132152,-0.23959525777688606,0.11450455164473405,0.5036694919714341,0.030360634888634733,0.23959525777688606,0.11450455164473405,0.5036694919714341,0.030360634888634733,True,True,strong,mid,low,low,-0.28161842804249654,0.6080440689668924,0.19760720183331199,0.1393580359732276,1.0165985989499637,1200,500,10,54.75639629364014
-2.52,1.45,0.22,0.001,26,1007321420,True,,60,-0.15,-0.17904168274990892,0.0383913992487136,-2.294329533255687,-2.2895414226718405,0.005796776926126489,-0.10408523984419693,0.34214624740493427,-2.7649950018406932,0.010709845308234931,5.913282462717698,8.39924678607201,32.2982877365459,33.17587182103242,2.485964323354313,0.8775840844865215,True,True,0.08045960674953244,0.34300851741870664,4.263114515168817,0.10082897308407872,0.010215276776978612,0.10131291100684277,-5.150453218281547,-2.294329533255687,-4.5838709559275275,-3.7395414226718406,0.22567046674431301,-0.1816086007512864,0.004796776926126489,3.7395414226718406,0.22567046674431301,0.1816086007512864,0.004796776926126489,True,True,strong,mid,low,low,-0.15035032571369292,0.26940748435946144,0.11323284024813435,0.10429261665250342,0.2465185975624984,1200,500,10,78.2321605682373
-2.52,1.45,0.22,0.001,27,505055326,True,,60,-0.15,-0.1537189647537497,0.3477821967540419,-3.0058473539503328,1.9446871738292824,0.012833854536480522,-0.16345525880779116,0.4298185407431941,-2.4238308259839805,0.021497317769930066,18.39597047171689,18.498993166949887,57.26366375454428,53.37536458278818,0.10302269523299756,-3.8882991717561026,True,False,0.08045960674953244,0.34300851741870664,4.263114515168817,0.0494967952488756,0.34605409226380746,6.991444406123821,-4.355668713948955,-3.0058473539503328,-1.0611601801210504,0.4946871738292824,-0.48584735395033274,0.12778219675404187,0.011833854536480521,0.4946871738292824,0.48584735395033274,0.12778219675404187,0.011833854536480521,True,True,strong,mid,low,low,-0.18416836536113676,0.3425704487752488,0.12761225488920205,0.11959460379721809,0.26829310308994087,1200,500,10,61.804401874542236
-2.52,1.45,0.22,0.001,28,2050933993,True,,60,-0.15,-0.15885423444889124,0.3931085508865919,-2.0411775320041863,-1.4697354512399792,0.007287917940447809,-0.21511102226006606,0.349623339492352,-2.3709116163546335,0.007776426349861109,14.66753264767828,15.64023479689323,49.80678810646707,47.65784784267486,0.9727021492149497,-2.1489402637922055,True,False,0.08045960674953244,0.34300851741870664,4.263114515168817,0.1298756880222403,0.029869631511315234,0.22998631973522457,-4.921537378631254,-2.0411775320041863,-3.5109129832441655,-2.919735451239979,0.47882246799581374,0.1731085508865919,0.006287917940447809,2.919735451239979,0.47882246799581374,0.1731085508865919,0.006287917940447809,True,True,strong,mid,low,low,-0.21484223734969962,0.32740411750792525,0.12477865676371708,0.11394022479811913,0.21479145291143673,1200,500,10,68.21191763877869
-2.52,1.45,0.22,0.001,29,514427368,True,,60,-0.15,-0.09656959754049765,0.29701195022335874,-2.347275124823691,1.093976449299312,0.01706889929083783,-0.12111191454969167,0.3997697722121337,-1.9653993589015404,0.01718996976895899,29.372715687470834,29.81877991154508,79.21715418605217,76.01493807197856,0.4460642240742452,-3.2022161140736074,True,False,0.08045960674953244,0.34300851741870664,4.263114515168817,0.09562938565543994,0.28556126755325134,2.986124668646839,-4.07049722633816,-2.347275124823691,-1.2532986755243791,-0.3560235507006879,0.17272487517630886,0.07701195022335874,0.01606889929083783,0.3560235507006879,0.17272487517630886,0.07701195022335874,0.01606889929083783,True,True,strong,mid,low,low,-0.13798182128932387,0.4120706369716097,0.13612946536723294,0.11682379212432227,0.3845163605008165,1200,500,10,54.42732644081116
-2.52,1.45,0.22,0.001,30,2135322373,True,,60,-0.15,-0.20386367102721895,0.1658594529264451,-2.689258397045324,2.15528531371279,0.017089137861839708,-0.1674544573420553,0.3464320572993713,-2.5999919351233713,0.08123380414373424,27.7174195912224,31.020848255747058,75.9065619935553,78.41907476038251,3.3034286645246596,2.5125127668272143,True,True,0.08045960674953244,0.34300851741870664,4.263114515168817,0.0679312987479888,0.5862710326172729,8.630352185554678,-4.069312230064535,-2.689258397045324,-0.5339730833325338,0.7052853137127901,-0.16925839704532386,-0.054140547073554895,0.016089137861839707,0.7052853137127901,0.16925839704532386,0.054140547073554895,0.016089137861839707,True,True,strong,mid,low,low,-0.1702041300046661,0.40374855037454976,0.13614112656244337,0.11107655775697275,0.38846597774781877,1200,500,10,61.47882580757141
-2.52,1.45,0.22,0.001,31,623138296,True,,60,-0.15,-0.11216536704664737,0.28674986422505866,-2.8344018203326375,1.925570974164116,0.011969837039524023,-0.09077647416893267,0.38474165959732765,-2.6575310301772608,0.03545734728449935,19.47273166202238,20.89725483901233,59.41718613515526,58.17188792691306,1.4245231769899505,-1.245298208242204,True,False,0.08045960674953244,0.34300851741870664,4.263114515168817,0.05875366056951818,0.40299511198901755,6.859063896319922,-4.42536537357978,-2.8344018203326375,-0.9088308461685215,0.4755709741641161,-0.3144018203326375,0.06674986422505866,0.010969837039524023,0.4755709741641161,0.3144018203326375,0.06674986422505866,0.010969837039524023,True,True,strong,mid,low,low,-0.08430573712986517,0.3472751814137752,0.12689985075482316,0.11571925365647981,0.29549308957597825,1200,500,10,63.95481753349304
-2.52,1.45,0.22,0.001,32,21533316,True,,60,-0.15,-0.10447949822428515,0.2709918555727184,-2.8065090210240466,1.5287351567898535,0.015096599077273967,-0.13520386418810076,0.408810360371816,-2.556947680076086,0.02328097264906516,18.94660996254256,19.783573850980023,58.36494273619562,55.944525950848444,0.836963888437463,-2.4204167853471787,True,False,0.08045960674953244,0.34300851741870664,4.263114515168817,0.060415534039473154,0.27865693867547153,4.61233924529092,-4.193285787199192,-2.8065090210240466,-1.2777738642341931,0.07873515678985354,-0.28650902102404663,0.050991855572718375,0.014096599077273966,0.07873515678985354,0.28650902102404663,0.050991855572718375,0.014096599077273966,True,True,strong,mid,low,low,-0.14308921166694777,0.3466561905703788,0.12570060384851664,0.1157268082388753,0.31366695606413353,1200,500,10,66.7687349319458
-2.52,1.45,0.22,0.001,33,480732778,True,,60,-0.15,-0.00392138632942517,0.16015079094271398,-1.9006216799781157,0.5120205166295605,0.02003409994155944,-0.019385204195612002,0.1662562869047182,-1.7374786313321737,0.002512585744221937,36.1469271113191,36.920357710285074,92.76557703374871,90.21809366945855,0.7734305989659731,-2.5474833642901586,True,False,0.08045960674953244,0.34300851741870664,4.263114515168817,0.14947566430380968,0.24942396409872436,1.6686593450541183,-3.910319460207651,-1.9006216799781157,-1.388601163348555,-0.9379794833704395,0.6193783200218843,-0.059849209057286024,0.01903409994155944,0.9379794833704395,0.6193783200218843,0.059849209057286024,0.01903409994155944,True,True,strong,mid,low,low,-0.014287186452640818,0.4398909357638278,0.15088867878775059,0.1306986860019817,0.29096787353122194,1200,500,10,59.851950883865356
-2.52,1.45,0.22,0.001,34,2017239403,True,,60,-0.15,-0.059729511912979316,0.07042832163953769,-2.5755753719654986,1.817361022968437,0.02078677712121239,-0.040761284030318694,0.17014016452914066,-1.8959993944205085,0.018853710181764648,29.896934302216863,32.62203712328002,80.26559141554424,81.62145249544845,2.7251028210631603,1.3558610799042157,True,True,0.08045960674953244,0.34300851741870664,4.263114515168817,0.0761100186269611,0.4685022620671024,6.15559252932755,-3.8734382097538593,-2.5755753719654986,-0.7582143489970616,0.367361022968437,-0.055575371965498555,-0.1495716783604623,0.01978677712121239,0.367361022968437,0.055575371965498555,0.1495716783604623,0.01978677712121239,True,True,strong,mid,low,low,-0.04293180169325396,0.42597868395793753,0.14699074584975574,0.12283582577872645,0.607864816163566,1200,500,10,59.16144633293152
-2.52,1.45,0.22,0.001,35,372021850,True,,60,-0.15,-0.1464673636497885,0.1714359453289012,-2.997908528083986,2.629121694617565,0.02302574704247166,-0.19226388841583172,0.46421251855519713,-1.6378871134022335,0.03456106565680055,28.53071219872146,36.47813726011995,77.53314720855343,89.3336527691283,7.947425061398491,11.800505560574877,True,True,0.08045960674953244,0.34300851741870664,4.263114515168817,0.049891305589750405,0.691572814918574,13.861589845038045,-3.7711422525257574,-2.997908528083986,-0.36878683346642127,1.1791216946175649,-0.4779085280839861,-0.04856405467109881,0.02202574704247166,1.1791216946175649,0.4779085280839861,0.04856405467109881,0.02202574704247166,True,True,strong,mid,low,low,-0.23288180335084327,0.49171043529722835,0.16762247834597277,0.11106600749776124,1.7203241866646277,1200,500,10,71.28483843803406
-2.52,1.45,0.22,0.001,36,139616286,True,,60,-0.15,-0.22784177049924997,0.15616847923350385,-3.0218843311622368,1.4426175858933115,0.004490705915536461,-0.2645721022297475,0.39162599284641864,-3.2421191288470785,0.027039304100682036,6.831419558901366,6.300416594653688,34.134561928913236,28.97821143819578,-0.5310029642476781,-5.1563504907174575,False,False,0.08045960674953244,0.34300851741870664,4.263114515168817,0.048709347290443746,0.2061261858062055,4.231758323040499,-5.405745370089793,-3.0218843311622368,-1.5792667452689253,-0.007382414106688495,-0.5018843311622367,-0.06383152076649615,0.003490705915536461,0.007382414106688495,0.5018843311622367,0.06383152076649615,0.003490705915536461,True,True,strong,mid,low,low,-0.21892181455948745,0.26468481241040187,0.11323623317646217,0.09909196316341455,0.22648144696246827,1200,500,10,70.14350628852844
-2.52,1.45,0.22,0.001,37,362649808,True,,60,-0.15,-0.22144951634820847,0.3117626142347245,-2.555362368884037,1.0008118159187807,0.008981169488362232,-0.2805737245316201,0.3710075572693931,-2.320000945677824,0.01279046816101463,19.992943685067836,20.52936297651994,60.457610181246174,57.43610420192829,0.5364192914521055,-3.0215059793178867,True,False,0.08045960674953244,0.34300851741870664,4.263114515168817,0.07766408392018416,0.21128432241637063,2.720489468896701,-4.712625172590511,-2.555362368884037,-1.5545505529652561,-0.4491881840812193,-0.035362368884036766,0.09176261423472451,0.007981169488362232,0.4491881840812193,0.035362368884036766,0.09176261423472451,0.007981169488362232,True,True,strong,mid,low,low,-0.2586121916107596,0.34904813874813667,0.1298980025158816,0.10781097219060959,0.40087458653907004,1200,500,10,64.28887152671814
-2.52,1.45,0.22,0.001,38,248327214,True,,60,-0.15,-0.17934996405721262,0.27874935494324,-2.8958273864725204,1.2775912523693698,0.006046791328334926,-0.16958484994057763,0.3768920729896492,-2.909972373121983,0.022502626493704152,9.415446874133526,10.322704124867958,39.302616559377554,37.02278649862431,0.9072572507344319,-2.279830060753241,True,False,0.08045960674953244,0.34300851741870664,4.263114515168817,0.055253290352147176,0.1982480738845255,3.5879867537485297,-5.108227506582348,-2.8958273864725204,-1.6182361341031506,-0.1724087476306302,-0.37582738647252034,0.05874935494323999,0.005046791328334926,0.1724087476306302,0.37582738647252034,0.05874935494323999,0.005046791328334926,True,True,strong,mid,low,low,-0.1861309184945708,0.29694099697039267,0.11830867806028293,0.10906901873342051,0.2030714315849321,1200,500,10,63.02769589424133
-2.52,1.45,0.22,0.001,39,253938880,True,,60,-0.15,-0.23526418449660477,0.2939063232581045,-2.404859062698155,1.3942805204142033,0.017005649626925287,-0.2663630692413263,0.3955236409320986,-1.9891480542383435,0.022881949758225783,30.263608201800075,31.53897996798842,80.99893921471065,79.45533818486524,1.2753717661883464,-1.543601029845405,True,False,0.08045960674953244,0.34300851741870664,4.263114515168817,0.09027821828171367,0.3640083244335514,4.032072534901624,-4.074209659140029,-2.404859062698155,-1.010578542283952,-0.055719479585796705,0.11514093730184483,0.0739063232581045,0.016005649626925286,0.055719479585796705,0.11514093730184483,0.0739063232581045,0.016005649626925286,True,True,strong,mid,low,low,-0.2560407130943047,0.43164965276578215,0.14617703625191253,0.11337056551352684,0.43701123766565364,1200,500,10,56.08532118797302
-2.52,1.45,0.22,0.001,40,855543860,True,,60,-0.15,-0.15479159206176374,0.20578329656637717,-2.4227871017397575,0.28542842987428774,0.01088901787935443,-0.11193685962371752,0.34252766697785175,-2.884977434859796,0.04627804125866771,17.89210888455686,17.690298075247394,56.25594058022422,51.75797439938319,-0.20181080930946393,-4.497966180841033,False,False,0.08045960674953244,0.34300851741870664,4.263114515168817,0.08867412891274892,0.11796601884663406,1.3303318599577894,-4.520000531654786,-2.4227871017397575,-2.13735867186547,-1.1645715701257122,0.09721289826024249,-0.01421670343362283,0.00988901787935443,1.1645715701257122,0.09721289826024249,0.01421670343362283,0.00988901787935443,True,True,strong,mid,low,low,-0.1424677094055342,0.3246148318463054,0.12364086045358963,0.11439007656052584,0.22961969959679257,1200,500,10,67.81944012641907
-2.52,1.45,0.22,0.001,41,244566838,True,,60,-0.15,-0.10940068431714142,0.22573455844706722,-2.1851416284627057,0.6327324079504739,0.016730110732412387,-0.1077087353704588,0.22478106317420538,-1.9780887646255108,0.018898229026699992,29.92487038285993,30.105002033560503,80.32146357683035,76.58738231600941,0.1801316507005737,-3.7340812608209433,True,False,0.08045960674953244,0.34300851741870664,4.263114515168817,0.11246180473380439,0.21173723714021173,1.8827479928975972,-4.09054514521198,-2.1851416284627057,-1.5524092205122317,-0.817267592049526,0.33485837153729436,0.005734558447067217,0.015730110732412386,0.817267592049526,0.33485837153729436,0.005734558447067217,0.015730110732412386,True,True,strong,mid,low,low,-0.09959706824404992,0.41033320097920994,0.13961104578721656,0.12364810516613976,0.342811987145728,1200,500,10,61.15952944755554
-2.52,1.45,0.22,0.001,42,1400650719,True,,60,-0.15,-0.03865488047327775,-0.09301290164099,-2.219915317788465,0.05504205040007756,0.013869447896011819,0.00019105894666400156,0.002433606877943157,-2.1051701697838663,0.00031449586470323683,23.34392661336542,27.609508433092355,67.15957603784133,71.59639511507311,4.265581819726936,4.436819077231775,True,True,0.08045960674953244,0.34300851741870664,4.263114515168817,0.10861830647391923,0.1147644780777198,1.0565850435651594,-4.278066851070458,-2.219915317788465,-2.1648732673883875,-1.3949579495999225,0.30008468221153484,-0.31301290164099,0.01286944789601182,1.3949579495999225,0.30008468221153484,0.31301290164099,0.01286944789601182,True,True,strong,mid,low,low,-0.04157436408228844,0.3514385452588004,0.13000193157305573,0.11549916749865816,0.32702086381455037,1200,500,10,61.31116986274719
-2.52,1.45,0.22,0.001,43,135855910,True,,60,-0.15,-0.03616789604092992,-0.10959590492202999,-2.132544622766732,0.8779810270005848,0.019930509159431106,-0.015589812725095853,-0.10429584959048621,-1.8562658633084905,0.020165918448940546,33.41100062002348,33.89666083775455,87.29372405115745,84.17069992439751,0.4856602177310734,-3.123024126759944,True,False,0.08045960674953244,0.34300851741870664,4.263114515168817,0.11853528218478168,0.28520028368169315,2.4060370754177782,-3.9155035976963513,-2.132544622766732,-1.2545635957661474,-0.5720189729994152,0.38745537723326784,-0.32959590492203,0.018930509159431105,0.5720189729994152,0.38745537723326784,0.32959590492203,0.018930509159431105,True,True,strong,mid,low,low,-0.012447315777639504,0.4227296507513335,0.1464450357808471,0.1260484180293663,0.34498786697113265,1200,500,10,72.56599974632263
-2.52,1.45,0.22,0.001,44,1509361647,True,,60,-0.15,-0.20391148270233625,0.10720172996801068,-2.615163760023277,1.4638467529248234,0.010325396519922824,-0.1850333187353351,0.23044891808380846,-2.9120071064306026,0.06732861229622492,19.614633002833255,20.489105860552275,59.70098881677701,57.35558996999295,0.8744728577190202,-2.3453988467840645,True,False,0.08045960674953244,0.34300851741870664,4.263114515168817,0.07315580771823162,0.3162200309900941,4.322555390380673,-4.573148737005833,-2.615163760023277,-1.1513170070984537,0.013846752924823402,-0.09516376002327709,-0.11279827003198932,0.009325396519922823,0.013846752924823402,0.09516376002327709,0.11279827003198932,0.009325396519922823,True,True,strong,mid,low,low,-0.2240324021996049,0.3341936805909474,0.12011737712016002,0.09303223853318773,0.38577470006657655,1200,500,10,69.28034114837646
-2.52,1.45,0.22,0.001,45,126483868,True,,60,-0.15,-0.18977021341509004,0.05987314693554463,-2.573492424485856,-0.5999760715375282,0.009104433750654915,-0.19878575719481173,0.1780094419572066,-3.2332543227079924,0.035643131077823624,7.9536151684989775,8.135572275723737,36.37895314810846,32.648522800335876,0.18195710722475944,-3.7304303477725824,True,False,0.08045960674953244,0.34300851741870664,4.263114515168817,0.07626871702126756,0.04185816096068456,0.548824768469783,-4.698993758768368,-2.573492424485856,-3.1734684960233843,-2.049976071537528,-0.053492424485856116,-0.16012685306445537,0.008104433750654914,2.049976071537528,0.053492424485856116,0.16012685306445537,0.008104433750654914,True,True,strong,mid,low,low,-0.1947046309137933,0.27577962128170885,0.11441620181377975,0.10795172708336648,0.19980769825935218,1200,500,10,67.08138942718506
-2.52,1.45,0.22,0.001,46,628749962,True,,60,-0.15,-0.20276720921926572,0.19024801769523447,-2.4930618702417373,1.647060774084895,0.011178339912752477,-0.11879718634647145,0.32870218426470305,-2.143033429605161,0.032600935211334316,27.929859806871605,29.56426582232974,76.33144242485372,75.50590989354788,1.6344060154581364,-0.8255325313058393,True,False,0.08045960674953244,0.34300851741870664,4.263114515168817,0.08265649526193378,0.4291275451682799,5.191697806789398,-4.493777309511946,-2.4930618702417373,-0.8460010961568423,0.19706077408489509,0.026938129758262708,-0.02975198230476553,0.010178339912752476,0.19706077408489509,0.026938129758262708,0.02975198230476553,0.010178339912752476,True,True,strong,mid,low,low,-0.15213458836292995,0.395869035236266,0.13572811923001846,0.11749418468570974,0.39192408181901295,1200,500,10,61.798964977264404
-2.52,1.45,0.22,0.001,47,1016467595,True,,60,-0.15,-0.1993472427442268,0.3504102735022204,-2.80707637606041,1.5287403998468878,0.012035537766390714,-0.2270155763850023,0.355553380207076,-2.3910756488300837,0.014196437495469076,16.893796046805498,18.3849081235305,54.2593149047215,53.14719449594941,1.4911120767250026,-1.1121204087720926,True,False,0.08045960674953244,0.34300851741870664,4.263114515168817,0.06038126670375324,0.2785003462874707,4.612363428112041,-4.419891525206477,-2.80707637606041,-1.278335976213522,0.07874039984688785,-0.2870763760604098,0.13041027350222043,0.011035537766390713,0.07874039984688785,0.2870763760604098,0.13041027350222043,0.011035537766390713,True,True,strong,mid,low,low,-0.2232656556367258,0.3449317568079143,0.1256661058636523,0.10782594054889132,0.3777041076374245,1200,500,10,64.56352806091309
-2.52,1.45,0.22,0.001,48,1627444617,True,,60,-0.15,-0.1006958927054186,0.13994679860578785,-2.9802216247768354,2.5070401855414657,0.018477326747901437,-0.12923613541735623,0.30829538413448854,-1.9183307773462603,0.00931963928591976,21.419643503607894,29.267693767687867,63.31100981832629,74.91276578426414,7.848050264079973,11.601755965937848,True,True,0.08045960674953244,0.34300851741870664,4.263114515168817,0.05078157816174578,0.6230170211901693,12.268563596148606,-3.991210879731199,-2.9802216247768354,-0.4731814392353697,1.0570401855414657,-0.46022162477683537,-0.08005320139421215,0.017477326747901437,1.0570401855414657,0.46022162477683537,0.08005320139421215,0.017477326747901437,True,True,strong,mid,low,low,-0.14317342336134697,0.3858617311722109,0.13456857846708734,0.11146295474940356,0.8920023439030937,1200,500,10,57.793505907058716
-2.52,1.45,0.22,0.001,49,1025839637,True,,60,-0.15,-0.13988361084931364,0.17635466207105424,-2.7719368869213548,2.038584373368443,0.016774774190068818,-0.10386862319259448,0.1417471133329741,-2.0433924034343014,0.016465815187011283,22.729184498148868,29.074276337072384,65.93009180740825,74.52593092303317,6.345091838923516,8.595839115624926,True,True,0.08045960674953244,0.34300851741870664,4.263114515168817,0.06254075298807718,0.4802960888170068,7.679729870034837,-4.087879057313722,-2.7719368869213548,-0.7333525135529118,0.588584373368443,-0.25193688692135474,-0.04364533792894576,0.015774774190068817,0.588584373368443,0.25193688692135474,0.04364533792894576,0.015774774190068817,True,True,strong,mid,low,low,-0.1154876725896316,0.383557928233222,0.13295691787191288,0.1104844465274664,0.6104601341974734,1200,500,10,55.3335645198822
-2.52,1.45,0.22,0.001,50,510666992,True,,60,-0.15,-0.08570020790695591,0.12325445702044806,-2.224468219705304,1.6283447026350237,0.023769441786676712,-0.09985827657979057,0.16513809181601022,-1.6586750370563808,0.09301945291687255,43.14971405500839,45.38135379900469,106.77115092112729,107.14008584689779,2.231639743996304,0.36893492577050324,True,True,0.08045960674953244,0.34300851741870664,4.263114515168817,0.10812490204147475,0.5509432238955378,5.095433276639696,-3.73935448182871,-2.224468219705304,-0.5961235170702803,0.17834470263502378,0.29553178029469596,-0.09674554297955194,0.02276944178667671,0.17834470263502378,0.29553178029469596,0.09674554297955194,0.02276944178667671,True,True,strong,mid,low,low,-0.11799799355657833,0.5181878401871198,0.16645656904225944,0.1393397264615805,0.7660455185055143,1200,500,10,55.26402497291565
-2.52,1.45,0.22,0.001,51,1134550565,True,,60,-0.15,-0.1446985707809395,0.2479647347617891,-1.906157921998066,0.6813482143410026,0.02401695789581626,-0.1242012460788233,0.1783698205220607,-1.6192811461628527,0.024564610755823602,38.15761753268019,38.56574668422736,96.7869578764709,93.50887161734313,0.4081291515471719,-3.278086259127761,True,False,0.08045960674953244,0.34300851741870664,4.263114515168817,0.14865041734140155,0.29381360548357627,1.9765407372438262,-3.7289951191512585,-1.906157921998066,-1.2248097076570634,-0.7686517856589974,0.613842078001934,0.027964734761789095,0.02301695789581626,0.7686517856589974,0.613842078001934,0.027964734761789095,0.02301695789581626,True,True,strong,mid,low,low,-0.12521671383033003,0.47169032326196214,0.1500730219394452,0.12244911169063741,0.3950225553202609,1200,500,10,61.8708393573761
-2.52,1.45,0.22,0.001,52,1515199176,True,,60,-0.15,-0.03634586325675279,0.361493773546386,-2.11524362048748,-2.8567551054657034,0.00808910138537378,-0.07520845907697406,0.3533683225109016,-2.6821368370094874,0.008274820365653782,5.432476222533158,8.065668029541564,31.336675256176818,32.50871430797153,2.633191807008406,1.1720390517947123,True,True,0.08045960674953244,0.34300851741870664,4.263114515168817,0.12060390439191002,0.006929284443946952,0.05745489318015609,-4.8172376312909355,-2.11524362048748,-4.971998725953183,-4.306755105465704,0.40475637951251997,0.141493773546386,0.007089101385373779,4.306755105465704,0.40475637951251997,0.141493773546386,0.007089101385373779,True,True,strong,mid,low,low,-0.085641356870694,0.28709632287658937,0.11619198253599396,0.10408743236363922,0.2661380917542067,1200,500,10,73.22972583770752
-2.52,1.45,0.22,0.001,53,1143922607,True,,60,-0.15,-0.0858702447463953,0.11274990849460934,-3.0018772494869896,2.28879553693332,0.008938998480153611,-0.08962973217340772,0.1310380727678701,-2.424315048221118,0.010903433260300436,15.749693929827135,16.74410550808733,51.97111067076477,49.865589265063065,0.9944115782601948,-2.105521405701708,True,False,0.08045960674953244,0.34300851741870664,4.263114515168817,0.04969369329089098,0.4901314235301458,9.863050843515962,-4.717331722900643,-3.0018772494869896,-0.7130817125536697,0.83879553693332,-0.4818772494869896,-0.10725009150539067,0.00793899848015361,0.83879553693332,0.4818772494869896,0.10725009150539067,0.00793899848015361,True,True,strong,mid,low,low,-0.08942408209266574,0.31202871122246834,0.11926023111083424,0.11600507656605571,0.26229379214550597,1200,500,10,69.3543541431427
-2.52,1.45,0.22,0.001,54,641656513,True,,60,-0.15,-0.06529365303002349,0.40642646170921226,-2.60466235901605,2.0258406879300073,0.012877333012183557,-0.0782585069400979,0.40197962662300935,-1.7726908468119182,0.023376899203623756,34.9771788206558,37.63101576776239,90.4260804524221,91.63940978441319,2.6538369471065906,1.2133293319910905,True,True,0.08045960674953244,0.34300851741870664,4.263114515168817,0.07392809413852228,0.5605584998502912,7.582482767646469,-4.352286644018158,-2.60466235901605,-0.5788216710860428,0.5758406879300073,-0.08466235901605002,0.18642646170921226,0.011877333012183557,0.5758406879300073,0.08466235901605002,0.18642646170921226,0.011877333012183557,True,True,strong,mid,low,low,-0.10430970321412429,0.49735016247287916,0.16126921007461795,0.13577300939449327,0.6956440100310689,1200,500,10,65.03641676902771
-2.52,1.45,0.22,0.001,55,1252633535,True,,60,-0.15,-0.1776883473771268,0.16660466615536637,-2.8170983638941856,0.3778881631065325,0.007329480527796574,-0.16578607368135043,0.3289047663940076,-2.860387052234948,0.008610313665633407,7.267060781464754,7.4538192879788525,35.00584437404001,31.285016824846107,0.18675850651409842,-3.7208275491939027,True,False,0.08045960674953244,0.34300851741870664,4.263114515168817,0.059779148633181005,0.08722971822569148,1.459199741383968,-4.915850634926908,-2.8170983638941856,-2.4392102007876533,-1.0721118368934675,-0.29709836389418554,-0.05339533384463363,0.006329480527796574,1.0721118368934675,0.29709836389418554,0.05339533384463363,0.006329480527796574,True,True,strong,mid,low,low,-0.17091651921824969,0.26357875286161375,0.11154359223152693,0.10250766955258112,0.2303220084070805,1200,500,10,71.64035534858704
-2.52,1.45,0.22,0.001,56,1397116206,True,,60,-0.15,-0.10963144809844536,0.24522890510689196,-2.198289103888569,1.0125602698234188,0.01887471749323265,-0.12663169441287303,0.25673922161581036,-1.755806521641347,0.01719026246261912,33.32450320577319,33.354562366077246,87.12072922265688,83.0865029810429,0.030059160304055865,-4.034226241613979,True,False,0.08045960674953244,0.34300851741870664,4.263114515168817,0.11099289331722643,0.3055234224541255,2.7526395008094395,-3.9699319512050115,-2.198289103888569,-1.18572883406515,-0.4374397301765811,0.3217108961114312,0.025228905106891963,0.017874717493232647,0.4374397301765811,0.3217108961114312,0.025228905106891963,0.017874717493232647,True,True,strong,mid,low,low,-0.11665895656688247,0.4265910892994002,0.1394001837312689,0.10892207876289683,0.40118542680036673,1200,500,10,57.31966423988342
-2.52,1.45,0.22,0.001,57,1262005577,True,,60,-0.15,-0.1850538977275906,0.17894059987524585,-2.8633169875365336,2.709820216941613,0.011806456511404379,-0.24099831757454998,0.16991446689543496,-2.2974547747581737,0.08352605563733907,28.85482092256722,34.52940309217216,78.18136465624494,85.43618443323273,5.674582169604939,7.254819776987787,True,True,0.08045960674953244,0.34300851741870664,4.263114515168817,0.05707911520047185,0.8577035340665047,15.02657374863117,-4.439108735165632,-2.8633169875365336,-0.15349677059492084,1.2598202169416128,-0.3433169875365336,-0.04105940012475415,0.01080645651140438,1.2598202169416128,0.3433169875365336,0.04105940012475415,0.01080645651140438,True,True,strong,mid,low,low,-0.22859526685565087,0.43669934117951204,0.14620227116603496,0.12123076592856807,0.36537150680611546,1200,500,10,61.18874955177307
-2.52,1.45,0.22,0.001,58,759739483,True,,60,-0.15,-0.1837368978651425,0.16895985928206228,-3.3474727993146325,3.1140370273689,0.007912960484033298,-0.166379282505493,0.2969320545139739,-3.2358201079209685,0.04778867370768998,9.911646195707345,12.192649269721542,40.29501520252519,40.76267678833149,2.2810030740141976,0.46766158580629735,True,True,0.08045960674953244,0.34300851741870664,4.263114515168817,0.03517313143639615,0.7918084504232047,22.51174172123509,-4.839253296171,-3.3474727993146325,-0.23343577194573228,1.6640370273689002,-0.8274727993146325,-0.05104014071793772,0.006912960484033298,1.6640370273689002,0.8274727993146325,0.05104014071793772,0.006912960484033298,True,True,strong,mid,low,low,-0.15108503130579923,0.2873322329200744,0.11449490969962375,0.1080867326402209,0.2361608291520109,1200,500,10,70.97843074798584
-2.52,1.45,0.22,0.001,59,1890010258,True,,60,-0.15,-0.1356561016455998,0.12302495449024735,-2.6516844956252026,0.2448627103343362,0.0071406164182141706,-0.11750260595061798,0.259639554075109,-3.4686493170056334,0.05294527608034154,10.362993551381305,10.136526905036694,41.19770991387311,36.65043205896179,-0.2264666463446101,-4.5472778549113215,False,False,0.08045960674953244,0.34300851741870664,4.263114515168817,0.07053230158216436,0.09010120095783956,1.277445921041993,-4.941956173273913,-2.6516844956252026,-2.4068217852908664,-1.2051372896656638,-0.13168449562520257,-0.09697504550975265,0.0061406164182141705,1.2051372896656638,0.13168449562520257,0.09697504550975265,0.0061406164182141705,True,True,strong,mid,low,low,-0.13647880100270618,0.29204563907563347,0.11760103435153064,0.10914388009136985,0.20921377513796455,1200,500,10,65.00018858909607
-2.52,1.45,0.22,0.001,60,868450411,True,,60,-0.15,-0.15654116889220177,0.3170639329818994,-2.462414658657131,0.1913024088067138,0.010760076363373346,-0.13337439623580866,0.3494673840978854,-2.396995244326651,0.01215292964068998,16.84109843433786,16.43231666573527,54.15391967978622,49.24201158035895,-0.4087817686025872,-4.911908099427272,False,False,0.08045960674953244,0.34300851741870664,4.263114515168817,0.08522890359050211,0.1031973350063058,1.2108255610342746,-4.531912627305899,-2.462414658657131,-2.2711122498504173,-1.258697591193286,0.05758534134286908,0.09706393298189939,0.009760076363373345,1.258697591193286,0.05758534134286908,0.09706393298189939,0.009760076363373345,True,True,strong,mid,low,low,-0.1486356318167502,0.3318664317304428,0.12302620013085447,0.10922797311222121,0.24881190400442696,1200,500,10,62.23525023460388
-2.52,1.45,0.22,0.001,61,1880638216,True,,60,-0.15,-0.16303932930447584,0.15926335561749835,-2.822480455671506,1.0794101035480037,0.009135645382781138,-0.17097922594003742,0.3545400526086168,-2.580420376495338,0.010327224271411386,11.05989366095639,13.013752414138006,42.591510133023284,42.40488307716441,1.9538587531816152,-0.18662705585887096,True,False,0.08045960674953244,0.34300851741870664,4.263114515168817,0.05945827602633359,0.1749823176570356,2.9429430072869476,-4.6955714421916595,-2.822480455671506,-1.7430703521235023,-0.37058989645199625,-0.30248045567150594,-0.06073664438250165,0.008135645382781137,0.37058989645199625,0.30248045567150594,0.06073664438250165,0.008135645382781137,True,True,strong,mid,low,low,-0.1536050299524357,0.2918370716306315,0.11591798609779619,0.10606369930872095,0.2753317318529138,1200,500,10,71.15358638763428
-2.52,1.45,0.22,0.001,62,877822453,True,,60,-0.15,0.010532754740343108,0.2831230078333049,-1.800062310289194,-1.104883132534805,0.015586521260861078,-0.035324141018385186,0.357148134838893,-2.066290195753149,0.021704833380337598,26.328457484210702,25.887129235328977,73.12863777953191,68.15163671954636,-0.4413282488817245,-4.977001059985554,False,False,0.08045960674953244,0.34300851741870664,4.263114515168817,0.1652885887209438,0.054751777622375944,0.3312495922801616,-4.16134875994825,-1.800062310289194,-2.904945442823999,-2.5548831325348047,0.7199376897108061,0.0631230078333049,0.014586521260861077,2.5548831325348047,0.7199376897108061,0.0631230078333049,0.014586521260861077,True,True,strong,mid,low,low,-0.027130766865164174,0.37681641768255864,0.13701122225168672,0.1093581604707167,0.6702421216472374,1200,500,10,71.92120385169983
-2.52,1.45,0.22,0.001,63,1771927288,True,,60,-0.15,-0.14080738756281896,0.18600291202877092,-2.3823833387377142,-1.2010148793295714,0.00911890887634481,-0.08934631110487096,0.3862717120228651,-2.6438040892306143,0.008643942532823261,9.99513502970281,10.620931038755096,40.46199287051613,37.6192403263986,0.6257960090522854,-2.8427525441175305,True,False,0.08045960674953244,0.34300851741870664,4.263114515168817,0.09233026078274958,0.02778113132432843,0.3008886911919011,-4.697405122805089,-2.3823833387377142,-3.583398218067286,-2.6510148793295714,0.13761666126228578,-0.03399708797122908,0.00811890887634481,2.6510148793295714,0.13761666126228578,0.03399708797122908,0.00811890887634481,True,True,strong,mid,low,low,-0.12116632265024523,0.2996819943344791,0.11861801510292043,0.11058188831075794,0.2325232552697036,1200,500,10,73.25882387161255
-2.52,1.45,0.22,0.001,64,986533381,True,,60,-0.15,-0.1325806077997187,0.27429941208458414,-2.930948547538998,2.0085275212345453,0.014495791818320699,-0.13386461587585305,0.4459095653965199,-2.4223708517815865,0.013243875571607376,17.290758405453232,18.779972033264002,55.05323962201697,53.93732231541641,1.48921362781077,-1.1159173066005579,True,False,0.08045960674953244,0.34300851741870664,4.263114515168817,0.05334641253027174,0.39755538299471144,7.4523358579945045,-4.233896891103575,-2.930948547538998,-0.9224210263044528,0.5585275212345453,-0.410948547538998,0.05429941208458414,0.0134957918183207,0.5585275212345453,0.410948547538998,0.05429941208458414,0.0134957918183207,True,True,strong,mid,low,low,-0.14941243724054487,0.34369412148304385,0.11969952351033455,0.09976773708404166,0.2406395789159777,1200,500,10,63.645710468292236
-2.52,1.45,0.22,0.001,65,1663216360,True,,60,-0.15,-0.1619486825732402,-0.1548694936226116,-2.5783863679552006,0.5564403047581771,0.008121189080773673,-0.16723914310115778,-0.2220531994630513,-3.7376873365363315,0.06772462074323087,14.218604103941399,14.096578520257347,48.9089310189933,44.5705352894031,-0.12202558368405114,-4.338395729590204,False,False,0.08045960674953244,0.34300851741870664,4.263114515168817,0.07589637408747596,0.13239756019264415,1.7444517183396213,-4.813278697010698,-2.5783863679552006,-2.0219460631970234,-0.8935596952418229,-0.05838636795520058,-0.37486949362261157,0.007121189080773673,0.8935596952418229,0.05838636795520058,0.37486949362261157,0.007121189080773673,True,True,strong,mid,low,low,-0.16368165500054793,0.3124222601241234,0.11940041684535728,0.10545736002074853,0.2258175685212009,1200,500,10,72.25073981285095
-2.52,1.45,0.22,0.001,66,117337693,True,,60,-0.15,-0.09306181928045029,0.12502829750410138,-2.876664444177112,1.5869212592758384,0.00926627590443693,-0.08148696690050598,0.35688595306000515,-2.516321659986886,0.008432703757128958,12.21418729870128,14.775663572461019,44.90009740851306,45.92870539381044,2.561476273759739,1.028607985297377,True,True,0.08045960674953244,0.34300851741870664,4.263114515168817,0.056322316092460974,0.2753414858614691,4.8886747734141025,-4.681373716428718,-2.876664444177112,-1.2897431849012735,0.13692125927583843,-0.35666444417711185,-0.09497170249589862,0.008266275904436932,0.13692125927583843,0.35666444417711185,0.09497170249589862,0.008266275904436932,True,True,strong,mid,low,low,-0.11263082835094079,0.30016405969587234,0.11725163994118307,0.10568517381189069,0.2225709792718276,1200,500,10,67.53951001167297
-2.52,1.45,0.22,0.001,67,1653844318,True,,60,-0.15,-0.17698337193107633,0.37020741491306747,-2.62346047469408,1.4391151664979298,0.012308881034637398,-0.13696172697735537,0.3918470376672765,-2.1668650213465863,0.015448114957073364,22.730317216503718,23.273385120783153,65.93235724411794,62.92414849045471,0.543067904279436,-3.008208753663226,True,False,0.08045960674953244,0.34300851741870664,4.263114515168817,0.07255136576354793,0.30594641455546107,4.2169628557037875,-4.397434241809499,-2.62346047469408,-1.1843453081961504,-0.010884833502070146,-0.10346047469408015,0.15020741491306747,0.011308881034637397,0.010884833502070146,0.10346047469408015,0.15020741491306747,0.011308881034637397,True,True,strong,mid,low,low,-0.12662479982395164,0.37230395224416307,0.1295193424190538,0.1116999944108954,0.4067664713576453,1200,500,10,66.18238496780396
-2.52,1.45,0.22,0.001,68,8626765,True,,60,-0.15,-0.2594357065011893,0.23058393280175427,-2.74292839662843,2.32049936504876,0.014831754754378614,-0.2782890318279355,0.167489852101232,-2.016286887356915,0.01670230553783784,27.13736459880314,30.63785604634873,74.74645200871677,77.65309034158587,3.500491447545592,2.9066383328690932,True,True,0.08045960674953244,0.34300851741870664,4.263114515168817,0.06438153589869892,0.6554527691239057,10.180756951111377,-4.210984805194301,-2.74292839662843,-0.42242903157967016,0.87049936504876,-0.22292839662843011,0.010583932801754264,0.013831754754378613,0.87049936504876,0.22292839662843011,0.010583932801754264,0.013831754754378613,True,True,strong,mid,low,low,-0.2944136871221629,0.39909605488826383,0.1362760472990548,0.11228710730545854,0.34507845848395263,1200,500,10,61.20761203765869
-2.52,1.45,0.22,0.001,69,1545133390,True,,60,-0.15,-0.0129562272927832,0.37346538097486504,-2.257796369577811,1.3399093572447176,0.020210475772324446,0.011156803722068169,0.35159753363527035,-1.7981864675432897,0.03155488593200311,36.46104978249455,37.023513193016555,93.39382237609959,90.42440463492152,0.5624634105220068,-2.969417741178077,True,False,0.08045960674953244,0.34300851741870664,4.263114515168817,0.10458068820604965,0.3993619971676269,3.8186973524288312,-3.901554206412508,-2.257796369577811,-0.9178870123330933,-0.11009064275528235,0.2622036304221891,0.15346538097486503,0.019210475772324445,0.11009064275528235,0.2622036304221891,0.15346538097486503,0.019210475772324445,True,True,strong,mid,low,low,0.009946815779504476,0.4617795474879139,0.1541374804755831,0.13195504502880634,0.41233116407275977,1200,500,10,70.743577003479
-2.52,1.45,0.22,0.001,70,2146738370,True,,60,-0.15,-0.1808295138982383,0.49742157212426885,-2.9869400037708953,2.3217173023863253,0.01057019528405897,-0.20208224017416454,0.4048239986207278,-2.254467955841054,0.014688117856007913,20.17695382840952,22.381925885621204,60.82563046792954,61.141230020130806,2.204972057211684,0.3155995522012631,True,True,0.08045960674953244,0.34300851741870664,4.263114515168817,0.05044155176580577,0.5141590110319483,10.193164029114897,-4.549717003957604,-2.9869400037708953,-0.66522270138457,0.8717173023863254,-0.4669400037708953,0.2774215721242689,0.009570195284058971,0.8717173023863254,0.4669400037708953,0.2774215721242689,0.009570195284058971,True,True,strong,mid,low,low,-0.22511726152746195,0.38901973022576086,0.13392449632749667,0.11271247786599241,0.31348914287013063,1200,500,10,65.62033319473267
-2.52,1.45,0.22,0.001,71,1535761348,True,,60,-0.15,-0.04895585844842976,0.3859139962531908,-2.687847115710787,1.3923690897116567,0.01230385891391354,-0.050219256081814295,0.33841502330714723,-2.2197023155993634,0.009121915867351473,20.264043889102595,20.798385447976997,60.99981058931569,57.9741491448424,0.5343415588744023,-3.025661444473293,True,False,0.08045960674953244,0.34300851741870664,4.263114515168817,0.06802723660367178,0.27376696532024686,4.024372868696981,-4.397842332969122,-2.687847115710787,-1.29547802599913,-0.05763091028834322,-0.1678471157107868,0.16591399625319078,0.011303858913913539,0.05763091028834322,0.1678471157107868,0.16591399625319078,0.011303858913913539,True,True,strong,mid,low,low,-0.04503331563735745,0.35710113345070327,0.13143378548401902,0.11919903715836921,0.31450029146699404,1200,500,10,58.087889671325684
-2.52,1.45,0.22,0.001,72,2038027442,True,,60,-0.15,-0.20066797682408685,0.12961224001254737,-3.2492108424971597,2.9259420114516153,0.014803276858807803,-0.23970637326441926,0.18265829886546045,-3.450362722518854,0.10141772692019504,16.294482550191894,24.881039529680276,53.06068791149429,66.13945730824895,8.586556979488382,13.078769396754659,True,True,0.08045960674953244,0.34300851741870664,4.263114515168817,0.038804818865624,0.7237792538781972,18.651787974698447,-4.212906713340601,-3.2492108424971597,-0.3232688310455445,1.4759420114516153,-0.7292108424971597,-0.09038775998745263,0.013803276858807802,1.4759420114516153,0.7292108424971597,0.09038775998745263,0.013803276858807802,True,True,strong,mid,low,low,-0.23195120306595884,0.35902727205043267,0.1302703788180449,0.10797861332875358,0.6919660746120141,1200,500,10,67.00898480415344
-2.52,1.45,0.22,0.001,73,1754673762,True,,60,-0.15,-0.22675873884494716,0.1862864597757898,-2.3399061975769673,-2.098046377599306,0.013322905327603878,-0.20612927760900035,0.3688109774995861,-3.117364772959628,0.032803858560289646,8.506500917843548,8.188964121769102,37.4847246467976,32.755306492426605,-0.31753679607444596,-4.729418154370997,False,False,0.08045960674953244,0.34300851741870664,4.263114515168817,0.09633667442016568,0.011820114557961047,0.1226958957126592,-4.31827051996612,-2.3399061975769673,-4.437952575176274,-3.548046377599306,0.18009380242303274,-0.03371354022421019,0.012322905327603877,3.548046377599306,0.18009380242303274,0.03371354022421019,0.012322905327603877,True,True,strong,mid,low,low,-0.21120610584567576,0.28360399296017674,0.11663470527546192,0.10559192648722268,0.34225095391812865,1200,500,10,78.0337917804718
-2.52,1.45,0.22,0.001,74,2028655400,True,,60,-0.15,-0.11851410682643389,0.04995254311006171,-3.0119811207142053,1.833229655296623,0.009352319041992437,-0.0672422971202856,0.223067949580853,-3.213673102468273,0.05255170750509736,11.955483713427476,12.951837959369517,44.382690237965456,42.28105416762743,0.9963542459420403,-2.1016360703380244,True,False,0.08045960674953244,0.34300851741870664,4.263114515168817,0.04919412266174351,0.3076626263314017,6.254052510436573,-4.672130940553331,-3.0119811207142053,-1.1787514654175824,0.383229655296623,-0.4919811207142053,-0.17004745688993828,0.008352319041992438,0.383229655296623,0.4919811207142053,0.17004745688993828,0.008352319041992438,True,True,strong,mid,low,low,-0.10292088065764966,0.2910078078445924,0.11712728710779687,0.1121836878983114,0.24775870172910835,1200,500,10,77.21611881256104
-2.52,1.45,0.22,0.001,75,1764045804,True,,60,-0.15,-0.17355085180978205,0.28875229315191786,-2.737936738043005,2.3064011342675927,0.012280459791646192,-0.0914182099060055,0.4315683466790223,-1.920754433126771,0.016148973944746032,27.66345017069537,31.320455436001424,75.79862315250125,79.01828912089125,3.6570052653060543,3.2196659683900037,True,True,0.08045960674953244,0.34300851741870664,4.263114515168817,0.06470370996763104,0.649510937084983,10.038233316295312,-4.399745914647622,-2.737936738043005,-0.4315356037754121,0.8564011342675928,-0.21793673804300484,0.06875229315191786,0.011280459791646193,0.8564011342675928,0.21793673804300484,0.06875229315191786,0.011280459791646193,True,True,strong,mid,low,low,-0.10693224031127271,0.4338558135500966,0.1416158577527694,0.11290010173173239,0.5207747376958435,1200,500,10,67.23562622070312
-2.52,1.45,0.22,0.001,76,1919944472,True,,60,-0.15,-0.05586003939547472,0.33241030042080255,-2.318616280400107,0.09139331701137576,0.009937316819606393,-0.04724049853413055,0.41353973412893164,-2.3464065280229245,0.013155864131122864,19.1457982077442,18.75982976209105,58.7633192265989,53.89703777307051,-0.38596844565314825,-4.866281453528394,False,False,0.08045960674953244,0.34300851741870664,4.263114515168817,0.09840966281555412,0.10782745553310037,1.0956998779194853,-4.6114582324187365,-2.318616280400107,-2.2272229633887313,-1.3586066829886243,0.20138371959989287,0.11241030042080255,0.008937316819606394,1.3586066829886243,0.20138371959989287,0.11241030042080255,0.008937316819606394,True,True,strong,mid,low,low,-0.05883930402391868,0.3446154570530381,0.1257615848851984,0.10232260537971918,0.3519935281412089,1200,500,10,58.82548713684082
-2.52,1.45,0.22,0.001,77,1872756732,True,,60,-0.15,-0.10084867675162217,0.35299756851657554,-2.75166935978412,1.1941530968222196,0.010613857377281748,-0.09300935818533239,0.3893908299414808,-2.557279267549107,0.01510768121917598,15.275502443655947,15.859546719002036,51.0227276984224,48.09647168689247,0.5840442753460895,-2.9262560115299294,True,False,0.08045960674953244,0.34300851741870664,4.263114515168817,0.06382123163244843,0.21065864264022338,3.300761161323607,-4.5455948318928545,-2.75166935978412,-1.5575162629619004,-0.25584690317778036,-0.23166935978411995,0.13299756851657554,0.009613857377281747,0.25584690317778036,0.23166935978411995,0.13299756851657554,0.009613857377281747,True,True,strong,mid,low,low,-0.11684287007752167,0.3373749678763922,0.12391304404872461,0.10499255277007521,0.41772186175086673,1200,500,10,63.078930616378784
-2.52,1.45,0.22,0.001,78,1271151752,True,,60,-0.15,-0.1259533138223666,-0.11310075966393052,-2.9173430518588273,1.5560054439205855,0.010114837070157203,-0.1323967302176537,-0.3898110036008456,-4.985684412623716,0.0858119249329932,14.169644550394148,14.595292749664742,48.8110119118988,45.567963748217885,0.4256481992705936,-3.2430481636809176,True,False,0.08045960674953244,0.34300851741870664,4.263114515168817,0.05407717684830696,0.2563176949666155,4.7398497833127955,-4.593751916237369,-2.9173430518588273,-1.3613376079382418,0.10600544392058553,-0.39734305185882723,-0.3331007596639305,0.009114837070157204,0.10600544392058553,0.39734305185882723,0.3331007596639305,0.009114837070157204,True,True,strong,mid,low,low,-0.12639486495599256,0.31480439249377423,0.12103897144110119,0.11010952401591126,0.29133795584206834,1200,500,10,62.171468019485474
-2.52,1.45,0.22,0.001,79,1882128774,True,,60,-0.15,-0.21692391232069616,0.35971912334707834,-2.2296313988100698,0.01231860436057381,0.013301270811394705,-0.22567839862131112,0.40631132416140137,-2.335287445899751,0.02524169247922723,22.61994729797226,22.318917161777684,65.71161740705503,61.01521257244377,-0.3010301361945764,-4.696404834611258,False,False,0.08045960674953244,0.34300851741870664,4.263114515168817,0.10756807254876578,0.10890135631370293,1.0123947908830728,-4.319895698590089,-2.2296313988100698,-2.217312794449496,-1.437681395639426,0.29036860118993024,0.13971912334707834,0.012301270811394704,1.437681395639426,0.29036860118993024,0.13971912334707834,0.012301270811394704,True,True,strong,mid,low,low,-0.2226719949454857,0.3724581987151555,0.13102466981551772,0.11480660854047933,0.4450419753976834,1200,500,10,57.31278586387634
-2.52,1.45,0.22,0.001,80,1379862680,True,,60,-0.15,-0.1811184054355206,0.13372780198100376,-2.5370818277028544,1.0565588572473796,0.018956985045169218,-0.13334218350524246,0.4170613240102098,-2.136916810152389,0.01553605396242091,23.794608672167815,26.95059612662977,68.06094015544613,70.27857050214794,3.155987454461954,2.21763034670181,True,True,0.08045960674953244,0.34300851741870664,4.263114515168817,0.07909688166306712,0.2275186717220469,2.8764556444996074,-3.965582811404741,-2.5370818277028544,-1.4805229704554748,-0.3934411427526203,-0.01708182770285438,-0.08627219801899624,0.017956985045169217,0.3934411427526203,0.01708182770285438,0.08627219801899624,0.017956985045169217,True,True,strong,mid,low,low,-0.17438926299028581,0.3606729107493354,0.12923874809522562,0.11378783372108393,0.49095268267774417,1200,500,10,63.68103909492493
-2.52,1.45,0.22,0.001,81,1990839702,True,,60,-0.15,-0.18291453279830855,0.1427354848375831,-3.2078980597975972,2.4593211618492337,0.008552096324607916,-0.1622126825000354,0.10823495199002416,-3.6860292688932086,0.054805773187416584,10.391906896280819,9.960504261127937,41.25553660367214,36.29838677114428,-0.4314026351528817,-4.957149832527861,False,False,0.08045960674953244,0.34300851741870664,4.263114515168817,0.04044152967323475,0.47303925710129135,11.696868563662688,-4.761578841921525,-3.2078980597975972,-0.7485768979483636,1.0093211618492337,-0.6878980597975972,-0.07726451516241689,0.0075520963246079155,1.0093211618492337,0.6878980597975972,0.07726451516241689,0.0075520963246079155,True,True,strong,mid,low,low,-0.16380830214832862,0.2843632736084899,0.11448933159887814,0.10379427496585364,0.28133468243462717,1200,500,10,71.4644227027893
-2.52,1.45,0.22,0.001,82,1389234722,True,,60,-0.15,-0.10063527243861588,0.06953577830598835,-2.38556486952475,0.2790983807449306,0.008489485080646446,-0.12261267971395463,0.12732381515730448,-2.324306282619278,0.010142809580803073,18.54280104710337,18.420159105134047,57.557324905317245,53.2176964591565,-0.12264194196932365,-4.339628446160745,False,False,0.08045960674953244,0.34300851741870664,4.263114515168817,0.09203697601014997,0.12166711991087642,1.3219373906576288,-4.76892693059871,-2.38556486952475,-2.1064664887798195,-1.1709016192550694,0.13443513047525002,-0.15046422169401164,0.007489485080646446,1.1709016192550694,0.13443513047525002,0.15046422169401164,0.007489485080646446,True,True,strong,mid,low,low,-0.10662334682313272,0.32268660514083647,0.12193701094233839,0.1132479944870575,0.28137945635702205,1200,500,10,68.39578247070312
-2.52,1.45,0.22,0.001,83,147271907,True,,60,-0.15,-0.1443283663519333,0.15405698211519467,-3.3794962969235187,3.2539572679456845,0.007426234528320967,-0.15707780579945207,0.21259320296897022,-2.5605020141090202,0.015082301598298738,9.039106430868275,12.53542029002622,38.549935672847056,41.44821882894084,3.4963138591579455,2.8982831560937825,True,True,0.08045960674953244,0.34300851741870664,4.263114515168817,0.03406460886222626,0.8820213393639464,25.892601407263093,-4.902736341673572,-3.3794962969235187,-0.1255390289778342,1.8039572679456846,-0.8594962969235187,-0.06594301788480533,0.006426234528320967,1.8039572679456846,0.8594962969235187,0.06594301788480533,0.006426234528320967,True,True,strong,mid,low,low,-0.13525866470669973,0.2974034537031907,0.11737260225732823,0.10613041130408071,0.2695264015106743,1200,500,10,71.81055641174316
-2.52,1.45,0.22,0.001,84,1497945650,True,,60,-0.15,-0.14919050141648413,0.09132584704039501,-2.0925418405902865,-1.6923003163712131,0.011362891006549955,-0.1860266455754993,0.24755571662593667,-2.797554880922872,0.03416091295136962,15.808021180442788,16.623790022355813,52.08776517199608,49.62495829360003,0.8157688419130249,-2.4628068783960515,True,False,0.08045960674953244,0.34300851741870664,4.263114515168817,0.12337314206522822,0.022712447495536914,0.18409555852544215,-4.477402408053022,-2.0925418405902865,-3.7848421569614996,-3.1423003163712133,0.42745815940971355,-0.128674152959605,0.010362891006549954,3.1423003163712133,0.42745815940971355,0.128674152959605,0.010362891006549954,True,True,strong,mid,low,low,-0.15622848503404446,0.3192254663052413,0.11954620178027624,0.10498284960165813,0.2581100019705694,1200,500,10,70.67935156822205
-2.52,1.45,0.22,0.001,85,1151804091,True,,60,-0.15,-0.1700526756837755,0.3203906403294363,-2.909603147736103,2.537914055457076,0.014966155946016066,-0.09288113214044216,0.29777313654697696,-1.9679426989433846,0.015829989513973134,25.277147448025456,32.67648030855303,71.02601770716142,81.73033886599447,7.399332860527576,10.704321158833054,True,True,0.08045960674953244,0.34300851741870664,4.263114515168817,0.054497352976221596,0.689568601401897,12.65324944686343,-4.201963897358476,-2.909603147736103,-0.371689092279027,1.087914055457076,-0.38960314773610305,0.10039064032943631,0.013966155946016065,1.087914055457076,0.38960314773610305,0.10039064032943631,0.013966155946016065,True,True,strong,mid,low,low,-0.12065554920583751,0.4205782293239564,0.14077235045947595,0.11785199724204407,0.6795762136325314,1200,500,10,67.0679440498352
-2.52,1.45,0.22,0.001,86,1507317692,True,,60,-0.15,-0.1058760704347067,0.06930631391390488,-2.913952147166697,1.7790270087541138,0.00923442675146407,-0.1130757078365853,0.24714547531635198,-3.6781874296053116,0.06925730120337441,14.024779618373984,14.67215275435466,48.52128204785847,45.72168375759772,0.6473731359806756,-2.7995982902607537,True,False,0.08045960674953244,0.34300851741870664,4.263114515168817,0.0542608586487572,0.32144618440531386,5.924089526229352,-4.6848167407319545,-2.913952147166697,-1.1349251384125834,0.32902700875411384,-0.39395214716669713,-0.15069368608609512,0.008234426751464071,0.32902700875411384,0.39395214716669713,0.15069368608609512,0.008234426751464071,True,True,strong,mid,low,low,-0.11298584675290863,0.31557635655138216,0.12144993102285281,0.11223567727596864,0.23294098133049165,1200,500,10,67.94967985153198
-2.52,1.45,0.22,0.001,87,1142432049,True,,60,-0.15,-0.24678197285515363,0.21770964514431063,-2.712651567370819,1.2500399111103697,0.013037000142821562,-0.2710083149776463,0.40769905784157,-2.4437506800043813,0.012558809291222111,16.278800176461328,17.311818858228587,53.02932316403316,51.00101596534557,1.0330186817672597,-2.0283071986875854,True,False,0.08045960674953244,0.34300851741870664,4.263114515168817,0.06636061358657967,0.23163054473252145,3.49048226370476,-4.3399637993464015,-2.712651567370819,-1.4626116562604492,-0.19996008888963024,-0.1926515673708189,-0.002290354855689375,0.012037000142821563,0.19996008888963024,0.1926515673708189,0.002290354855689375,0.012037000142821563,True,True,strong,mid,low,low,-0.25588338882014494,0.3205724412821132,0.12357455318962979,0.11659389942182781,0.34042150152176176,1200,500,10,63.28289270401001
-2.52,1.45,0.22,0.001,88,1616028620,True,,60,-0.15,-0.14304991902425374,0.19651147078108627,-2.507352414742538,-0.8146601468152659,0.008065005412849349,-0.16068312934306916,0.2844920694516265,-2.8048042264769553,0.015766410540616626,8.55912660679017,9.001409751117375,37.58997602469084,34.38019775112315,0.44228314432720595,-3.209778273567693,True,False,0.08045960674953244,0.34300851741870664,4.263114515168817,0.08148368891784671,0.03608014512234702,0.4427897853118021,-4.82022089625214,-2.507352414742538,-3.322012561557804,-2.264660146815266,0.012647585257461902,-0.02348852921891373,0.0070650054128493485,2.264660146815266,0.012647585257461902,0.02348852921891373,0.0070650054128493485,True,True,strong,mid,low,low,-0.15242532604427356,0.2866119617415424,0.11560917807439001,0.10750838390179215,0.19967143730550393,1200,500,10,67.7457172870636
-2.52,1.45,0.22,0.001,89,1033721121,True,,60,-0.15,-0.2225469993846833,0.01707506767833208,-3.220727065214692,3.0206713798958345,0.009746742339355598,-0.2229254225020742,0.10404219521259307,-3.308021544536585,0.060715982885617525,13.957428845313052,15.577211725193507,48.3865805017366,47.53180169927542,1.6197828798804554,-0.8547788024611833,True,False,0.08045960674953244,0.34300851741870664,4.263114515168817,0.039926018885680536,0.8186851630642973,20.505053744737836,-4.630822168843036,-3.220727065214692,-0.20005568531885753,1.5706713798958345,-0.700727065214692,-0.20292493232166792,0.008746742339355598,1.5706713798958345,0.700727065214692,0.20292493232166792,0.008746742339355598,True,True,strong,mid,low,low,-0.21695123749657144,0.3100260200530165,0.11868744875249365,0.10887098380832658,0.2286526030122076,1200,500,10,69.86300301551819
-2.52,1.45,0.22,0.001,90,1724739548,True,,60,-0.15,-0.07108927467391238,0.2428672261745974,-2.371650867664128,0.21697268189102142,0.008506552828345117,-0.07600529138841591,0.40907819220280556,-2.4277099736904386,0.01116607973537871,17.568906428453175,18.036625153768853,55.60953566801685,52.45062855642611,0.4677187253156774,-3.158907111590743,True,False,0.08045960674953244,0.34300851741870664,4.263114515168817,0.09332652928426256,0.11594049591092623,1.2423101641097565,-4.766918491511031,-2.371650867664128,-2.1546781857731063,-1.2330273181089786,0.1483491323358721,0.02286722617459741,0.007506552828345117,1.2330273181089786,0.1483491323358721,0.02286722617459741,0.007506552828345117,True,True,strong,mid,low,low,-0.07924013698424605,0.3367146431218155,0.12500047018717375,0.11209339297210487,0.3118637991522066,1200,500,10,63.74222493171692
-2.52,1.45,0.22,0.001,91,1123134568,True,,60,-0.15,-0.26567624001661566,0.4827628829679975,-2.9377730210349773,1.6618284284449902,0.01365636635149783,-0.28846690406452047,0.4757926932055249,-2.351683051999645,0.017839816447725712,16.230645957025686,16.849052632979976,52.933014725161875,50.07548351484836,0.6184066759542901,-2.8575312103135175,True,False,0.08045960674953244,0.34300851741870664,4.263114515168817,0.05298359079366949,0.27916714442203194,5.268935914690536,-4.2935494667044205,-2.9377730210349773,-1.275944592589987,0.21182842844499028,-0.41777302103497727,0.26276288296799755,0.01265636635149783,0.21182842844499028,0.41777302103497727,0.26276288296799755,0.01265636635149783,True,True,strong,mid,low,low,-0.3113065906703175,0.35275372302194147,0.13325260437406833,0.1170721275400301,0.4669425257003426,1200,500,10,66.97794246673584
-2.52,1.45,0.22,0.001,92,1526615173,True,,60,-0.15,-0.20620928666714017,0.2854270112273637,-2.8081309948164797,1.9126959221609239,0.009632263391039826,-0.19355483148905037,0.2814942123163054,-2.343283648254233,0.013575148659909672,19.94145082611281,21.638179795530995,60.35462446333612,59.653737839950395,1.696728969418185,-0.7008866233857276,True,False,0.08045960674953244,0.34300851741870664,4.263114515168817,0.060317621054219075,0.4084298633145213,6.771319163058282,-4.642637045374286,-2.8081309948164797,-0.8954350726555558,0.4626959221609239,-0.28813099481647964,0.06542701122736369,0.008632263391039827,0.4626959221609239,0.28813099481647964,0.06542701122736369,0.008632263391039827,True,True,strong,mid,low,low,-0.2194692396573726,0.349794023956853,0.12834624474952855,0.11081911551291511,0.36699899673088293,1200,500,10,68.70757746696472
-2.52,1.45,0.22,0.001,93,915638151,True,,60,-0.15,-0.062138198695052174,0.024115888506940474,-2.4831805760150325,0.46198395813521725,0.013453119098734204,-0.07696379548674544,0.03881468791079924,-2.3888515009756865,0.010324530536367085,18.894585845466985,18.832459618052855,58.26089450204447,54.04229748499411,-0.06212622741412943,-4.218597017050364,False,False,0.08045960674953244,0.34300851741870664,4.263114515168817,0.08347729702464696,0.13249682211518585,1.5872198410552953,-4.308544296568078,-2.4831805760150325,-2.021196617879815,-0.9880160418647828,0.036819423984967514,-0.19588411149305954,0.012453119098734203,0.9880160418647828,0.036819423984967514,0.19588411149305954,0.012453119098734203,True,True,strong,mid,low,low,-0.048904291400658176,0.324142500194909,0.1215023689030858,0.10983326356316456,0.2509781281119809,1200,500,10,69.16921973228455
-2.52,1.45,0.22,0.001,94,1417904245,True,,60,-0.15,-0.08701901956529995,0.06817798482205648,-2.816710293845273,0.5904167053399072,0.009177726564099431,-0.08072774191241427,0.3220655835161583,-3.600671843997932,0.04820472178058131,7.658708128603517,7.507826170152401,35.78913906831754,31.393030589193202,-0.15088195845111585,-4.3961084791243366,False,False,0.08045960674953244,0.34300851741870664,4.263114515168817,0.05980235163221832,0.10792771424375736,1.804740303650729,-4.690975755989864,-2.816710293845273,-2.226293588505366,-0.8595832946600928,-0.29671029384527303,-0.15182201517794353,0.00817772656409943,0.8595832946600928,0.29671029384527303,0.15182201517794353,0.00817772656409943,True,True,strong,mid,low,low,-0.08962686945353839,0.2747961091321926,0.11361260131797848,0.10365944499480079,0.2327248248198961,1200,500,10,70.31373834609985
-2.52,1.45,0.22,0.001,95,1241217538,True,,60,-0.15,-0.2550319142133727,0.2592111367941603,-2.14616865282287,0.28325043528364474,0.01674417946136221,-0.26959135599429307,0.35969406345039595,-2.028731322618767,0.01474223345290409,27.678116124963196,28.459998436934637,75.8279550610369,73.29737512275767,0.7818823119714402,-2.5305799382792316,True,False,0.08045960674953244,0.34300851741870664,4.263114515168817,0.1169313050638361,0.15521900597692906,1.3274375573948363,-4.089704575945433,-2.14616865282287,-1.8629182175392252,-1.1667495647163553,0.3738313471771302,0.0392111367941603,0.01574417946136221,1.1667495647163553,0.3738313471771302,0.0392111367941603,0.01574417946136221,True,True,strong,mid,low,low,-0.2489811185845631,0.39473114012688887,0.1379326572168278,0.11954432909924911,0.3395290137623835,1200,500,10,66.37495923042297
-2.52,1.45,0.22,0.001,96,1408532203,True,,60,-0.15,-0.11504831373514167,-0.004021348039138047,-2.615719744402427,0.8760340254971956,0.009027159225811121,-0.10331405283126607,-0.01933334434938905,-2.554426305928132,0.023711088036617176,16.2415233968716,16.249989737217835,52.9547696048537,48.87735772332407,0.008466340346235057,-4.077411881529635,True,False,0.08045960674953244,0.34300851741870664,4.263114515168817,0.0731151455367125,0.1755755720298689,2.401357075076997,-4.707517553981411,-2.615719744402427,-1.7396857189052315,-0.5739659745028044,-0.09571974440242714,-0.22402134803913804,0.008027159225811122,0.5739659745028044,0.09571974440242714,0.22402134803913804,0.008027159225811122,True,True,strong,mid,low,low,-0.11620787946044207,0.3130429744279194,0.1206254765823774,0.11029526337703055,0.2046709512223999,1200,500,10,66.30682277679443
-2.52,1.45,0.22,0.001,97,236685354,True,,60,-0.15,0.027456919057734654,0.4596380929905463,-1.9684701120112011,-1.9799051878999545,0.011706749781637722,-0.007579144367638884,0.43215588811463673,-2.5052877601305306,0.012953153705769365,15.496635127211297,15.890832936466357,51.46499306553309,48.15904412182111,0.39419780925505954,-3.3059489437119822,True,False,0.08045960674953244,0.34300851741870664,4.263114515168817,0.13967037287096798,0.01928601031768082,0.1380823285658288,-4.447589699110323,-1.9684701120112011,-3.948375299911156,-3.4299051878999545,0.5515298879887989,0.2396380929905463,0.010706749781637721,3.4299051878999545,0.5515298879887989,0.2396380929905463,0.010706749781637721,True,True,strong,mid,low,low,-0.008989638313418109,0.3467862075838621,0.13045692748172144,0.1093967524065849,0.29818742935889636,1200,500,10,65.04268455505371
-2.52,1.45,0.22,0.001,98,1299821275,True,,60,-0.15,-0.140586680607595,0.18844293003710855,-2.866959032857638,2.1757668792560882,0.011747521042561226,-0.058561203438024186,0.39617845607744534,-2.12732388313695,0.0133486287498719,21.880014507556577,25.862445774278477,64.23175182622366,68.10226979744536,3.9824312667218997,3.8705179712217017,True,True,0.08045960674953244,0.34300851741870664,4.263114515168817,0.0568716085796544,0.5009784696348016,8.808937924327056,-4.444113035751519,-2.866959032857638,-0.6911921536015497,0.7257668792560883,-0.34695903285763796,-0.031557069962891454,0.010747521042561225,0.7257668792560883,0.34695903285763796,0.031557069962891454,0.010747521042561225,True,True,strong,mid,low,low,-0.08776131219272318,0.39425564953040027,0.1352719588949214,0.11193669073516588,0.4655682917971748,1200,500,10,55.36196851730347
-2.52,1.45,0.22,0.001,99,1901426255,True,,60,-0.15,-0.10336291647964493,0.46447009782754367,-2.507208801114005,1.8063993684714374,0.01607219054362932,-0.13249189466076144,0.3520409412572783,-1.8090434813198488,0.019984224086322788,32.196714667877075,34.93532812604444,84.86515214686466,86.24803450097728,2.7386134581673645,1.382882354112624,True,True,0.08045960674953244,0.34300851741870664,4.263114515168817,0.08149539192641414,0.4961835140694968,6.088485524648108,-4.130664795913268,-2.507208801114005,-0.7008094326425673,0.3563993684714375,0.012791198885995225,0.24447009782754367,0.015072190543629318,0.3563993684714375,0.012791198885995225,0.24447009782754367,0.015072190543629318,True,True,strong,mid,low,low,-0.13259458509774896,0.45132207409781705,0.1475453950019866,0.11919835121633866,0.5965522610389467,1200,500,10,56.69224786758423
