alpha_true,gamma_true,phi_true,r_true,rep,seed,success,error,T,mu_true,mu_est,phi_est,alpha_est,gamma_est,r_est,gamma0_mu_est,gamma0_phi_est,gamma0_alpha_est,gamma0_r_est,joint_nll,gamma0_nll,bic_joint,bic_gamma0,delta_nll_gamma0,delta_bic_gamma0,joint_wins_nll,joint_wins_bic,q_center_true,q_dist_1_true,q_multiplier_1_true,q_center_est,q_dist_1_est,q_multiplier_1_est,log_r_est,log_q_center_est,log_q_dist_1_est,gamma_error,alpha_error,phi_error,r_error,abs_gamma_error,abs_alpha_error,abs_phi_error,abs_r_error,true_positive_coupling,true_ictal_scale_coupling,gamma_regime,alpha_regime,phi_regime,r_regime,mean_x,sd_x,mean_q,median_q,max_q,N_particles_fit,N_particles_eval,N_eval_repeats,runtime_sec
-5,-3.0,0.21,0.0009,0,276989171,True,,60,-0.16,-0.14475285136933858,0.39528346669119463,-5.006707105851332,-4.9999999782912,0.0005183255259588502,-0.1492480718143274,0.46748322260706543,-5.372347995384111,0.0009613784861789574,-72.04135626025645,-71.06668188923479,-123.61098970940239,-125.75598552958117,0.9746743710216634,-2.144995820178778,True,False,0.006737946999085467,0.0003354626279025118,0.04978706836786394,0.006692906091258143,4.50964474917434e-05,0.006737947145358213,-7.564907084591299,-5.006707105851332,-10.006707084142532,-1.9999999782912,-0.006707105851331718,0.18528346669119464,-0.0003816744740411498,1.9999999782912,0.006707105851331718,0.18528346669119464,0.0003816744740411498,False,False,ictal_scale,low,low,low,-0.14845933025912694,0.08000070128419377,0.005564768069973181,0.005726808771053133,0.006737946999085467,1200,500,10,67.33290767669678
-5,-3.0,0.21,0.0009,1,1368228386,True,,60,-0.16,-0.1700982963370885,-0.0869606855282159,-4.839860418665507,-4.202859864496878,0.0007085778817153805,-0.1699065964970809,-0.016579689050524732,-13.328013744930548,0.0069884400436779496,-64.51749886365914,-64.1011865104505,-108.56327491620777,-111.8249947720126,0.4163123532086388,-3.2617198558048273,True,False,0.006737946999085467,0.0003354626279025118,0.04978706836786394,0.007908157805779815,0.00011824872851541524,0.014952752767400655,-7.2522505800824755,-4.839860418665507,-9.042720283162385,-1.2028598644968778,0.16013958133449258,-0.29696068552821586,-0.00019142211828461952,1.2028598644968778,0.16013958133449258,0.29696068552821586,0.00019142211828461952,False,False,ictal_scale,low,low,low,-0.1765404983910346,0.07735982982574871,0.005565870220919088,0.005609671300948116,0.006737946999085467,1200,500,10,79.3702745437622
-5,-3.0,0.21,0.0009,2,766623406,True,,60,-0.16,-0.15137072454508094,0.1515123254448526,-4.780465936809702,-3.550204123398301,0.0009696969799754269,-0.15002436826584514,0.427599530167289,-5.971706130542767,0.005017227440713407,-61.126610085386446,-61.56288546931738,-101.78149735966238,-106.74839268974635,-0.43627538393093346,-4.966895330083972,False,False,0.006737946999085467,0.0003354626279025118,0.04978706836786394,0.008392087873750323,0.00024101049921670706,0.028718776881563136,-6.938526927049232,-4.780465936809702,-8.330670060208003,-0.5502041233983008,0.21953406319029778,-0.05848767455514739,6.969697997542693e-05,0.5502041233983008,0.21953406319029778,0.05848767455514739,6.969697997542693e-05,False,False,ictal_scale,low,low,low,-0.14477389552474096,0.07345995631327491,0.005663273840549817,0.005732548053887843,0.006737946999085467,1200,500,10,75.38054966926575
-5,-3.0,0.21,0.0009,3,769883223,True,,60,-0.16,-0.173765336778158,0.048804780768298084,-5.64587040821645,3.752216263973626,0.0004565695638567303,-0.1751458714161409,0.12013986466861443,-6.44787458182053,0.003236284619872078,-74.92967949998481,-74.60569458235632,-129.38763618885912,-132.83401091582425,0.32398491762849346,-3.446374726965132,True,False,0.006737946999085467,0.0003354626279025118,0.04978706836786394,0.0035320727176492268,0.15052077804200958,42.61542444748668,-7.691769484310376,-5.64587040821645,-1.8936541442428245,6.752216263973626,-0.6458704082164504,-0.1611952192317019,-0.0004434304361432697,6.752216263973626,0.6458704082164504,0.1611952192317019,0.0004434304361432697,False,False,ictal_scale,low,low,low,-0.17598497533736862,0.06742638009787508,0.005729166367213782,0.005871950014563151,0.006737946999085467,1200,500,10,88.24945068359375
-5,-3.0,0.21,0.0009,4,875334334,True,,60,-0.16,-0.15725245459108078,0.1312272988694842,-4.658928603028049,-4.999999963336661,0.0004697501123157516,-0.1543089314370617,0.3726068190552023,-6.339425666573691,0.005486799584441755,-62.88319818476977,-61.985030304391145,-105.29467355842903,-107.59268235989389,0.8981678803786224,-2.29800880146486,True,False,0.006737946999085467,0.0003354626279025118,0.04978706836786394,0.009476610176039235,6.385289943820676e-05,0.006737947246121106,-7.663309680573864,-4.658928603028049,-9.658928566364711,-1.999999963336661,0.34107139697195077,-0.0787727011305158,-0.0004302498876842484,1.999999963336661,0.34107139697195077,0.0787727011305158,0.0004302498876842484,False,False,ictal_scale,low,low,low,-0.16466812495418112,0.0778350867556697,0.00561942842187762,0.005711268344372531,0.006737946999085467,1200,500,10,83.39280533790588
-5,-3.0,0.21,0.0009,5,1486311356,True,,60,-0.16,-0.16332442030017702,0.15097654152989604,-5.013293968527119,-2.9656130124658002,0.00045481653681602233,-0.16631357918533302,0.4297341040200506,-6.105654091034991,0.0037325753882626583,-68.25835798343978,-67.6047069032198,-116.04499315576905,-118.83203555755121,0.6536510802199729,-2.787042401782159,True,False,0.006737946999085467,0.0003354626279025118,0.04978706836786394,0.006648965711426134,0.00034261370121842693,0.051528871720552136,-7.69561643611563,-5.013293968527119,-7.978906980992919,0.034386987534199775,-0.013293968527118949,-0.05902345847010396,-0.00044518346318397765,0.034386987534199775,0.013293968527118949,0.05902345847010396,0.00044518346318397765,False,False,ictal_scale,low,low,low,-0.15759231552002245,0.07392743683063185,0.005712604565404563,0.005753814867041511,0.006737946999085467,1200,500,10,87.27628207206726
-5,-3.0,0.21,0.0009,6,884706376,True,,60,-0.16,-0.15292789536724105,0.25527729190878445,-4.689799570359874,-4.999999962907893,0.0008576830895909106,-0.1520598308417185,0.4266305780212372,-5.804351859770177,0.004091039654767757,-62.72357968277877,-61.31887508113631,-104.97543655444704,-106.26037191338422,1.4047046016424574,-1.284935358937176,True,False,0.006737946999085467,0.0003354626279025118,0.04978706836786394,0.00918852762498121,6.191181443319567e-05,0.0067379472490101235,-7.0612758861574685,-4.689799570359874,-9.689799533267767,-1.9999999629078928,0.3102004296401262,0.04527729190878446,-4.2316910409089404e-05,1.9999999629078928,0.3102004296401262,0.04527729190878446,4.2316910409089404e-05,False,False,ictal_scale,low,low,low,-0.14868350542165096,0.08179218044392478,0.005600962922346209,0.0056986735747117274,0.006737946999085467,1200,500,10,90.52002930641174
-5,-3.0,0.21,0.0009,7,651800253,True,,60,-0.16,-0.16185834552905998,0.37699796357416215,-5.231213035425616,-2.4323449342226846,0.0004925518950363644,-0.16252297430146254,0.4652937694425093,-5.479095977598574,0.000734603448062322,-73.51025836435291,-73.04275416354753,-126.5487939175953,-129.70813007820666,0.46750420080537936,-3.1593361606113604,True,False,0.006737946999085467,0.0003354626279025118,0.04978706836786394,0.005347035223959359,0.00046963349297340207,0.08783063385650357,-7.615910732271013,-5.231213035425616,-7.6635579696483,0.5676550657773154,-0.23121303542561567,0.16699796357416216,-0.0004074481049636356,0.5676550657773154,0.23121303542561567,0.16699796357416216,0.0004074481049636356,False,False,ictal_scale,low,low,low,-0.16076737894625878,0.07302415194738353,0.005724605910603741,0.005889471837709177,0.006737946999085467,1200,500,10,83.71570253372192
-5,-3.0,0.21,0.0009,8,993417304,True,,60,-0.16,-0.15959328329267025,0.34798600862733986,-4.753754947294752,-2.4840487212676057,0.0008912891575068751,-0.1548410987939169,0.44433598237519994,-4.936700646147898,0.0006829323212293736,-59.27593067647185,-59.30757724818555,-98.08013854183321,-102.2377762474827,-0.031646571713700666,-4.157637705649492,False,False,0.006737946999085467,0.0003354626279025118,0.04978706836786394,0.008619269460199728,0.0007188889458559402,0.08340485805386129,-7.022841651709319,-4.753754947294752,-7.237803668562357,0.5159512787323943,0.2462450527052482,0.13798600862733987,-8.710842493124841e-06,0.5159512787323943,0.2462450527052482,0.13798600862733987,8.710842493124841e-06,False,False,ictal_scale,low,low,low,-0.15306314782775685,0.08267541701017718,0.005489361564003365,0.005499144587641733,0.006737946999085467,1200,500,10,59.569955587387085
-5,-3.0,0.21,0.0009,9,1656332437,True,,60,-0.16,-0.15295954183616672,0.22464423034367778,-5.026911711144276,-4.9999999782912,0.000541606097602998,-0.16168629930286738,0.4510331104977237,-6.004491466443158,0.003037497904416618,-70.72416123047057,-68.12572170580403,-120.97659964983063,-119.87406516271965,2.5984395246665457,1.1025344871109866,True,True,0.006737946999085467,0.0003354626279025118,0.04978706836786394,0.0065590355205329375,4.419443466187803e-05,0.006737947145358213,-7.5209715779306965,-5.026911711144276,-10.026911689435476,-1.9999999782912,-0.02691171114427604,0.014644230343677789,-0.000358393902397002,1.9999999782912,0.02691171114427604,0.014644230343677789,0.000358393902397002,False,False,ictal_scale,low,low,low,-0.15144444083886682,0.06812309484360891,0.0057596742969454485,0.005757947772498089,0.006737946999085467,1200,500,10,73.88349390029907
-5,-3.0,0.21,0.0009,10,1002789346,True,,60,-0.16,-0.16688561819082987,0.23215739368396837,-4.929764453767087,-4.92478120154254,0.0007560078548954651,-0.17566747452312131,0.4379340682724544,-5.952109681309487,0.003302410098404853,-67.78051562588317,-67.7341775425046,-115.08930844065583,-119.09097683612079,0.04633808337857204,-4.001668395464961,True,False,0.006737946999085467,0.0003354626279025118,0.04978706836786394,0.007228205657487794,5.2507966589878366e-05,0.007264315526977939,-7.1874587917653505,-4.929764453767087,-9.854545655309627,-1.9247812015425403,0.07023554623291339,0.02215739368396838,-0.00014399214510453485,1.9247812015425403,0.07023554623291339,0.02215739368396838,0.00014399214510453485,False,False,ictal_scale,low,low,low,-0.17488055169949254,0.07835186624112708,0.005588356886952199,0.005719510575151795,0.006737946999085467,1200,500,10,78.80071783065796
-5,-3.0,0.21,0.0009,11,500523252,True,,60,-0.16,-0.1721282710975614,0.2252883391472067,-5.473460994198405,4.857692895913911,0.0005566219143427219,-0.1712249796820544,0.39627933226459106,-5.445025381670631,0.0021772378076014135,-66.63506191492739,-65.82436740701363,-112.79840101874427,-115.27135656513884,0.810694507913766,-2.472955546394573,True,False,0.006737946999085467,0.0003354626279025118,0.04978706836786394,0.004196682300939265,0.5402257894065768,128.72687296002084,-7.493624337849613,-5.473460994198405,-0.6157680982844935,7.857692895913911,-0.4734609941984047,0.015288339147206703,-0.0003433780856572781,7.857692895913911,0.4734609941984047,0.015288339147206703,0.0003433780856572781,False,False,ictal_scale,low,low,low,-0.16990961398689194,0.07435934457058638,0.005634171325854282,0.005593801645351615,0.006737946999085467,1200,500,10,83.41681432723999
-5,-3.0,0.21,0.0009,12,1111500274,True,,60,-0.16,-0.17092255706643453,0.16143595356218352,-4.930267957741284,-3.2983342142641243,0.0005539144386085299,-0.1686281199013503,0.43322633468712307,-6.246747496962833,0.004148560934090334,-66.30942314461188,-66.79334222490237,-112.14712347811326,-117.20930620091634,-0.4839190802904909,-5.062182722803087,False,False,0.006737946999085467,0.0003354626279025118,0.04978706836786394,0.007224567143292978,0.0002669091627137393,0.036944658056300046,-7.498500326089422,-4.930267957741284,-8.22860217200541,-0.2983342142641243,0.06973204225871577,-0.04856404643781648,-0.0003460855613914701,0.2983342142641243,0.06973204225871577,0.04856404643781648,0.0003460855613914701,False,False,ictal_scale,low,low,low,-0.17260918677737935,0.06864872173808279,0.00575853721676933,0.005987376404677301,0.006737946999085467,1200,500,10,88.48386025428772
-5,-3.0,0.21,0.0009,13,1538249467,True,,60,-0.16,-0.1491154515872373,0.3063952237819332,-5.043570500906077,-4.514994807963309,0.0005270170780382816,-0.1458328700523636,0.47563494863344696,-5.265893526517836,0.0005144515213606679,-70.6299546185506,-69.72800766178325,-120.78818642599069,-123.0786370746781,0.9019469567673468,-2.290450648687411,True,False,0.006737946999085467,0.0003354626279025118,0.04978706836786394,0.006450675010199412,7.059400663886378e-05,0.010943661946578438,-7.548277603803232,-5.043570500906077,-9.558565308869387,-1.5149948079633093,-0.04357050090607739,0.09639522378193319,-0.00037298292196171834,1.5149948079633093,0.04357050090607739,0.09639522378193319,0.00037298292196171834,False,False,ictal_scale,low,low,low,-0.1473608788382877,0.0784320426951298,0.005663786552793219,0.005708373046163865,0.006737946999085467,1200,500,10,87.24877452850342
-5,-3.0,0.21,0.0009,14,1120872316,True,,60,-0.16,-0.16590657765301858,0.23060182091165576,-5.548352556114074,2.809824827193008,0.0005251124543359767,-0.17312953068246498,0.4328063401542298,-5.693258872237362,0.0018049332195699567,-71.77863808333818,-71.30725210292636,-123.08555335556585,-126.2371259569643,0.47138598041182433,-3.151572601398456,True,False,0.006737946999085467,0.0003354626279025118,0.04978706836786394,0.0038938668894600496,0.06466548196257725,16.607008867615455,-7.55189811957473,-5.548352556114074,-2.738527728921066,5.809824827193008,-0.5483525561140743,0.02060182091165577,-0.00037488754566402326,5.809824827193008,0.5483525561140743,0.02060182091165577,0.00037488754566402326,False,False,ictal_scale,low,low,low,-0.16777705114675232,0.06757894120413722,0.005740569569178826,0.005770572834828317,0.006737946999085467,1200,500,10,77.41555428504944
-5,-3.0,0.21,0.0009,15,618606222,True,,60,-0.16,-0.14745160975695526,0.16993961224541082,-4.585522928470175,-4.9487603262294995,0.0010442134563660016,-0.14206871853274858,0.42480286844499643,-5.882004852841201,0.005835475765011565,-56.93215402112137,-56.447018308685486,-93.39258523113224,-96.51665836848257,0.48513571243588416,-3.1240731373503223,True,False,0.006737946999085467,0.0003354626279025118,0.04978706836786394,0.010198415351368159,7.232915536437042e-05,0.007092195490416764,-6.864491350300121,-4.585522928470175,-9.534283254699673,-1.9487603262294995,0.4144770715298254,-0.04006038775458917,0.00014421345636600165,1.9487603262294995,0.4144770715298254,0.04006038775458917,0.00014421345636600165,False,False,ictal_scale,low,low,low,-0.14584145464619497,0.08667375461958507,0.005650679607850556,0.005759813649619667,0.006737946999085467,1200,500,10,100.93819975852966
-5,-3.0,0.21,0.0009,16,2031143519,True,,60,-0.16,-0.17499445243347317,0.21028863271997622,-4.815547407210311,-1.886896539121052,0.0007350704526673859,-0.17262198756525615,0.4237627611001618,-5.279520656107941,0.0025230781218432037,-59.65975200797136,-59.636693559325934,-98.84778120483222,-102.89600886976346,0.023058448645429053,-4.048227664931247,True,False,0.006737946999085467,0.0003354626279025118,0.04978706836786394,0.008102785340543464,0.001227907293092505,0.15154138255995656,-7.215544209375903,-4.815547407210311,-6.702443946331363,1.113103460878948,0.18445259278968873,0.0002886327199762284,-0.0001649295473326141,1.113103460878948,0.18445259278968873,0.0002886327199762284,0.0001649295473326141,False,False,ictal_scale,low,low,low,-0.1718482357929151,0.08525143999816558,0.005513426660095942,0.0055366450789589355,0.006737946999085467,1200,500,10,67.64502477645874
-5,-3.0,0.21,0.0009,17,727317150,True,,60,-0.16,-0.15709749353967536,0.2635620148101063,-5.0739863575596775,-4.999996197468365,0.0006511746066229788,-0.1652841150304063,0.4470248673498689,-5.469331383564731,0.0010329030673078363,-70.7519289773625,-69.08242116555124,-121.03213514361448,-121.78746408221407,1.6695078118112576,-0.7553289385995896,True,False,0.006737946999085467,0.0003354626279025118,0.04978706836786394,0.0062574260186322485,4.216236518766511e-05,0.006737972620390801,-7.336732738779841,-5.0739863575596775,-10.073982555028042,-1.9999961974683647,-0.07398635755967753,0.053562014810106334,-0.0002488253933770212,1.9999961974683647,0.07398635755967753,0.053562014810106334,0.0002488253933770212,False,False,ictal_scale,low,low,low,-0.16586518375722994,0.06708142528249833,0.005779191905641661,0.005791554958321903,0.006737946999085467,1200,500,10,75.14523839950562
-5,-3.0,0.21,0.0009,18,2021771477,True,,60,-0.16,-0.1598291089952134,0.3465460666089639,-4.982834340855789,-4.805330643100405,0.0005902430951767845,-0.14809675231765618,0.4509328558843764,-5.3844970186592676,0.000794291008938426,-68.18547535887076,-67.50462347832806,-115.89922790663101,-118.63186870776771,0.6808518805427042,-2.7326408011366965,True,False,0.006737946999085467,0.0003354626279025118,0.04978706836786394,0.006854606706425935,5.6111768853278934e-05,0.008185993924447367,-7.4349760802004345,-4.982834340855789,-9.788164983956193,-1.8053306431004046,0.017165659144210643,0.13654606660896393,-0.0003097569048232155,1.8053306431004046,0.017165659144210643,0.13654606660896393,0.0003097569048232155,False,False,ictal_scale,low,low,low,-0.14840571038682335,0.07445489876332796,0.005747060800331561,0.005928923446956193,0.006737946999085467,1200,500,10,65.65381407737732
-5,-3.0,0.21,0.0009,19,736689192,True,,60,-0.16,-0.16731627454134834,0.263394794483875,-4.668100776210104,-4.9999999782912,0.0006717833318297812,-0.16896418616377779,0.44804653353156426,-5.012708740780971,0.0013863227158087078,-62.181233644088444,-58.93701168743566,-103.89074447706639,-101.49664512598291,3.244221956652787,2.394099351083483,True,True,0.006737946999085467,0.0003354626279025118,0.04978706836786394,0.00939008647809019,6.326990637971462e-05,0.006737947145358213,-7.305574692302903,-4.668100776210104,-9.668100754501303,-1.9999999782912,0.3318992237898959,0.05339479448387499,-0.00022821666817021875,1.9999999782912,0.3318992237898959,0.05339479448387499,0.00022821666817021875,False,False,ictal_scale,low,low,low,-0.1664596745615804,0.0880295302396049,0.005600729814752539,0.005777688990003673,0.006737946999085467,1200,500,10,61.342288970947266
-5,-3.0,0.21,0.0009,20,1913060549,True,,60,-0.16,-0.18508145732908926,0.045657793058849976,-4.962343204449857,-4.992968683427225,0.0005661204857052092,-0.18331584653786087,0.3387825698023563,-6.771783269541572,0.004851218740391901,-67.79585862257575,-68.14400576778473,-115.11999443404099,-119.91063328668106,-0.3481471452089835,-4.790638852640072,False,False,0.006737946999085467,0.0003354626279025118,0.04978706836786394,0.006996514346468439,4.7474782251134656e-05,0.006785490588624039,-7.47670363014449,-4.962343204449857,-9.955311887877082,-1.9929686834272253,0.03765679555014323,-0.16434220694115,-0.0003338795142947908,1.9929686834272253,0.03765679555014323,0.16434220694115,0.0003338795142947908,False,False,ictal_scale,low,low,low,-0.18035997130496634,0.07120032880691804,0.005630894344105103,0.005709934699279192,0.006737946999085467,1200,500,10,86.05463027954102
-5,-3.0,0.21,0.0009,21,1879640655,True,,60,-0.16,-0.14734582128979368,0.061940644607079966,-5.199570725640062,-4.9999999782912,0.0005767517204833364,-0.1551619677224083,0.29354507052858697,-7.3640431483007225,0.004722471823751785,-70.71020464623923,-70.95046525786489,-120.94868648136796,-125.52355226684138,-0.24026061162565782,-4.5748657854734205,False,False,0.006737946999085467,0.0003354626279025118,0.04978706836786394,0.005518933048780815,3.7186279181455825e-05,0.006737947145358213,-7.458098677848824,-5.199570725640062,-10.199570703931261,-1.9999999782912,-0.19957072564006229,-0.14805935539292003,-0.00032324827951666355,1.9999999782912,0.19957072564006229,0.14805935539292003,0.00032324827951666355,False,False,ictal_scale,low,low,low,-0.16129828943145172,0.07143303345788901,0.0057605135305891465,0.005965868997228294,0.006737946999085467,1200,500,10,86.3064272403717
-5,-3.0,0.21,0.0009,22,1804349621,True,,60,-0.16,-0.17421303420930562,0.2115137807856391,-4.995147160283238,-4.994447307151763,0.0006436953350749054,-0.1660692750890747,0.4174710984704323,-5.540163761890462,0.00300046579403016,-65.03149827104959,-63.634660111751295,-109.59127373098866,-110.89194197461418,1.3968381592982908,-1.3006682436255232,True,False,0.006737946999085467,0.0003354626279025118,0.04978706836786394,0.006770724643894095,4.587480659849713e-05,0.006775464815256888,-7.348285025980425,-4.995147160283238,-9.989594467435001,-1.9944473071517628,0.004852839716762425,0.0015137807856391017,-0.00025630466492509454,1.9944473071517628,0.004852839716762425,0.0015137807856391017,0.00025630466492509454,False,False,ictal_scale,low,low,low,-0.16094252716402063,0.07922042543327044,0.00564073799062083,0.0056511214626940014,0.006737946999085467,1200,500,10,91.08244609832764
-5,-3.0,0.21,0.0009,23,258470954,True,,60,-0.16,-0.15036181288352948,0.07926978724338726,-4.851753210582808,-2.4558692246575076,0.0006640169832278255,-0.14931484847489113,0.3546090240308125,-6.2377930067500005,0.005504035692434851,-61.94839499796525,-62.28961701593596,-103.42506718482,-108.20185578298351,-0.3412220179707077,-4.77678859816352,False,False,0.006737946999085467,0.0003354626279025118,0.04978706836786394,0.00781466477905961,0.0006704090997737578,0.08578859346215394,-7.3172028316645905,-4.851753210582808,-7.307622435240315,0.5441307753424924,0.14824678941719238,-0.13073021275661273,-0.00023598301677217452,0.5441307753424924,0.14824678941719238,0.13073021275661273,0.00023598301677217452,False,False,ictal_scale,low,low,low,-0.15102847832074773,0.07885515174591248,0.005655958927876269,0.005707029409556331,0.006737946999085467,1200,500,10,82.1438422203064
-5,-3.0,0.21,0.0009,24,1794977579,True,,60,-0.16,-0.1530694520221386,0.062089392654159914,-5.099778905732155,0.26645307808952073,0.0005038233214007056,-0.15117840325623672,0.3436849385930511,-6.73610808456033,0.0052521785843174795,-65.43555846734964,-65.3140536243342,-110.39939412358876,-114.25072899978001,0.12150484301542974,-3.8513348761912454,True,False,0.006737946999085467,0.0003354626279025118,0.04978706836786394,0.0060980946702574,0.007960003593807176,1.3053263394927226,-7.5932849041272705,-5.099778905732155,-4.833325827642634,3.266453078089521,-0.09977890573215475,-0.14791060734584008,-0.0003961766785992944,3.266453078089521,0.09977890573215475,0.14791060734584008,0.0003961766785992944,False,False,ictal_scale,low,low,low,-0.1541292557423826,0.07118702551610495,0.005716366430968932,0.005850940104391166,0.006737946999085467,1200,500,10,70.14966917037964
-5,-3.0,0.21,0.0009,25,149760026,True,,60,-0.16,-0.15278198471660198,0.287916687994896,-5.299302496635336,-4.9999982291717,0.0005043275021975364,-0.15659311098992545,0.44530975212935264,-5.810252640238417,0.0011070878611669744,-75.84729316369024,-74.92468733391192,-131.22286351626997,-133.47199641893545,0.9226058297783197,-2.2491329026654796,True,False,0.006737946999085467,0.0003354626279025118,0.04978706836786394,0.0049950767749702115,3.365662216615829e-05,0.0067379589308432615,-7.592284694977882,-5.299302496635336,-10.299300725807036,-1.9999982291717,-0.29930249663533637,0.07791668799489601,-0.00039567249780246355,1.9999982291717,0.29930249663533637,0.07791668799489601,0.00039567249780246355,False,False,ictal_scale,low,low,low,-0.1554345423593008,0.0680058150121199,0.005776900699223916,0.005953937144907182,0.006737946999085467,1200,500,10,108.91593265533447
-5,-3.0,0.21,0.0009,26,1686266651,True,,60,-0.16,-0.15925545137731423,-0.13004525359445585,-5.036479149923929,-1.644447558736805,0.000751621433687361,-0.1558152723735377,-0.07738384382902952,-10.602457867675167,0.006875093421279059,-64.48902927556307,-64.17544075044226,-108.50633574001563,-111.97350325199612,0.3135885251208066,-3.4671675119804917,True,False,0.006737946999085467,0.0003354626279025118,0.04978706836786394,0.006496581588220909,0.0012546147712968255,0.19311922035607063,-7.1932777734189095,-5.036479149923929,-6.680926708660734,1.355552441263195,-0.0364791499239292,-0.3400452535944558,-0.00014837856631263894,1.355552441263195,0.0364791499239292,0.3400452535944558,0.00014837856631263894,False,False,ictal_scale,low,low,low,-0.1591032235328991,0.07741747425500961,0.005657009301663904,0.005788923769267063,0.006737946999085467,1200,500,10,74.74341940879822
-5,-3.0,0.21,0.0009,27,140387984,True,,60,-0.16,-0.15566234553790062,0.06333088700967256,-4.725920286460953,-4.9999999782912,0.0005526443707859384,-0.15227073238350952,0.23841881165625128,-7.043247930207871,0.006306856125967085,-63.67538042826815,-62.501363399254444,-106.8790380454258,-108.62534854962048,1.1740170290137044,-1.7463105041946818,True,False,0.006737946999085467,0.0003354626279025118,0.04978706836786394,0.008862554067290213,5.971542087828091e-05,0.006737947145358213,-7.5007958541165305,-4.725920286460953,-9.725920264752153,-1.9999999782912,0.2740797135390469,-0.14666911299032742,-0.00034735562921406153,1.9999999782912,0.2740797135390469,0.14666911299032742,0.00034735562921406153,False,False,ictal_scale,low,low,low,-0.14980936340833384,0.08111411013574482,0.005674157544811712,0.0058024426520683035,0.006737946999085467,1200,500,10,69.80857563018799
-5,-3.0,0.21,0.0009,28,1504829573,True,,60,-0.16,-0.15740691163974005,0.1250494943357137,-5.013116533573365,-4.917171183315891,0.0005423250500867262,-0.15613887441510743,0.4016202004499549,-6.363368799280186,0.0035140468982763815,-70.95099388911311,-71.13298329386492,-121.4302649671157,-125.88858833884144,-0.18198940475181757,-4.45832337172574,False,False,0.006737946999085467,0.0003354626279025118,0.04978706836786394,0.006650145575021077,4.8677788661710674e-05,0.007319807982031497,-7.519645012879598,-5.013116533573365,-9.930287716889257,-1.917171183315891,-0.013116533573365174,-0.0849505056642863,-0.0003576749499132738,1.917171183315891,0.013116533573365174,0.0849505056642863,0.0003576749499132738,False,False,ictal_scale,low,low,low,-0.1613313685076566,0.06724376352435694,0.005766073878342787,0.005829315340952027,0.006737946999085467,1200,500,10,66.85870790481567
-5,-3.0,0.21,0.0009,29,31677056,True,,60,-0.16,-0.1751791998478227,0.2236390908019961,-4.957780804228283,-4.951755819460128,0.0005466962715904251,-0.17499386551036739,0.4741806489942789,-5.29189171095207,0.0011396702456520026,-69.26472184318669,-66.62696370051128,-118.05772087526287,-116.87654915213416,2.637758142675409,1.1811717231287133,True,True,0.006737946999085467,0.0003354626279025118,0.04978706836786394,0.007028508173898428,4.969845938219085e-05,0.007070982654150508,-7.511617171932149,-4.957780804228283,-9.90953662368841,-1.9517558194601277,0.04221919577171729,0.013639090801996101,-0.00035330372840957486,1.9517558194601277,0.04221919577171729,0.013639090801996101,0.00035330372840957486,False,False,ictal_scale,low,low,low,-0.17068326319813343,0.06794088823563364,0.00574247529070041,0.005743499397741163,0.006737946999085467,1200,500,10,68.94290018081665
-5,-3.0,0.21,0.0009,30,1613540501,True,,60,-0.16,-0.15700848034868545,0.09673259695931398,-5.1271877358541404,-4.999999966788142,0.0006200721839116367,-0.15505654045230188,0.4281523643907207,-5.3775962663864405,0.0011641778243383098,-71.19165707768907,-69.2807329214912,-121.91159134426763,-122.18408759409398,1.9109241561978791,-0.27249624982634657,True,False,0.006737946999085467,0.0003354626279025118,0.04978706836786394,0.005933222823051022,3.9977742243217146e-05,0.006737947222865211,-7.385674661038148,-5.1271877358541404,-10.127187702642281,-1.9999999667881418,-0.12718773585414045,-0.11326740304068601,-0.00027992781608836325,1.9999999667881418,0.12718773585414045,0.11326740304068601,0.00027992781608836325,False,False,ictal_scale,low,low,low,-0.1577750457828822,0.07019359403736114,0.0057817788115542956,0.005832483555606418,0.006737946999085467,1200,500,10,82.04170274734497
-5,-3.0,0.21,0.0009,31,22305014,True,,60,-0.16,-0.13324897480064005,0.37465222882736526,-4.9204719471864085,-0.08672165433224274,0.0008881689573724535,-0.13215638795805923,0.47208685443961196,-5.066710674733001,0.0017772357774203914,-58.541620310060615,-59.507154232698156,-96.61151780901073,-102.6369302165079,-0.9655339226375403,-6.025412407497171,False,False,0.006737946999085467,0.0003354626279025118,0.04978706836786394,0.007295686855277189,0.006689650813346476,0.9169322842451288,-7.026348565759312,-4.9204719471864085,-5.007193601518651,2.913278345667757,0.07952805281359154,0.16465222882736527,-1.1831042627546474e-05,2.913278345667757,0.07952805281359154,0.16465222882736527,1.1831042627546474e-05,False,False,ictal_scale,low,low,low,-0.13415134906233347,0.0879246557625304,0.005500372238473823,0.005650655966836102,0.006737946999085467,1200,500,10,61.53727960586548
-5,-3.0,0.21,0.0009,32,1622912543,True,,60,-0.16,-0.15540711163633986,0.1781125185175381,-5.327599936372428,3.8558532246049464,0.0006210132506592358,-0.16005922409960432,0.39580281553019836,-6.030370976933348,0.004370312154939658,-64.12815736843257,-64.16747098428257,-107.78459192575463,-111.95756371967674,-0.03931361585000559,-4.172971793922116,False,False,0.006737946999085467,0.0003354626279025118,0.04978706836786394,0.004855710051324469,0.22952422218353027,47.268930755229924,-7.384158138642922,-5.327599936372428,-1.4717467117674814,6.855853224604946,-0.3275999363724278,-0.0318874814824619,-0.0002789867493407642,6.855853224604946,0.3275999363724278,0.0318874814824619,0.0002789867493407642,False,False,ictal_scale,low,low,low,-0.1613114115992494,0.080277663664807,0.005622372605138466,0.005893072158313894,0.006737946999085467,1200,500,10,78.5846095085144
-5,-3.0,0.21,0.0009,33,2061077733,True,,60,-0.16,-0.15326123147855805,0.14471307959470855,-5.1467587477219405,-4.9999999782912,0.0005006681364895195,-0.13962425404956214,0.43559604836701477,-5.408104999118762,0.0013195915289141488,-70.79020305429587,-68.50333056099664,-121.10868329748124,-120.62928287310488,2.286872493299228,0.479400424376351,True,True,0.006737946999085467,0.0003354626279025118,0.04978706836786394,0.005818232557014811,3.920294344856819e-05,0.006737947145358213,-7.599567078581216,-5.1467587477219405,-10.14675872601314,-1.9999999782912,-0.14675874772194053,-0.06528692040529144,-0.0003993318635104805,1.9999999782912,0.14675874772194053,0.06528692040529144,0.0003993318635104805,False,False,ictal_scale,low,low,low,-0.14439086082955674,0.07528714945097154,0.0056995393533716444,0.005852153552928889,0.006737946999085467,1200,500,10,86.65828561782837
-5,-3.0,0.21,0.0009,34,1731623471,True,,60,-0.16,-0.1778112951404983,-0.11792321287702036,-5.299247946511313,-3.1710927430575193,0.000502224875491551,-0.17834302057852686,-0.1939472199568347,-11.512693769803747,0.004797208630611543,-74.88768738502327,-75.09174233200186,-129.30365195893603,-133.80610641511532,-0.20405494697858728,-4.502454456179294,False,False,0.006737946999085467,0.0003354626279025118,0.04978706836786394,0.004995349264459891,0.00020959348488407565,0.041957723832296914,-7.596462579429773,-5.299247946511313,-8.470340689568832,-0.17109274305751931,-0.29924794651131315,-0.32792321287702036,-0.00039777512450844897,0.17109274305751931,0.29924794651131315,0.32792321287702036,0.00039777512450844897,False,False,ictal_scale,low,low,low,-0.17523903831797813,0.061923874892293826,0.0058109352413616665,0.005830582072880775,0.006737946999085467,1200,500,10,87.6301760673523
-5,-3.0,0.21,0.0009,35,1130018491,True,,60,-0.16,-0.15964309289380335,0.00964950765484208,-5.364212542014732,1.430750949982804,0.0006324957778735436,-0.1603575208792274,0.33467337645742634,-7.948951707118246,0.005419325606133569,-68.99162297301731,-69.03167501524445,-117.51152313492412,-121.68597178160049,-0.040052042227131324,-4.1744486466763675,False,False,0.006737946999085467,0.0003354626279025118,0.04978706836786394,0.004681144994579743,0.019575791728321325,4.181838364542854,-7.365837012683624,-5.364212542014732,-3.933461592031928,4.430750949982804,-0.36421254201473197,-0.20035049234515792,-0.00026750422212645634,4.430750949982804,0.36421254201473197,0.20035049234515792,0.00026750422212645634,False,False,ictal_scale,low,low,low,-0.16533726056520065,0.0754805477241733,0.005695671289784523,0.00578644466781522,0.006737946999085467,1200,500,10,80.63042497634888
-5,-3.0,0.21,0.0009,36,1740995513,True,,60,-0.16,-0.14237465972958788,-0.22708414429478477,-5.577291998101856,4.999682081846688,0.0005153410611378326,-0.1420005798557928,-0.13025891351883215,-8.272315496030984,0.005986387479404934,-68.73561019041513,-66.89031912889477,-116.99949756971975,-117.40326000890114,1.8452910615203564,-0.4037624391813921,True,False,0.006737946999085467,0.0003354626279025118,0.04978706836786394,0.0037827954785015316,0.5612381710347267,148.36598336451655,-7.570681621857802,-5.577291998101856,-0.5776099162551684,7.999682081846688,-0.577291998101856,-0.43708414429478476,-0.00038465893886216733,7.999682081846688,0.577291998101856,0.43708414429478476,0.00038465893886216733,False,False,ictal_scale,low,low,low,-0.1464513348128312,0.0729573673548377,0.005681889628260445,0.005698458588866338,0.006737946999085467,1200,500,10,82.99379253387451
-5,-3.0,0.21,0.0009,37,1238729419,True,,60,-0.16,-0.1345341340584508,-0.024596775202908434,-4.660553854092099,-4.9999999782912,0.0007254933751129576,-0.13842540028218764,0.3191756877520156,-6.632494529189744,0.0062966723789566895,-61.45794624431579,-60.355880057590255,-102.44416967752107,-104.3343818662921,1.102066186725537,-1.8902121887710308,True,False,0.006737946999085467,0.0003354626279025118,0.04978706836786394,0.0094612208144427,6.374920577827784e-05,0.006737947145358213,-7.228658617159383,-4.660553854092099,-9.6605538323833,-1.9999999782912,0.33944614590790056,-0.23459677520290842,-0.00017450662488704234,1.9999999782912,0.33944614590790056,0.23459677520290842,0.00017450662488704234,False,False,ictal_scale,low,low,low,-0.1438481746839003,0.08570647499834866,0.005558931270059371,0.005674290291747161,0.006737946999085467,1200,500,10,76.9648449420929
-5,-3.0,0.21,0.0009,38,1849706441,True,,60,-0.16,-0.16493664143929368,0.13295722857797704,-4.81197055554548,-1.573666198123726,0.0006752603194505112,-0.16114340953139383,0.3574026612202772,-5.861340664885409,0.004963082330977326,-60.112853786938125,-59.932804066633494,-99.75398476276575,-103.48822988437858,0.1800497203046305,-3.7342451216128296,True,False,0.006737946999085467,0.0003354626279025118,0.04978706836786394,0.008131819696615847,0.0016855948451145386,0.20728384396127472,-7.300412282993646,-4.81197055554548,-6.385636753669207,1.426333801876274,0.18802944445451963,-0.07704277142202295,-0.00022473968054948878,1.426333801876274,0.18802944445451963,0.07704277142202295,0.00022473968054948878,False,False,ictal_scale,low,low,low,-0.17015908767139942,0.08318570651521158,0.005579955371297975,0.005773270999845117,0.006737946999085467,1200,500,10,66.7445387840271
-5,-3.0,0.21,0.0009,39,1248101461,True,,60,-0.16,-0.1730258752912758,0.2355572195338623,-5.420437688890599,-1.6026185807952265,0.0004877055043620685,-0.17362475278842016,0.4220313887439841,-6.245109492568743,0.0023733267198953936,-76.50526111230667,-76.5747765744663,-132.53879941350283,-136.7721749000442,-0.06951546215962878,-4.233375486541377,False,False,0.006737946999085467,0.0003354626279025118,0.04978706836786394,0.004425209358922546,0.0008910978913567194,0.20136852724493132,-7.625798808943148,-5.420437688890599,-7.023056269685826,1.3973814192047735,-0.4204376888905994,0.025557219533862308,-0.0004122944956379315,1.3973814192047735,0.4204376888905994,0.025557219533862308,0.0004122944956379315,False,False,ictal_scale,low,low,low,-0.17400802737911902,0.06292655944311303,0.005792405294799404,0.005845584362074597,0.006737946999085467,1200,500,10,65.76418161392212
-5,-3.0,0.21,0.0009,40,288405168,True,,60,-0.16,-0.16848342942240163,0.33081287123391884,-4.7169034209354095,-3.695976984156239,0.0006714192424129596,-0.15733260775926974,0.4895763934987827,-5.025932855069307,0.001405679604340008,-60.752193010110474,-59.66548920102726,-101.03266320911044,-102.95360015316612,1.086703809083211,-1.9209369440556827,True,False,0.006737946999085467,0.0003354626279025118,0.04978706836786394,0.008942827890783392,0.00022198951540966714,0.024823189948500825,-7.306116813696534,-4.7169034209354095,-8.412880405091649,-0.6959769841562391,0.2830965790645905,0.12081287123391884,-0.00022858075758704034,0.6959769841562391,0.2830965790645905,0.12081287123391884,0.00022858075758704034,False,False,ictal_scale,low,low,low,-0.16424666104021438,0.08630314465400626,0.0054699685229043,0.005399319609418842,0.006737946999085467,1200,500,10,88.54905223846436
-5,-3.0,0.21,0.0009,41,1356812389,True,,60,-0.16,-0.15152305145847902,0.3494032002020571,-5.358383481454672,-0.4785236342188949,0.0006452286094963127,-0.15165185912821752,0.4615348801196597,-5.848259248251979,0.0021603348586828205,-72.39608767545039,-72.54946194232035,-124.32045253979027,-128.7215456357523,-0.15337426686996025,-4.40109309596204,False,False,0.006737946999085467,0.0003354626279025118,0.04978706836786394,0.0047085113548415245,0.0029178532668302764,0.6196976171311546,-7.345905870637539,-5.358383481454672,-5.836907115673567,2.5214763657811052,-0.3583834814546716,0.13940320020205713,-0.0002547713905036873,2.5214763657811052,0.3583834814546716,0.13940320020205713,0.0002547713905036873,False,False,ictal_scale,low,low,low,-0.15286649399476723,0.0764271350060812,0.005696881113305564,0.005744247679695691,0.006737946999085467,1200,500,10,67.69043183326721
-5,-3.0,0.21,0.0009,42,1292937352,True,,60,-0.16,-0.16176560108570642,0.37827074354254475,-5.7446154595629375,2.0889787461116294,0.0005394069962799423,-0.15103279482851964,0.46355384332827615,-5.602055023419578,0.0007252560640181014,-75.86097092971035,-76.28308682170679,-131.25021904831019,-136.1887953945252,-0.42211589199644095,-4.938576346215001,False,False,0.006737946999085467,0.0003354626279025118,0.04978706836786394,0.0031999648309565206,0.025845036360912222,8.076662627941047,-7.525040176857142,-5.7446154595629375,-3.655636713451308,5.088978746111629,-0.7446154595629375,0.16827074354254476,-0.00036059300372005766,5.088978746111629,0.7446154595629375,0.16827074354254476,0.00036059300372005766,False,False,ictal_scale,low,low,low,-0.1592119953358489,0.06924602233146245,0.005778876632598338,0.0059577046136718315,0.006737946999085467,1200,500,10,68.96687865257263
-5,-3.0,0.21,0.0009,43,1465523317,True,,60,-0.16,-0.1714235553641944,0.18556741411595856,-4.911692286259772,-4.9999999782912,0.0006507798456761076,-0.1825459361303578,0.43234720085432754,-5.076373218981315,0.0010970010875366197,-66.92804848711307,-63.072572367250395,-113.38437416311564,-109.76776648561238,3.8554761198626792,3.6166076775032536,True,True,0.006737946999085467,0.0003354626279025118,0.04978706836786394,0.007360022521498889,4.959144273850559e-05,0.006737947145358213,-7.337339151635946,-4.911692286259772,-9.911692264550972,-1.9999999782912,0.08830771374022817,-0.02443258588404143,-0.0002492201543238924,1.9999999782912,0.08830771374022817,0.02443258588404143,0.0002492201543238924,False,False,ictal_scale,low,low,low,-0.17054708120818735,0.07926902079173159,0.005610000948461755,0.005691760358207641,0.006737946999085467,1200,500,10,78.50353693962097
-5,-3.0,0.21,0.0009,44,1283565310,True,,60,-0.16,-0.14447139659439215,0.30496853856688677,-5.000146838030762,-4.9999999782912,0.000382940457024663,-0.16131236451015374,0.4484675882122328,-5.342270361766473,0.000985559281619791,-70.32511008591096,-68.34761898820115,-120.17849736071142,-120.31785972751389,1.977491097709816,-0.13936236680247305,True,False,0.006737946999085467,0.0003354626279025118,0.04978706836786394,0.006736957684852996,4.5393264801054325e-05,0.006737947145358213,-7.867631045557079,-5.000146838030762,-10.000146816321962,-1.9999999782912,-0.00014683803076209756,0.09496853856688678,-0.000517059542975337,1.9999999782912,0.00014683803076209756,0.09496853856688678,0.000517059542975337,False,False,ictal_scale,low,low,low,-0.15626488100466104,0.07102880872663425,0.005783332987972403,0.0058486013406678595,0.006737946999085467,1200,500,10,83.47888493537903
-5,-3.0,0.21,0.0009,45,1474895359,True,,60,-0.16,-0.17931804853449126,0.061964772053797,-5.307148814401943,-0.6438865253663826,0.0011475586878210541,-0.16952859737074372,0.3944971324939911,-5.966778392933406,0.004270292898253773,-63.184741071158875,-64.00081331067305,-105.89775933120725,-111.6242483724577,-0.8160722395141775,-5.726489041250446,False,False,0.006737946999085467,0.0003354626279025118,0.04978706836786394,0.004956037174170124,0.0026031439842452786,0.5252470659042562,-6.770118473266751,-5.307148814401943,-5.9510353397683255,2.3561134746336174,-0.30714881440194297,-0.148035227946203,0.00024755868782105417,2.3561134746336174,0.30714881440194297,0.148035227946203,0.00024755868782105417,False,False,ictal_scale,low,low,low,-0.1760430695900677,0.07254938316076263,0.005688838731215751,0.0058145797972202675,0.006737946999085467,1200,500,10,82.28576064109802
-5,-3.0,0.21,0.0009,46,1174854382,True,,60,-0.16,-0.14192363844087397,0.25812426968828384,-5.316341275673142,-4.9999999782912,0.0006091194819035977,-0.15130382602934833,0.41428600381981523,-5.458946110026835,0.0003576089580279363,-74.05357303470988,-70.40937721890467,-127.63542325830926,-124.44137618892093,3.644195815805219,3.1940470693883327,True,True,0.006737946999085467,0.0003354626279025118,0.04978706836786394,0.004910687750140134,3.3087954507802235e-05,0.006737947145358213,-7.403496115895858,-5.316341275673142,-10.316341253964342,-1.9999999782912,-0.31634127567314163,0.048124269688283844,-0.00029088051809640224,1.9999999782912,0.31634127567314163,0.048124269688283844,0.00029088051809640224,False,False,ictal_scale,low,low,low,-0.15156048822763024,0.072492234077448,0.005795563759187939,0.0058624837697518525,0.006737946999085467,1200,500,10,79.19446277618408
-5,-3.0,0.21,0.0009,47,1677120476,True,,60,-0.16,-0.16504393810795867,0.25570908979850115,-5.203943550719484,-4.232685006713827,0.00033914799134078896,-0.16094292360552923,0.46314520666899134,-5.6279615603309505,0.0011674004770375395,-74.32092746944377,-73.6269856595483,-128.17013212777704,-130.8765930702082,0.6939418098954775,-2.706460942431164,True,False,0.006737946999085467,0.0003354626279025118,0.04978706836786394,0.005494852408518973,7.974882440322907e-05,0.014513369691165876,-7.989073993217502,-5.203943550719484,-9.43662855743331,-1.2326850067138269,-0.203943550719484,0.04570908979850116,-0.0005608520086592111,1.2326850067138269,0.203943550719484,0.04570908979850116,0.0005608520086592111,False,False,ictal_scale,low,low,low,-0.16174947537216017,0.0642916834159183,0.0058198427695188145,0.005945015359227036,0.006737946999085467,1200,500,10,77.18534517288208
-5,-3.0,0.21,0.0009,48,982001307,True,,60,-0.16,-0.15097103121915414,0.1577641305370892,-5.189521100942953,-2.1176084777548434,0.0005726355318774348,-0.15273405079453745,0.4086914811617035,-6.390428797569932,0.0036991965060845507,-70.92050975856915,-71.06198127076644,-121.3692967060278,-125.74658429264447,-0.1414715121972847,-4.377287586616674,False,False,0.006737946999085467,0.0003354626279025118,0.04978706836786394,0.005574675882785552,0.0006707395967218471,0.12031903034812713,-7.465261113649822,-5.189521100942953,-7.307129578697796,0.8823915222451566,-0.1895211009429527,-0.05223586946291078,-0.00032736446812256514,0.8823915222451566,0.1895211009429527,0.05223586946291078,0.00032736446812256514,False,False,ictal_scale,low,low,low,-0.16120180530612066,0.07312871597103547,0.005731743775336301,0.00582393017030397,0.006737946999085467,1200,500,10,74.34718251228333
-5,-3.0,0.21,0.0009,49,1667748434,True,,60,-0.16,-0.1575112276221188,0.20023711857991175,-4.762577029544526,-4.995852371941504,0.0006336226588516638,-0.1565014558616289,0.47418674793036236,-4.951263799933803,0.001062955078915618,-64.24623502741527,-61.300542825158956,-108.02074724372002,-106.22370740142951,2.9456922022563106,1.7970398422905163,True,True,0.006737946999085467,0.0003354626279025118,0.04978706836786394,0.008543563987051302,5.780533985688127e-05,0.006765951533164788,-7.364056956027016,-4.762577029544526,-9.75842940148603,-1.9958523719415044,0.23742297045547378,-0.009762881420088243,-0.0002663773411483362,1.9958523719415044,0.23742297045547378,0.009762881420088243,0.0002663773411483362,False,False,ictal_scale,low,low,low,-0.15179757191610663,0.08162582055500879,0.005705980734419153,0.005981397339298583,0.006737946999085467,1200,500,10,68.23707556724548
-5,-3.0,0.21,0.0009,50,1056771412,True,,60,-0.16,-0.13828413274172294,-0.04108585821970027,-5.496015547780898,-0.20068846135232177,0.0006377082902121144,-0.13880288869668148,-0.07397132653005903,-7.448924119580249,0.004140020779762986,-74.78862282789574,-75.58471345280714,-129.10552284468096,-134.79204865672588,-0.7960906249114004,-5.68652581204492,False,False,0.006737946999085467,0.0003354626279025118,0.04978706836786394,0.004103087467624405,0.003357011923585047,0.8181672825826161,-7.357629604551739,-5.496015547780898,-5.69670400913322,2.7993115386476783,-0.49601554778089785,-0.25108585821970025,-0.0002622917097878856,2.7993115386476783,0.49601554778089785,0.25108585821970025,0.0002622917097878856,False,False,ictal_scale,low,low,low,-0.14331788772996698,0.06316762441792122,0.005814639902828923,0.006036441273372657,0.006737946999085467,1200,500,10,75.26156687736511
-5,-3.0,0.21,0.0009,51,1559037506,True,,60,-0.16,-0.15886286091586546,-0.10820066319949172,-4.816810985160139,-4.9999999782912,0.000602061146716606,-0.15869354088790127,-0.08391190665884456,-12.752068711826738,0.006974153440487568,-65.84845480764743,-63.89965795956763,-111.22518680418435,-111.42193767024685,1.9487968480798017,-0.19675086606250147,True,False,0.006737946999085467,0.0003354626279025118,0.04978706836786394,0.008092553305503295,5.45271964434751e-05,0.006737947145358213,-7.4151515451946555,-4.816810985160139,-9.816810963451339,-1.9999999782912,0.18318901483986139,-0.3182006631994917,-0.000297938853283394,1.9999999782912,0.18318901483986139,0.3182006631994917,0.000297938853283394,False,False,ictal_scale,low,low,low,-0.1628888160914873,0.07841209830018647,0.005667852488409537,0.0057920562462618124,0.006737946999085467,1200,500,10,79.172358751297
-5,-3.0,0.21,0.0009,52,1100084277,True,,60,-0.16,-0.14201866709108735,-0.04705682942187728,-5.149068448553472,-0.6427989252716713,0.0005617702092836,-0.14029435748017757,-0.10846374876014196,-7.183083440033638,0.005302166991300456,-68.2606972701517,-68.23075861335826,-116.04967172919288,-120.08413897782812,0.029938656793433438,-4.034467248635238,True,False,0.006737946999085467,0.0003354626279025118,0.04978706836786394,0.005804809687813175,0.0030522771089539695,0.5258186354260723,-7.484417671963208,-5.149068448553472,-5.791867373825143,2.3572010747283287,-0.14906844855347234,-0.25705682942187724,-0.0003382297907164,2.3572010747283287,0.14906844855347234,0.25705682942187724,0.0003382297907164,False,False,ictal_scale,low,low,low,-0.14529018227691115,0.0707332190141,0.005690332864743371,0.005791340820874227,0.006737946999085467,1200,500,10,70.28178668022156
-5,-3.0,0.21,0.0009,53,1549665464,True,,60,-0.16,-0.1764980487909643,0.0739101227471596,-4.918790340026495,-4.9999999782912,0.0006188958903747225,-0.17024224559382772,0.5121074008173003,-6.448462464233401,0.004408723991196932,-67.58846413033817,-66.96760227127501,-114.70520544956582,-117.55782629366162,0.6208618590631545,-2.852620844095796,True,False,0.006737946999085467,0.0003354626279025118,0.04978706836786394,0.007307965655695354,4.924068632816838e-05,0.006737947145358213,-7.3875734894498875,-4.918790340026495,-9.918790318317695,-1.9999999782912,0.0812096599735046,-0.13608987725284039,-0.0002811041096252775,1.9999999782912,0.0812096599735046,0.13608987725284039,0.0002811041096252775,False,False,ictal_scale,low,low,low,-0.16858684297444443,0.07525314652723047,0.00562541934270011,0.005668252353117122,0.006737946999085467,1200,500,10,84.88395142555237
-5,-3.0,0.21,0.0009,54,95552093,True,,60,-0.16,-0.1718172166978194,0.4191693730206814,-5.825734935476495,4.999999980748799,0.0004603975473355534,-0.1602741161198666,0.47244019978488083,-5.568079722609222,0.0006198061732549117,-78.17682123319187,-76.78525819297191,-135.88191965527324,-137.19313813705543,1.391563040219964,-1.3112184817821912,True,False,0.006737946999085467,0.0003354626279025118,0.04978706836786394,0.0029506348291006854,0.43791302791457226,148.41315624544512,-7.683420208377579,-5.825734935476495,-0.8257349547276958,7.999999980748799,-0.8257349354764951,0.20916937302068142,-0.0004396024526644466,7.999999980748799,0.8257349354764951,0.20916937302068142,0.0004396024526644466,False,False,ictal_scale,low,low,low,-0.17202164729435945,0.068528789691528,0.005781531410188802,0.00588893904678834,0.006737946999085467,1200,500,10,84.44414138793945
-5,-3.0,0.21,0.0009,55,1440954536,True,,60,-0.16,-0.1535456160298942,0.19565747183338794,-4.671383310179977,-4.985305798661369,0.0008395203477900297,-0.1670682110123587,0.37163395396500826,-6.097702174921515,0.005153527496248202,-61.16459640196232,-61.25398687291329,-101.85746999281415,-106.13059549693817,-0.08939047095096697,-4.273125504124025,False,False,0.006737946999085467,0.0003354626279025118,0.04978706836786394,0.00935931373416588,6.399605553040679e-05,0.006837686752265949,-7.082679843753481,-4.671383310179977,-9.656689108841347,-1.9853057986613694,0.3286166898200227,-0.01434252816661205,-6.047965220997028e-05,1.9853057986613694,0.3286166898200227,0.01434252816661205,6.047965220997028e-05,False,False,ictal_scale,low,low,low,-0.16275097152791868,0.07599945040009412,0.005644380963178802,0.005656261693892998,0.006737946999085467,1200,500,10,75.14815878868103
-5,-3.0,0.21,0.0009,56,2042559516,True,,60,-0.16,-0.16117084518696279,0.1196549057514309,-4.741388096516447,-4.9999999746905255,0.0006923404381894639,-0.15521701472255522,0.3793966120796552,-6.399320309910549,0.005617528254441661,-63.922934892209376,-62.5642149270583,-107.37414697330826,-108.7510516052282,1.3587199651510744,-1.3769046319199418,True,False,0.006737946999085467,0.0003354626279025118,0.04978706836786394,0.008726524516114628,5.879886116396852e-05,0.006737947169619367,-7.275432760619042,-4.741388096516447,-9.741388071206973,-1.9999999746905255,0.258611903483553,-0.0903450942485691,-0.00020765956181053604,1.9999999746905255,0.258611903483553,0.0903450942485691,0.00020765956181053604,False,False,ictal_scale,low,low,low,-0.16180414470724974,0.0722130411532057,0.005729771906848246,0.005783169435132637,0.006737946999085467,1200,500,10,88.63274121284485
-5,-3.0,0.21,0.0009,57,1431582494,True,,60,-0.16,-0.15425482470622187,0.1845864790302013,-4.780420951112853,-4.977716440247278,0.0008103498111739378,-0.17123619556630126,0.43576000994955594,-5.230770190946357,0.002347425285862107,-62.27269317056787,-60.159898877035594,-104.07366353002524,-103.94241950518278,2.112794293532275,0.13124402484245934,True,True,0.006737946999085467,0.0003354626279025118,0.04978706836786394,0.008392465406163062,5.7822222066218654e-05,0.006889777826639175,-7.118044537878081,-4.780420951112853,-9.75813739136013,-1.9777164402472778,0.2195790488871472,-0.02541352096979868,-8.965018882606214e-05,1.9777164402472778,0.2195790488871472,0.02541352096979868,8.965018882606214e-05,False,False,ictal_scale,low,low,low,-0.15509160540734798,0.076936096788257,0.005682301490801406,0.005697288103548463,0.006737946999085467,1200,500,10,85.88668775558472
-5,-3.0,0.21,0.0009,58,213635063,True,,60,-0.16,-0.14880998074525192,-0.013780899598621355,-4.840515132996979,-4.982522179550357,0.00048730303191002065,-0.149327125848351,0.3673991717551862,-6.781190132075481,0.0049116082496711904,-67.16556090369588,-66.8681525686048,-113.85939899628124,-117.3589268883212,0.29740833509107745,-3.49952789203995,True,False,0.006737946999085467,0.0003354626279025118,0.04978706836786394,0.007902981916078307,5.418874583242426e-05,0.006856746783410871,-7.626624386279007,-4.840515132996979,-9.823037312547335,-1.9825221795503571,0.15948486700302134,-0.22378089959862135,-0.0004126969680899793,1.9825221795503571,0.15948486700302134,0.22378089959862135,0.0004126969680899793,False,False,ictal_scale,low,low,low,-0.15627570675789482,0.07306054282103965,0.005686324972324989,0.005729971779684025,0.006737946999085467,1200,500,10,75.19299578666687
-5,-3.0,0.21,0.0009,59,1322871566,True,,60,-0.16,-0.15024748458108608,0.137028757557965,-4.726603294928562,-3.9621341585422067,0.000683658572541548,-0.1466293599026207,0.3553944738914869,-6.552344474737864,0.005939639107311216,-61.54564060861437,-61.24331168013549,-102.61955840611824,-106.10924511138258,0.3023289284788788,-3.489686705264333,True,False,0.006737946999085467,0.0003354626279025118,0.04978706836786394,0.0088565029345403,0.00016847259649571957,0.019022473965280073,-7.2880519279159754,-4.726603294928562,-8.688737453470768,-0.9621341585422067,0.27339670507143765,-0.07297124244203498,-0.00021634142745845198,0.9621341585422067,0.27339670507143765,0.07297124244203498,0.00021634142745845198,False,False,ictal_scale,low,low,low,-0.1460102361909246,0.0819467437187752,0.0055208527875362555,0.005625047826799901,0.006737946999085467,1200,500,10,69.90544772148132
-5,-3.0,0.21,0.0009,60,1924476546,True,,60,-0.16,-0.14347090665610834,0.1728320959598781,-4.69257639025451,-4.99999976958442,0.0006589571578372857,-0.14606529331174117,0.4455583051544969,-6.360048070772024,0.005592223015298245,-61.98174923060971,-60.75634180929196,-103.4917756501089,-105.13530536969552,1.2254074213177475,-1.6435297195866099,True,False,0.006737946999085467,0.0003354626279025118,0.04978706836786394,0.009163048131024726,6.174014688280387e-05,0.006737948551613611,-7.32485203644413,-4.69257639025451,-9.69257615983893,-1.99999976958442,0.30742360974548966,-0.03716790404012188,-0.00024104284216271425,1.99999976958442,0.30742360974548966,0.03716790404012188,0.00024104284216271425,False,False,ictal_scale,low,low,low,-0.1399914398853684,0.08153784048817046,0.005648407609499065,0.005807634845133955,0.006737946999085467,1200,500,10,92.78844904899597
-5,-3.0,0.21,0.0009,61,1868224658,True,,60,-0.16,-0.16114613147980317,0.036964216876319164,-5.2189482422638145,-4.999920440717235,0.00046258735708977255,-0.1592988897808676,0.3558965529212579,-7.930831275562614,0.004480540355308632,-74.04811066290948,-74.03403158764569,-127.62449851470845,-131.69068492640298,0.014079075263794039,-4.066186411694531,True,False,0.006737946999085467,0.0003354626279025118,0.04978706836786394,0.005413019318509019,3.64755391254346e-05,0.0067384830866411135,-7.678675138653309,-5.2189482422638145,-10.21886868298105,-1.9999204407172346,-0.21894824226381449,-0.17303578312368084,-0.0004374126429102274,1.9999204407172346,0.21894824226381449,0.17303578312368084,0.0004374126429102274,False,False,ictal_scale,low,low,low,-0.16235300424945712,0.06586774753039477,0.005773223838239893,0.0058578421919467626,0.006737946999085467,1200,500,10,88.38028955459595
-5,-3.0,0.21,0.0009,62,1815765618,True,,60,-0.16,-0.19173030206002006,0.21686360585837572,-4.91893456391476,-4.9999999782912,0.0004129370383855315,-0.1941514306557128,0.40819868192314357,-5.330846500652766,0.00045820986438312026,-70.07245242438886,-67.3201430767757,-119.6731820376672,-118.26290790466298,2.7523093476131635,1.410274133004222,True,True,0.006737946999085467,0.0003354626279025118,0.04978706836786394,0.007306911748474309,4.923358515701686e-05,0.006737947145358213,-7.792215426054542,-4.91893456391476,-9.91893454220596,-1.9999999782912,0.08106543608523964,0.0068636058583757265,-0.00048706296161446847,1.9999999782912,0.08106543608523964,0.0068636058583757265,0.00048706296161446847,False,False,ictal_scale,low,low,low,-0.1915778242010411,0.0703230252020923,0.0056428279703592465,0.005699033162747233,0.006737946999085467,1200,500,10,86.84962463378906
-5,-3.0,0.21,0.0009,63,1976935586,True,,60,-0.16,-0.13819742814262667,0.2450409619165642,-5.287019895916449,-1.5485595339103904,0.00048082574342334387,-0.14087920569353612,0.4452987318772481,-6.050903233884947,0.0025524040047615656,-71.9906736644986,-73.0740013478566,-123.50962451788669,-129.7706244468248,-1.083327683357993,-6.260999928938105,False,False,0.006737946999085467,0.0003354626279025118,0.04978706836786394,0.005056807640272987,0.0010748443379150203,0.21255393014257426,-7.640005633282835,-5.287019895916449,-6.83557942982684,1.4514404660896096,-0.2870198959164494,0.035040961916564195,-0.0004191742565766561,1.4514404660896096,0.2870198959164494,0.035040961916564195,0.0004191742565766561,False,False,ictal_scale,low,low,low,-0.1441380958574135,0.06629660811325086,0.005782916780033618,0.0057775081811083295,0.006737946999085467,1200,500,10,87.37193298339844
-5,-3.0,0.21,0.0009,64,1806393576,True,,60,-0.16,-0.14929273500238138,0.2172509901530235,-5.381835356413745,3.4648377792585934,0.000715764252155874,-0.15458106813353253,0.36033570798658415,-6.034006819527118,0.004156721128509776,-65.55158541216164,-65.52600005041822,-110.63144801321278,-114.67462185194803,0.025585361743424073,-4.043173838735257,True,False,0.006737946999085467,0.0003354626279025118,0.04978706836786394,0.004599372690514872,0.14704779968186946,31.9712729488352,-7.242159701986077,-5.381835356413745,-1.916997577155152,6.464837779258593,-0.38183535641374533,0.0072509901530234955,-0.00018423574784412597,6.464837779258593,0.38183535641374533,0.0072509901530234955,0.00018423574784412597,False,False,ictal_scale,low,low,low,-0.15242484874664966,0.07495325829029811,0.005701826847463203,0.005754520391834451,0.006737946999085467,1200,500,10,86.20312452316284
-5,-3.0,0.21,0.0009,65,1986307628,True,,60,-0.16,-0.17117114564431507,0.22851693865574557,-5.2703030649977665,-4.994329335547835,0.0005259758311712129,-0.1663382396962929,0.4387591566584183,-6.463268483214653,0.0029685774145910763,-74.64190899477924,-74.75231126023907,-128.81209517844798,-133.12724427158975,-0.11040226545982534,-4.31514909314177,False,False,0.006737946999085467,0.0003354626279025118,0.04978706836786394,0.005142051960895876,3.4843902487879335e-05,0.006776264174858438,-7.550255294625923,-5.2703030649977665,-10.2646324005456,-1.9943293355478353,-0.27030306499776646,0.01851693865574558,-0.00037402416882878703,1.9943293355478353,0.27030306499776646,0.01851693865574558,0.00037402416882878703,False,False,ictal_scale,low,low,low,-0.1617159860150645,0.06771221823424328,0.005719795040544062,0.005687885567462738,0.006737946999085467,1200,500,10,90.61220622062683
-5,-3.0,0.21,0.0009,66,663442113,True,,60,-0.16,-0.14842757003809334,0.33336563855022877,-5.380678864842408,-4.986923529638539,0.0004535892807973236,-0.15992269076708543,0.44552073422035965,-5.679911780968519,0.0005101698441028055,-78.42981992360599,-77.62850018918951,-136.38791703610147,-138.87962212949063,0.8013197344164809,-2.4917050933891574,True,False,0.006737946999085467,0.0003354626279025118,0.04978706836786394,0.004604694903218765,3.1434567509189576e-05,0.006826634157067875,-7.6983184372291555,-5.380678864842408,-10.367602394480947,-1.9869235296385392,-0.380678864842408,0.12336563855022878,-0.00044641071920267637,1.9869235296385392,0.380678864842408,0.12336563855022878,0.00044641071920267637,False,False,ictal_scale,low,low,low,-0.1484763691476341,0.0651680317031283,0.005832443617759531,0.005994564286938644,0.006737946999085467,1200,500,10,80.92781591415405
-5,-3.0,0.21,0.0009,67,2095018556,True,,60,-0.16,-0.16194104305769144,0.031098932749714363,-4.708050382345089,-4.9999999782912,0.000603306634574088,-0.16164796836394402,0.07208080325826192,-8.44609594632869,0.007304519099452591,-62.555816810752674,-61.46806196763674,-104.63991081039484,-106.55874568638508,1.0877548431159312,-1.9188348759902425,True,False,0.006737946999085467,0.0003354626279025118,0.04978706836786394,0.009022350580537237,6.07921213385519e-05,0.006737947145358213,-7.413084975438812,-4.708050382345089,-9.708050360636289,-1.9999999782912,0.291949617654911,-0.17890106725028562,-0.00029669336542591197,1.9999999782912,0.291949617654911,0.17890106725028562,0.00029669336542591197,False,False,ictal_scale,low,low,low,-0.16284168898206006,0.08063109745912884,0.0056201236541546405,0.005842063762702547,0.006737946999085467,1200,500,10,70.78393149375916
-5,-3.0,0.21,0.0009,68,554731185,True,,60,-0.16,-0.1690133612884739,0.27131867663557657,-4.8585350614661325,-3.5164407731954213,0.0007975430522559987,-0.17328883015431737,0.44538838609871567,-5.188014415995619,0.0018417549785622205,-61.890621790692954,-61.41043315982931,-103.30952077027541,-106.44348807077021,0.48018863086364405,-3.1339673004948025,True,False,0.006737946999085467,0.0003354626279025118,0.04978706836786394,0.007761846194150699,0.00023056543921699406,0.02970497397780792,-7.133974740742298,-4.8585350614661325,-8.374975834661553,-0.5164407731954213,0.14146493853386755,0.06131867663557658,-0.00010245694774400124,0.5164407731954213,0.14146493853386755,0.06131867663557658,0.00010245694774400124,False,False,ictal_scale,low,low,low,-0.17064584207994601,0.08095503335850368,0.005618132083560131,0.005706473502650599,0.006737946999085467,1200,500,10,64.81942915916443
-5,-3.0,0.21,0.0009,69,2104390598,True,,60,-0.16,-0.16019674277729257,0.19693223387688627,-4.645325512496068,-4.940026076197291,0.0009897502660558978,-0.15892677695725715,0.4070054774625593,-5.055579658722362,0.0014251628291995035,-58.47385015292518,-56.51742115004845,-96.47597749473985,-96.65746405120849,1.9564290028767317,-0.18148655646864142,True,False,0.006737946999085467,0.0003354626279025118,0.04978706836786394,0.00960640214673397,6.872815697047485e-05,0.007154411810028317,-6.918057903166857,-4.645325512496068,-9.58535158869336,-1.9400260761972907,0.3546744875039316,-0.013067766123113722,8.975026605589779e-05,1.9400260761972907,0.3546744875039316,0.013067766123113722,8.975026605589779e-05,False,False,ictal_scale,low,low,low,-0.15340547859958864,0.08529852183695864,0.005600777691338383,0.005749364737479296,0.006737946999085467,1200,500,10,64.90056824684143
-5,-3.0,0.21,0.0009,70,1602124504,True,,60,-0.16,-0.16472387148018544,0.2797222321891922,-4.904195349718763,-4.9999999782912,0.0006765572537260631,-0.16659102474108084,0.45443967521200845,-5.528082386029012,0.0023265478150325506,-66.64293940014144,-64.83955960259195,-112.81415598917238,-113.30174095629549,1.8033797975494963,-0.4875849671231123,True,False,0.006737946999085467,0.0003354626279025118,0.04978706836786394,0.007415407492685352,4.9964623747007215e-05,0.006737947145358213,-7.2984934816713265,-4.904195349718763,-9.904195328009962,-1.9999999782912,0.09580465028123708,0.06972223218919218,-0.00022344274627393687,1.9999999782912,0.09580465028123708,0.06972223218919218,0.00022344274627393687,False,False,ictal_scale,low,low,low,-0.16564176253651092,0.07423504763352994,0.005785145061048861,0.005965322858067647,0.006737946999085467,1200,500,10,86.45179629325867
-5,-3.0,0.21,0.0009,71,65617879,True,,60,-0.16,-0.15639996225159727,0.2590607442322704,-5.004990898086028,-3.2362232568310842,0.0006014221857599371,-0.15900211597507125,0.45501332092191143,-5.458078744672221,0.0006664014436298776,-69.28141371951281,-65.81737626198596,-118.09110462791512,-115.2573742750835,3.4640374575268567,2.8337303528316085,True,True,0.006737946999085467,0.0003354626279025118,0.04978706836786394,0.006704402370844825,0.00026356404752240516,0.03931208673700077,-7.416213397900818,-5.004990898086028,-8.241214154917113,-0.23622325683108425,-0.004990898086028039,0.04906074423227039,-0.0002985778142400629,0.23622325683108425,0.004990898086028039,0.04906074423227039,0.0002985778142400629,False,False,ictal_scale,low,low,low,-0.15580070469453985,0.06812436927129725,0.005781334695324829,0.005952691845309175,0.006737946999085467,1200,500,10,86.38053822517395
-5,-3.0,0.21,0.0009,72,436648215,True,,60,-0.16,-0.17471402891812246,0.3016707448940532,-5.001940370155241,-4.999999958483853,0.0005615816384782037,-0.1782777886925131,0.43513987702863177,-5.6982970849334365,0.0018699586412400436,-69.88291966605888,-69.75814223610072,-119.29411652100725,-123.13890622331304,0.12477742995815788,-3.844789702305789,True,False,0.006737946999085467,0.0003354626279025118,0.04978706836786394,0.006724885563928393,4.5311924385840964e-05,0.0067379472788190705,-7.4847534008046095,-5.001940370155241,-10.001940328639094,-1.999999958483853,-0.0019403701552409558,0.09167074489405322,-0.0003384183615217963,1.999999958483853,0.0019403701552409558,0.09167074489405322,0.0003384183615217963,False,False,ictal_scale,low,low,low,-0.17892948677207451,0.06831052496405132,0.005673180294350033,0.005684688048958797,0.006737946999085467,1200,500,10,81.3186547756195
-5,-3.0,0.21,0.0009,73,1038253195,True,,60,-0.16,-0.1617984667001616,0.20556538609215427,-4.9251886274723535,-0.11386797954467097,0.000762121211761772,-0.15622607728844262,0.42765798135192906,-5.040053811424135,0.0007934770810124742,-61.554181114849754,-59.153534031868034,-102.636639418589,-101.92968981484766,2.4006470829817204,0.7069496037413359,True,True,0.006737946999085467,0.0003354626279025118,0.04978706836786394,0.0072613564593112835,0.006479858488719216,0.8923757599601178,-7.1794049443745,-4.9251886274723535,-5.039056607017025,2.886132020455329,0.07481137252764647,-0.004434613907845719,-0.00013787878823822797,2.886132020455329,0.07481137252764647,0.004434613907845719,0.00013787878823822797,False,False,ictal_scale,low,low,low,-0.16050971674758727,0.07545160859369542,0.005752862068698099,0.005884256484905057,0.006737946999085467,1200,500,10,82.4693238735199
-5,-3.0,0.21,0.0009,74,1720207474,True,,60,-0.16,-0.16106545434253353,0.11164211462168744,-4.9619461736082595,-3.2474591138806135,0.000587706370647372,-0.1589972739405961,0.3500625183827347,-6.260857204080587,0.004416228905950752,-66.6862466438477,-66.34614790585348,-112.90077047658488,-116.31491756281856,0.34009873799421086,-3.414147086233683,True,False,0.006737946999085467,0.0003354626279025118,0.04978706836786394,0.006999292729963136,0.00027208248404091866,0.03887285394939496,-7.439283104439521,-4.9619461736082595,-8.209405287488874,-0.24745911388061348,0.038053826391740486,-0.09835788537831255,-0.000312293629352628,0.24745911388061348,0.038053826391740486,0.09835788537831255,0.000312293629352628,False,False,ictal_scale,low,low,low,-0.15549228985114774,0.07884418462812508,0.005618824662980361,0.005781448238174171,0.006737946999085467,1200,500,10,86.1808922290802
-5,-3.0,0.21,0.0009,75,929542267,True,,60,-0.16,-0.1448384504770519,0.31186099881728757,-5.009699043140983,-4.9999999782912,0.0004797344954036917,-0.15348090950455917,0.4573105473132719,-5.539480808836855,0.0011262531986430235,-70.85656609777392,-68.20064934775328,-121.24140938443733,-120.02392044661816,2.655916750020637,1.2174889378191693,True,True,0.006737946999085467,0.0003354626279025118,0.04978706836786394,0.006672911262500077,4.496172339239103e-05,0.006737947145358213,-7.642277741673344,-5.009699043140983,-10.009699021432183,-1.9999999782912,-0.009699043140982688,0.10186099881728758,-0.0004202655045963083,1.9999999782912,0.009699043140982688,0.10186099881728758,0.0004202655045963083,False,False,ictal_scale,low,low,low,-0.1477996866126414,0.07363341330308666,0.005741255908784751,0.006024835742030868,0.006737946999085467,1200,500,10,94.90814399719238
-5,-3.0,0.21,0.0009,76,1828918402,True,,60,-0.16,-0.15943249564024778,-0.07509948723597476,-4.979514355025355,-4.9999999782912,0.0006115943744528408,-0.16136688913364156,-0.009213868887170837,-5.193735308442191,1.7702217280219852e-05,-69.96164536999261,-67.10527404145708,-119.45156792887471,-117.83316983402575,2.8563713285355306,1.6183980948489562,True,True,0.006737946999085467,0.0003354626279025118,0.04978706836786394,0.006877401722191344,4.633956930152083e-05,0.006737947145358213,-7.399441282034009,-4.979514355025355,-9.979514333316555,-1.9999999782912,0.020485644974645112,-0.2850994872359748,-0.00028840562554715914,1.9999999782912,0.020485644974645112,0.2850994872359748,0.00028840562554715914,False,False,ictal_scale,low,low,low,-0.1607359897449591,0.06885150556310388,0.005786624373161613,0.005783826834956705,0.006737946999085467,1200,500,10,75.40970802307129
-5,-3.0,0.21,0.0009,77,920170225,True,,60,-0.16,-0.17478918732352558,0.00575234116098003,-5.020208749098916,-4.9999999782912,0.0004770730213925965,-0.18138289355184037,-0.12348674536289578,-10.820848563473596,0.005755344941381872,-70.4218018681569,-69.46043664269729,-120.3718809252033,-122.54349503650617,0.9613652254596161,-2.1716141113028726,True,False,0.006737946999085467,0.0003354626279025118,0.04978706836786394,0.006603148164205505,4.449166332338577e-05,0.006737947145358213,-7.647840994111701,-5.020208749098916,-10.020208727390116,-1.9999999782912,-0.020208749098915568,-0.20424765883901996,-0.00042292697860740346,1.9999999782912,0.020208749098915568,0.20424765883901996,0.00042292697860740346,False,False,ictal_scale,low,low,low,-0.18392542746418944,0.07304863917292428,0.005639861586024615,0.00567003714536951,0.006737946999085467,1200,500,10,83.09605765342712
-5,-3.0,0.21,0.0009,78,1838290444,True,,60,-0.16,-0.15216475725737408,0.24152787106141482,-5.039496138730422,-2.8594672071089926,0.0007288751000319046,-0.15549561963845795,0.4101343384149981,-6.004446825739429,0.003385190508404211,-67.44241586512025,-67.72227087462706,-114.41310891913,-119.06716350036571,-0.27985500950680375,-4.654054581235712,False,False,0.006737946999085467,0.0003354626279025118,0.04978706836786394,0.006477011011239269,0.00037112807257178634,0.057299280783649174,-7.224008171180454,-5.039496138730422,-7.898963345839414,0.1405327928910074,-0.03949613873042157,0.03152787106141483,-0.00017112489996809542,0.1405327928910074,0.03949613873042157,0.03152787106141483,0.00017112489996809542,False,False,ictal_scale,low,low,low,-0.1552215264001089,0.07428892465194271,0.005758404939805712,0.0059235295371134165,0.006737946999085467,1200,500,10,64.21540570259094
-5,-3.0,0.21,0.0009,79,811459297,True,,60,-0.16,-0.1648344025512561,0.18868811699423968,-4.965719022813204,-4.9999999782912,0.0005351209910286179,-0.17595508884274136,0.41774906804035167,-5.880091935819795,0.003619856572032945,-65.30303749509847,-63.50042045702686,-110.13435217908642,-110.62346266516532,1.8026170380716025,-0.48911048607889995,True,False,0.006737946999085467,0.0003354626279025118,0.04978706836786394,0.006972935206697338,4.6983268870734115e-05,0.006737947145358213,-7.533017685181292,-4.965719022813204,-9.965719001104404,-1.9999999782912,0.034280977186796235,-0.021311883005760313,-0.00036487900897138204,1.9999999782912,0.034280977186796235,0.021311883005760313,0.00036487900897138204,False,False,ictal_scale,low,low,low,-0.17664181126715844,0.08124038747414025,0.005673216720417104,0.005839694496120908,0.006737946999085467,1200,500,10,70.2240355014801
-5,-3.0,0.21,0.0009,80,833758260,True,,60,-0.16,-0.13745710701995756,0.2683746370188524,-5.02319114438826,-3.9923219428274472,0.0007448162200621552,-0.13578415906670988,0.45324123304779435,-5.349837123765514,0.0007190428752152204,-68.64901197797452,-66.8948593545855,-116.82630114483854,-117.4123404602826,1.7541526233890181,-0.5860393154440686,True,False,0.006737946999085467,0.0003354626279025118,0.04978706836786394,0.00658348430350381,0.00012151011018872594,0.018456808672583407,-7.202373054496665,-5.02319114438826,-9.015513087215707,-0.9923219428274472,-0.0231911443882602,0.0583746370188524,-0.0001551837799378448,0.9923219428274472,0.0231911443882602,0.0583746370188524,0.0001551837799378448,False,False,ictal_scale,low,low,low,-0.13435192507678656,0.07487597609122909,0.005607499636642927,0.005675947931492897,0.006737946999085467,1200,500,10,82.91129875183105
-5,-3.0,0.21,0.0009,81,802087255,True,,60,-0.16,-0.15055089058665044,0.09116318423962445,-4.939072707114779,-0.2394455997185602,0.0007648924794774572,-0.1479640683387523,0.3770354308776734,-6.635408518917117,0.006306643726715875,-61.768015748667246,-61.63392783571427,-103.064308686224,-106.89047742254013,0.13408791295297817,-3.8261687363161343,True,False,0.006737946999085467,0.0003354626279025118,0.04978706836786394,0.007161235857452602,0.005636351574006435,0.7870640886853012,-7.175775283718443,-4.939072707114779,-5.178518306833339,2.76055440028144,0.06092729288522136,-0.11883681576037554,-0.0001351075205225428,2.76055440028144,0.06092729288522136,0.11883681576037554,0.0001351075205225428,False,False,ictal_scale,low,low,low,-0.1505873820180178,0.07036843769363217,0.005762884201517021,0.005857611015990468,0.006737946999085467,1200,500,10,66.0268452167511
-5,-3.0,0.21,0.0009,82,1304353349,True,,60,-0.16,-0.1446324382520851,0.1806634011776704,-4.956474717650624,-4.999999940242964,0.0006661887451751143,-0.14556828330167826,0.41959374421693457,-6.407417406806466,0.004221630810455672,-68.71484283833263,-68.04035830713369,-116.95796286555475,-119.70333836537897,0.6744845311989422,-2.7453754998242204,True,False,0.006737946999085467,0.0003354626279025118,0.04978706836786394,0.007037694011529121,4.741961207911977e-05,0.006737947401725218,-7.313937526410574,-4.956474717650624,-9.956474657893589,-1.9999999402429642,0.043525282349375694,-0.029336598822329585,-0.0002338112548248857,1.9999999402429642,0.043525282349375694,0.029336598822329585,0.0002338112548248857,False,False,ictal_scale,low,low,low,-0.14613083075683372,0.07597336485496059,0.00565497334397056,0.005749808800431437,0.006737946999085467,1200,500,10,84.11265301704407
-5,-3.0,0.21,0.0009,83,693376327,True,,60,-0.16,-0.164302060538463,0.15434879040167304,-4.772680347535011,-4.9999999782912,0.0009499215360936225,-0.15925399646516925,0.24385066001611216,-7.1850819884570925,0.006393876382029165,-63.51757849750514,-62.67396024015221,-106.56343418389977,-108.97054223141602,0.8436182573529294,-2.407108047516246,True,False,0.006737946999085467,0.0003354626279025118,0.04978706836786394,0.008457680229337301,5.698740235761582e-05,0.006737947145358213,-6.959131170366386,-4.772680347535011,-9.772680325826212,-1.9999999782912,0.2273196524649892,-0.05565120959832695,4.992153609362248e-05,1.9999999782912,0.2273196524649892,0.05565120959832695,4.992153609362248e-05,False,False,ictal_scale,low,low,low,-0.1609555389617677,0.0762562003974975,0.00573659427291106,0.005859552001063378,0.006737946999085467,1200,500,10,87.76099991798401
-5,-3.0,0.21,0.0009,84,1195642421,True,,60,-0.16,-0.13131197273682377,0.07098238362824941,-5.084685333858937,-4.999999877290123,0.0006676767007667904,-0.13077689695960595,0.437871487063461,-6.395100358793925,0.003975877427438826,-71.96962041113257,-70.78260280904284,-123.46751801115462,-125.18782736919728,1.1870176020897247,-1.7203093580426554,True,False,0.006737946999085467,0.0003354626279025118,0.04978706836786394,0.006190834829951903,4.1713522082969025e-05,0.006737947825898164,-7.311706482472219,-5.084685333858937,-10.084685211149061,-1.999999877290123,-0.08468533385893728,-0.13901761637175059,-0.0002323232992332096,1.999999877290123,0.08468533385893728,0.13901761637175059,0.0002323232992332096,False,False,ictal_scale,low,low,low,-0.13657301584764012,0.07012948055604402,0.0057001678540924096,0.005904690399981673,0.006737946999085467,1200,500,10,82.93160605430603
-5,-3.0,0.21,0.0009,85,1463479362,True,,60,-0.16,-0.16780125341907312,0.20611604168462008,-4.768977336212264,-4.991522106919493,0.0007393542016624657,-0.1684352174117062,0.40891843527517135,-5.87512600210243,0.003601784152097188,-63.93053309918719,-63.76494139011218,-107.38934338726386,-111.15250453133595,0.16559170907500942,-3.763161144072086,True,False,0.006737946999085467,0.0003354626279025118,0.04978706836786394,0.008489057173726739,5.768580416065174e-05,0.006795313422930733,-7.209733453246925,-4.768977336212264,-9.760499443131756,-1.9915221069194926,0.23102266378773617,-0.0038839583153799095,-0.00016064579833753427,1.9915221069194926,0.23102266378773617,0.0038839583153799095,0.00016064579833753427,False,False,ictal_scale,low,low,low,-0.16179302372272836,0.07541165298590861,0.0055975944355642114,0.005540074194319905,0.006737946999085467,1200,500,10,77.4810540676117
-5,-3.0,0.21,0.0009,86,1186270379,True,,60,-0.16,-0.15258005687587312,0.1757774320905866,-5.003901578783552,-3.7059475894951195,0.00046546910914051757,-0.1511648274017478,0.4141661539189326,-5.803139642965839,0.0029894355799235123,-66.21021997933624,-65.56338878302975,-111.94871714756198,-114.7493993171711,0.6468311963064934,-2.800682169609118,True,False,0.006737946999085467,0.0003354626279025118,0.04978706836786394,0.006711709584981086,0.00016495313276196515,0.02457691750118088,-7.672464824049506,-5.003901578783552,-8.709849168278671,-0.7059475894951195,-0.0039015787835516846,-0.03422256790941339,-0.0004345308908594824,0.7059475894951195,0.0039015787835516846,0.03422256790941339,0.0004345308908594824,False,False,ictal_scale,low,low,low,-0.14856709319456993,0.07493641987807574,0.005668304650836766,0.005681928080124658,0.006737946999085467,1200,500,10,95.5087399482727
-5,-3.0,0.21,0.0009,87,458947178,True,,60,-0.16,-0.17282163017392596,0.07781421500117548,-4.857263422665706,-4.999999958623203,0.0007726129594286093,-0.17537614489925776,0.30966207884094593,-6.121398728037882,0.004494974701581169,-64.725677474109,-64.19068231983339,-108.9796321371075,-112.00398639077837,0.5349951542756202,-3.0243542536708645,True,False,0.006737946999085467,0.0003354626279025118,0.04978706836786394,0.007771722737300951,5.236545806223607e-05,0.006737947277880138,-7.165732334084771,-4.857263422665706,-9.85726338128891,-1.999999958623203,0.14273657733429435,-0.1321857849988245,-0.00012738704057139072,1.999999958623203,0.14273657733429435,0.1321857849988245,0.00012738704057139072,False,False,ictal_scale,low,low,low,-0.1750665633744692,0.07805694299343163,0.005643911384991264,0.00567636309820641,0.006737946999085467,1200,500,10,87.7843165397644
-5,-3.0,0.21,0.0009,88,1077559451,True,,60,-0.16,-0.15990102810807033,0.12894416742035297,-4.9122532208130965,0.35352108591479836,0.0009120380679606338,-0.15798218125402938,0.24229513000195171,-6.1215330119627005,0.006151089351335496,-58.7112096576211,-58.98039500992161,-96.95069650413168,-101.58341177095481,-0.26918535230051077,-4.632715266823126,False,False,0.006737946999085467,0.0003354626279025118,0.04978706836786394,0.007355895188243472,0.010475331835193261,1.4240730145170384,-6.999828827576176,-4.9122532208130965,-4.558732134898298,3.3535210859147986,0.08774677918690355,-0.08105583257964702,1.203806796063378e-05,3.3535210859147986,0.08774677918690355,0.08105583257964702,1.203806796063378e-05,False,False,ictal_scale,low,low,low,-0.16178390080647956,0.08447410032580827,0.005591890020686532,0.00568256335142827,0.006737946999085467,1200,500,10,65.62137603759766
-5,-3.0,0.21,0.0009,89,468319220,True,,60,-0.16,-0.15135058174658803,0.2349463457145425,-4.8648490577676835,-4.9999999782912,0.000706742449291065,-0.14697874502867778,0.4621661853155677,-5.235796609235416,0.0012501782173201322,-65.26308759540817,-62.252925388553116,-110.05445237970582,-108.12847252821783,3.0101622068550498,1.9259798514879947,True,True,0.006737946999085467,0.0003354626279025118,0.04978706836786394,0.007712992319881192,5.196973458391329e-05,0.006737947145358213,-7.254844245153248,-4.8648490577676835,-9.864849036058883,-1.9999999782912,0.1351509422323165,0.024946345714542517,-0.000193257550708935,1.9999999782912,0.1351509422323165,0.024946345714542517,0.000193257550708935,False,False,ictal_scale,low,low,low,-0.15183978169268386,0.07203016819484181,0.005748791098668336,0.005973204797541771,0.006737946999085467,1200,500,10,74.86939740180969
-5,-3.0,0.21,0.0009,90,1068187409,True,,60,-0.16,-0.14822882418695102,0.1924797305516351,-5.51988750993627,4.541395242221441,0.0005846492039375238,-0.14424692542727896,0.46492446846038965,-5.263381249888779,0.0008650027630208371,-68.85355369743941,-65.83084983577317,-117.23538458376831,-115.28432142265792,3.022703861666244,1.9510631611103832,True,True,0.006737946999085467,0.0003354626279025118,0.04978706836786394,0.004006298585526697,0.3758773943158202,93.82161271596901,-7.444498541984067,-5.51988750993627,-0.9784922677148291,7.541395242221441,-0.5198875099362699,-0.017520269448364906,-0.0003153507960624762,7.541395242221441,0.5198875099362699,0.017520269448364906,0.0003153507960624762,False,False,ictal_scale,low,low,low,-0.14977388597946567,0.07428246551773471,0.005637841388915404,0.005622665019157147,0.006737946999085467,1200,500,10,83.9724645614624
-5,-3.0,0.21,0.0009,91,577030148,True,,60,-0.16,-0.15096533501529577,0.36267696899597685,-5.032519956843866,-4.450366672235544,0.0007062372968248203,-0.14427105279973518,0.43706365462477237,-5.650998123098894,0.0019038596987913116,-69.18594921180942,-69.22093377237252,-117.90017561250832,-122.06448929585663,-0.03498456056310317,-4.164313683348311,False,False,0.006737946999085467,0.0003354626279025118,0.04978706836786394,0.006522353793993048,7.614382064348446e-05,0.01167428554912358,-7.255559262462102,-5.032519956843866,-9.48288662907941,-1.4503666722355444,-0.032519956843866105,0.15267696899597685,-0.00019376270317517964,1.4503666722355444,0.032519956843866105,0.15267696899597685,0.00019376270317517964,False,False,ictal_scale,low,low,low,-0.1456661034301493,0.07055974931730201,0.00571667109945419,0.00571981617365114,0.006737946999085467,1200,500,10,81.18336081504822
-5,-3.0,0.21,0.0009,92,74764054,True,,60,-0.16,-0.16793789944832105,-0.03359833977969369,-4.734982232642985,-2.147591518800692,0.0009703209478513562,-0.177295412623818,-0.036163660872457294,-4.936782598042771,0.00012859237406088355,-58.93513531719649,-57.94699653788433,-97.39854782328248,-99.51661482688026,0.988138779312159,-2.1180670035977727,True,False,0.006737946999085467,0.0003354626279025118,0.04978706836786394,0.008782604874050986,0.0010255012603486435,0.11676504579849448,-6.937883667120037,-4.734982232642985,-6.882573751443678,0.852408481199308,0.26501776735701466,-0.2435983397796937,7.032094785135623e-05,0.852408481199308,0.26501776735701466,0.2435983397796937,7.032094785135623e-05,False,False,ictal_scale,low,low,low,-0.16520904024617017,0.08158195426551962,0.005613917157237358,0.005752445885011292,0.006737946999085467,1200,500,10,83.64111185073853
-5,-3.0,0.21,0.0009,93,685741076,True,,60,-0.16,-0.16660196006253292,0.2223637658891055,-5.100709159074285,-4.9999999782912,0.0005164318202350065,-0.17201559271253064,0.3818600373776194,-5.903778665821622,0.002654236257736154,-71.86852557512879,-70.64314650503754,-123.26532833914706,-124.90891476118667,1.2253790700912504,-1.6435864220396041,True,False,0.006737946999085467,0.0003354626279025118,0.04978706836786394,0.0060924245350497805,4.105043450424901e-05,0.006737947145358213,-7.568567281535017,-5.100709159074285,-10.100709137365484,-1.9999999782912,-0.10070915907428457,0.01236376588910551,-0.0003835681797649935,1.9999999782912,0.10070915907428457,0.01236376588910551,0.0003835681797649935,False,False,ictal_scale,low,low,low,-0.16883842954059694,0.07200076081773914,0.005753215202538314,0.005911042794270202,0.006737946999085467,1200,500,10,89.78266310691833
-5,-3.0,0.21,0.0009,94,84136096,True,,60,-0.16,-0.16732119014317523,0.16818308706131646,-5.106367126018908,-4.9999999782912,0.00043878576235939726,-0.16331964252079567,0.4496484730425274,-6.587613759169251,0.003551382920085592,-73.96685241172057,-72.7163372844191,-127.46198201233062,-129.0552963199498,1.250515127301469,-1.5933143076191811,True,False,0.006737946999085467,0.0003354626279025118,0.04978706836786394,0.006058051131905662,4.0818828330657844e-05,0.006737947145358213,-7.731499276854882,-5.106367126018908,-10.106367104310108,-1.9999999782912,-0.10636712601890785,-0.04181691293868353,-0.0004612142376406027,1.9999999782912,0.10636712601890785,0.04181691293868353,0.0004612142376406027,False,False,ictal_scale,low,low,low,-0.1605930928188975,0.06595068001109973,0.005754079797854436,0.0057793655860034375,0.006737946999085467,1200,500,10,88.26007556915283
-5,-3.0,0.21,0.0009,95,695113118,True,,60,-0.16,-0.15752117795230458,0.28513726540176404,-5.0797226420778845,-4.958900353245584,0.0007543525115317726,-0.1504422836705604,0.44512074248868766,-5.639730073699423,0.0020930760950856326,-70.02433501946742,-69.28513371693214,-119.57694722782432,-122.19288918497587,0.7392013025352782,-2.6159419571515485,True,False,0.006737946999085467,0.0003354626279025118,0.04978706836786394,0.00622163439624587,4.367987905916498e-05,0.0070206438175668745,-7.189650777285214,-5.0797226420778845,-10.038622995323468,-1.9589003532455838,-0.07972264207788449,0.07513726540176405,-0.0001456474884682274,1.9589003532455838,0.07972264207788449,0.07513726540176405,0.0001456474884682274,False,False,ictal_scale,low,low,low,-0.14917726066263481,0.07258511775904956,0.005670567061062886,0.0057367963681046585,0.006737946999085467,1200,500,10,95.94289112091064
-5,-3.0,0.21,0.0009,96,192847024,True,,60,-0.16,-0.15244291447365288,0.30633671997807144,-4.700360402179102,-4.9999999782912,0.0007481580015260295,-0.1385620658075104,0.45707267741258223,-5.158325630258142,0.0018650066332547245,-62.112731902088875,-59.88961895709927,-103.75374099306725,-103.40185966531014,2.2231129449896017,0.35188132775711267,True,True,0.006737946999085467,0.0003354626279025118,0.04978706836786394,0.009091999734629416,6.126141365754391e-05,0.006737947145358213,-7.197896370309461,-4.700360402179102,-9.700360380470302,-1.9999999782912,0.29963959782089766,0.09633671997807144,-0.0001518419984739705,1.9999999782912,0.29963959782089766,0.09633671997807144,0.0001518419984739705,False,False,ictal_scale,low,low,low,-0.1410295852932542,0.0866342650649821,0.005519386300554343,0.005672224843769492,0.006737946999085467,1200,500,10,80.57058787345886
-5,-3.0,0.21,0.0009,97,803824046,True,,60,-0.16,-0.15878956052973886,0.09887327009153651,-4.804803541149566,-4.999309109488702,0.0007693025039179155,-0.15253823070936834,0.3852519760336876,-6.403038141980975,0.005930459868390456,-62.62971182194608,-61.4854661119457,-104.78770083278167,-106.59355397500299,1.1442457100003836,-1.8058531422213235,True,False,0.006737946999085467,0.0003354626279025118,0.04978706836786394,0.008190309915198141,5.522401468543492e-05,0.006742603791214277,-7.170026292704324,-4.804803541149566,-9.804112650638267,-1.9993091094887019,0.19519645885043424,-0.11112672990846348,-0.00013069749608208452,1.9993091094887019,0.19519645885043424,0.11112672990846348,0.00013069749608208452,False,False,ictal_scale,low,low,low,-0.156718915883195,0.07814004335859558,0.005641471829625424,0.005767980816224566,0.006737946999085467,1200,500,10,88.00113654136658
-5,-3.0,0.21,0.0009,98,202219066,True,,60,-0.16,-0.1539761181264274,0.07268569972552795,-4.7558998768032055,-4.9995786503640725,0.0006369286602693513,-0.14977555580218505,0.41798279309990655,-6.582645964285137,0.005660623162917305,-63.26755056212876,-63.19694767092055,-106.06337831314701,-110.0165170929527,0.0706028912082104,-3.953138779805684,True,False,0.006737946999085467,0.0003354626279025118,0.04978706836786394,0.008600801548058564,5.7976168072088834e-05,0.006740786628796892,-7.35885290196155,-4.7558998768032055,-9.755478527167277,-1.9995786503640725,0.24410012319679453,-0.13731430027447206,-0.0002630713397306487,1.9995786503640725,0.24410012319679453,0.13731430027447206,0.0002630713397306487,False,False,ictal_scale,low,low,low,-0.14538844307952237,0.07744244734538537,0.005646786310368477,0.005606736016046684,0.006737946999085467,1200,500,10,68.40096402168274
-5,-3.0,0.21,0.0009,99,300047028,True,,60,-0.16,-0.16825651067880792,0.3587566189189489,-5.551889462628897,4.9063047182273145,0.0006653620957298597,-0.17924772230825092,0.4508222909394929,-5.38774032651,0.0014312114170514224,-68.49022338762259,-67.53107144141782,-116.50872396413467,-118.68476463394724,0.95915194620477,-2.176040669812565,True,False,0.006737946999085467,0.0003354626279025118,0.04978706836786394,0.0038801189731700763,0.5243558383027812,135.13911349846575,-7.315179160640467,-5.551889462628897,-0.6455847444015825,7.9063047182273145,-0.551889462628897,0.1487566189189489,-0.00023463790427014032,7.9063047182273145,0.551889462628897,0.1487566189189489,0.00023463790427014032,False,False,ictal_scale,low,low,low,-0.16758128954551443,0.07723129897705465,0.0056996616916294585,0.005954263915189413,0.006737946999085467,1200,500,10,64.34260058403015
-5,-0.3,0.21,0.0009,0,1288367304,True,,60,-0.16,-0.14159443934705396,0.2145348446570441,-4.826119099443801,2.485194181388373,0.0008916662980288802,-0.1556793778225325,0.4071131542873442,-5.490341673883629,0.006283663608376259,-49.381144940411374,-50.393817563407985,-78.29056706971224,-84.41025687792757,-1.012672622996611,-6.119689808215327,False,False,0.006737946999085467,0.004991593906910217,0.7408182206817179,0.008017576382710832,0.0962385842488233,12.003450875298547,-7.022418600727917,-4.826119099443801,-2.340924918055428,2.785194181388373,0.17388090055619898,0.004534844657044096,-8.333701971119812e-06,2.785194181388373,0.17388090055619898,0.004534844657044096,8.333701971119812e-06,False,False,ictal_scale,low,low,low,-0.15646378880061243,0.09428512898452898,0.006584577049822501,0.006583765889962102,0.006737946999085467,1200,500,10,75.94751238822937
-5,-0.3,0.21,0.0009,1,1470093365,True,,60,-0.16,-0.15336936525900444,0.07743043786991627,-4.725197007042696,-1.5566731009693764,0.0007205043350814707,-0.14864766678093785,0.05427409862776195,-4.798499367332077,3.937949027019378e-05,-57.679565181311474,-56.58568976371727,-94.88740755151244,-96.79400127854613,1.0938754175942051,-1.9065937270336946,True,False,0.006737946999085467,0.004991593906910217,0.7408182206817179,0.008868966488947033,0.0018699004066458653,0.21083633690309145,-7.235559125774622,-4.725197007042696,-6.281870108012072,-1.2566731009693763,0.27480299295730415,-0.13256956213008372,-0.0001794956649185293,1.2566731009693763,0.27480299295730415,0.13256956213008372,0.0001794956649185293,False,False,ictal_scale,low,low,low,-0.1552156372162724,0.08348377264873,0.006607439482351726,0.006628439668353192,0.006737946999085467,1200,500,10,79.07080507278442
-5,-0.3,0.21,0.0009,2,1179656376,True,,60,-0.16,-0.15525560590604318,0.36727300827514375,-4.965473041250943,1.7201214304380217,0.0007359228210121098,-0.14050939713365707,0.4710669029554099,-4.9192512574514,0.0012978384853193138,-56.80775500135695,-56.32471031730613,-93.1437871916034,-96.27204238572385,0.48304468405082446,-3.128255194120456,True,False,0.006737946999085467,0.004991593906910217,0.7408182206817179,0.006974650631165768,0.038954864997255916,5.5852066371881985,-7.214385307489167,-4.965473041250943,-3.2453516108129215,2.0201214304380217,0.034526958749056647,0.15727300827514376,-0.00016407717898789015,2.0201214304380217,0.034526958749056647,0.15727300827514376,0.00016407717898789015,False,False,ictal_scale,low,low,low,-0.1539021733557599,0.09510385624322734,0.006586429641488822,0.006608519228151009,0.006737946999085467,1200,500,10,76.11441969871521
-5,-0.3,0.21,0.0009,3,1479465407,True,,60,-0.16,-0.1344762219444455,0.14331450921866098,-5.01743353222486,-4.112972153890031,0.0005678541136197772,-0.14164310103810934,0.369741614554734,-6.678502452431621,0.004409506766277796,-69.38816985740566,-68.83149661863374,-118.3046169037008,-121.28561498837907,0.5566732387719213,-2.980998084678262,True,False,0.006737946999085467,0.004991593906910217,0.7408182206817179,0.006621498784109924,0.00010832163160237265,0.016359080494331536,-7.473646014451436,-5.01743353222486,-9.13040568611489,-3.8129721538900307,-0.017433532224860215,-0.06668549078133901,-0.00033214588638022275,3.8129721538900307,0.017433532224860215,0.06668549078133901,0.00033214588638022275,False,False,ictal_scale,low,low,low,-0.14242518715217228,0.07549617485114062,0.006616485165046706,0.00663295743789667,0.006737946999085467,1200,500,10,86.53329920768738
-5,-0.3,0.21,0.0009,4,1170284334,True,,60,-0.16,-0.1537363668703887,0.09853685043698812,-4.3337206422025165,-3.4631649425621798,0.0009640011308339937,-0.1627606390636187,0.3757908489340202,-6.213121264384267,0.009582936202905923,-48.2815324587911,-48.515372674073454,-76.0913421064717,-80.6533670992585,-0.2338402152823562,-4.562024992786803,False,False,0.006737946999085467,0.004991593906910217,0.7408182206817179,0.013118646784610525,0.0004110130530343465,0.03133044587468471,-6.944418090290108,-4.3337206422025165,-7.796885584764697,-3.16316494256218,0.6662793577974835,-0.11146314956301187,6.400113083399376e-05,3.16316494256218,0.6662793577974835,0.11146314956301187,6.400113083399376e-05,False,False,ictal_scale,low,low,low,-0.16048808579539728,0.09839989747902704,0.006584423984577933,0.006599627812175849,0.006737946999085467,1200,500,10,83.31213974952698
-5,-0.3,0.21,0.0009,5,1672550428,True,,60,-0.16,-0.18102791117538397,0.46546521825593556,-4.537146057980297,-4.9999999782912,0.0007684049129716317,-0.171738487578996,0.46072797039356445,-5.156183943770751,0.0018028816528759702,-59.29435561698112,-57.5916532987784,-98.11698842285173,-98.80592834866839,1.702702318202725,-0.6889399258166549,True,False,0.006737946999085467,0.004991593906910217,0.7408182206817179,0.010703911345728451,7.212238889611834e-05,0.006737947145358213,-7.171193733321921,-4.537146057980297,-9.537146036271498,-4.6999999782912,0.4628539420197031,0.2554652182559356,-0.00013159508702836832,4.6999999782912,0.4628539420197031,0.2554652182559356,0.00013159508702836832,False,False,ictal_scale,low,low,low,-0.1742812561387382,0.09214085070965393,0.0065928466602505325,0.006611879386374246,0.006737946999085467,1200,500,10,64.12035942077637
-5,-0.3,0.21,0.0009,6,1061573406,True,,60,-0.16,-0.16023061531596244,-0.1776719904468335,-5.345938170940729,4.3333525460738285,0.0007710375223703624,-0.15936984931314907,0.11231356787783128,-9.084144684635763,0.007206755833336843,-63.43267230615519,-62.34563063375275,-106.39362180119988,-108.31388301861709,1.0870416724024423,-1.920261217417206,True,False,0.006737946999085467,0.004991593906910217,0.7408182206817179,0.0047674763987831355,0.3632784623572765,76.19932055667873,-7.167773518438119,-5.345938170940729,-1.012585624866901,4.633352546073828,-0.34593817094072943,-0.3876719904468335,-0.0001289624776296376,4.633352546073828,0.34593817094072943,0.3876719904468335,0.0001289624776296376,False,False,ictal_scale,low,low,low,-0.15899509012312216,0.0755742213398671,0.0066116909785271846,0.006620850608016848,0.006737946999085467,1200,500,10,83.82293391227722
-5,-0.3,0.21,0.0009,7,1663178386,True,,60,-0.16,-0.16305413123700013,0.20955728893300327,-5.168530885564875,3.0787738952363424,0.0008721180873429977,-0.17207349008847916,0.41415923743259453,-5.7839774286353585,0.004899309122204004,-59.53566999531927,-60.016605819046426,-98.59961717952802,-103.65583338920445,-0.48093582372715815,-5.056216209676421,False,False,0.006737946999085467,0.004991593906910217,0.7408182206817179,0.005692926238829115,0.1237171966400819,21.731740663748223,-7.04458572195902,-5.168530885564875,-2.089756990328533,3.378773895236342,-0.16853088556487528,-0.000442711066996726,-2.7881912657002272e-05,3.378773895236342,0.16853088556487528,0.000442711066996726,2.7881912657002272e-05,False,False,ictal_scale,low,low,low,-0.17050197325535563,0.09053019160479613,0.006606353804915187,0.006615993205881819,0.006737946999085467,1200,500,10,72.8064546585083
-5,-0.3,0.21,0.0009,8,1095282283,True,,60,-0.16,-0.18661117726740417,0.23138365035701652,-5.131555195545149,-4.9999999782912,0.00043074675987673936,-0.19056386835420552,0.4188452329326383,-5.699219907399774,0.0016713722166534662,-73.08226545056718,-72.12191449404766,-125.69280809002385,-127.86645073920691,0.9603509565195196,-2.1736426491830656,True,False,0.006737946999085467,0.004991593906910217,0.7408182206817179,0.005907366216477634,3.980352133490102e-05,0.006737947145358213,-7.7499902046350435,-5.131555195545149,-10.131555173836349,-4.6999999782912,-0.1315551955451486,0.02138365035701653,-0.0004692532401232606,4.6999999782912,0.1315551955451486,0.02138365035701653,0.0004692532401232606,False,False,ictal_scale,low,low,low,-0.18928187333864524,0.07056455083252078,0.006613980229909918,0.006621160365140218,0.006737946999085467,1200,500,10,69.23508787155151
-5,-0.3,0.21,0.0009,9,1554467458,True,,60,-0.16,-0.13927696099563938,0.23221565037760514,-4.659238085872596,-4.448155434880202,0.0008261850267053141,-0.14012881814229383,0.26568706005369075,-5.347590781817557,0.00272221426118691,-59.57011636022545,-59.25691457153088,-98.6685099093404,-102.13645089417335,0.3132017886945704,-3.46794098483295,True,False,0.006737946999085467,0.004991593906910217,0.7408182206817179,0.009473677781551589,0.00011084324956793283,0.011700128727597377,-7.098691806253084,-4.659238085872596,-9.107393520752797,-4.148155434880202,0.34076191412740364,0.022215650377605145,-7.38149732946859e-05,4.148155434880202,0.34076191412740364,0.022215650377605145,7.38149732946859e-05,False,False,ictal_scale,low,low,low,-0.13934456052481198,0.08276508362150224,0.006596250669002006,0.0066014957140497505,0.006737946999085467,1200,500,10,67.84876942634583
-5,-0.3,0.21,0.0009,10,90750099,True,,60,-0.16,-0.1555618691596997,0.02351867685960761,-4.7383049363724155,-3.6562073709025613,0.0008269234392940554,-0.1469872839491671,0.383465493621348,-5.883433869265272,0.005039081801051133,-60.49329237533304,-60.25267278857145,-100.51486193955557,-104.1279673282545,0.24061958676158923,-3.6131053886989264,True,False,0.006737946999085467,0.004991593906910217,0.7408182206817179,0.008753471307989915,0.00022610471907400176,0.025830291905751687,-7.097798443654031,-4.7383049363724155,-8.394512307274976,-3.3562073709025615,0.26169506362758455,-0.1864813231403924,-7.307656070594461e-05,3.3562073709025615,0.26169506362758455,0.1864813231403924,7.307656070594461e-05,False,False,ictal_scale,low,low,low,-0.15277960597019483,0.08821356430766182,0.0065907185879652995,0.006596669035568079,0.006737946999085467,1200,500,10,82.51714825630188
-5,-0.3,0.21,0.0009,11,1545095416,True,,60,-0.16,-0.16820306170897603,0.3272360539425325,-5.112885228954649,-0.9617580632373105,0.0009316237296202835,-0.1669445482790196,0.4453390801296842,-5.606580887190818,0.0029507651553972616,-65.74275899179864,-65.13035783862045,-111.01379517248677,-113.8833374283525,0.6124011531781832,-2.8695422558657384,True,False,0.006737946999085467,0.004991593906910217,0.7408182206817179,0.0060186925420558325,0.0023004666341966745,0.38222032744189544,-6.978581548380377,-5.112885228954649,-6.0746432921919595,-0.6617580632373106,-0.11288522895464936,0.11723605394253253,3.162372962028351e-05,0.6617580632373106,0.11288522895464936,0.11723605394253253,3.162372962028351e-05,False,False,ictal_scale,low,low,low,-0.16384903401127227,0.07987050068584033,0.006611779056595578,0.006620818460119406,0.006737946999085467,1200,500,10,77.71159958839417
-5,-0.3,0.21,0.0009,12,100122141,True,,60,-0.16,-0.12616749683827988,0.29108255413332107,-4.896096048885753,0.8690826617203764,0.0011994261498109744,-0.13158959305363005,0.4564672782971654,-4.9003523079468465,0.0015011696814122993,-55.667140004152216,-55.23525416244852,-90.86255719719392,-94.09313007600863,0.43188584170369637,-3.230572878814712,True,False,0.006737946999085467,0.004991593906910217,0.7408182206817179,0.007475710987187513,0.017827494346837145,2.384722252825367,-6.725912045057183,-4.896096048885753,-4.027013387165377,1.1690826617203764,0.10390395111424677,0.08108255413332108,0.0002994261498109744,1.1690826617203764,0.10390395111424677,0.08108255413332108,0.0002994261498109744,False,False,ictal_scale,low,low,low,-0.12697279517495413,0.08974267898254823,0.006592680357422865,0.006631322590867991,0.006737946999085467,1200,500,10,70.99021220207214
-5,-0.3,0.21,0.0009,13,1436384488,True,,60,-0.16,-0.17097557757897347,-0.029487736639501667,-5.305472721475027,0.0850326347541453,0.0005547600254941479,-0.1716013606593787,0.29425233664122885,-7.885123503144534,0.005040684912139287,-70.53889996531953,-70.7196268363402,-120.60607711952855,-125.06187542379199,-0.1807268710206671,-4.455798304263439,False,False,0.006737946999085467,0.004991593906910217,0.7408182206817179,0.004964350918380907,0.005404949956255975,1.0887525972919672,-7.496974924220867,-5.305472721475027,-5.220440086720882,0.3850326347541453,-0.30547272147502724,-0.23948773663950165,-0.0003452399745058521,0.3850326347541453,0.30547272147502724,0.23948773663950165,0.0003452399745058521,False,False,ictal_scale,low,low,low,-0.1776457182727897,0.06828924654495926,0.0066374858382272535,0.0066708473187967335,0.006737946999085467,1200,500,10,79.36170077323914
-5,-0.3,0.21,0.0009,14,208833069,True,,60,-0.16,-0.15606881712064868,0.14008938229688253,-5.6148821946882554,4.999999974066824,0.00043993585091138803,-0.15807612711534305,0.4557469385608549,-6.282104598330483,0.004018874717286144,-70.43222788798947,-69.07714277434854,-120.39273296486843,-121.77690729980868,1.355085113640925,-1.3841743349402549,True,False,0.006737946999085467,0.004991593906910217,0.7408182206817179,0.0036432388657430203,0.5407045754080226,148.41315525375214,-7.728881635064065,-5.6148821946882554,-0.614882220621431,5.299999974066824,-0.6148821946882554,-0.06991061770311746,-0.00046006414908861194,5.299999974066824,0.6148821946882554,0.06991061770311746,0.00046006414908861194,False,False,ictal_scale,low,low,low,-0.1594197716585634,0.0745478369046832,0.006622000382981612,0.006635139392417026,0.006737946999085467,1200,500,10,84.55311703681946
-5,-0.3,0.21,0.0009,15,1427012446,True,,60,-0.16,-0.16723612282515607,0.2394035952797458,-4.872085347878845,-4.926884992031894,0.0006368167860813023,-0.1688712716841682,0.44155331515368934,-5.850186198170604,0.0033920336066096822,-65.36176525484737,-65.95653799513806,-110.25180769858423,-115.53569774138772,-0.5947727402906935,-5.283890042803492,False,False,0.006737946999085467,0.004991593906910217,0.7408182206817179,0.007657380324766036,5.55087251359796e-05,0.007249048993485323,-7.3590285637292245,-4.872085347878845,-9.798970339910738,-4.626884992031894,0.12791465212115494,0.029403595279745814,-0.0002631832139186977,4.626884992031894,0.12791465212115494,0.029403595279745814,0.0002631832139186977,False,False,ictal_scale,low,low,low,-0.16391153136996767,0.0830956439075835,0.00661066502092601,0.006647946209854272,0.006737946999085467,1200,500,10,84.87424230575562
-5,-0.3,0.21,0.0009,16,1929278540,True,,60,-0.16,-0.16704433408120847,0.17799533434111406,-5.057003172563528,-2.362215085365831,0.0006536548620131776,-0.17141113407550623,0.42061285847185825,-6.046388786963129,0.0035308223380507413,-67.70313403099975,-67.97758246809812,-114.93454525088899,-119.57778668730784,-0.2744484370983713,-4.6432414364188475,False,False,0.006737946999085467,0.004991593906910217,0.7408182206817179,0.0063646045828976965,0.0005996177087318629,0.09421130581200493,-7.332931079732439,-5.057003172563528,-7.419218257929359,-2.062215085365831,-0.057003172563527826,-0.032004665658885934,-0.0002463451379868224,2.062215085365831,0.057003172563527826,0.032004665658885934,0.0002463451379868224,False,False,ictal_scale,low,low,low,-0.16242035329597293,0.07484718161460725,0.00662266987213512,0.006633184435659804,0.006737946999085467,1200,500,10,73.27888751029968
-5,-0.3,0.21,0.0009,17,1863422664,True,,60,-0.16,-0.15049844925185837,0.029222207786323836,-5.304986445301681,-3.180445053158288,0.00032823781193014757,-0.15452632811050637,0.3645681789241213,-6.886426348148175,0.003817744572940783,-74.1207697851452,-74.0445433717824,-127.76981675917989,-131.7117084946764,0.07622641336280367,-3.9418917354965117,True,False,0.006737946999085467,0.004991593906910217,0.7408182206817179,0.004966765550990215,0.00020645429568539198,0.04156715141189456,-8.021772175919624,-5.304986445301681,-8.48543149845997,-2.8804450531582884,-0.3049864453016813,-0.18077779221367615,-0.0005717621880698524,2.8804450531582884,0.3049864453016813,0.18077779221367615,0.0005717621880698524,False,False,ictal_scale,low,low,low,-0.14527754525967937,0.07072761376011673,0.00662215952200939,0.006647063833046448,0.006737946999085467,1200,500,10,81.97895288467407
-5,-0.3,0.21,0.0009,18,326916039,True,,60,-0.16,-0.18327642638076855,0.31447418330982124,-5.549677363709,4.999999980748799,0.000602976530943526,-0.17915182618856024,0.4372199452759407,-5.140535970115795,0.0006805345443660224,-66.7095830840378,-64.92663056296,-112.9474433569651,-113.4758828770316,1.782952521077803,-0.5284395200664989,True,False,0.006737946999085467,0.004991593906910217,0.7408182206817179,0.0038887116806151784,0.5771359742486278,148.41315624544512,-7.413632282486176,-5.549677363709,-0.5496773829602004,5.299999980748799,-0.5496773637089998,0.10447418330982125,-0.000297023469056474,5.299999980748799,0.5496773637089998,0.10447418330982125,0.000297023469056474,False,False,ictal_scale,low,low,low,-0.18370043037291023,0.07759119175162159,0.006612024842247171,0.006634912659027185,0.006737946999085467,1200,500,10,62.59827542304993
-5,-0.3,0.21,0.0009,19,1872794706,True,,60,-0.16,-0.15571739082692615,0.25334580204813967,-4.791033328712258,0.19010226950393208,0.0014930734825257712,-0.1645588281153927,0.40772985588714056,-4.8714319802673565,0.0009369109773112361,-53.19316612325624,-52.00269212022819,-85.91460943540199,-87.62800599156797,1.1904740030280507,-1.7133965561659892,True,False,0.006737946999085467,0.004991593906910217,0.7408182206817179,0.008303872317401696,0.010042481245874832,1.2093732733377514,-6.506918543601575,-4.791033328712258,-4.6009310592083255,0.4901022695039321,0.20896667128774205,0.043345802048139676,0.0005930734825257712,0.4901022695039321,0.20896667128774205,0.043345802048139676,0.0005930734825257712,False,False,ictal_scale,low,low,low,-0.15802328458141052,0.09233023596137813,0.006589149668263314,0.006608080794346108,0.006737946999085467,1200,500,10,57.28352761268616
-5,-0.3,0.21,0.0009,20,1811195570,True,,60,-0.16,-0.16125319045222403,0.24072154216375952,-4.89173808127974,-2.9480739620183583,0.0006994520423075275,-0.15336449679882921,0.4463398226651199,-5.895990351538019,0.0038896535365504246,-62.55135347566316,-63.089819654026584,-104.63098414021582,-109.80226105916476,-0.5384661783634215,-5.171276918948948,False,False,0.006737946999085467,0.004991593906910217,0.7408182206817179,0.007508360985645673,0.00039374304034375124,0.05244061135266418,-7.265213326169726,-4.89173808127974,-7.839812043298099,-2.6480739620183584,0.10826191872025959,0.030721542163759524,-0.00020054795769247245,2.6480739620183584,0.10826191872025959,0.030721542163759524,0.00020054795769247245,False,False,ictal_scale,low,low,low,-0.15122781390609907,0.08278081958417542,0.006606644319675154,0.006625223788166523,0.006737946999085467,1200,500,10,84.95800280570984
-5,-0.3,0.21,0.0009,21,1981505634,True,,60,-0.16,-0.18385707806396354,0.16417810355059806,-5.312404977673743,4.202817032695249,0.0006479228906793015,-0.18986508088653434,0.36051652932941325,-4.834817787636009,0.00020837187690948532,-62.256854123522785,-60.393474213716544,-104.04198543593506,-104.40957017854468,1.8633799098062411,-0.3675847426096226,True,False,0.006737946999085467,0.004991593906910217,0.7408182206817179,0.004930055774656708,0.32969478548162495,66.87445346489663,-7.341738864557844,-5.312404977673743,-1.109587944978494,4.502817032695249,-0.31240497767374276,-0.04582189644940193,-0.0002520771093206985,4.502817032695249,0.31240497767374276,0.04582189644940193,0.0002520771093206985,False,False,ictal_scale,low,low,low,-0.1851012103498452,0.07310356657019731,0.00661831035513631,0.00664367355631318,0.006737946999085467,1200,500,10,90.68440866470337
-5,-0.3,0.21,0.0009,22,1702484642,True,,60,-0.16,-0.15784005638619444,0.21834953223109793,-4.850187861743513,-1.7224950550574394,0.0007972394842168338,-0.1591770881776245,0.42729645542589756,-5.63063053675322,0.0038312966716644117,-60.12106373172357,-59.87329871063764,-99.77040465233662,-103.36921917238688,0.24776502108592524,-3.5988145200502544,True,False,0.006737946999085467,0.004991593906910217,0.7408182206817179,0.007826907034701533,0.0013980415468980041,0.178619924920485,-7.13435544223092,-4.850187861743513,-6.572682916800952,-1.4224950550574393,0.14981213825648698,0.00834953223109794,-0.0001027605157831662,1.4224950550574393,0.14981213825648698,0.00834953223109794,0.0001027605157831662,False,False,ictal_scale,low,low,low,-0.16132061064470699,0.08547732570295656,0.0066010486885173655,0.006633237391134695,0.006737946999085467,1200,500,10,74.07688474655151
-5,-0.3,0.21,0.0009,23,2090216562,True,,60,-0.16,-0.15378655851782363,0.03358672101003457,-5.2217205282283405,2.6213463006983644,0.000778277760833327,-0.14852103814396433,0.3380875234934733,-7.012889709545982,0.006172826015066772,-62.79728342318257,-62.77499756284931,-105.12284403525464,-109.17261687681021,0.02228586033326252,-4.049772841555566,True,False,0.006737946999085467,0.004991593906910217,0.7408182206817179,0.0053980336628857584,0.07424578819683536,13.754228453096378,-7.158427078436051,-5.2217205282283405,-2.600374227529976,2.921346300698364,-0.22172052822834054,-0.17641327898996542,-0.00012172223916667301,2.921346300698364,0.22172052822834054,0.17641327898996542,0.00012172223916667301,False,False,ictal_scale,low,low,low,-0.1550957133529032,0.08473049066851096,0.006598720321674019,0.006614714028902742,0.006737946999085467,1200,500,10,82.14586472511292
-5,-0.3,0.21,0.0009,24,1488611582,True,,60,-0.16,-0.16065415697065005,0.30203485149209836,-4.5784274841138695,-4.999999966706373,0.0009581749623227944,-0.1535311635028591,0.3913769425415172,-5.474470065217783,0.0038331857568417974,-58.65833670857445,-57.40601841007547,-96.8449506060384,-98.43465857126253,1.2523182984989845,-1.589707965224136,True,False,0.006737946999085467,0.004991593906910217,0.7408182206817179,0.01027103496957506,6.920569155485858e-05,0.006737947223416168,-6.950480163763976,-4.5784274841138695,-9.578427450820243,-4.699999966706373,0.42157251588613054,0.09203485149209836,5.81749623227944e-05,4.699999966706373,0.42157251588613054,0.09203485149209836,5.81749623227944e-05,False,False,ictal_scale,low,low,low,-0.15723174062597672,0.07623668619708952,0.006619667511602748,0.006633784512154634,0.006737946999085467,1200,500,10,84.30769157409668
-5,-0.3,0.21,0.0009,25,2099588604,True,,60,-0.16,-0.16312174667330787,0.19604983148745175,-5.671486676706064,4.991851898554413,0.0008648755953519966,-0.16613759133986705,0.4346114878782384,-5.934499749176926,0.0028891610201957144,-68.33261070802983,-68.5552484254367,-116.19349860494916,-120.733118601985,-0.22263771740686877,-4.539619997035842,False,False,0.006737946999085467,0.004991593906910217,0.7408182206817179,0.0034427432234730615,0.5068020537521198,147.20878696287275,-7.052924881777856,-5.671486676706064,-0.6796347781516516,5.2918518985544125,-0.6714866767060643,-0.013950168512548239,-3.512440464800335e-05,5.2918518985544125,0.6714866767060643,0.013950168512548239,3.512440464800335e-05,False,False,ictal_scale,low,low,low,-0.16749305072614926,0.0750838157607855,0.0066266002264906655,0.006635646417723313,0.006737946999085467,1200,500,10,83.86960077285767
-5,-0.3,0.21,0.0009,26,550161137,True,,60,-0.16,-0.13548515106748554,0.07499314843907604,-5.209773283894437,3.4106948941097457,0.0007079832736565932,-0.13286059357413915,0.32320517994232467,-5.923673335899478,0.004683860805222868,-61.329635566454,-61.60219715791918,-102.1875483217975,-106.82701606694995,-0.2725615914651769,-4.639467745152459,False,False,0.006737946999085467,0.004991593906910217,0.7408182206817179,0.005462912077405243,0.16545129958669846,30.286282708266466,-7.253090089328447,-5.209773283894437,-1.7990783897846914,3.7106948941097455,-0.20977328389443706,-0.13500685156092396,-0.0001920167263434068,3.7106948941097455,0.20977328389443706,0.13500685156092396,0.0001920167263434068,False,False,ictal_scale,low,low,low,-0.13679293269459078,0.08430761365128749,0.006600172484946225,0.006622309969830132,0.006737946999085467,1200,500,10,74.56530451774597
-5,-0.3,0.21,0.0009,27,60815885,True,,60,-0.16,-0.15466743551503276,0.24220660919110648,-4.523095968083403,-4.9999999782912,0.0006498929458782479,-0.16856815782567758,0.4113506886279391,-4.865021194344984,0.0009829819029710662,-58.400790332845716,-55.11007816323147,-96.32985785458092,-93.84277807757454,3.2907121696142454,2.487079777006386,True,True,0.006737946999085467,0.004991593906910217,0.7408182206817179,0.010855363730749667,7.31428670614298e-05,0.006737947145358213,-7.338702907287752,-4.523095968083403,-9.523095946374603,-4.6999999782912,0.4769040319165967,0.03220660919110649,-0.00025010705412175207,4.6999999782912,0.4769040319165967,0.03220660919110649,0.00025010705412175207,False,False,ictal_scale,low,low,low,-0.16362758118207824,0.08994847456290704,0.006591097579468653,0.006620094892940636,0.006737946999085467,1200,500,10,78.86521911621094
-5,-0.3,0.21,0.0009,28,1606694552,True,,60,-0.16,-0.15302788479371168,0.2710553722840726,-4.693326820372103,-3.0801603346483852,0.0008797337314465553,-0.14927413283858326,0.4476829801873392,-5.443034994455726,0.0033481801622307263,-58.56305850200331,-58.81913602104737,-96.65439419289612,-101.26089379320634,-0.2560775190440623,-4.606499600310215,False,False,0.006737946999085467,0.004991593906910217,0.7408182206817179,0.009156174483157017,0.00042074350782409794,0.04595188837849966,-7.035891274179593,-4.693326820372103,-7.773487155020488,-2.7801603346483854,0.3066731796278974,0.06105537228407262,-2.0266268553444686e-05,2.7801603346483854,0.3066731796278974,0.06105537228407262,2.0266268553444686e-05,False,False,ictal_scale,low,low,low,-0.14765479418120053,0.09570873744805906,0.006586535557116719,0.006579025255934372,0.006737946999085467,1200,500,10,64.24322199821472
-5,-0.3,0.21,0.0009,29,70187927,True,,60,-0.16,-0.1571890195406181,0.19018687284027497,-4.989781627810618,-1.2410356508621883,0.0008579494867196176,-0.15327563268797773,0.43037622557055627,-5.912970774922699,0.004325185800016155,-62.550473163501366,-62.83704367409418,-104.62922351589222,-109.29670909929996,-0.28657051059281713,-4.667485583407739,False,False,0.006737946999085467,0.004991593906910217,0.7408182206817179,0.006807150822366586,0.0019678429631705217,0.28908467206348426,-7.06096533349657,-4.989781627810618,-6.230817278672807,-0.9410356508621882,0.010218372189381597,-0.019813127159725025,-4.2050513280382355e-05,0.9410356508621882,0.010218372189381597,0.019813127159725025,4.2050513280382355e-05,False,False,ictal_scale,low,low,low,-0.15110530450280013,0.08168321639830341,0.006604179713585534,0.006622433319494036,0.006737946999085467,1200,500,10,71.22993350028992
-5,-0.3,0.21,0.0009,30,1715405480,True,,60,-0.16,-0.16615382501075893,0.14359385750267556,-4.681866787701029,-4.737526016425797,0.0006480659962753683,-0.17249147160206355,0.44576939913487634,-5.817969705549952,0.004400932539797092,-61.548263336864785,-61.37322491613357,-102.62480386261907,-106.36907158337874,0.17503842073121234,-3.744267720759666,True,False,0.006737946999085467,0.004991593906910217,0.7408182206817179,0.009261708096207194,8.113526935614813e-05,0.008760292217520246,-7.341518020693998,-4.681866787701029,-9.419392804126826,-4.437526016425797,0.31813321229897085,-0.06640614249732443,-0.0002519340037246317,4.437526016425797,0.31813321229897085,0.06640614249732443,0.0002519340037246317,False,False,ictal_scale,low,low,low,-0.17387116189378446,0.08031061792929757,0.006613531946403462,0.0066151808558963954,0.006737946999085467,1200,500,10,83.83762502670288
-5,-0.3,0.21,0.0009,31,934344261,True,,60,-0.16,-0.15985269320202017,0.07661734393828089,-5.363295020692082,2.136428342248432,0.0005658395937527884,-0.1615892780549838,0.4186413463536608,-7.316535649692643,0.005008887071135946,-69.47139845867765,-69.88987207014,-118.4710741062448,-123.4023658913916,-0.4184736114623462,-4.931291785146797,False,False,0.006737946999085467,0.004991593906910217,0.7408182206817179,0.004685442015929591,0.03968163953694468,8.469134694663774,-7.47719992319101,-5.363295020692082,-3.22686667844365,2.4364283422484316,-0.36329502069208175,-0.13338265606171912,-0.00033416040624721156,2.4364283422484316,0.36329502069208175,0.13338265606171912,0.00033416040624721156,False,False,ictal_scale,low,low,low,-0.15691682947799532,0.07393807732184142,0.006612924237832193,0.0066115789829740085,0.006737946999085467,1200,500,10,71.4525237083435
-5,-0.3,0.21,0.0009,32,1724777522,True,,60,-0.16,-0.14882399944046443,0.2564428838046966,-5.526318388304869,4.770869087928202,0.0007110266545996966,-0.14300728261854861,0.44239119427266316,-5.2123826674461995,0.00046772504012729867,-67.55192267095987,-66.53895550119167,-114.63212253080923,-116.70053275349493,1.0129671697682028,-2.0684102226856993,True,False,0.006737946999085467,0.004991593906910217,0.7408182206817179,0.003980617231952337,0.46979948621791384,118.0217686962822,-7.248800639975261,-5.526318388304869,-0.7554493003766671,5.070869087928202,-0.526318388304869,0.046442883804696605,-0.00018897334540030335,5.070869087928202,0.526318388304869,0.046442883804696605,0.00018897334540030335,False,False,ictal_scale,low,low,low,-0.1324401304035466,0.07666732677778086,0.006608690816962413,0.006636216753065288,0.006737946999085467,1200,500,10,79.9837737083435
-5,-0.3,0.21,0.0009,33,924972219,True,,60,-0.16,-0.14999403833493344,0.27247287923817254,-4.8683524957026645,-1.0934445197774478,0.0006045846127892408,-0.16124604714089946,0.43464565730760324,-5.468250410982881,0.002840279635648241,-60.872023385726706,-61.15817465487247,-101.2723239603429,-105.93897106085653,-0.28615126914576194,-4.666647100513629,False,False,0.006737946999085467,0.004991593906910217,0.7408182206817179,0.007686017609697775,0.002575279993391267,0.33506038161322016,-7.410968926175593,-4.8683524957026645,-5.961797015480112,-0.7934445197774478,0.13164750429733552,0.062472879238172546,-0.00029541538721075916,0.7934445197774478,0.13164750429733552,0.062472879238172546,0.00029541538721075916,False,False,ictal_scale,low,low,low,-0.15216364344779995,0.08490435918894093,0.006614123409748568,0.006626811646565199,0.006737946999085467,1200,500,10,76.24329686164856
-5,-0.3,0.21,0.0009,34,1833488450,True,,60,-0.16,-0.1404202068692193,-0.10842202577933141,-5.020411716000499,-4.9999999518220495,0.0007140339323945015,-0.14255031450330585,0.19704036935260139,-11.562624214796433,0.006494911471501306,-67.28921553598248,-66.14220974063615,-114.10670826085445,-115.90704123238389,1.147005795346331,-1.8003329715294427,True,False,0.006737946999085467,0.004991593906910217,0.7408182206817179,0.0066018080796829215,4.448263508211988e-05,0.006737947323705952,-7.244580072391889,-5.020411716000499,-10.020411667822549,-4.69999995182205,-0.02041171600049907,-0.31842202577933143,-0.00018596606760549843,4.69999995182205,0.02041171600049907,0.31842202577933143,0.00018596606760549843,False,False,ictal_scale,low,low,low,-0.14765556498461024,0.07671810702360905,0.006612812621317783,0.006632761651610947,0.006737946999085467,1200,500,10,95.91465067863464
-5,-0.3,0.21,0.0009,35,816261291,True,,60,-0.16,-0.13388234958750264,0.11625592324190583,-5.130702175583547,-0.16126191242405719,0.000559155977155772,-0.13713073782325969,0.30244728614237065,-6.499003362951049,0.004811652047147285,-66.5999689166911,-66.15014690744604,-112.72821502227168,-115.92291556600368,0.4498220092450538,-3.1947005437319973,True,False,0.006737946999085467,0.004991593906910217,0.7408182206817179,0.005912407467619021,0.005031867517116454,0.8510691363331947,-7.489082094829296,-5.130702175583547,-5.291964088007604,0.1387380875759428,-0.13070217558354713,-0.09374407675809417,-0.000340844022844228,0.1387380875759428,0.13070217558354713,0.09374407675809417,0.000340844022844228,False,False,ictal_scale,low,low,low,-0.1327840851798823,0.07319903713977713,0.006614265983041425,0.006626257065451982,0.006737946999085467,1200,500,10,77.5360095500946
-5,-0.3,0.21,0.0009,36,1417866271,True,,60,-0.16,-0.14989667473012036,0.11345153262589638,-4.776156142826993,-4.9999999782912,0.0007246686939995841,-0.14982179733830842,0.4268252447376474,-6.104166964800099,0.0052604045253009215,-60.79950744275334,-61.167040721315324,-101.12729207439617,-105.95670319374224,-0.3675332785619858,-4.8294111193460765,False,False,0.006737946999085467,0.004991593906910217,0.7408182206817179,0.008428334094338602,5.678966965107408e-05,0.006737947145358213,-7.22979598134762,-4.776156142826993,-9.776156121118193,-4.6999999782912,0.2238438571730068,-0.09654846737410361,-0.0001753313060004159,4.6999999782912,0.2238438571730068,0.09654846737410361,0.0001753313060004159,False,False,ictal_scale,low,low,low,-0.1478210534747885,0.08544589357033874,0.006607147508584864,0.006609965811874298,0.006737946999085467,1200,500,10,72.23578476905823
-5,-0.3,0.21,0.0009,37,806889249,True,,60,-0.16,-0.16638211576992912,0.3168061992915161,-5.175567954161432,0.028977528822451762,0.000694882689640234,-0.1660754355065256,0.4509817715133175,-5.7330844459477905,0.0030004563180530256,-65.45180204153317,-66.04379483885192,-110.43188127195583,-115.71021142881544,-0.5919927973187527,-5.27833015685961,False,False,0.006737946999085467,0.004991593906910217,0.7408182206817179,0.005653005354114586,0.00581921197821037,1.0294014623521999,-7.27176751853099,-5.175567954161432,-5.14659042533898,0.32897752882245174,-0.17556795416143167,0.10680619929151611,-0.00020511731035976598,0.32897752882245174,0.17556795416143167,0.10680619929151611,0.00020511731035976598,False,False,ictal_scale,low,low,low,-0.16978907265159407,0.07799434509070645,0.006613511203255843,0.006623362539867141,0.006737946999085467,1200,500,10,58.494197607040405
-5,-0.3,0.21,0.0009,38,1309155343,True,,60,-0.16,-0.14917463400068964,0.14039708184585123,-4.68807661014408,-2.430758538964847,0.0009955082476917005,-0.1463401207226422,0.3931905996829019,-6.080575076190442,0.006594046226838985,-57.33001006891711,-57.35950461408571,-94.18829732672373,-98.34163097928301,-0.029494545168596176,-4.153333652559283,False,False,0.006737946999085467,0.004991593906910217,0.7408182206817179,0.009204372738851377,0.0008097093927066851,0.08797007853549069,-6.91225714952026,-4.68807661014408,-7.118835149108927,-2.130758538964847,0.31192338985592016,-0.06960291815414876,9.550824769170049e-05,2.130758538964847,0.31192338985592016,0.06960291815414876,9.550824769170049e-05,False,False,ictal_scale,low,low,low,-0.14921312184228677,0.08707243430346491,0.00659749534891918,0.0066111783979250814,0.006737946999085467,1200,500,10,64.05692720413208
-5,-0.3,0.21,0.0009,39,698178321,True,,60,-0.16,-0.19470409128841532,0.29120523681171423,-5.0534106029477925,0.9511957401951056,0.0009040850377639338,-0.1877105045523041,0.45502400461400905,-5.481627702459843,0.003375157540757886,-58.24125410683197,-58.99466578198451,-96.01078540255344,-101.61195331508061,-0.7534116751525417,-5.601167912527174,False,False,0.006737946999085467,0.004991593906910217,0.7408182206817179,0.006387510989732086,0.01653600981990623,2.5888033455422375,-7.008587133673309,-5.0534106029477925,-4.102214862752687,1.2511957401951055,-0.05341060294779254,0.08120523681171424,4.085037763933825e-06,1.2511957401951055,0.05341060294779254,0.08120523681171424,4.085037763933825e-06,False,False,ictal_scale,low,low,low,-0.18643166214862048,0.0878329427237935,0.006609640776818009,0.006652544386970505,0.006737946999085467,1200,500,10,61.563807010650635
-5,-0.3,0.21,0.0009,40,1299783301,True,,60,-0.16,-0.14255523210565552,-0.007816834364551791,-4.9151942434237,-4.9999999782912,0.0005371370608548743,-0.1433176894934126,-0.6856919021529421,-17.938001732500332,0.006161266054007255,-68.54652121220488,-67.5261486996601,-116.62131961329925,-118.67491915043179,1.0203725125447818,-2.0535995371325413,True,False,0.006737946999085467,0.004991593906910217,0.7408182206817179,0.007334293115836105,4.941807936306828e-05,0.006737947145358213,-7.52925726165554,-4.9151942434237,-9.9151942217149,-4.6999999782912,0.08480575657629963,-0.2178168343645518,-0.00036286293914512564,4.6999999782912,0.08480575657629963,0.2178168343645518,0.00036286293914512564,False,False,ictal_scale,low,low,low,-0.1403109721322523,0.0768872509385155,0.006609252563265889,0.006639783104987337,0.006737946999085467,1200,500,10,90.02323079109192
-5,-0.3,0.21,0.0009,41,688806279,True,,60,-0.16,-0.19628902930933162,0.19517969374042368,-5.360867791019925,2.919264173401836,0.0007347978548902167,-0.19954401802391925,0.30853913521010984,-5.537995544186536,0.0025236505400363686,-65.04532552611424,-65.25470950523655,-109.61892824111797,-114.13204076158469,-0.20938397912230755,-4.51311252046672,False,False,0.006737946999085467,0.004991593906910217,0.7408182206817179,0.004696828473000836,0.08702119079605061,18.527649305543445,-7.215915123938647,-5.360867791019925,-2.441603617618089,3.219264173401836,-0.36086779101992494,-0.01482030625957631,-0.00016520214510978327,3.219264173401836,0.36086779101992494,0.01482030625957631,0.00016520214510978327,False,False,ictal_scale,low,low,low,-0.19911459216511826,0.07962063618502845,0.006601080190436486,0.006633422378121673,0.006737946999085467,1200,500,10,86.95543217658997
-5,-0.3,0.21,0.0009,42,1191072373,True,,60,-0.16,-0.15926291322869646,0.03365931752903012,-5.062658678991546,-3.4372140398573596,0.0005261829092085294,-0.15827088305628087,0.3491750328550887,-7.683771098752538,0.005230667654999791,-68.41896989484289,-69.5047484591287,-116.36621697857527,-122.632118669369,-1.0857785642858175,-6.26590169079374,False,False,0.006737946999085467,0.004991593906910217,0.7408182206817179,0.0063287111143087455,0.00020349426834707685,0.03215414081502178,-7.549861669534874,-5.062658678991546,-8.499872718848906,-3.13721403985736,-0.06265867899154642,-0.17634068247096987,-0.0003738170907914706,3.13721403985736,0.06265867899154642,0.17634068247096987,0.0003738170907914706,False,False,ictal_scale,low,low,low,-0.15744850074385194,0.06826424322523757,0.006633341564198319,0.006655823355958603,0.006737946999085467,1200,500,10,86.5249171257019
-5,-0.3,0.21,0.0009,43,454145184,True,,60,-0.16,-0.1702202975992204,0.2573360931650835,-5.356478878311623,3.2194918080108823,0.0006042860085601835,-0.1693897683431278,0.4626150936601537,-5.684242313917245,0.00288921240070605,-66.45104153277424,-65.43949792697651,-112.43036025443797,-114.50161760506462,1.0115436057977263,-2.0712573506266523,True,False,0.006737946999085467,0.004991593906910217,0.7408182206817179,0.004717487745884837,0.1180098633496608,25.015404322481444,-7.411462948000355,-5.356478878311623,-2.1369870703007403,3.519491808010882,-0.3564788783116226,0.0473360931650835,-0.0002957139914398165,3.519491808010882,0.3564788783116226,0.0473360931650835,0.0002957139914398165,False,False,ictal_scale,low,low,low,-0.16878151092314012,0.08095053281092716,0.006603917478553508,0.006621552447325905,0.006737946999085467,1200,500,10,81.46796035766602
-5,-0.3,0.21,0.0009,44,1082361445,True,,60,-0.16,-0.15589996102724027,0.02332273382522324,-4.895348592234806,-4.999999964229152,0.0006886552258760382,-0.15324957253793992,0.2659097067277734,-6.332082113729989,0.005055831439243522,-64.80740581595255,-63.54150093992456,-109.14308882079459,-110.70562363096072,1.2659048760279887,-1.5625348101661274,True,False,0.006737946999085467,0.004991593906910217,0.7408182206817179,0.007481300845913735,5.0408610387138744e-05,0.006737947240107547,-7.280769810049114,-4.895348592234806,-9.895348556463958,-4.699999964229153,0.10465140776519366,-0.18667726617477676,-0.0002113447741239618,4.699999964229153,0.10465140776519366,0.18667726617477676,0.0002113447741239618,False,False,ictal_scale,low,low,low,-0.15488442619597878,0.07555726760667451,0.006617089129813471,0.006637130243972645,0.006737946999085467,1200,500,10,84.73971724510193
-5,-0.3,0.21,0.0009,45,463517226,True,,60,-0.16,-0.14543915652494582,0.0033798374975298976,-4.7421128609947,-4.999999911723215,0.0007490707758166696,-0.1486042387274633,0.08698742364306093,-8.624173081087296,0.006991440245526106,-63.26774040271472,-62.972983201308445,-106.06375799431893,-109.56858815372848,0.29475720140627715,-3.5048301594095506,True,False,0.006737946999085467,0.004991593906910217,0.7408182206817179,0.008720202132523018,5.8756264977066105e-05,0.006737947593889792,-7.196677085164085,-4.7421128609947,-9.742112772717915,-4.699999911723215,0.2578871390052999,-0.2066201625024701,-0.00015092922418333038,4.699999911723215,0.2578871390052999,0.2066201625024701,0.00015092922418333038,False,False,ictal_scale,low,low,low,-0.14867823263544483,0.07872338746652636,0.0066159741258067836,0.00663394389223155,0.006737946999085467,1200,500,10,73.81450772285461
-5,-0.3,0.21,0.0009,46,1072989403,True,,60,-0.16,-0.1790128678365646,0.22956699770396627,-4.993402696679834,0.1392055309446824,0.0006896176996358113,-0.17757585464180453,0.39484976042862563,-5.690437619315169,0.003592736531590455,-61.11979342042324,-61.776660216866375,-101.76786402973599,-107.17594218484435,-0.6568667964431327,-5.408078155108356,False,False,0.006737946999085467,0.004991593906910217,0.7408182206817179,0.006782546234773636,0.007795589407979333,1.1493603048383059,-7.2793731724189215,-4.993402696679834,-4.854197165735152,0.4392055309446824,0.006597303320165615,0.019566997703966277,-0.00021038230036418866,0.4392055309446824,0.006597303320165615,0.019566997703966277,0.00021038230036418866,False,False,ictal_scale,low,low,low,-0.17140115650308432,0.07957254872293021,0.00661806764738251,0.006627423612749872,0.006737946999085467,1200,500,10,63.52580142021179
-5,-0.3,0.21,0.0009,47,572228154,True,,60,-0.16,-0.1494734013851064,-0.009048998955772424,-4.819839323434655,-4.9999999782912,0.0006107100879345213,-0.15002653780621122,-0.08715838214308655,-9.978246035487528,0.0065300337315420025,-66.37517563357682,-65.58476725151424,-112.27862845604312,-114.79215625414007,0.79040838206258,-2.513527798096945,True,False,0.006737946999085467,0.004991593906910217,0.7408182206817179,0.008068083386886029,5.4362319425180736e-05,0.006737947145358213,-7.4008881992298585,-4.819839323434655,-9.819839301725855,-4.6999999782912,0.18016067656534496,-0.21904899895577243,-0.00028928991206547867,4.6999999782912,0.18016067656534496,0.21904899895577243,0.00028928991206547867,False,False,ictal_scale,low,low,low,-0.15181627369037304,0.07283287098319782,0.00661701385794144,0.006621024244364131,0.006737946999085467,1200,500,10,80.82998490333557
-5,-0.3,0.21,0.0009,48,964278475,True,,60,-0.16,-0.12644361346551217,0.2004402688903821,-4.682993385734193,-4.354142704505031,0.0008873691870088466,-0.12451368791134709,0.40459135655367173,-5.543702054594957,0.0038233300943728617,-58.63009576005154,-58.696409849463954,-96.78846870899258,-101.0154414500395,-0.06631408941241546,-4.2269727410469216,False,False,0.006737946999085467,0.004991593906910217,0.7408182206817179,0.009251279749462729,0.00011891089935249836,0.012853454070438636,-7.027249442398011,-4.682993385734193,-9.037136090239223,-4.054142704505031,0.31700661426580723,-0.009559731109617886,-1.2630812991153368e-05,4.054142704505031,0.31700661426580723,0.009559731109617886,1.2630812991153368e-05,False,False,ictal_scale,low,low,low,-0.12161044701545665,0.08663906753704373,0.006587330987577273,0.006606905046808359,0.006737946999085467,1200,500,10,72.36068487167358
-5,-0.3,0.21,0.0009,49,581600196,True,,60,-0.16,-0.1880038785691416,0.428821180493096,-5.132456369287165,-4.980828927232557,0.000728498570612789,-0.18464168651798785,0.48874588496029975,-5.311398512433973,0.0005488230997036945,-69.54932428759643,-68.91033696446577,-118.62692576408236,-121.44329568004314,0.6389873231306638,-2.8163699159607773,True,False,0.006737946999085467,0.004991593906910217,0.7408182206817179,0.005902045051166215,4.0537410404567117e-05,0.006868366820845789,-7.224524894427317,-5.132456369287165,-10.113285296519722,-4.680828927232557,-0.13245636928716475,0.21882118049309598,-0.00017150142938721102,4.680828927232557,0.13245636928716475,0.21882118049309598,0.00017150142938721102,False,False,ictal_scale,low,low,low,-0.18997526416346122,0.07966758588553353,0.006599805874653934,0.006611303956742826,0.006737946999085467,1200,500,10,71.96478605270386
-5,-0.3,0.21,0.0009,50,79334102,True,,60,-0.16,-0.1669381864009236,0.3198522256465762,-4.998965925291033,-4.109524861073077,0.0006955675643069344,-0.17879976564146866,0.45556712285540374,-5.2393358749240395,0.0009684465317609173,-66.87017856492577,-65.52239702313712,-113.26863431874102,-114.66741579738583,1.347781541788649,-1.398781478644807,True,False,0.006737946999085467,0.004991593906910217,0.7408182206817179,0.006744918143388395,0.00011072169178471951,0.016415572351052607,-7.270782406377366,-4.998965925291033,-9.108490786364111,-3.8095248610730774,0.0010340747089667701,0.10985222564657623,-0.00020443243569306555,3.8095248610730774,0.0010340747089667701,0.10985222564657623,0.00020443243569306555,False,False,ictal_scale,low,low,low,-0.1666482307932232,0.07785730626580005,0.0066165759008995064,0.006643169527638727,0.006737946999085467,1200,500,10,86.43462467193604
-5,-0.3,0.21,0.0009,51,690311124,True,,60,-0.16,-0.16976528787809045,0.28430321548393633,-4.688522589952219,-2.7557208595192813,0.0007447168734768591,-0.168693546270467,0.4533384657894981,-5.543757091516993,0.003845316080663025,-59.11986235841492,-59.730545026753894,-97.76800190571933,-103.08371180461938,-0.6106826683389741,-5.315709898900053,False,False,0.006737946999085467,0.004991593906910217,0.7408182206817179,0.00920026868969281,0.0005847983625957458,0.06356318302430704,-7.202506447418076,-4.688522589952219,-7.4442434494715,-2.4557208595192814,0.3114774100477806,0.07430321548393634,-0.0001552831265231409,2.4557208595192814,0.3114774100477806,0.07430321548393634,0.0001552831265231409,False,False,ictal_scale,low,low,low,-0.16743570280713985,0.08515998052241805,0.006594918739091375,0.006607695255893141,0.006737946999085467,1200,500,10,76.95121932029724
-5,-0.3,0.21,0.0009,52,188045030,True,,60,-0.16,-0.16314531254477216,0.4522752434058668,-5.3236255883816614,1.017455367872847,0.0008454963955341177,-0.15620535213822928,0.48241895362114673,-5.0845020719223974,0.0008510840616324091,-63.68329381421383,-63.5675881807151,-106.89486481731717,-110.75779811254179,0.11570563349873453,-3.8629332952246216,True,False,0.006737946999085467,0.004991593906910217,0.7408182206817179,0.004875046732708485,0.01348509576921384,2.7661469742920337,-7.075586652752269,-5.3236255883816614,-4.306170220508815,1.3174553678728471,-0.32362558838166144,0.24227524340586679,-5.450360446588231e-05,1.3174553678728471,0.32362558838166144,0.24227524340586679,5.450360446588231e-05,False,False,ictal_scale,low,low,low,-0.16460111909451128,0.0884747755798825,0.006594280271283041,0.006604201621730858,0.006737946999085467,1200,500,10,70.32027196884155
-5,-0.3,0.21,0.0009,53,1447800485,True,,60,-0.16,-0.16191182462946432,0.35913412126799715,-4.639793437988761,-1.691733280934264,0.001161266203101708,-0.16274362765540995,0.46841790333810435,-5.007196133801724,0.0024266852700851986,-54.52543901473329,-54.03443088624711,-88.57915521835608,-91.69148352360581,0.4910081284861789,-3.112328305249733,True,False,0.006737946999085467,0.004991593906910217,0.7408182206817179,0.009659692747034512,0.0017793151802133424,0.18419997683255346,-6.75824431477817,-4.639793437988761,-6.331526718923024,-1.391733280934264,0.36020656201123913,0.14913412126799716,0.000261266203101708,1.391733280934264,0.36020656201123913,0.14913412126799716,0.000261266203101708,False,False,ictal_scale,low,low,low,-0.1631052023967788,0.09516518544335216,0.00659117940112111,0.006607645094740403,0.006737946999085467,1200,500,10,73.72392153739929
-5,-0.3,0.21,0.0009,54,197417072,True,,60,-0.16,-0.16301195597862236,0.11246559282883192,-4.488093381385126,-4.040020403066336,0.000920587361106265,-0.16336000547145418,0.30978040001930407,-5.534604552174345,0.0052032602278148255,-55.47725169971956,-55.45893758192345,-90.48278058832861,-94.5404969149585,0.01831411779610903,-4.057716326629887,True,False,0.006737946999085467,0.004991593906910217,0.7408182206817179,0.01124205770552665,0.0001978277640336821,0.017597113376889108,-6.99049865564967,-4.488093381385126,-8.528113784451463,-3.740020403066336,0.5119066186148737,-0.09753440717116807,2.0587361106264978e-05,3.740020403066336,0.5119066186148737,0.09753440717116807,2.0587361106264978e-05,False,False,ictal_scale,low,low,low,-0.16313646198514206,0.08712645963772703,0.006594692988473713,0.006596495969147876,0.006737946999085467,1200,500,10,78.70252132415771
-5,-0.3,0.21,0.0009,55,304849022,True,,60,-0.16,-0.1554785588346717,0.3618766393819011,-4.454659882575365,-4.9999999782912,0.0008725727846168222,-0.14547854583182457,0.4625238880579129,-4.890313392056845,0.0016605909247211005,-57.224288897024245,-55.3352499313203,-93.976854982938,-94.29312161375219,1.8890389657039464,-0.3162666308141979,True,False,0.006737946999085467,0.004991593906910217,0.7408182206817179,0.011624272820094848,7.832373586502313e-05,0.006737947145358213,-7.0440644866027435,-4.454659882575365,-9.454659860866565,-4.6999999782912,0.5453401174246348,0.15187663938190113,-2.742721538317777e-05,4.6999999782912,0.5453401174246348,0.15187663938190113,2.742721538317777e-05,False,False,ictal_scale,low,low,low,-0.14908085459547185,0.09627995923494787,0.006585349716043566,0.006585319699979594,0.006737946999085467,1200,500,10,89.07796311378479
-5,-0.3,0.21,0.0009,56,306128000,True,,60,-0.16,-0.15625213050125225,0.0353243088922197,-5.319240731815019,-0.8917772303000028,0.000398568015580413,-0.15436893744296415,0.41342170944489787,-6.497737231011317,0.0032820304967001407,-73.38687682115446,-73.47382865164931,-126.30203083119841,-130.57027905441024,-0.08695183049485422,-4.2682482232118275,False,False,0.006737946999085467,0.004991593906910217,0.7408182206817179,0.0048964700481443375,0.002007193177131415,0.4099265710595125,-7.827632395300735,-5.319240731815019,-6.211017962115021,-0.5917772303000028,-0.319240731815019,-0.1746756911077803,-0.000501431984419587,0.5917772303000028,0.319240731815019,0.1746756911077803,0.000501431984419587,False,False,ictal_scale,low,low,low,-0.1542317658316908,0.07054338987704625,0.006628688977556694,0.006643517911654963,0.006737946999085467,1200,500,10,70.52453207969666
-5,-0.3,0.21,0.0009,57,295476980,True,,60,-0.16,-0.1678687670923985,0.3469748468836028,-4.99770713076156,-4.999999971414981,0.0006823226896319231,-0.17599586975098783,0.45919018930492356,-5.507372862804704,0.0014391436299256797,-70.3765952629604,-69.46889023620213,-120.28146771481028,-122.56040222351585,0.9077050267582649,-2.278934508705575,True,False,0.006737946999085467,0.004991593906910217,0.7408182206817179,0.006753413955568138,4.5504146596239125e-05,0.006737947191689811,-7.290007860068934,-4.99770713076156,-9.997707102176541,-4.699999971414981,0.002292869238440076,0.1369748468836028,-0.00021767731036807683,4.699999971414981,0.002292869238440076,0.1369748468836028,0.00021767731036807683,False,False,ictal_scale,low,low,low,-0.17044868619553113,0.07671785341609465,0.006612965469307136,0.006632339060758708,0.006737946999085467,1200,500,10,69.11673855781555
-5,-0.3,0.21,0.0009,58,315500042,True,,60,-0.16,-0.1684652796880905,-0.09941257308785809,-5.712768676103476,4.999999980748799,0.00041914716180202645,-0.16817818947362562,-0.28935198705341625,-14.495592523669998,0.0048977833628062175,-75.10524584784334,-74.41457707297836,-129.73876888457616,-132.45177589706833,0.6906687748649745,-2.71300701249217,True,False,0.006737946999085467,0.004991593906910217,0.7408182206817179,0.0033035135126338344,0.4902848671094646,148.41315624544512,-7.777288478221414,-5.712768676103476,-0.7127686953546766,5.299999980748799,-0.7127686761034759,-0.3094125730878581,-0.0004808528381979735,5.299999980748799,0.7127686761034759,0.3094125730878581,0.0004808528381979735,False,False,ictal_scale,low,low,low,-0.16373184805417315,0.07062468015461006,0.006623470286031651,0.0066270047353458785,0.006737946999085467,1200,500,10,68.77589559555054
-5,-0.3,0.21,0.0009,59,186766052,True,,60,-0.16,-0.1618243223833735,0.15173372696573498,-4.8332413470133515,-4.9999999782912,0.000441250672128336,-0.1685399301815949,0.3177025592434034,-5.658929097301716,0.0027735845048292864,-66.29395178127932,-65.1958369915001,-112.11618075144813,-114.0142957341118,1.098114789779217,-1.898114982663671,True,False,0.006737946999085467,0.004991593906910217,0.7408182206817179,0.00796067608832585,5.3638614724456495e-05,0.006737947145358213,-7.7258974264809055,-4.8332413470133515,-9.833241325304552,-4.6999999782912,0.1667586529866485,-0.058266273034265015,-0.00045874932787166395,4.6999999782912,0.1667586529866485,0.058266273034265015,0.00045874932787166395,False,False,ictal_scale,low,low,low,-0.16539166907404518,0.07721586626194205,0.00661487980251561,0.006639870779370799,0.006737946999085467,1200,500,10,64.26488614082336
-5,-0.3,0.21,0.0009,60,424210970,True,,60,-0.16,-0.16054780183977302,0.4431032508216358,-5.523059980669694,4.829183767392471,0.0007472358312789389,-0.15919585206838754,0.4855643168342603,-5.4798460158743305,0.0020578561467076537,-66.99762741794288,-66.06571527748285,-113.52353202477525,-115.7540523060773,0.9319121404600281,-2.2305202813020486,True,False,0.006737946999085467,0.004991593906910217,0.7408182206817179,0.0039936088600491535,0.49963561648125343,125.10880108451681,-7.199129718132298,-5.523059980669694,-0.6938762132772229,5.129183767392471,-0.5230599806696938,0.23310325082163583,-0.0001527641687210611,5.129183767392471,0.5230599806696938,0.23310325082163583,0.0001527641687210611,False,False,ictal_scale,low,low,low,-0.16037792659712327,0.07844208979782591,0.006608460494605497,0.006614347017180425,0.006737946999085467,1200,500,10,81.72222185134888
-5,-0.3,0.21,0.0009,61,1970089637,True,,60,-0.16,-0.16638845941060942,0.08033320790342306,-5.046620028632727,-2.8337819055029123,0.0004648331348912001,-0.16583717661974343,0.3538797568837337,-6.648339979783869,0.004693394244724029,-65.17386397515855,-67.25346723594613,-109.8760051392066,-118.12955622300386,-2.0796032607875787,-8.253551083797262,False,False,0.006737946999085467,0.004991593906910217,0.7408182206817179,0.006431033461844928,0.0003780810625537584,0.0587900941266903,-7.673832066475221,-5.046620028632727,-7.880401934135639,-2.5337819055029125,-0.046620028632727184,-0.12966679209657694,-0.0004351668651087999,2.5337819055029125,0.046620028632727184,0.12966679209657694,0.0004351668651087999,False,False,ictal_scale,low,low,low,-0.16051326957190679,0.07575302054019714,0.006626410097221749,0.006654173390606551,0.006737946999085467,1200,500,10,86.4713659286499
-5,-0.3,0.21,0.0009,62,679660104,True,,60,-0.16,-0.15287277951620334,-0.10867362271092428,-5.1399759786646495,0.04734962341167448,0.0005287698682191767,-0.15109056872553084,-0.556040688913597,-18.531703257814527,0.006842175655289123,-64.2046411353832,-64.48217518570735,-107.93755945965589,-112.58697212252629,-0.27753405032414946,-4.649412662870404,False,False,0.006737946999085467,0.004991593906910217,0.7408182206817179,0.005857830424554633,0.00614186795892542,1.048488521139186,-7.54495725248151,-5.1399759786646495,-5.092626355252975,0.34734962341167447,-0.1399759786646495,-0.31867362271092425,-0.0003712301317808233,0.34734962341167447,0.1399759786646495,0.31867362271092425,0.0003712301317808233,False,False,ictal_scale,low,low,low,-0.14876567707122276,0.07541433013315507,0.006619917719557846,0.0066569129148132174,0.006737946999085467,1200,500,10,81.94304347038269
-5,-0.3,0.21,0.0009,63,68683082,True,,60,-0.16,-0.1481116228617472,0.30259310092268177,-4.967332174611717,1.777534586939262,0.0010091211919074923,-0.1455411793770121,0.45235792014190324,-4.925819686356352,0.0010080425686241614,-55.985274540863756,-54.949314359784026,-91.498826270617,-93.52125047067965,1.03596018107973,-2.0224242000626447,True,False,0.006737946999085467,0.004991593906910217,0.7408182206817179,0.006961695871541903,0.04118020547677202,5.915254879936501,-6.898675433914094,-4.967332174611717,-3.189797587672455,2.077534586939262,0.032667825388283056,0.09259310092268178,0.00010912119190749229,2.077534586939262,0.032667825388283056,0.09259310092268178,0.00010912119190749229,False,False,ictal_scale,low,low,low,-0.1507739240695276,0.08969057007186883,0.0066057258578560395,0.0066438471499284,0.006737946999085467,1200,500,10,73.46824836730957
-5,-0.3,0.21,0.0009,64,570949176,True,,60,-0.16,-0.17443399399998924,0.08727385275196763,-4.718516515628451,-4.99999856993985,0.0006148331966568055,-0.1717772034564667,0.35059381248466187,-6.285453132878521,0.005671604202822693,-62.17761498393462,-61.33021321006773,-103.88350715675872,-106.28304817124706,0.8474017738668849,-2.399541014488335,True,False,0.006737946999085467,0.004991593906910217,0.7408182206817179,0.008928413891270567,6.015926561658644e-05,0.006737956634761855,-7.3941595518941785,-4.718516515628451,-9.718515085568301,-4.69999856993985,0.2814834843715488,-0.12272614724803237,-0.0002851668033431945,4.69999856993985,0.2814834843715488,0.12272614724803237,0.0002851668033431945,False,False,ictal_scale,low,low,low,-0.17580697184329847,0.07502992586911489,0.006617881999693995,0.006628718271854829,0.006737946999085467,1200,500,10,82.00003790855408
-5,-0.3,0.21,0.0009,65,2088172607,True,,60,-0.16,-0.16105704748903568,-0.00024613622388366865,-4.572196053334405,-2.6412107260999296,0.0006759075296307516,-0.15927501415349735,0.13212808841777232,-7.366803260091286,0.0084374672693523,-55.93845487966837,-55.97970409332588,-91.40518694822623,-95.58202993776335,-0.04124921365750822,-4.176842989537121,False,False,0.006737946999085467,0.004991593906910217,0.7408182206817179,0.010335238043773554,0.0007366432945829732,0.07127492288644116,-7.299454281765035,-4.572196053334405,-7.213406779434335,-2.3412107260999298,0.42780394666559474,-0.21024613622388366,-0.0002240924703692484,2.3412107260999298,0.42780394666559474,0.21024613622388366,0.0002240924703692484,False,False,ictal_scale,low,low,low,-0.15743351816538267,0.0872385054328654,0.006595043826072791,0.006600052519328416,0.006737946999085467,1200,500,10,76.11602783203125
-5,-0.3,0.21,0.0009,66,561577134,True,,60,-0.16,-0.16043502481974597,0.21079920992643308,-5.695773513693323,4.999999980748799,0.0005029546225540728,-0.14988553354754788,0.4750112574369448,-5.430660108546886,0.0007765434735256105,-74.72278139699446,-72.25819203265073,-128.97383998287842,-128.13900581641306,2.4645893643437375,0.834834166465356,True,True,0.006737946999085467,0.004991593906910217,0.7408182206817179,0.003360137061609477,0.4986885467307583,148.41315624544512,-7.59501060554422,-5.695773513693323,-0.695773532944524,5.299999980748799,-0.6957735136933234,0.0007992099264330921,-0.0003970453774459272,5.299999980748799,0.6957735136933234,0.0007992099264330921,0.0003970453774459272,False,False,ictal_scale,low,low,low,-0.1609582355845995,0.07467746250423594,0.006623283510412566,0.00664307128935315,0.006737946999085467,1200,500,10,83.07472205162048
-5,-0.3,0.21,0.0009,67,49399888,True,,60,-0.16,-0.18648335239769992,0.42235285942358053,-5.2370713006821195,4.999693059712634,0.0008611059871473845,-0.1841466056661072,0.4400607469539935,-4.978187172468283,0.0016618634995409004,-56.38442724230246,-55.53906162919581,-92.29713167349442,-94.70074500950321,0.8453656131066509,-2.403613336008789,True,False,0.006737946999085467,0.004991593906910217,0.7408182206817179,0.0053158024475497825,0.7886929156198038,148.36761211533297,-7.057292963380293,-5.2370713006821195,-0.2373782409694858,5.2996930597126335,-0.23707130068211946,0.21235285942358054,-3.8894012852615494e-05,5.2996930597126335,0.23707130068211946,0.21235285942358054,3.8894012852615494e-05,False,False,ictal_scale,low,low,low,-0.17148693674213464,0.09222754283393073,0.006597756521754397,0.006622614712981758,0.006737946999085467,1200,500,10,62.68179941177368
-5,-0.3,0.21,0.0009,68,452866206,True,,60,-0.16,-0.16244110765855177,0.12327119997020144,-4.985817463454698,-3.3969538663810046,0.0006413522183559174,-0.16716727430419775,0.3968422098820141,-6.519633695904261,0.004776384361319634,-65.71818210091955,-65.65376125830605,-110.96464139072859,-114.93014426772369,0.0644208426135009,-3.965502876995103,True,False,0.006737946999085467,0.004991593906910217,0.7408182206817179,0.006834189043590509,0.00022877505498084588,0.033475084391381305,-7.351931769339361,-4.985817463454698,-8.382771329835702,-3.096953866381005,0.014182536545302327,-0.08672880002979855,-0.00025864778164408255,3.096953866381005,0.014182536545302327,0.08672880002979855,0.00025864778164408255,False,False,ictal_scale,low,low,low,-0.17419049713936416,0.07347994552563314,0.006621167108326032,0.006633404561807226,0.006737946999085467,1200,500,10,68.83858060836792
-5,-0.3,0.21,0.0009,69,1192351351,True,,60,-0.16,-0.15767901480625837,0.07197283086583671,-5.165161045451652,-4.9999999782912,0.0004929780890980636,-0.15386719930476733,0.17816785241512662,-6.109572171968779,0.0030763767383881558,-72.76246141862512,-72.03137548966026,-125.05320002613973,-127.68537273043212,0.731085928964859,-2.632172704292387,True,False,0.006737946999085467,0.004991593906910217,0.7408182206817179,0.0057121428502993985,3.848811661205319e-05,0.006737947145358213,-7.615045828929404,-5.165161045451652,-10.16516102374285,-4.6999999782912,-0.16516104545165167,-0.1380271691341633,-0.0004070219109019364,4.6999999782912,0.16516104545165167,0.1380271691341633,0.0004070219109019364,False,False,ictal_scale,low,low,low,-0.16276303289486696,0.06072900373227739,0.006641950183312326,0.006656038407760119,0.006737946999085467,1200,500,10,81.75023937225342
-5,-0.3,0.21,0.0009,70,443494164,True,,60,-0.16,-0.1569074930613468,0.013048462760652297,-5.358256174471766,4.999999980748799,0.000559785971232702,-0.16025673550956238,0.28758272417084446,-7.452416809960445,0.006966375763110868,-64.86195976613567,-61.833928415262335,-109.25219672116083,-107.29047858163626,3.0280313508733343,1.9617181395245638,True,True,0.006737946999085467,0.004991593906910217,0.7408182206817179,0.004709110819373288,0.6988939998127639,148.41315624544512,-7.487956041517225,-5.358256174471766,-0.35825619372296647,5.299999980748799,-0.35825617447176583,-0.1969515372393477,-0.00034021402876729793,5.299999980748799,0.35825617447176583,0.1969515372393477,0.00034021402876729793,False,False,ictal_scale,low,low,low,-0.15718712580703934,0.07852124194889303,0.006623200184350361,0.006671291431189216,0.006737946999085467,1200,500,10,90.42996883392334
-5,-0.3,0.21,0.0009,71,1201723393,True,,60,-0.16,-0.14596735983032771,0.03376436445913587,-5.235842761472039,-3.3383507942158515,0.0005648968662960048,-0.147401336650892,0.28021551971268677,-8.897883418120372,0.004721338176787006,-74.01809659567834,-74.36995379441424,-127.56447038024618,-132.3625293399401,-0.3518571987358996,-4.798058959693918,False,False,0.006737946999085467,0.004991593906910217,0.7408182206817179,0.005322337132526093,0.0001889187450555484,0.03549544877588086,-7.478867381009031,-5.235842761472039,-8.574193555687891,-3.0383507942158516,-0.2358427614720391,-0.17623563554086413,-0.00033510313370399515,3.0383507942158516,0.2358427614720391,0.17623563554086413,0.00033510313370399515,False,False,ictal_scale,low,low,low,-0.14932271610316913,0.06841566748613602,0.006635766416396622,0.0066567508536094794,0.006737946999085467,1200,500,10,79.24218130111694
-5,-0.3,0.21,0.0009,72,334783236,True,,60,-0.16,-0.16298025988927553,0.26724583058967705,-5.469792158274088,4.9850088675970525,0.0005406515499649583,-0.1612100530152203,0.4449942463630361,-5.854072781718148,0.0032265808064624894,-66.51722673973552,-66.75339534010229,-112.56273066836053,-117.12941243131617,-0.23616860036676712,-4.566681762955639,False,False,0.006737946999085467,0.004991593906910217,0.7408182206817179,0.004212107518722058,0.6158306385454638,146.20487150629646,-7.522735571722202,-5.469792158274088,-0.4847832906770355,5.285008867597052,-0.46979215827408805,0.057245830589677055,-0.0003593484500350417,5.285008867597052,0.46979215827408805,0.057245830589677055,0.0003593484500350417,False,False,ictal_scale,low,low,low,-0.1577574628979627,0.0772855310164992,0.006616927254659964,0.006620128227301659,0.006737946999085467,1200,500,10,79.5736289024353
-5,-0.3,0.21,0.0009,73,1310434321,True,,60,-0.16,-0.16046004584787568,0.2014761506180212,-4.889705025214291,-4.9999999782912,0.00044474659996006865,-0.1625669627662959,0.3805469612933755,-6.024869343117676,0.003563634897159956,-69.06768143997621,-67.35669870881308,-117.66364006884191,-118.33601916873776,1.7109827311631278,-0.6723790998958492,True,False,0.006737946999085467,0.004991593906910217,0.7408182206817179,0.007523641432228181,5.06938983109807e-05,0.006737947145358213,-7.718005876281573,-4.889705025214291,-9.88970500350549,-4.6999999782912,0.11029497478570871,-0.008523849381978782,-0.00045525340003993133,4.6999999782912,0.11029497478570871,0.008523849381978782,0.00045525340003993133,False,False,ictal_scale,low,low,low,-0.15921332195506324,0.07892662175534504,0.0066102972116038865,0.00662321896076231,0.006737946999085467,1200,500,10,85.05248665809631
-5,-0.3,0.21,0.0009,74,325411194,True,,60,-0.16,-0.1420114791694737,0.25945000816444996,-4.997248306924447,-2.2376217596550223,0.0009722866607762191,-0.1332405190444883,0.41781314612525633,-5.609951545456688,0.0035999508435336607,-61.735409584721616,-61.463813573000074,-102.99909635833274,-106.55024889711174,0.2715960117215417,-3.5511525387790073,True,False,0.006737946999085467,0.004991593906910217,0.7408182206817179,0.006756513293843614,0.0007210009763066573,0.10671198959433964,-6.935859878489693,-4.997248306924447,-7.234870066579469,-1.9376217596550223,0.002751693075553341,0.04945000816444997,7.228666077621908e-05,1.9376217596550223,0.002751693075553341,0.04945000816444997,7.228666077621908e-05,False,False,ictal_scale,low,low,low,-0.13912045915907859,0.0826248170025829,0.006599378332659861,0.006613563995307499,0.006737946999085467,1200,500,10,83.79091024398804
-5,-0.3,0.21,0.0009,75,827677288,True,,60,-0.16,-0.15236609058490005,0.2482302425301724,-4.705410585303255,-4.9999998957494505,0.0010022040757382508,-0.15251662674501848,0.4345856261396991,-4.8511011483121615,0.0009635530665539819,-58.25262411787045,-56.098716416924354,-96.0335254246304,-95.8200545849603,2.1539077009460925,0.2134708396700944,True,True,0.006737946999085467,0.004991593906910217,0.7408182206817179,0.009046199218843394,6.0952817234099514e-05,0.006737947701520181,-6.905553628655609,-4.705410585303255,-9.705410481052706,-4.699999895749451,0.2945894146967447,0.038230242530172404,0.0001022040757382508,4.699999895749451,0.2945894146967447,0.038230242530172404,0.0001022040757382508,False,False,ictal_scale,low,low,low,-0.14796041063665907,0.08286023541133815,0.006612848670870111,0.00664718118966539,0.006737946999085467,1200,500,10,94.36584377288818
-5,-0.3,0.21,0.0009,76,817540269,True,,60,-0.16,-0.14129087625470058,0.09646902608688014,-4.936259915887266,-3.8442060801284175,0.0006541549079633873,-0.14370452768887043,0.39151978612834837,-6.591677974565055,0.004841796968818518,-66.33738469504482,-66.69119359339508,-112.20304657897913,-117.00500893790176,-0.3538088983502661,-4.801962358922637,False,False,0.006737946999085467,0.004991593906910217,0.7408182206817179,0.007181407274543772,0.00015370644191779496,0.02140338739214032,-7.332166372225189,-4.936259915887266,-8.780465996015684,-3.5442060801284176,0.0637400841127338,-0.11353097391311985,-0.00024584509203661267,3.5442060801284176,0.0637400841127338,0.11353097391311985,0.00024584509203661267,False,False,ictal_scale,low,low,low,-0.14541468709643987,0.0804009052492697,0.006610274522621263,0.006631174920346282,0.006737946999085467,1200,500,10,77.38833546638489
-5,-0.3,0.21,0.0009,77,1428517291,True,,60,-0.16,-0.14214103796772154,0.03663778356884463,-4.840485689277174,-4.999999378919558,0.0006985796652797794,-0.137421720621411,0.23553601136288352,-6.565649303105602,0.005191653638220754,-65.95787074853074,-65.41374082497755,-111.44401868595097,-114.4501034010667,0.5441299235531858,-3.0060847151157333,True,False,0.006737946999085467,0.004991593906910217,0.7408182206817179,0.007903214612689174,5.325147425613638e-05,0.006737951183893868,-7.26646133383113,-4.840485689277174,-9.840485068196731,-4.699999378919558,0.15951431072282585,-0.17336221643115535,-0.00020142033472022062,4.699999378919558,0.15951431072282585,0.17336221643115535,0.00020142033472022062,False,False,ictal_scale,low,low,low,-0.1429918031439864,0.07967436488921582,0.006609124960011146,0.006638309654994261,0.006737946999085467,1200,500,10,82.29085540771484
-5,-0.3,0.21,0.0009,78,826912311,True,,60,-0.16,-0.1504085639302667,-0.035044990840020454,-5.2408755195925,0.7010512390081673,0.0007157582389234707,-0.15053220609459317,-0.22888410880852966,-14.788942177309771,0.006502847391632287,-65.61646554075911,-65.83779505034198,-110.7612082704077,-115.29821185179556,-0.22132950958287267,-4.53700358138785,False,False,0.006737946999085467,0.004991593906910217,0.7408182206817179,0.005295618387987613,0.010675282243078406,2.0158707559619145,-7.242168103156776,-5.2408755195925,-4.539824280584332,1.0010512390081674,-0.24087551959249964,-0.24504499084002046,-0.0001842417610765293,1.0010512390081674,0.24087551959249964,0.24504499084002046,0.0001842417610765293,False,False,ictal_scale,low,low,low,-0.15432741320792906,0.06922189235572049,0.0066226013627148535,0.006632633927667568,0.006737946999085467,1200,500,10,62.08145499229431
-5,-0.3,0.21,0.0009,79,709594318,True,,60,-0.16,-0.15557398086827154,0.255429473184261,-4.886963989515473,-1.0506901997717792,0.000750767723591884,-0.15436808731890891,0.48051547952674883,-5.702192722757033,0.003773214915027541,-60.54858704301849,-60.94258258611698,-100.62545127492649,-105.50778692334555,-0.39399554309848384,-4.882335648419058,False,False,0.006737946999085467,0.004991593906910217,0.7408182206817179,0.007544292291420524,0.002638211141833871,0.34969630548833336,-7.194414243531498,-4.886963989515473,-5.937654189287252,-0.7506901997717792,0.11303601048452716,0.04542947318426102,-0.00014923227640811602,0.7506901997717792,0.11303601048452716,0.04542947318426102,0.00014923227640811602,False,False,ictal_scale,low,low,low,-0.15283006508321526,0.07753038006471867,0.006615891696946088,0.006626013701214824,0.006737946999085467,1200,500,10,64.44873976707458
-5,-0.3,0.21,0.0009,80,935623239,True,,60,-0.16,-0.12890032706952237,-0.14014974004584724,-4.927827818842412,-4.902388056553009,0.0005823179458092082,-0.13032331986226553,0.040371619331974924,-9.45941746371694,0.006049683641907137,-68.3114610952592,-67.6514776193786,-116.1511993794079,-118.92557698986879,0.6599834758806082,-2.7743776104608884,True,False,0.006737946999085467,0.004991593906910217,0.7408182206817179,0.007242217616652169,5.380114140068755e-05,0.0074288214257717915,-7.448493960758364,-4.927827818842412,-9.830215875395421,-4.602388056553009,0.07217218115758772,-0.3501497400458472,-0.00031768205419079173,4.602388056553009,0.07217218115758772,0.3501497400458472,0.00031768205419079173,False,False,ictal_scale,low,low,low,-0.13320610479246467,0.07117321168896015,0.006613539575609417,0.006624073639123944,0.006737946999085467,1200,500,10,84.91027164459229
-5,-0.3,0.21,0.0009,81,1714126502,True,,60,-0.16,-0.13377141848593008,0.24653341670206486,-5.812009566468669,4.999999636930069,0.000632629875493728,-0.13573937247342222,0.43601528608731555,-6.153090272442491,0.0018772902313793694,-76.66226008932108,-75.99433700165062,-132.85279736753165,-135.61129575441285,0.6679230876704594,-2.7584983868812003,True,False,0.006737946999085467,0.004991593906910217,0.7408182206817179,0.002991412585655087,0.4439648308259689,148.413105218231,-7.365625021692327,-5.812009566468669,-0.8120099295385996,5.299999636930069,-0.8120095664686691,0.036533416702064864,-0.000267370124506272,5.299999636930069,0.8120095664686691,0.036533416702064864,0.000267370124506272,False,False,ictal_scale,low,low,low,-0.14444960520276842,0.0719553230482615,0.006623776558583833,0.006648494233585001,0.006737946999085467,1200,500,10,84.21617197990417
-5,-0.3,0.21,0.0009,82,944995281,True,,60,-0.16,-0.1844322081248409,0.17891304575769207,-4.790713179244859,-4.9999999782912,0.0006740713334195708,-0.19035306986719347,0.41329311496988735,-5.936416869371985,0.00461683056472208,-62.61911901394819,-62.403309040934666,-104.76651521678588,-108.42923983298093,0.21580997301352767,-3.6627246161950495,True,False,0.006737946999085467,0.004991593906910217,0.7408182206817179,0.008306531223302402,5.596896834387929e-05,0.006737947145358213,-7.302174616718113,-4.790713179244859,-9.790713157536059,-4.6999999782912,0.20928682075514082,-0.031086954242307924,-0.00022592866658042922,4.6999999782912,0.20928682075514082,0.031086954242307924,0.00022592866658042922,False,False,ictal_scale,low,low,low,-0.18967022706540454,0.08385703163233399,0.006601429720747264,0.006617515559247282,0.006737946999085467,1200,500,10,80.16905045509338
-5,-0.3,0.21,0.0009,83,442729187,True,,60,-0.16,-0.15869832123330152,-0.09502614112552972,-4.671463230960077,-4.999907608413621,0.0006205193354560433,-0.15884406023798256,0.09336565829186433,-10.094126392352855,0.0079560525259898,-60.432947657951686,-59.68286686286676,-100.39417250479286,-102.98835547684511,0.7500807950849264,-2.594182972052252,True,False,0.006737946999085467,0.004991593906910217,0.7408182206817179,0.00935856576040077,6.306334633449409e-05,0.006738569557456784,-7.384953792715595,-4.671463230960077,-9.671370839373697,-4.699907608413621,0.328536769039923,-0.3050261411255297,-0.0002794806645439567,4.699907608413621,0.328536769039923,0.3050261411255297,0.0002794806645439567,False,False,ictal_scale,low,low,low,-0.16492601665356585,0.08023997122917681,0.006622274990708791,0.006656232564822665,0.006737946999085467,1200,500,10,79.319011926651
-5,-0.3,0.21,0.0009,84,1053706209,True,,60,-0.16,-0.16300374675084212,0.08024487013945163,-5.483167675185948,4.9565444403049,0.0010814400600430128,-0.1581574426766169,0.361855274340867,-5.898994514755579,0.004403151613681977,-61.406283292408126,-62.211098176165976,-102.34084377370576,-108.04481810344355,-0.8048148837578495,-5.70397432973779,False,False,0.006737946999085467,0.004991593906910217,0.7408182206817179,0.004156143511481821,0.5905959099858844,142.1019048919499,-6.8294617370908774,-5.483167675185948,-0.5266232348810478,5.2565444403049,-0.48316767518594794,-0.12975512986054838,0.00018144006004301282,5.2565444403049,0.48316767518594794,0.12975512986054838,0.00018144006004301282,False,False,ictal_scale,low,low,low,-0.15828439360917598,0.07709794731524698,0.00662598403132562,0.006650087431713019,0.006737946999085467,1200,500,10,89.32599878311157
-5,-0.3,0.21,0.0009,85,1596043532,True,,60,-0.16,-0.17855866929593917,0.23600514155802252,-5.082548425669547,2.8917711453442685,0.001263183386576653,-0.18180919652205962,0.46838989925701985,-4.889549236982315,0.0014766476580518237,-56.30384180673481,-54.90610176058287,-92.13596080235911,-93.43482527227734,1.397740046151938,-1.2988644699182288,True,False,0.006737946999085467,0.004991593906910217,0.7408182206817179,0.006204078220514541,0.11182979172987641,18.025206606857015,-6.674120246964415,-5.082548425669547,-2.1907772803252783,3.1917711453442683,-0.08254842566954679,0.026005141558022526,0.00036318338657665306,3.1917711453442683,0.08254842566954679,0.026005141558022526,0.00036318338657665306,False,False,ictal_scale,low,low,low,-0.17995356005974766,0.0866035157113891,0.0066054643814873115,0.006631614402335952,0.006737946999085467,1200,500,10,76.92875814437866
-5,-0.3,0.21,0.0009,86,1063078251,True,,60,-0.16,-0.1486964447807224,0.08726457272467447,-4.606909147917324,-4.9999999782912,0.0007477031566286838,-0.14442309131585573,0.22201245808904183,-7.3166655760861445,0.007536813001805674,-60.08434116334088,-59.09909228167113,-99.69695951557125,-101.82080631445386,0.9852488816697473,-2.12384679888261,True,False,0.006737946999085467,0.004991593906910217,0.7408182206817179,0.009982625491890107,6.726240293626102e-05,0.006737947145358213,-7.198504508182263,-4.606909147917324,-9.606909126208524,-4.6999999782912,0.39309085208267636,-0.12273542727532552,-0.00015229684337131615,4.6999999782912,0.39309085208267636,0.12273542727532552,0.00015229684337131615,False,False,ictal_scale,low,low,low,-0.14790294724347175,0.08217114922226308,0.0066114213499175204,0.006643880426921047,0.006737946999085467,1200,500,10,74.51284885406494
-5,-0.3,0.21,0.0009,87,560812157,True,,60,-0.16,-0.14851238386857007,0.024364055673713674,-4.424267678891199,-3.4812006422186594,0.001265760090538021,-0.1498467195023252,0.24860106842368185,-6.649525393278584,0.009109245695422388,-51.64730089228571,-51.64695046896064,-82.82287897346092,-86.91652268903287,0.0003504233250737343,-4.093643715571957,True,False,0.006737946999085467,0.004991593906910217,0.7408182206817179,0.011982983480134454,0.00036872172872644705,0.03077044455061785,-6.672082475162606,-4.424267678891199,-7.905468321109858,-3.1812006422186596,0.5757323211088012,-0.18563594432628633,0.000365760090538021,3.1812006422186596,0.5757323211088012,0.18563594432628633,0.000365760090538021,False,False,ictal_scale,low,low,low,-0.14785248742459242,0.09198741018353249,0.006598858535013449,0.006637017708137096,0.006737946999085467,1200,500,10,68.20092248916626
-5,-0.3,0.21,0.0009,88,2088937584,True,,60,-0.16,-0.15217407132737748,0.28947826349849826,-5.08267387822353,4.424707982389183,0.0009559450083559313,-0.1522074653789074,0.446400129004221,-4.748307877526134,0.0016408195820619594,-54.08496795214886,-53.03862152919653,-87.6982130931872,-89.69986480950466,1.0463464229523254,-2.001651716317454,True,False,0.006737946999085467,0.004991593906910217,0.7408182206817179,0.00620329995187558,0.5179037339263836,83.4884235720045,-6.952810169207602,-5.08267387822353,-0.6579658958343471,4.724707982389183,-0.08267387822353012,0.07947826349849826,5.594500835593135e-05,4.724707982389183,0.08267387822353012,0.07947826349849826,5.594500835593135e-05,False,False,ictal_scale,low,low,low,-0.15483445658933434,0.09721880253536393,0.006586591323554203,0.0065919532169921875,0.006737946999085467,1200,500,10,62.004369020462036
-5,-0.3,0.21,0.0009,89,669523085,True,,60,-0.16,-0.16191995181634927,-0.037401960371541,-5.066645548465553,-0.9463294886201515,0.0008350849680828956,-0.1626280576732712,0.34162428510919407,-6.877348462203036,0.005986914100742659,-62.54363712730998,-63.42624158861099,-104.61555144350945,-110.47510492833358,-0.882604461301014,-5.859553484824133,False,False,0.006737946999085467,0.004991593906910217,0.7408182206817179,0.006303529600217494,0.002446798026681453,0.38816316918651905,-7.087977080107323,-5.066645548465553,-6.012975037085705,-0.6463294886201516,-0.06664554846555326,-0.247401960371541,-6.49150319171044e-05,0.6463294886201516,0.06664554846555326,0.247401960371541,6.49150319171044e-05,False,False,ictal_scale,low,low,low,-0.1618253223937402,0.07852453355831107,0.006615969820015486,0.006633051251230929,0.006737946999085467,1200,500,10,80.10486435890198
-5,-0.3,0.21,0.0009,90,2079565542,True,,60,-0.16,-0.1555168403074308,0.17858307497856601,-5.25530110942295,4.999999955046604,0.0009204866804850353,-0.15451628363973385,0.4482752867669397,-5.541000328770735,0.004345945366071869,-59.37845006494797,-57.85264345843009,-98.28517731878543,-99.32790866797177,1.5258066065178824,-1.0427313491863401,True,False,0.006737946999085467,0.004991593906910217,0.7408182206817179,0.005219774332087529,0.7746831636030125,148.41315243090128,-6.990608027265429,-5.25530110942295,-0.2553011543763457,5.299999955046604,-0.25530110942295003,-0.03141692502143398,2.0486680485035298e-05,5.299999955046604,0.25530110942295003,0.03141692502143398,2.0486680485035298e-05,False,False,ictal_scale,low,low,low,-0.1596650353576394,0.08620262588534894,0.006607471972887105,0.0066231407329435995,0.006737946999085467,1200,500,10,83.08210897445679
-5,-0.3,0.21,0.0009,91,678895127,True,,60,-0.16,-0.16444758251453573,0.10702306470498571,-4.4916128685548005,-4.9999999782912,0.0009206390164910178,-0.16635516809939596,0.38133885891779734,-6.551342662727681,0.008395130889816645,-54.43561554211821,-53.345010742647354,-88.39950827312592,-90.3126432364063,1.090604799470853,-1.9131349632803847,True,False,0.006737946999085467,0.004991593906910217,0.7408182206817179,0.011202560972563568,7.548226372578609e-05,0.006737947145358213,-6.990442545890007,-4.4916128685548005,-9.491612846846,-4.6999999782912,0.5083871314451995,-0.10297693529501428,2.0639016491017783e-05,4.6999999782912,0.5083871314451995,0.10297693529501428,2.0639016491017783e-05,False,False,ictal_scale,low,low,low,-0.1674773502955693,0.09262443453945687,0.006603023760914903,0.0066443811566550635,0.006737946999085467,1200,500,10,79.22016310691833
-5,-0.3,0.21,0.0009,92,1970854614,True,,60,-0.16,-0.1625263546301211,0.34440274600714205,-4.756694387779401,-4.249733273937338,0.0008213976258747993,-0.17150736018041446,0.44784639762964984,-5.0586573285812175,0.0009827203443869717,-62.90027340362077,-62.21059881062291,-105.32882399613104,-108.04381937235742,0.6896745929978607,-2.7149953762263834,True,False,0.006737946999085467,0.004991593906910217,0.7408182206817179,0.008593970830723824,0.0001226191114880304,0.014268039059390529,-7.104503246785901,-4.756694387779401,-9.006427661716739,-3.949733273937338,0.243305612220599,0.13440274600714205,-7.860237412520065e-05,3.949733273937338,0.243305612220599,0.13440274600714205,7.860237412520065e-05,False,False,ictal_scale,low,low,low,-0.16105570351693066,0.08585018450182302,0.006602352012592817,0.006637859524418765,0.006737946999085467,1200,500,10,73.65401911735535
-5,-0.3,0.21,0.0009,93,787606055,True,,60,-0.16,-0.15137278164164722,0.3455848956281618,-5.0103607698468196,2.1136001787457666,0.0007998991145531577,-0.14428565887657663,0.4523394315703567,-4.9371851494101415,0.0011035440400646926,-57.19898890128231,-56.4109862648772,-93.92625499145413,-96.444594280866,0.7880026364051105,-2.5183392894118697,True,False,0.006737946999085467,0.004991593906910217,0.7408182206817179,0.0066684970795644425,0.05520175177760733,8.277989945706459,-7.131024945057032,-5.0103607698468196,-2.896760591101053,2.4136001787457664,-0.01036076984681955,0.1355848956281618,-0.00010010088544684225,2.4136001787457664,0.01036076984681955,0.1355848956281618,0.00010010088544684225,False,False,ictal_scale,low,low,low,-0.14587934931614185,0.09428078014815114,0.006594330593885358,0.006642375403960087,0.006737946999085467,1200,500,10,73.79984521865845
-5,-0.3,0.21,0.0009,94,1862143686,True,,60,-0.16,-0.1583662851282763,0.10395783136517486,-5.5057850413251455,4.999999961514904,0.0008917703094944539,-0.14899691079571575,0.39400791057922147,-6.402895365231567,0.005500195337963944,-62.73274780176028,-62.670824311012225,-104.99377279241006,-108.96427037313605,0.061923490748057475,-3.97049758072599,True,False,0.006737946999085467,0.004991593906910217,0.7408182206817179,0.0040631975505091246,0.6030319613211668,148.41315339088203,-7.022301959109984,-5.5057850413251455,-0.5057850798102415,5.299999961514904,-0.5057850413251455,-0.10604216863482513,-8.229690505546085e-06,5.299999961514904,0.5057850413251455,0.10604216863482513,8.229690505546085e-06,False,False,ictal_scale,low,low,low,-0.15110965703108695,0.07645551058360725,0.006617536830869486,0.006636202596688722,0.006737946999085467,1200,500,10,85.5160300731659
-5,-0.3,0.21,0.0009,95,316265019,True,,60,-0.16,-0.16168147342234282,0.27192555487731457,-5.215826490926312,-0.5573989227929473,0.000618535933845893,-0.15462832343437688,0.4700714634547847,-5.198786537470535,0.0007916642418862738,-69.29620623900426,-68.32271845942583,-118.12068966689802,-120.26805866996325,0.9734877795784342,-2.1473690030652364,True,False,0.006737946999085467,0.004991593906910217,0.7408182206817179,0.005429943822107802,0.003109711215921683,0.5726967566884605,-7.388155269442832,-5.215826490926312,-5.773225413719259,-0.25739892279294735,-0.2158264909263119,0.061925554877314576,-0.000281464066154107,0.25739892279294735,0.2158264909263119,0.061925554877314576,0.000281464066154107,False,False,ictal_scale,low,low,low,-0.1605220143037248,0.07714314779459824,0.006621031243862968,0.006642529109365218,0.006737946999085467,1200,500,10,66.22384881973267
-5,-0.3,0.21,0.0009,96,1852771644,True,,60,-0.16,-0.15687518205928186,0.28505615128127765,-4.948834836556357,-4.9999999782912,0.0003751061845406249,-0.157733695627906,0.45547646913228357,-5.533867851598327,0.001863341614385881,-70.00938681582564,-67.6590388233095,-119.54705082054076,-118.9406993977306,2.3503479925161344,0.6063514228101639,True,True,0.006737946999085467,0.004991593906910217,0.7408182206817179,0.007091667068299331,4.778327787867828e-05,0.006737947145358213,-7.888301413300743,-4.948834836556357,-9.948834814847558,-4.6999999782912,0.05116516344364275,0.07505615128127766,-0.0005248938154593751,4.6999999782912,0.05116516344364275,0.07505615128127766,0.0005248938154593751,False,False,ictal_scale,low,low,low,-0.16227261392932132,0.07540000304501163,0.0066200136450151655,0.006622366698012371,0.006737946999085467,1200,500,10,68.4990713596344
-5,-0.3,0.21,0.0009,97,207554091,True,,60,-0.16,-0.1588265844704636,0.16583207356045013,-5.219499893574079,4.865601723103497,0.0010729329533804071,-0.155531876901992,0.3505840477886535,-4.8699159905720375,0.0012698327795122762,-55.813184938516805,-54.77553553212256,-91.15464706592311,-93.17369281535672,1.0376494063942445,-2.0190457494336016,True,False,0.006737946999085467,0.004991593906910217,0.7408182206817179,0.0054100340428008134,0.7019464425921134,129.7489880911564,-6.83735930248585,-5.219499893574079,-0.3538981704705817,5.165601723103497,-0.21949989357407862,-0.044167926439549865,0.00017293295338040716,5.165601723103497,0.21949989357407862,0.044167926439549865,0.00017293295338040716,False,False,ictal_scale,low,low,low,-0.15598398782199294,0.10069041545651379,0.006585000157026432,0.006613173377108933,0.006737946999085467,1200,500,10,83.82496094703674
-5,-0.3,0.21,0.0009,98,1744060716,True,,60,-0.16,-0.17211740144735355,-0.07998017775242927,-5.287781115182328,1.3340430187317152,0.0006488055833071234,-0.1733457044532279,0.16210143179126,-11.727433986320474,0.006169705440070862,-67.38617637062904,-67.22177432665181,-114.30062993014758,-118.06617040441522,0.16440204397723335,-3.765540474267638,True,False,0.006737946999085467,0.004991593906910217,0.7408182206817179,0.005052959765597341,0.019182860202043586,3.796361160967183,-7.340377449609588,-5.287781115182328,-3.9537380964506132,1.6340430187317152,-0.2877811151823284,-0.28998017775242924,-0.00025119441669287654,1.6340430187317152,0.2877811151823284,0.28998017775242924,0.00025119441669287654,False,False,ictal_scale,low,low,low,-0.17091421513734562,0.07432471929781037,0.006618961156111833,0.006641419321192214,0.006737946999085467,1200,500,10,69.20972442626953
-5,-0.3,0.21,0.0009,99,198182049,True,,60,-0.16,-0.16323425296129832,-0.06046431342705495,-4.793875134087971,0.22989404364833776,0.0007936416203503987,-0.1618751634468329,-0.03612600941247629,-7.413130210807854,0.008550476960877214,-54.6344936894243,-54.891787877662125,-88.7972645677381,-93.40619750643584,-0.2572941882378217,-4.608932938697748,False,False,0.006737946999085467,0.004991593906910217,0.7408182206817179,0.008280307827117073,0.010420491337687833,1.258466660328967,-7.138878558370819,-4.793875134087971,-4.563981090439633,0.5298940436483377,0.20612486591202916,-0.27046431342705496,-0.00010635837964960123,0.5298940436483377,0.20612486591202916,0.27046431342705496,0.00010635837964960123,False,False,ictal_scale,low,low,low,-0.16038245990947908,0.0810859657342605,0.006615780270234962,0.006637311067879206,0.006737946999085467,1200,500,10,61.54128694534302
-5,1.45,0.21,0.0009,0,1195311984,True,,60,-0.16,-0.15063351447443132,0.19439507198822426,-5.051857104060217,0.6298524275611601,0.0007631874429399043,-0.15538936246044313,0.40039371326308476,-6.086815254831006,0.004957706443902621,-60.5698918333786,-60.73957522236859,-100.6680608556467,-105.10177219584878,-0.1696833889899949,-4.4337113402020805,False,False,0.006737946999085467,0.028724639654239433,4.263114515168817,0.006397441692619758,0.01201013170708034,1.877333516135913,-7.178006891136537,-5.051857104060217,-4.422004676499057,-0.8201475724388398,-0.051857104060217374,-0.015604928011775737,-0.0001368125570600957,0.8201475724388398,0.051857104060217374,0.015604928011775737,0.0001368125570600957,True,True,strong,low,low,low,-0.15578781633161723,0.08459464294770772,0.007473494105001164,0.00736301766581895,0.009106090361158871,1200,500,10,72.45149493217468
-5,1.45,0.21,0.0009,1,1454437757,True,,60,-0.16,-0.15475837315469038,0.25467272163485355,-4.603949026695876,-3.079898509447385,0.001152294841766655,-0.15281311479646606,0.3987249103463198,-5.615748689779803,0.00518128094441192,-54.64728435414746,-54.657746756664096,-88.82284589718441,-92.93811526443979,-0.010462402516637326,-4.1152693672553795,False,False,0.006737946999085467,0.028724639654239433,4.263114515168817,0.010012219052108216,0.00046020084871071024,0.045963921316105105,-6.76599981042169,-4.603949026695876,-7.683847536143261,-4.529898509447385,0.3960509733041242,0.04467272163485356,0.000252294841766655,4.529898509447385,0.3960509733041242,0.04467272163485356,0.000252294841766655,True,True,strong,low,low,low,-0.15121483502056374,0.09011868970321717,0.0074645313733234095,0.007214521088840286,0.00955621622417795,1200,500,10,74.9750964641571
-5,1.45,0.21,0.0009,2,1956703851,True,,60,-0.16,-0.18359329803915747,0.15760616340053643,-4.824792557406149,-4.9999999461303775,0.001043612001005215,-0.17921083957329537,0.384596200569859,-6.356435952959757,0.005303217675538097,-62.87674497708478,-62.46700741298677,-105.28176714305906,-108.55663657708513,0.4097375640980161,-3.2748694340260727,True,False,0.006737946999085467,0.028724639654239433,4.263114515168817,0.008028219092262713,5.409371765472027e-05,0.006737947362056138,-6.865067505146112,-4.824792557406149,-9.824792503536527,-6.449999946130378,0.1752074425938508,-0.05239383659946356,0.000143612001005215,6.449999946130378,0.1752074425938508,0.05239383659946356,0.000143612001005215,True,True,strong,low,low,low,-0.17656196278607383,0.07536336277804391,0.0073546875457922555,0.007262266141542024,0.010111132373152542,1200,500,10,82.902188539505
-5,1.45,0.21,0.0009,3,1345726829,True,,60,-0.16,-0.14876647227821005,-0.06821368071239908,-5.116646563263589,3.839999707882486,0.0008647417567999383,-0.14940080103248593,0.39469048381019745,-6.351447245603159,0.007035037343526158,-57.473087988351324,-57.161126624860444,-94.47445316559214,-97.94487500083248,0.3119613634908802,-3.4704218352403444,True,False,0.006737946999085467,0.028724639654239433,4.263114515168817,0.005996096749107813,0.2789711645467438,46.525460848885274,-7.053079642658532,-5.116646563263589,-1.2766468553811028,2.3899997078824864,-0.11664656326358891,-0.27821368071239905,-3.5258243200061686e-05,2.3899997078824864,0.11664656326358891,0.27821368071239905,3.5258243200061686e-05,True,True,strong,low,low,low,-0.15034159744006337,0.08456751510314899,0.007452610161349038,0.007409718968892004,0.008981289311103946,1200,500,10,84.85853743553162
-5,1.45,0.21,0.0009,4,1947331809,True,,60,-0.16,-0.1645851845659196,0.1774303551914036,-5.185051578903417,-4.9999999782912,0.0006942317579253409,-0.16351815583139973,0.46368818800297634,-5.482133042850281,0.0010150948663807655,-73.22095795372502,-71.55614968817876,-125.97019309633953,-126.73492112746912,1.664808265546256,-0.764728031129593,True,False,0.006737946999085467,0.028724639654239433,4.263114515168817,0.0055996477841675435,3.773013080234314e-05,0.006737947145358213,-7.272704708067358,-5.185051578903417,-10.185051557194617,-6.4499999782912,-0.18505157890341728,-0.03256964480859639,-0.0002057682420746591,6.4499999782912,0.18505157890341728,0.03256964480859639,0.0002057682420746591,True,True,strong,low,low,low,-0.16174402097849117,0.07311368032991729,0.007342346077281259,0.00718654351507648,0.009116897853011993,1200,500,10,68.98958110809326
-5,1.45,0.21,0.0009,5,811128860,True,,60,-0.16,-0.17526340228602086,-0.13884630242354606,-5.362838613762453,4.223545745345422,0.0006979534035465575,-0.176141811694434,-0.0635280244529793,-11.75313813465298,0.006808618377508291,-64.1210121498195,-64.54637276357876,-107.7703014885285,-112.71536727826911,-0.4253606137592527,-4.94506578974061,False,False,0.006737946999085467,0.028724639654239433,4.263114515168817,0.004687580972214138,0.32004525592667965,68.2751418746179,-7.267358214526878,-5.362838613762453,-1.139292868417031,2.773545745345422,-0.3628386137624533,-0.3488463024235461,-0.00020204659645344251,2.773545745345422,0.3628386137624533,0.3488463024235461,0.00020204659645344251,True,True,strong,low,low,low,-0.17629843028575806,0.07720560898383402,0.007409445740553869,0.007319031617358087,0.009446877520785836,1200,500,10,82.6775770187378
-5,1.45,0.21,0.0009,6,1838620881,True,,60,-0.16,-0.1460267439703222,0.3119781483920037,-4.590066554229254,-4.8046994569887955,0.0006889575030047648,-0.14607688905914773,0.4369591314218009,-5.368698720348631,0.0037040493708659947,-58.84168010823131,-58.458181400953286,-97.21163740535212,-100.53898455301817,0.38349870727802227,-3.327347147666046,True,False,0.006737946999085467,0.028724639654239433,4.263114515168817,0.010152182680191368,8.31581774651549e-05,0.008191162441098564,-7.280330968091225,-4.590066554229254,-9.39476601121805,-6.254699456988796,0.4099334457707462,0.10197814839200373,-0.00021104249699523516,6.254699456988796,0.4099334457707462,0.10197814839200373,0.00021104249699523516,True,True,strong,low,low,low,-0.1475720897386383,0.07991795131027846,0.0073980119395029124,0.007343186766410242,0.009199031516249359,1200,500,10,69.64138913154602
-5,1.45,0.21,0.0009,7,1227643859,True,,60,-0.16,-0.14195042934708996,0.3688017020259123,-4.785582601582268,-4.999602774459798,0.0007005506051922639,-0.13753915985520426,0.3909570996078153,-5.045875343146879,0.00023487840167212928,-65.33521930813865,-64.57016706605069,-110.19871580516678,-112.76295588321297,0.7650522420879611,-2.5642400780461827,True,False,0.006737946999085467,0.028724639654239433,4.263114515168817,0.008349258039751149,5.627920925332157e-05,0.0067406240153764525,-7.2636439532657935,-4.785582601582268,-9.785185376042065,-6.449602774459798,0.21441739841773177,0.1588017020259123,-0.00019944939480773607,6.449602774459798,0.21441739841773177,0.1588017020259123,0.00019944939480773607,True,True,strong,low,low,low,-0.1391694284157831,0.08366316190800571,0.007460841800076358,0.007363248530728304,0.009342094867330068,1200,500,10,83.82160544395447
-5,1.45,0.21,0.0009,8,1829248839,True,,60,-0.16,-0.1439222910828596,-0.10328213491764977,-5.168898492806972,4.318476106893367,0.0008353033831716501,-0.14271868668814877,-0.22984244336871731,-5.55064333782242,0.00445595590595185,-58.11123499638917,-57.61218736313506,-95.75074718166783,-98.84699647738171,0.49904763325411494,-3.096249295713875,True,False,0.006737946999085467,0.028724639654239433,4.263114515168817,0.005690833862524905,0.4272344360243585,75.07413611874507,-7.08771556596322,-5.168898492806972,-0.8504223859136051,2.8684761068933664,-0.16889849280697167,-0.3132821349176498,-6.469661682834984e-05,2.8684761068933664,0.16889849280697167,0.3132821349176498,6.469661682834984e-05,True,True,strong,low,low,low,-0.14222521835753035,0.08944227345072381,0.007482694687108749,0.0072985480441896235,0.009309639339287072,1200,500,10,71.42772483825684
-5,1.45,0.21,0.0009,9,184031286,True,,60,-0.16,-0.1638813652630951,0.23690239194484047,-5.349387163785851,4.999999980748799,0.0006269073715575473,-0.17442627510933872,0.48505940357851646,-5.1521184928896115,0.002052865008007917,-60.77278559775739,-58.21273101738251,-101.07384838440427,-100.04808378587661,2.5600545803748815,1.0257645985276582,True,True,0.006737946999085467,0.028724639654239433,4.263114515168817,0.004751061730103655,0.7051200668816285,148.41315624544512,-7.374711761007995,-5.349387163785851,-0.3493871830370514,3.549999980748799,-0.3493871637858508,0.02690239194484048,-0.00027309262844245265,3.549999980748799,0.3493871637858508,0.02690239194484048,0.00027309262844245265,True,True,strong,low,low,low,-0.17068172926278652,0.0898106406533944,0.007496627946477268,0.007318110633803115,0.009216789786643502,1200,500,10,67.10918617248535
-5,1.45,0.21,0.0009,10,1720537911,True,,60,-0.16,-0.14590107670840022,0.14898487109295047,-5.097215468350031,0.6253863374938705,0.0008747312299156155,-0.14799080336468218,0.31259853742121363,-5.84645682460435,0.004232102222843779,-62.76376509721848,-63.00494563177832,-105.05580738332645,-109.63251301466823,-0.24118053455983812,-4.576705631341781,False,False,0.006737946999085467,0.028724639654239433,4.263114515168817,0.0061137468071601675,0.011426396349947885,1.8689678703353823,-7.041593884602465,-5.097215468350031,-4.47182913085616,-0.8246136625061294,-0.09721546835003103,-0.06101512890704952,-2.5268770084384447e-05,0.8246136625061294,0.09721546835003103,0.06101512890704952,2.5268770084384447e-05,True,True,strong,low,low,low,-0.14770810897964734,0.07984735436388796,0.007395387862514527,0.007241706089353452,0.008989889029153096,1200,500,10,76.18746829032898
-5,1.45,0.21,0.0009,11,2072163293,True,,60,-0.16,-0.16723691600048643,0.16234694221792664,-4.984039646153518,1.024968195853794,0.0010084470884726845,-0.16884114841758951,0.3683493277408004,-6.129692306431307,0.006217797800127026,-56.94611684489048,-57.30176725878914,-93.42051087867046,-98.22615626868988,-0.35565041389865826,-4.805645390019421,False,False,0.006737946999085467,0.028724639654239433,4.263114515168817,0.006846349789701177,0.019080823561369576,2.7870068207838963,-6.899343667516344,-4.984039646153518,-3.9590714502997244,-0.425031804146206,0.015960353846481645,-0.04765305778207335,0.00010844708847268449,0.425031804146206,0.015960353846481645,0.04765305778207335,0.00010844708847268449,True,True,strong,low,low,low,-0.17057554665867483,0.09237441183182804,0.007505109078674856,0.0073440160226495715,0.00960798019343896,1200,500,10,77.2778525352478
-5,1.45,0.21,0.0009,12,1711165869,True,,60,-0.16,-0.12075926747851191,-0.058895974955805674,-4.7536409535809945,-4.999999975337265,0.0006401386953462456,-0.11986417688536666,-0.3794906028568507,-8.929907587019834,0.00707877127195077,-63.1878491892601,-62.3390437890258,-105.9039755674097,-108.3007093291632,0.8488054002342977,-2.396733761753495,True,False,0.006737946999085467,0.028724639654239433,4.263114515168817,0.008620252058739335,5.808280292302383e-05,0.00673794716526167,-7.353825693610588,-4.7536409535809945,-9.753640928918259,-6.449999975337265,0.24635904641900552,-0.26889597495580564,-0.0002598613046537544,6.449999975337265,0.24635904641900552,0.26889597495580564,0.0002598613046537544,True,True,strong,low,low,low,-0.12067975308496875,0.07642508768421426,0.007487571054645298,0.0073732693321971335,0.009067759251495357,1200,500,10,79.38035702705383
-5,1.45,0.21,0.0009,13,65948316,True,,60,-0.16,-0.15592951041384545,0.13563263854301552,-5.16298273642122,-4.0072243372154475,0.00044171745515162776,-0.15573577926771298,0.36753313563280643,-6.0412880384345105,0.002542660118880703,-72.65509085814115,-72.6073356481021,-124.83845890517179,-128.8372930473158,0.047755210039056806,-3.9988341421440055,True,False,0.006737946999085467,0.028724639654239433,4.263114515168817,0.005724599224644192,0.00010409495217875438,0.01818379734438516,-7.7248401220270875,-5.16298273642122,-9.170207073636668,-5.457224337215448,-0.1629827364212204,-0.07436736145698447,-0.0004582825448483722,5.457224337215448,0.1629827364212204,0.07436736145698447,0.0004582825448483722,True,True,strong,low,low,low,-0.15721107702688816,0.06630397421118384,0.007303890940535069,0.007220586322987797,0.008282873957304638,1200,500,10,89.63115549087524
-5,1.45,0.21,0.0009,14,1579269241,True,,60,-0.16,-0.18114441144048535,0.14362099566560654,-5.349083110003318,4.9999999595175995,0.0006513420797764986,-0.18417054795603816,0.3418669995782178,-7.013442492490283,0.006202460755473228,-63.93519869345248,-63.41163507366387,-107.39867457579444,-110.44589189843933,0.5235636197886109,-3.047217322644883,True,False,0.006737946999085467,0.028724639654239433,4.263114515168817,0.004752506528030747,0.7053344789270276,148.41315309445577,-7.336475585599093,-5.349083110003318,-0.34908315048571836,3.5499999595175993,-0.3490831100033178,-0.06637900433439345,-0.00024865792022350135,3.5499999595175993,0.3490831100033178,0.06637900433439345,0.00024865792022350135,True,True,strong,low,low,low,-0.17891274350970648,0.08349681326265504,0.0074412878545914345,0.007333461965535288,0.0091019006281911,1200,500,10,92.48641300201416
-5,1.45,0.21,0.0009,15,42762616,True,,60,-0.16,-0.17709463412487167,0.25269503237682595,-4.3799974232967465,-2.931820096167815,0.0007359577163076523,-0.16515188890068136,0.47259329613918866,-4.764897846121695,0.001311914923550083,-51.83013272106293,-49.80511419515655,-83.18854263101537,-83.23285014142469,2.0250185259063826,-0.044307510409325346,True,False,0.006737946999085467,0.028724639654239433,4.263114515168817,0.012525390895248276,0.0006676025680698921,0.05329993879258162,-7.214337891554702,-4.3799974232967465,-7.311817519464562,-4.381820096167815,0.6200025767032535,0.04269503237682595,-0.0001640422836923477,4.381820096167815,0.6200025767032535,0.04269503237682595,0.0001640422836923477,True,True,strong,low,low,low,-0.1726878369116119,0.1026909883964849,0.007634925186598115,0.007427293230516611,0.00951348384489019,1200,500,10,79.64071011543274
-5,1.45,0.21,0.0009,16,1687980169,True,,60,-0.16,-0.15661034019462514,0.41122300751620794,-4.444461031825487,-4.99999996791332,0.0007902696576081116,-0.14409717113319512,0.49131569185608026,-5.080467164747031,0.002877904304695865,-55.39627325740554,-54.51882708573235,-90.32082370370057,-92.66027592257629,0.877446171673192,-2.3394522188757207,True,False,0.006737946999085467,0.028724639654239433,4.263114515168817,0.011743433662596899,7.912663614476503e-05,0.00673794721528382,-7.1431363320015775,-4.444461031825487,-9.444460999738807,-6.44999996791332,0.5555389681745133,0.20122300751620795,-0.00010973034239188833,6.44999996791332,0.5555389681745133,0.20122300751620795,0.00010973034239188833,True,True,strong,low,low,low,-0.1490862219505489,0.09872009551263787,0.007573776232472212,0.00740219409196634,0.00990931983433666,1200,500,10,66.81875276565552
-5,1.45,0.21,0.0009,17,2095348993,True,,60,-0.16,-0.14727939322873632,0.278296674491654,-5.292768764917505,2.301122462477845,0.0007854425136073434,-0.15253670693265908,0.4702114623466599,-5.826234525131275,0.003514246407941663,-65.66354438003984,-65.93522113740106,-110.85536594896917,-115.49306402591371,-0.2716767573612202,-4.637698076944545,False,False,0.006737946999085467,0.028724639654239433,4.263114515168817,0.005027820118154386,0.050204716503762556,9.985384386065052,-7.149263287405854,-5.292768764917505,-2.9916463024396602,0.8511224624778448,-0.29276876491750503,0.06829667449165402,-0.00011455748639265656,0.8511224624778448,0.29276876491750503,0.06829667449165402,0.00011455748639265656,True,True,strong,low,low,low,-0.1571208145200198,0.08160760537764958,0.007427662445829976,0.007305316206718978,0.009046162742320682,1200,500,10,65.89885115623474
-5,1.45,0.21,0.0009,18,1697352211,True,,60,-0.16,-0.18754551690356583,0.25367530666244387,-4.794103301373975,-4.714696096191498,0.0006587386020071502,-0.18643461344649825,0.4116199767028776,-5.1362276685159864,0.0009976540225967567,-63.46178484133071,-62.882194151024144,-106.45184687155091,-109.38701005315988,0.5795906903065671,-2.9351631816089707,True,False,0.006737946999085467,0.028724639654239433,4.263114515168817,0.008278418747274184,7.41960682629014e-05,0.008962589418097721,-7.32518376071433,-4.794103301373975,-9.508799397565474,-6.1646960961914985,0.20589669862602467,0.043675306662443875,-0.00024126139799284982,6.1646960961914985,0.20589669862602467,0.043675306662443875,0.00024126139799284982,True,True,strong,low,low,low,-0.18143809700076702,0.08449453127505169,0.007466666149616817,0.00732307151808247,0.009906612322882155,1200,500,10,71.12061476707458
-5,1.45,0.21,0.0009,19,1986638065,True,,60,-0.16,-0.1598562639755869,0.1650490611041421,-5.117499209640796,-4.9999999782912,0.0005472276394871881,-0.15719820236128684,0.4341978016919263,-6.018112441045638,0.0032437151527786403,-71.24278666569982,-69.2961477796861,-122.01385052028914,-122.21491731048378,1.94663888601373,-0.2010667901946448,True,False,0.006737946999085467,0.028724639654239433,4.263114515168817,0.005990986377916651,4.0366949562963435e-05,0.006737947145358213,-7.510645682172808,-5.117499209640796,-10.117499187931996,-6.4499999782912,-0.11749920964079585,-0.044950938895857884,-0.0003527723605128119,6.4499999782912,0.11749920964079585,0.044950938895857884,0.0003527723605128119,True,True,strong,low,low,low,-0.15179235155508528,0.07857863576135542,0.007380902816379316,0.007223110226254643,0.009552038167552564,1200,500,10,72.56245160102844
-5,1.45,0.21,0.0009,20,1806063139,True,,60,-0.16,-0.16350257022547085,0.13435275793005635,-4.919724004974082,1.709225958764203,0.0009382714854227776,-0.16569376759169524,0.4208394042645969,-6.068257630856385,0.006441178331342561,-55.466891958761515,-55.66284018896206,-90.46206110641253,-94.94830212903571,-0.19594823020054264,-4.486241022623176,False,False,0.006737946999085467,0.028724639654239433,4.263114515168817,0.007301145648620673,0.040336518818146136,5.524683489332454,-6.971471220746608,-4.919724004974082,-3.210498046209879,0.25922595876420296,0.08027599502591798,-0.07564724206994364,3.827148542277759e-05,0.25922595876420296,0.08027599502591798,0.07564724206994364,3.827148542277759e-05,True,True,strong,low,low,low,-0.16690824726162876,0.09708829514472243,0.007555328345144071,0.007398742163002334,0.010195567593439167,1200,500,10,75.615891456604
-5,1.45,0.21,0.0009,21,1204458159,True,,60,-0.16,-0.1631544445392633,0.11546731840934449,-4.65772299590693,-1.3904730412776325,0.0008378991793127864,-0.16519626759711137,0.4326894471393186,-5.664649836407145,0.00550880558642794,-55.586313648863246,-55.597558162991575,-90.700904486616,-94.81773807709475,-0.01124451412832883,-4.116833590478748,False,False,0.006737946999085467,0.028724639654239433,4.263114515168817,0.009488042134592175,0.0023621193407556817,0.24895750959449256,-7.084612775802744,-4.65772299590693,-6.048196037184562,-2.8404730412776322,0.34227700409307005,-0.0945326815906555,-6.210082068721355e-05,2.8404730412776322,0.34227700409307005,0.0945326815906555,6.210082068721355e-05,True,True,strong,low,low,low,-0.1623988431658757,0.09073144196548799,0.007492686172825899,0.0072651671399530295,0.009432215095354394,1200,500,10,76.82797360420227
-5,1.45,0.21,0.0009,22,1815435181,True,,60,-0.16,-0.1828137119539364,0.3253092001570756,-4.493932778916299,-4.99933232787095,0.0013204728881261504,-0.17200447692813597,0.4077360609472172,-5.353140174522569,0.004240597727730204,-54.323348369497964,-54.47358702304032,-88.17497392788542,-92.56979579719223,-0.15023865354235255,-4.39482186930681,False,False,0.006737946999085467,0.028724639654239433,4.263114515168817,0.011176602157991945,7.535765038032576e-05,0.006742447240679538,-6.629765357959141,-4.493932778916299,-9.493265106787248,-6.44933232787095,0.5060672210837014,0.1153092001570756,0.0004204728881261504,6.44933232787095,0.5060672210837014,0.1153092001570756,0.0004204728881261504,True,True,strong,low,low,low,-0.17065218740720328,0.09882292618404767,0.007638187877704576,0.007493589632447364,0.009474162199501205,1200,500,10,73.1252338886261
-5,1.45,0.21,0.0009,23,834314560,True,,60,-0.16,-0.18846068945987998,0.28144947601226405,-4.533067422763811,-4.941181568447167,0.0010219381753592668,-0.17589326699151775,0.42349220206362614,-4.759100658921387,0.0008492117609573521,-55.882119600778694,-54.711822400868094,-91.29251639044688,-93.04626655284778,1.1702971999105998,-1.7537501624009053,True,False,0.006737946999085467,0.028724639654239433,4.263114515168817,0.010747657847864854,7.680437208729752e-05,0.007146149716940942,-6.886054282808072,-4.533067422763811,-9.474248991210978,-6.391181568447167,0.4669325772361894,0.07144947601226406,0.00012193817535926686,6.391181568447167,0.4669325772361894,0.07144947601226406,0.00012193817535926686,True,True,strong,low,low,low,-0.17800049875174093,0.09065038138340284,0.007498187250984392,0.00730841772426245,0.009907917809774736,1200,500,10,90.03023648262024
-5,1.45,0.21,0.0009,24,1924146109,True,,60,-0.16,-0.16632549836868887,0.20233572392817734,-4.89493534750641,0.9480422895386977,0.0008265024622969232,-0.164368267016383,0.3518754018663131,-5.150874638820329,0.003839003415214133,-52.11115649201939,-53.68704303288168,-83.75059017292827,-90.99670781687496,-1.5758865408622924,-7.24611764394669,False,False,0.006737946999085467,0.028724639654239433,4.263114515168817,0.007484393092933242,0.019314618047646316,2.5806525402685168,-7.098307661522003,-4.89493534750641,-3.9468930579677117,-0.5019577104613022,0.10506465249359032,-0.007664276071822657,-7.349753770307678e-05,0.5019577104613022,0.10506465249359032,0.007664276071822657,7.349753770307678e-05,True,True,strong,low,low,low,-0.16063109192101302,0.08758003615894897,0.007494911081506696,0.0073798680622953515,0.009469810788873498,1200,500,10,79.55089068412781
-5,1.45,0.21,0.0009,25,1322541129,True,,60,-0.16,-0.15734200227365686,0.3703965138787666,-4.826913314730656,-1.3947061788654198,0.0008840929951164487,-0.15180702024411602,0.4704817854710804,-5.0686733153132515,0.0011313061571070965,-58.719035161750924,-58.27943921498955,-96.96634751239134,-100.1815001810907,0.43959594676137215,-3.2151526686993606,True,False,0.006737946999085467,0.028724639654239433,4.263114515168817,0.008011211228969941,0.0019860262546230177,0.24790586565002795,-7.030948302764032,-4.826913314730656,-6.221619493596076,-2.8447061788654198,0.173086685269344,0.1603965138787666,-1.5907004883551254e-05,2.8447061788654198,0.173086685269344,0.1603965138787666,1.5907004883551254e-05,True,True,strong,low,low,low,-0.15700596000609232,0.08999526691658766,0.007563385814515397,0.007465485728310356,0.008813479822250373,1200,500,10,76.62025928497314
-5,1.45,0.21,0.0009,26,1933518151,True,,60,-0.16,-0.172201305356727,0.010656728388289197,-4.434402382916483,-4.65451886835527,0.0011651007008383317,-0.16799268155841057,0.0406901167638406,-5.886782039462519,0.006587257086819244,-54.5745883814938,-54.58011470679533,-88.67745395187708,-92.78285116470225,-0.0055263253015311875,-4.105397212825167,False,False,0.006737946999085467,0.028724639654239433,4.263114515168817,0.011862152814968182,0.00011290980415778507,0.009518491788042939,-6.754947757212225,-4.434402382916483,-9.088921251271753,-6.10451886835527,0.5655976170835171,-0.19934327161171078,0.0002651007008383317,6.10451886835527,0.5655976170835171,0.19934327161171078,0.0002651007008383317,True,True,strong,low,low,low,-0.16790846911306614,0.08691938249567566,0.007456515699333427,0.00725956730087248,0.009185433703217966,1200,500,10,73.95703911781311
-5,1.45,0.21,0.0009,27,1431252057,True,,60,-0.16,-0.1900497585466096,-0.011424516248910428,-5.733380227964133,4.999999980748799,0.0016207727687641842,-0.1840433278947461,-0.01989523547780491,-5.085542656301447,0.0009048723528524928,-62.119544724183655,-63.77523012374384,-103.7673666372568,-111.17308199859927,-1.6556853995601841,-7.405715361342473,False,False,0.006737946999085467,0.028724639654239433,4.263114515168817,0.003236119901916489,0.4802827686321265,148.41315624544512,-6.424852225718976,-5.733380227964133,-0.7333802472153339,3.549999980748799,-0.7333802279641333,-0.2214245162489104,0.0007207727687641842,3.549999980748799,0.7333802279641333,0.2214245162489104,0.0007207727687641842,True,True,strong,low,low,low,-0.1862103129156155,0.0796527885487014,0.007436447290342107,0.007356862894557838,0.009060972146657027,1200,500,10,76.94352173805237
-5,1.45,0.21,0.0009,28,1218497684,True,,60,-0.16,-0.1786579214355372,0.12221813525127233,-5.191104301643119,4.622997234286492,0.0009767932775957223,-0.1836485060447488,0.4274224038830081,-5.83320265475793,0.006004531873979237,-56.425419165622735,-55.657241420967054,-92.37911552013497,-94.9371045930457,0.7681777446556808,-2.557989072910729,True,False,0.006737946999085467,0.028724639654239433,4.263114515168817,0.00556585703486988,0.566596954096392,101.79868985974376,-6.931235517259722,-5.191104301643119,-0.5681070673566264,3.172997234286492,-0.19110430164311865,-0.08778186474872766,7.679327759572236e-05,3.172997234286492,0.19110430164311865,0.08778186474872766,7.679327759572236e-05,True,True,strong,low,low,low,-0.17264146676336858,0.09090024042811098,0.007467017109437971,0.007300380270633509,0.010184525296025072,1200,500,10,66.9788966178894
-5,1.45,0.21,0.0009,29,1440624099,True,,60,-0.16,-0.16125886112142002,0.25045501139504817,-4.347630715725256,-4.851032640805523,0.0010312182060278376,-0.16557027552512338,0.42629020292214986,-5.144692819578902,0.004091613964257963,-52.27507415832601,-51.432698059496055,-84.0784255055415,-86.4880178701037,0.842376098829952,-2.409592364562201,True,False,0.006737946999085467,0.028724639654239433,4.263114515168817,0.012937428743438593,0.00010117454579321514,0.007820297819574648,-6.877014451309114,-4.347630715725256,-9.19866335653078,-6.3010326408055235,0.6523692842747444,0.040455011395048174,0.0001312182060278376,6.3010326408055235,0.6523692842747444,0.040455011395048174,0.0001312182060278376,True,True,strong,low,low,low,-0.15185070646130755,0.09407505261892908,0.0075356407923174275,0.007394908653332109,0.010167326510815207,1200,500,10,63.553950548172
-5,1.45,0.21,0.0009,30,1209125642,True,,60,-0.16,-0.13557993018066453,-0.015164966242611311,-5.527094419452813,3.6343874256568314,0.00036066998620553985,-0.13604697977802488,0.34669849813330933,-6.713885460098943,0.003976080190046717,-72.1681116704014,-72.36344508022611,-123.8645005296923,-128.34951191156384,-0.1953334098247126,-4.485011381871544,False,False,0.006737946999085467,0.028724639654239433,4.263114515168817,0.003977529347294604,0.1506634114011532,37.87864230433143,-7.927547183371252,-5.527094419452813,-1.8927069937959815,2.1843874256568316,-0.5270944194528129,-0.22516496624261131,-0.0005393300137944601,2.1843874256568316,0.5270944194528129,0.22516496624261131,0.0005393300137944601,True,True,strong,low,low,low,-0.1351998562990498,0.06518063118396197,0.007304259730152007,0.0072062405476860745,0.008689669980351753,1200,500,10,86.33742022514343
-5,1.45,0.21,0.0009,31,1549335027,True,,60,-0.16,-0.17577436439428373,0.29128783403094627,-5.271136246534856,4.999999980748799,0.0008007217505842862,-0.17089280531594386,0.4348055032275127,-4.806902122872927,0.0012082824504255232,-58.454609793289606,-56.163200281830356,-96.4374967754687,-95.94902231477231,2.29140951145925,0.4884744606963949,True,True,0.006737946999085467,0.028724639654239433,4.263114515168817,0.005137769482428037,0.762512584948672,148.41315624544512,-7.129997048793179,-5.271136246534856,-0.27113626578605654,3.549999980748799,-0.2711362465348559,0.08128783403094628,-9.927824941571373e-05,3.549999980748799,0.2711362465348559,0.08128783403094628,9.927824941571373e-05,True,True,strong,low,low,low,-0.16418084776589315,0.08521320546441438,0.007429734958024405,0.007346705241271704,0.009808025258967063,1200,500,10,85.11642122268677
-5,1.45,0.21,0.0009,32,1100414714,True,,60,-0.16,-0.17043876089319204,0.10296139212420335,-5.682744784740221,4.835277886082756,0.0005061833368954462,-0.16734595710963596,0.4309652068885757,-6.437921152133239,0.00324223939819135,-72.94171511559436,-72.77284042933049,-125.41170742007822,-129.16830260977258,0.16887468626387658,-3.756595189694366,True,False,0.006737946999085467,0.028724639654239433,4.263114515168817,0.003404201807120664,0.428498989721101,125.87355685694006,-7.588611628420651,-5.682744784740221,-0.8474668986574647,3.385277886082756,-0.6827447847402208,-0.10703860787579664,-0.00039381666310455375,3.385277886082756,0.6827447847402208,0.10703860787579664,0.00039381666310455375,True,True,strong,low,low,low,-0.16483507216993332,0.06591276509337059,0.00728078348698925,0.007129689802953188,0.008619770579577706,1200,500,10,91.0002772808075
-5,1.45,0.21,0.0009,33,1558707069,True,,60,-0.16,-0.16537580542820632,0.26380183690912934,-4.866756364814952,1.724780816601072,0.001158859010670411,-0.1835274352747167,0.40608856332767734,-4.804227913580159,0.0017287859826909334,-52.134222922050434,-51.63451386575044,-83.79672303299037,-86.89164948261248,0.4997090562999915,-3.0949264496221076,True,False,0.006737946999085467,0.028724639654239433,4.263114515168817,0.007698295295598376,0.043197375054138454,5.611290993064043,-6.760319369418117,-4.866756364814952,-3.14197554821388,0.2747808166010721,0.1332436351850479,0.05380183690912935,0.0002588590106704111,0.2747808166010721,0.1332436351850479,0.05380183690912935,0.0002588590106704111,True,True,strong,low,low,low,-0.1669077296270362,0.0966196000008956,0.007575475091894851,0.007465814107635598,0.009356966655730534,1200,500,10,68.24493551254272
-5,1.45,0.21,0.0009,34,1091042672,True,,60,-0.16,-0.17277959904161694,0.0757498816577936,-5.005861512511747,4.999999966808604,0.0011359008027602279,-0.17070629905212054,0.23735943996234196,-6.839073008788755,0.010771899756737138,-49.29387616536506,-47.85984150016179,-78.11602951961962,-79.34230475143518,1.4340346652032707,-1.2262752318155634,True,False,0.006737946999085467,0.028724639654239433,4.263114515168817,0.006698567961553915,0.9941555996401105,148.4131541765367,-6.780329284009807,-5.005861512511747,-0.005861545703143456,3.5499999668086035,-0.005861512511747158,-0.1342501183422064,0.0002359008027602279,3.5499999668086035,0.005861512511747158,0.1342501183422064,0.0002359008027602279,True,True,strong,low,low,low,-0.16832872402960966,0.10435371301642477,0.007658369337300627,0.007480650607153373,0.009366444461946075,1200,500,10,76.72439289093018
-5,1.45,0.21,0.0009,35,1593308766,True,,60,-0.16,-0.17656560335095567,0.3041319947314669,-4.88618079802941,1.148794989540522,0.0009538857130475519,-0.17390129842261023,0.5006299640808489,-5.495957738381079,0.0049197645548590485,-52.85340150344172,-54.460713791231605,-85.23508019577292,-92.5440493335748,-1.6073122877898882,-7.308969137801881,False,False,0.006737946999085467,0.028724639654239433,4.263114515168817,0.007550203231308289,0.023816282144578343,3.1543895462071543,-6.954966691336374,-4.88618079802941,-3.737385808488888,-0.3012050104594779,0.11381920197058992,0.09413199473146691,5.388571304755193e-05,0.3012050104594779,0.11381920197058992,0.09413199473146691,5.388571304755193e-05,True,True,strong,low,low,low,-0.17538204726804596,0.0984015687303577,0.007596051716177146,0.007448854283260682,0.009718849574772266,1200,500,10,75.43341326713562
-5,1.45,0.21,0.0009,36,982331744,True,,60,-0.16,-0.16408416728922137,0.1790027288820109,-5.156737104773625,1.5927289915739915,0.0008531887652421957,-0.1642072503419698,0.42291786859385266,-5.8322742473829985,0.004125144643752328,-62.22632786445539,-62.05418515803592,-103.98093291780029,-107.73099206718344,0.17214270641947138,-3.750059149383148,True,False,0.006737946999085467,0.028724639654239433,4.263114515168817,0.0057604648478803465,0.028325066815027184,4.917149494532518,-7.066529739243044,-5.156737104773625,-3.5640081131996335,0.14272899157399155,-0.156737104773625,-0.030997271117989084,-4.681123475780424e-05,0.14272899157399155,0.156737104773625,0.030997271117989084,4.681123475780424e-05,True,True,strong,low,low,low,-0.16148020883063735,0.08829951397632926,0.00749421467679451,0.007397450277451664,0.008964614529602118,1200,500,10,64.38172912597656
-5,1.45,0.21,0.0009,37,1583936724,True,,60,-0.16,-0.1453340451573245,0.37326459320214783,-4.656286309992313,-4.893703999803192,0.001632252280296407,-0.1642789347366864,0.40750038121593435,-4.857062765085657,0.0011579459780483637,-56.765718863675524,-55.76198235542124,-93.05971491624055,-95.14658646195407,1.0037365082542848,-2.086871545713521,True,False,0.006737946999085467,0.028724639654239433,4.263114515168817,0.009501683267749814,7.120195302504518e-05,0.0074936146594904475,-6.417794450872067,-4.656286309992313,-9.549990309795504,-6.343703999803192,0.3437136900076867,0.16326459320214784,0.000732252280296407,6.343703999803192,0.3437136900076867,0.16326459320214784,0.000732252280296407,True,True,strong,low,low,low,-0.14981240022517414,0.0910685242911261,0.007504997360527276,0.0074192550998870635,0.010594310734883207,1200,500,10,80.23482704162598
-5,1.45,0.21,0.0009,38,972959702,True,,60,-0.16,-0.12265774330655929,0.451838362366079,-4.987716510220659,-4.9463249250705585,0.000975050735418692,-0.11591651183859952,0.471795195737515,-5.270866093686905,0.001100544605900167,-66.45042721074107,-65.94583688401293,-112.42913161037163,-115.51429551913746,0.5045903267281346,-3.0851639087658356,True,False,0.006737946999085467,0.028724639654239433,4.263114515168817,0.00682122291452877,4.8495408466742305e-05,0.007109488881157973,-6.933021051993406,-4.987716510220659,-9.934041435291217,-6.396324925070559,0.012283489779340684,0.241838362366079,7.505073541869199e-05,6.396324925070559,0.012283489779340684,0.241838362366079,7.505073541869199e-05,True,True,strong,low,low,low,-0.12385652292319398,0.07961053830136948,0.007432539198976926,0.0072692937750510975,0.009242628513048362,1200,500,10,66.61982464790344
-5,1.45,0.21,0.0009,39,1475225796,True,,60,-0.16,-0.16369271632788912,-0.11008575623318201,-4.447603214497626,-4.999999952224913,0.0011656413221736728,-0.15863601312172027,0.3222979431167979,-6.715084366124116,0.008944788522428313,-52.92861557706719,-52.102599982895995,-85.38550834302387,-87.82782171690359,0.8260155941711957,-2.4423133738797134,True,False,0.006737946999085467,0.028724639654239433,4.263114515168817,0.011706591561449577,7.887839724941063e-05,0.006737947320991478,-6.7544838522929345,-4.447603214497626,-9.447603166722539,-6.449999952224913,0.5523967855023741,-0.32008575623318203,0.0002656413221736728,6.449999952224913,0.5523967855023741,0.32008575623318203,0.0002656413221736728,True,True,strong,low,low,low,-0.16067824737514616,0.09059907237393121,0.0074813876890136854,0.00727738886401697,0.01015747033589106,1200,500,10,70.58778595924377
-5,1.45,0.21,0.0009,40,169991761,True,,60,-0.16,-0.15606739685523321,0.21541885657767268,-5.181217571145573,-0.7340019630060776,0.0006277521092665587,-0.15961226358923047,0.44007519181175847,-6.043340044284745,0.003468484631150352,-68.02552540464895,-68.08193726235842,-115.57932799818738,-119.78649627582844,-0.05641185770947743,-4.20716827764106,False,False,0.006737946999085467,0.028724639654239433,4.263114515168817,0.0056211580861962405,0.002698067415889459,0.47998426205358774,-7.373365199889917,-5.181217571145573,-5.9152195341516505,-2.1840019630060774,-0.1812175711455728,0.005418856577672687,-0.0002722478907334413,2.1840019630060774,0.1812175711455728,0.005418856577672687,0.0002722478907334413,True,True,strong,low,low,low,-0.15594948357879465,0.07206630314053851,0.007341188932926456,0.007231311830331393,0.008764266748779457,1200,500,10,75.80931329727173
-5,1.45,0.21,0.0009,41,1366514868,True,,60,-0.16,-0.18535071843731246,0.1790327925847673,-5.033851801667091,1.92223902356797,0.000755912487619776,-0.18971037283547632,0.4114990473965484,-5.941583775774832,0.005235534081442715,-57.925204018598755,-57.6848091772148,-95.37868522608701,-98.9922401055412,0.24039484138395295,-3.6135548794541847,True,False,0.006737946999085467,0.028724639654239433,4.263114515168817,0.0065136728130002755,0.044529081869860244,6.836247866332361,-7.187584945601811,-5.033851801667091,-3.111612778099121,0.4722390235679701,-0.03385180166709123,-0.030967207415232706,-0.00014408751238022396,0.4722390235679701,0.03385180166709123,0.030967207415232706,0.00014408751238022396,True,True,strong,low,low,low,-0.17757722789252778,0.08853267909657819,0.007518327267567241,0.007441078684744402,0.009138883144714874,1200,500,10,75.0425055027008
-5,1.45,0.21,0.0009,42,179363803,True,,60,-0.16,-0.18712093661730464,0.09013718415302568,-5.524745758075772,4.9966386775272085,0.0009282462264772468,-0.18098945033014333,0.19113680368074573,-5.5560985754509815,0.002977306453247771,-64.72944660173995,-64.7148762265644,-108.98717039236939,-113.0523742042404,0.01457037517555193,-4.065203811871001,True,False,0.006737946999085467,0.028724639654239433,4.263114515168817,0.003986882195886412,0.5897202066685627,147.91513209921897,-6.982213530116266,-5.524745758075772,-0.5281070805485637,3.5466386775272083,-0.5247457580757722,-0.11986281584697431,2.8246226477246787e-05,3.5466386775272083,0.5247457580757722,0.11986281584697431,2.8246226477246787e-05,True,True,strong,low,low,low,-0.17589161658885027,0.08145760089964293,0.007451097430187514,0.007328163108450579,0.008733082889559691,1200,500,10,83.60508131980896
-5,1.45,0.21,0.0009,43,1357142826,True,,60,-0.16,-0.15768340827723387,0.07230718004448283,-4.897676748732058,1.1098825944850548,0.001181849888651587,-0.1615473572657427,0.2507693772102331,-5.616659334644877,0.004942624935667589,-55.98196912386756,-55.887038434638065,-91.4922154366246,-95.39669862038772,0.09493068922949277,-3.9044831837631193,True,False,0.006737946999085467,0.028724639654239433,4.263114515168817,0.007463903466510639,0.022645499276280862,3.0340021649379114,-6.740674365819823,-4.897676748732058,-3.7877941542470035,-0.3401174055149452,0.10232325126794173,-0.13769281995551716,0.00028184988865158703,0.3401174055149452,0.10232325126794173,0.13769281995551716,0.00028184988865158703,True,True,strong,low,low,low,-0.15379474429239873,0.09127386046469997,0.007502840781188078,0.007410768018044744,0.009531199195708197,1200,500,10,81.61380124092102
-5,1.45,0.21,0.0009,44,288074731,True,,60,-0.16,-0.1751268521968731,0.3787019190390563,-4.9074149275268,0.9709875165666894,0.0010386529196409777,-0.17682186943419576,0.4622542742055674,-5.143088299668213,0.0024379849896669615,-56.97297517985887,-57.03657368873719,-93.47422754860725,-97.69576912858598,-0.06359850887832152,-4.221541579978734,False,False,0.006737946999085467,0.028724639654239433,4.263114515168817,0.007391571402946896,0.019517819484761972,2.640550759880442,-6.869830674991548,-4.9074149275268,-3.936427410960111,-0.4790124834333106,0.09258507247319958,0.16870191903905632,0.0001386529196409777,0.4790124834333106,0.09258507247319958,0.16870191903905632,0.0001386529196409777,True,True,strong,low,low,low,-0.17460605264132933,0.08903752249919704,0.007487141377839411,0.007329312238114166,0.009445090395714274,1200,500,10,67.21038460731506
-5,1.45,0.21,0.0009,45,1248431898,True,,60,-0.16,-0.1606907490011632,0.12919739284091813,-4.792956051903374,-4.756642618867358,0.000758442461119013,-0.1612031857205506,0.2898059233506228,-6.185182808103123,0.004981894160603643,-64.15290715909225,-63.65921111424537,-107.83409150707399,-110.94104397960234,0.4936960448468781,-3.1069524725283486,True,False,0.006737946999085467,0.028724639654239433,4.263114515168817,0.008287921608833564,7.122984394972062e-05,0.00859441574276007,-7.1842436208283065,-4.792956051903374,-9.549598670770731,-6.206642618867358,0.20704394809662574,-0.08080260715908186,-0.00014155753888098698,6.206642618867358,0.20704394809662574,0.08080260715908186,0.00014155753888098698,True,True,strong,low,low,low,-0.16354174076963918,0.08180711565520235,0.007423366646816687,0.007314172817067401,0.009008300025420628,1200,500,10,79.89052963256836
-5,1.45,0.21,0.0009,46,297446773,True,,60,-0.16,-0.15040407082832888,0.322273930992947,-5.493975780354564,4.999999979273111,0.0006192979526184954,-0.1503367612593346,0.5096261290887617,-5.836450409133268,0.0034413555922792292,-66.20578456062934,-65.45595308135603,-111.93984631014817,-114.53452791382365,0.7498314792733112,-2.5946816036754825,True,False,0.006737946999085467,0.028724639654239433,4.263114515168817,0.004111465353352682,0.6101955489844076,148.4131560264336,-7.386924055986493,-5.493975780354564,-0.49397580108145256,3.549999979273111,-0.4939757803545639,0.112273930992947,-0.0002807020473815046,3.549999979273111,0.4939757803545639,0.112273930992947,0.0002807020473815046,True,True,strong,low,low,low,-0.13874347766172307,0.08472568070816772,0.007469641513798997,0.007324692957735385,0.009673925760996207,1200,500,10,65.09618878364563
-5,1.45,0.21,0.0009,47,1942664326,True,,60,-0.16,-0.16080255924251644,0.4524136721730573,-5.132629007682478,4.9973472561021755,0.0011166099267715507,-0.14857937280578254,0.4691378310078089,-4.795226848237359,0.0018772650198340592,-51.27355574629884,-49.71929523394582,-82.07538868148717,-83.06121221900324,1.554260512353018,-0.9858235375160689,True,False,0.006737946999085467,0.028724639654239433,4.263114515168817,0.005901026219526774,0.8734697755254353,148.01997873439072,-6.797458034950609,-5.132629007682478,-0.13528175158030287,3.5473472561021753,-0.13262900768247832,0.2424136721730573,0.00021660992677155076,3.5473472561021753,0.13262900768247832,0.2424136721730573,0.00021660992677155076,True,True,strong,low,low,low,-0.1446715838698502,0.10256304257815017,0.007610031932044525,0.0075003004081333376,0.009584708285089987,1200,500,10,63.80030393600464
-5,1.45,0.21,0.0009,48,406157701,True,,60,-0.16,-0.13422527700272502,0.24051910170076196,-4.410485675535628,-4.9959299924674125,0.0009385686429677106,-0.15432908199587925,0.41643367851916313,-5.490232926072606,0.0048662843130060215,-54.20072971883094,-54.83921577485961,-87.92973662655137,-93.30105330083082,-0.6384860560286683,-5.371316674279441,False,False,0.006737946999085467,0.028724639654239433,4.263114515168817,0.01214927629052299,8.219503427530241e-05,0.006765426376830233,-6.971154563464061,-4.410485675535628,-9.40641566800304,-6.445929992467413,0.5895143244643721,0.03051910170076197,3.856864296771065e-05,6.445929992467413,0.5895143244643721,0.03051910170076197,3.856864296771065e-05,True,True,strong,low,low,low,-0.15398324760753618,0.09178772331385626,0.00747571789770987,0.0072653729342500376,0.009808216162665251,1200,500,10,72.2491672039032
-5,1.45,0.21,0.0009,49,2051375254,True,,60,-0.16,-0.14811695041049097,0.2714608834643768,-5.069026965125044,4.444528379770715,0.0009234411396014966,-0.13136143099806302,0.4439595381429554,-4.832595715826885,0.0013507926063690988,-54.579313768177826,-52.7141786239215,-88.68690472524514,-89.05097899895459,1.8651351442563282,-0.36407427370944845,True,False,0.006737946999085467,0.028724639654239433,4.263114515168817,0.006288536129749966,0.5355298837365771,85.15970532523122,-6.987403496575497,-5.069026965125044,-0.6244985853543286,2.994528379770715,-0.06902696512504392,0.06146088346437681,2.3441139601496617e-05,2.994528379770715,0.06902696512504392,0.06146088346437681,2.3441139601496617e-05,True,True,strong,low,low,low,-0.14668550794772842,0.09400718708633972,0.007526002418760493,0.0072995423087113065,0.00923933454239826,1200,500,10,62.47555756568909
-5,1.45,0.21,0.0009,50,1731953908,True,,60,-0.16,-0.18193484156543552,0.20605277897945862,-4.476983921921424,-2.20335662748062,0.0014052197503558752,-0.18098094585497204,0.5107279099994126,-5.495532246321055,0.006105002668066923,-50.2641351967837,-50.97906014824894,-80.05654758245689,-85.58074204760948,-0.7149249514652425,-5.52419446515259,False,False,0.006737946999085467,0.028724639654239433,4.263114515168817,0.011367647213985066,0.001255350390935179,0.11043185694492545,-6.56756158247932,-4.476983921921424,-6.680340549402044,-3.65335662748062,0.5230160780785758,-0.003947221020541375,0.0005052197503558752,3.65335662748062,0.5230160780785758,0.003947221020541375,0.0005052197503558752,True,True,strong,low,low,low,-0.17419368106794192,0.10038679642049474,0.007577817844571458,0.007280385399485268,0.009820294698462954,1200,500,10,72.14026474952698
-5,1.45,0.21,0.0009,51,2060747296,True,,60,-0.16,-0.1395324521798076,0.3474429577942865,-5.069268288404089,-0.04819232137948434,0.0006651403786329467,-0.13209457889041298,0.48245653543816025,-4.9954359618595445,0.0008446890060577776,-63.10593021574444,-62.10774570828725,-105.74013762037839,-107.83811316768609,0.9981845074571964,-2.0979755473076978,True,False,0.006737946999085467,0.028724639654239433,4.263114515168817,0.006287018742688515,0.00599121763359865,0.9529504966986351,-7.315512443897338,-5.069268288404089,-5.117460609783573,-1.4981923213794843,-0.06926828840408916,0.13744295779428653,-0.00023485962136705332,1.4981923213794843,0.06926828840408916,0.13744295779428653,0.00023485962136705332,True,True,strong,low,low,low,-0.14577803179410803,0.08600273243146296,0.007472176446080951,0.007383229772831307,0.008768493998635643,1200,500,10,66.9335606098175
-5,1.45,0.21,0.0009,52,524240671,True,,60,-0.16,-0.14467967129150097,0.2058803225311737,-4.691161524114343,-0.7730221068303363,0.0011249795322009668,-0.14372659757092723,0.4488682885348387,-4.938664896798953,0.0021304385815724414,-53.5065827196252,-53.006576228894176,-86.54144262813989,-89.63577420889995,0.5000064907310247,-3.0943315807600555,True,False,0.006737946999085467,0.028724639654239433,4.263114515168817,0.009176021793399566,0.004235797610018691,0.4616159056057995,-6.7899904370904,-4.691161524114343,-5.46418363094468,-2.2230221068303364,0.3088384758856568,-0.004119677468826299,0.00022497953220096682,2.2230221068303364,0.3088384758856568,0.004119677468826299,0.00022497953220096682,True,True,strong,low,low,low,-0.14405839480285135,0.09546250887208545,0.007543590097206818,0.007341488678234568,0.009438635020295615,1200,500,10,78.84713363647461
-5,1.45,0.21,0.0009,53,21974577,True,,60,-0.16,-0.18253969068701253,0.2281941200164877,-5.004952260654516,-4.9999999782912,0.0005206582507535758,-0.18624081619048583,0.43313853140764935,-5.482530610459625,0.0017429103561193253,-69.62469840009967,-67.22739284375231,-118.77767398908884,-118.07740743861622,2.397305556347362,0.7002665504726195,True,True,0.006737946999085467,0.028724639654239433,4.263114515168817,0.00670466141673666,4.517565425349413e-05,0.006737947145358213,-7.560416680088913,-5.004952260654516,-10.004952238945716,-6.4499999782912,-0.004952260654516039,0.018194120016487708,-0.0003793417492464242,6.4499999782912,0.004952260654516039,0.018194120016487708,0.0003793417492464242,True,True,strong,low,low,low,-0.18474919252981808,0.07487811171775915,0.007332711794469386,0.007063270000201245,0.00946647468988748,1200,500,10,85.1628565788269
-5,1.45,0.21,0.0009,54,579630403,True,,60,-0.16,-0.14197006466215473,0.04382161728251687,-5.234696807118896,4.9999999575728635,0.0006285974039290208,-0.15284330807959526,0.3952730109741661,-6.074327250434818,0.006265250839764904,-58.464128589929466,-57.23106817840552,-96.45653436874844,-98.08475810792264,1.2330604115239439,-1.628223739174203,True,False,0.006737946999085467,0.028724639654239433,4.263114515168817,0.005328439783944148,0.790810547871174,148.41315280583137,-7.372019563534533,-5.234696807118896,-0.2346968495460322,3.5499999575728634,-0.23469680711889573,-0.16617838271748311,-0.00027140259607097916,3.5499999575728634,0.23469680711889573,0.16617838271748311,0.00027140259607097916,True,True,strong,low,low,low,-0.14986758958035265,0.08530267084690685,0.007496866444237733,0.007397726359773393,0.008942916662268076,1200,500,10,88.1944899559021
-5,1.45,0.21,0.0009,55,31346619,True,,60,-0.16,-0.17215758480416535,0.2567699601227065,-4.704848430152429,-4.999800496467501,0.0008466338631807635,-0.16373728914973784,0.45848526066092404,-5.5760166702816525,0.0031249034460203847,-61.3433805965401,-61.85277392684744,-102.21503838196969,-107.32816960480648,-0.5093933303073399,-5.113131222836785,False,False,0.006737946999085467,0.028724639654239433,4.263114515168817,0.00905128601598031,6.099925380199697e-05,0.006739291377413227,-7.074242231645069,-4.704848430152429,-9.704648926619932,-6.4498004964675015,0.2951515698475706,0.04676996012270648,-5.33661368192365e-05,6.4498004964675015,0.2951515698475706,0.04676996012270648,5.33661368192365e-05,True,True,strong,low,low,low,-0.16311047425492237,0.08692952513348505,0.007461463490852801,0.007302154768605627,0.008984405423188225,1200,500,10,80.67166185379028
-5,1.45,0.21,0.0009,56,470919475,True,,60,-0.16,-0.1622570859671032,0.19916473413782654,-4.444231147459862,-3.250311710740372,0.0009816879233036084,-0.16370713382134885,0.45217453782601336,-4.863309056611927,0.002010163406651419,-52.84821319816503,-51.6862294617167,-85.22470358521954,-86.995080674545,1.1619837364483274,-1.77037708932545,True,False,0.006737946999085467,0.028724639654239433,4.263114515168817,0.011746133604720026,0.0004553050800031697,0.03876212337821627,-6.926237097161158,-4.444231147459862,-7.694542858200235,-4.700311710740372,0.5557688525401376,-0.010835265862173454,8.168792330360847e-05,4.700311710740372,0.5557688525401376,0.010835265862173454,8.168792330360847e-05,True,True,strong,low,low,low,-0.1643169865332803,0.09084069951771653,0.007479041141752764,0.007357426930330252,0.009333331651389222,1200,500,10,75.66649222373962
-5,1.45,0.21,0.0009,57,140057547,True,,60,-0.16,-0.17464497208345364,0.1469587639899233,-5.16632676298447,1.3279062409310516,0.0006042610228765856,-0.17607827963744183,0.3511632574744571,-5.9260809333611215,0.0038722701020858573,-65.01002839932784,-65.35326895263857,-109.54833398754516,-114.32915965638874,-0.34324055331073566,-4.780825668843576,False,False,0.006737946999085467,0.028724639654239433,4.263114515168817,0.005705487984829127,0.021527576839115506,3.7731350756249533,-7.411504296301996,-5.16632676298447,-3.8384205220534184,-0.12209375906894837,-0.16632676298447002,-0.06304123601007669,-0.00029573897712341433,0.12209375906894837,0.16632676298447002,0.06304123601007669,0.00029573897712341433,True,True,strong,low,low,low,-0.17648594936102605,0.07794532526412619,0.007380149264879972,0.007250611464599593,0.00898742758883054,1200,500,10,68.08804106712341
-5,1.45,0.21,0.0009,58,1685936214,True,,60,-0.16,-0.17803273253916654,0.20365650858773143,-5.329202216016586,3.4377683374293238,0.000462629722074254,-0.17548496745118683,0.3766613073550368,-6.718275399341614,0.00520715003078808,-66.49212118102572,-65.736353971932,-112.51251955094094,-115.0953296949756,0.7557672090937189,-2.582810144034667,True,False,0.006737946999085467,0.028724639654239433,4.263114515168817,0.004847936075655957,0.15085534543274856,31.11743700381546,-7.678583560178452,-5.329202216016586,-1.8914338785872626,1.9877683374293238,-0.3292022160165864,-0.006343491412268559,-0.00043737027792574597,1.9877683374293238,0.3292022160165864,0.006343491412268559,0.00043737027792574597,True,True,strong,low,low,low,-0.1753969052952647,0.07390724867013122,0.007383313422830774,0.0072346429433262525,0.008608718779602557,1200,500,10,65.6129457950592
-5,1.45,0.21,0.0009,59,963813527,True,,60,-0.16,-0.1513646013853749,0.1755972373089146,-4.81097375849628,0.1343292028320675,0.0007741039995234532,-0.14886418504728888,0.4034276887123149,-5.58110581402537,0.004961862825442364,-56.97336184675121,-57.20175750829452,-93.47500088239192,-98.02613676770063,-0.2283956615433098,-4.55113588530871,False,False,0.006737946999085467,0.028724639654239433,4.263114515168817,0.008139929511742463,0.009310201396367816,1.1437692897631542,-7.16380432709152,-4.81097375849628,-4.676644555664212,-1.3156707971679324,0.18902624150372027,-0.03440276269108539,-0.00012589600047654677,1.3156707971679324,0.18902624150372027,0.03440276269108539,0.00012589600047654677,True,True,strong,low,low,low,-0.1493575162555581,0.08761144155275086,0.007494151379870273,0.007335328904250845,0.008832659588395393,1200,500,10,60.06713581085205
-5,1.45,0.21,0.0009,60,352836505,True,,60,-0.16,-0.16823924058795084,0.14474692874992215,-5.6330272246469955,4.999999980748799,0.0005884557102726332,-0.16880741911627029,0.39402315484856554,-6.937489835038883,0.004613957192490297,-70.7904384356232,-69.89981937265955,-121.1091540601359,-123.4222604964307,0.8906190629636512,-2.3131064362948024,True,False,0.006737946999085467,0.028724639654239433,4.263114515168817,0.0035777283300857223,0.5309819536567678,148.41315624544512,-7.43800889276614,-5.6330272246469955,-0.6330272438981961,3.549999980748799,-0.6330272246469955,-0.06525307125007784,-0.00031154428972736674,3.549999980748799,0.6330272246469955,0.06525307125007784,0.00031154428972736674,True,True,strong,low,low,low,-0.17643474002914186,0.07093239825310023,0.007349426631376199,0.0071444896294020205,0.008473807313993418,1200,500,10,82.22031450271606
-5,1.45,0.21,0.0009,61,855102599,True,,60,-0.16,-0.15674474714915235,0.541076546819251,-4.83345946849932,-4.99999997022768,0.0012190720844507264,-0.15594632060678687,0.4744591198507131,-5.004966226789434,0.0010419545729696735,-63.52677321784861,-62.244460873881664,-106.58182362458672,-108.11154349887492,1.282312343966943,-1.5297198742882046,True,False,0.006737946999085467,0.028724639654239433,4.263114515168817,0.007958939883186859,5.362691669841817e-05,0.006737947199689782,-6.709665296145442,-4.83345946849932,-9.833459438727001,-6.4499999702276805,0.16654053150068027,0.331076546819251,0.00031907208445072647,6.4499999702276805,0.16654053150068027,0.331076546819251,0.00031907208445072647,True,True,strong,low,low,low,-0.16205699409363178,0.09261388153088365,0.007494378413881597,0.0074182003325128365,0.009526897887038182,1200,500,10,71.20041227340698
-5,1.45,0.21,0.0009,62,1804019184,True,,60,-0.16,-0.1525419745460223,0.2865023115681418,-4.885872744318942,0.07866239910261125,0.0009197022480766194,-0.14495867831542478,0.47220120980871866,-4.860707986286781,0.0014176305423876066,-58.122876323816534,-56.533425202082014,-95.77402983652257,-96.68947215527562,1.5894511217345197,-0.9154423187530512,True,False,0.006737946999085467,0.028724639654239433,4.263114515168817,0.007552529457711426,0.008170621146994139,1.0818390305848617,-6.991460583699993,-4.885872744318942,-4.807210345216331,-1.3713376008973888,0.11412725568105841,0.07650231156814183,1.9702248076619382e-05,1.3713376008973888,0.11412725568105841,0.07650231156814183,1.9702248076619382e-05,True,True,strong,low,low,low,-0.15970040374963146,0.08963244745593123,0.0074834940420541495,0.007319633472801628,0.008983026112688931,1200,500,10,75.61687588691711
-5,1.45,0.21,0.0009,63,845730557,True,,60,-0.16,-0.1586670573195768,0.2642341576516487,-4.6865555795205776,-4.924688975116937,0.0010319515885145365,-0.16891470439431058,0.42219543511740115,-5.791569505762389,0.00393154576766417,-60.302294885411435,-60.17320728462829,-100.13286695971237,-103.96903632036818,0.1290876007831443,-3.836169360655802,True,False,0.006737946999085467,0.028724639654239433,4.263114515168817,0.009218383524373016,6.697142281987358e-05,0.007264985519728489,-6.8763035233772225,-4.6865555795205776,-9.611244554637516,-6.374688975116937,0.31344442047942245,0.05423415765164871,0.00013195158851453653,6.374688975116937,0.31344442047942245,0.05423415765164871,0.00013195158851453653,True,True,strong,low,low,low,-0.16594296324134505,0.08327094019024599,0.0074249516207216875,0.007311699477223503,0.009405839276550771,1200,500,10,83.24940991401672
-5,1.45,0.21,0.0009,64,1912730112,True,,60,-0.16,-0.14960670071029347,0.12362617732420746,-5.227657447862319,4.992678105432606,0.00048400519893835323,-0.16368468252068166,0.4225573460647961,-5.681394838050668,0.004339067473065169,-57.80102460912663,-57.822760029508075,-95.13032640714275,-99.26814181012774,-0.021735420381446602,-4.137815402984998,False,False,0.006737946999085467,0.028724639654239433,4.263114515168817,0.00536608091514859,0.7905871810703126,147.33046213270165,-7.633414909697165,-5.227657447862319,-0.2349793424297122,3.542678105432606,-0.22765744786231856,-0.08637382267579254,-0.00041599480106164675,3.542678105432606,0.22765744786231856,0.08637382267579254,0.00041599480106164675,True,True,strong,low,low,low,-0.16250769209821658,0.08814609558373354,0.00745109184355456,0.0072364806970699035,0.00997642514867291,1200,500,10,78.80782222747803
-5,1.45,0.21,0.0009,65,737019629,True,,60,-0.16,-0.16506036635529156,0.1796229711570455,-4.757841242327569,-3.962190256809585,0.0008967222493749397,-0.16719326365444917,0.3611212096654311,-5.979932441856468,0.004686454087745542,-61.8602800347452,-61.5804236578983,-103.2488372583799,-106.7834690669082,0.2798563768469009,-3.534631808528303,True,False,0.006737946999085467,0.028724639654239433,4.263114515168817,0.008584120445748857,0.0001632820475971915,0.019021406867380828,-7.016764387807195,-4.757841242327569,-8.720031499137153,-5.412190256809585,0.24215875767243134,-0.030377028842954484,-3.277750625060253e-06,5.412190256809585,0.24215875767243134,0.030377028842954484,3.277750625060253e-06,True,True,strong,low,low,low,-0.17036041411364403,0.0822312831917818,0.007429379495750555,0.007291796209817711,0.008970248409094087,1200,500,10,77.59437155723572
-5,1.45,0.21,0.0009,66,908197928,True,,60,-0.16,-0.15420606303546555,-0.00028102129544689113,-4.573434287108392,-4.9999999782912,0.0006747962889412526,-0.16357781026845591,0.09598041644820153,-6.825897383860164,0.00739624341614343,-58.968196552331335,-57.89462235921138,-97.46467029355216,-99.41186646953436,1.0735741931199527,-1.9471961759821994,True,False,0.006737946999085467,0.028724639654239433,4.263114515168817,0.010322448522808067,6.955211255736177e-05,0.006737947145358213,-7.301099706801874,-4.573434287108392,-9.573434265399591,-6.4499999782912,0.42656571289160805,-0.21028102129544687,-0.00022520371105874736,6.4499999782912,0.42656571289160805,0.21028102129544687,0.00022520371105874736,True,True,strong,low,low,low,-0.15567723668736647,0.08839081296357469,0.007481562353262267,0.0073703972292679144,0.01028426516152507,1200,500,10,68.13812041282654
-5,1.45,0.21,0.0009,67,727647587,True,,60,-0.16,-0.15632599107301137,-0.047528828273189286,-4.801818097015036,-4.9999999782912,0.0005862350992937467,-0.16002176023233367,0.061325586730141865,-9.489295250539833,0.006793549635395838,-64.90178007485832,-64.32478139433316,-109.33183733860614,-112.27218453977791,0.5769986805251648,-2.9403472011717753,True,False,0.006737946999085467,0.028724639654239433,4.263114515168817,0.008214798163855218,5.535087583784211e-05,0.006737947145358213,-7.44178965550975,-4.801818097015036,-9.801818075306237,-6.4499999782912,0.19818190298496408,-0.2575288282731893,-0.0003137649007062533,6.4499999782912,0.19818190298496408,0.2575288282731893,0.0003137649007062533,True,True,strong,low,low,low,-0.16312779900203195,0.07633148428257075,0.00738009706409509,0.007295611187322955,0.008645554468596741,1200,500,10,83.21220326423645
-5,1.45,0.21,0.0009,68,917569970,True,,60,-0.16,-0.16368407613146052,0.28286069368345457,-5.452804435127676,1.2204242425926668,0.0008670384277906819,-0.16910104662514924,0.4415166187632473,-5.3842829590062,0.0006622973612789593,-69.3705414766261,-68.68527717715885,-118.2693601421417,-120.9931761054293,0.6852642994672493,-2.7238159632876062,True,False,0.006737946999085467,0.028724639654239433,4.263114515168817,0.004284272862085595,0.01451779424632948,3.3886250277864396,-7.050427259454672,-5.452804435127676,-4.232380192535009,-0.22957575740733316,-0.45280443512767565,0.07286069368345457,-3.2961572209318094e-05,0.22957575740733316,0.45280443512767565,0.07286069368345457,3.2961572209318094e-05,True,True,strong,low,low,low,-0.1728094995435763,0.07831220395099293,0.0073961397682634645,0.0072154339408815864,0.008777537324448907,1200,500,10,60.605929136276245
-5,1.45,0.21,0.0009,69,618936659,True,,60,-0.16,-0.15587903980403264,-0.010454721014097196,-5.089643168688444,-0.41252372093452444,0.0006818088019295252,-0.15532973114991647,-0.6345570910582603,-17.301807620830257,0.006711418662461588,-65.19444972215538,-65.10929992835759,-109.91717663320026,-113.84122160782677,0.08514979379779675,-3.9240449746265114,True,False,0.006737946999085467,0.028724639654239433,4.263114515168817,0.006160217653574435,0.00407792544345131,0.6619774937798043,-7.290761288502903,-5.089643168688444,-5.502166889622969,-1.8625237209345245,-0.08964316868844424,-0.2204547210140972,-0.0002181911980704748,1.8625237209345245,0.08964316868844424,0.2204547210140972,0.0002181911980704748,True,True,strong,low,low,low,-0.15297534873458282,0.0776312273604673,0.007411038850531443,0.007297856269909361,0.008723223296862965,1200,500,10,74.22114515304565
-5,1.45,0.21,0.0009,70,1026280898,True,,60,-0.16,-0.1641608536059504,0.4206565367830661,-4.500963006688885,-2.8277665894370827,0.001048927879637133,-0.1502187185492253,0.4465707800501205,-4.812469843964925,0.0013618835772481572,-51.71062719879185,-51.89903625470107,-82.9495315864732,-87.42069426051374,-0.18840905590922574,-4.471162674040542,False,False,0.006737946999085467,0.028724639654239433,4.263114515168817,0.011098303649757117,0.0006564069595982192,0.059144800891493404,-6.8599867034690005,-4.500963006688885,-7.328729596125967,-4.277766589437083,0.4990369933111154,0.2106565367830661,0.00014892787963713297,4.277766589437083,0.4990369933111154,0.2106565367830661,0.00014892787963713297,True,True,strong,low,low,low,-0.16211448674475162,0.10038871691079333,0.0076209815090108445,0.00750329925330936,0.009729385724897866,1200,500,10,73.62790656089783
-5,1.45,0.21,0.0009,71,609564617,True,,60,-0.16,-0.1626648085759875,0.02192798708016494,-5.220798398738933,4.663323713793437,0.0009050747144127393,-0.15987198423272886,0.25635226955935264,-6.829620339901728,0.007207903992912063,-57.84090931319704,-57.5745208140364,-95.21009581528358,-98.77166337918439,0.2663884991606409,-3.561567563900809,True,False,0.006737946999085467,0.028724639654239433,4.263114515168817,0.00540301364465226,0.572653369592987,105.98777039176682,-7.007493060309876,-5.220798398738933,-0.5574746849454959,3.2133237137934367,-0.2207983987389328,-0.18807201291983505,5.074714412739347e-06,3.2133237137934367,0.2207983987389328,0.18807201291983505,5.074714412739347e-06,True,True,strong,low,low,low,-0.15189755470785563,0.09028569613143309,0.007513942250116462,0.007398565497537168,0.009435957521564321,1200,500,10,87.11739325523376
-5,1.45,0.21,0.0009,72,1111830711,True,,60,-0.16,-0.15047891218493842,0.29244516020591776,-4.892403968220114,-3.694035728091611,0.0009546895396360865,-0.1581653204075214,0.4542314344827763,-5.235666005493332,0.0012174282745022005,-64.93337173549818,-63.614945043738615,-109.39502065988586,-110.85251183858882,1.3184266917595693,-1.4574911787029663,True,False,0.006737946999085467,0.028724639654239433,4.263114515168817,0.0075033629303762695,0.00018661932776735689,0.024871424919599164,-6.95412435972285,-4.892403968220114,-8.586439696311725,-5.144035728091611,0.1075960317798863,0.08244516020591777,5.4689539636086485e-05,5.144035728091611,0.1075960317798863,0.08244516020591777,5.4689539636086485e-05,True,True,strong,low,low,low,-0.15539449772799951,0.08538339089861957,0.00746147725767873,0.007286529581766493,0.009515040031427382,1200,500,10,80.75776624679565
-5,1.45,0.21,0.0009,73,533386846,True,,60,-0.16,-0.13600541867037066,0.03367466305986959,-5.1299577057922985,2.487872950169234,0.0007193125989290867,-0.13708655892235405,0.335988059457896,-6.61873930515895,0.00625492287038416,-60.875661650639834,-61.01740920934232,-101.27960049016917,-105.65744016979623,-0.1417475587024839,-4.3778396796270584,False,False,0.006737946999085467,0.028724639654239433,4.263114515168817,0.0059168107152112554,0.07121265371608997,12.035648450441833,-7.23721452570274,-5.1299577057922985,-2.6420847556230647,1.0378729501692339,-0.12995770579229848,-0.17632533694013042,-0.00018068740107091326,1.0378729501692339,0.12995770579229848,0.17632533694013042,0.00018068740107091326,True,True,strong,low,low,low,-0.14157448738796372,0.08536718129781957,0.007486012174225793,0.007421971064711633,0.009083662223620245,1200,500,10,79.73408675193787
-5,1.45,0.21,0.0009,74,1144363868,True,,60,-0.16,-0.1650863916447106,-0.0470525941284375,-4.981074113505975,-1.8308221315918378,0.0009096194733124896,-0.16705545915468595,0.08250596411221885,-9.076485490128668,0.007241451367978697,-61.79728634313513,-62.12443876727737,-103.12284987515974,-107.87149928566633,-0.3271524241422412,-4.748649410506587,False,False,0.006737946999085467,0.028724639654239433,4.263114515168817,0.006866682998014078,0.0011006039052007556,0.16028174091028566,-7.002484207102218,-4.981074113505975,-6.811896245097813,-3.2808221315918376,0.018925886494025157,-0.2570525941284375,9.61947331248967e-06,3.2808221315918376,0.018925886494025157,0.2570525941284375,9.61947331248967e-06,True,True,strong,low,low,low,-0.1643762336994247,0.0832464973545265,0.007413602237045469,0.007200733886761788,0.009030362803899851,1200,500,10,79.65239977836609
-5,1.45,0.21,0.0009,75,542758888,True,,60,-0.16,-0.17182911829646272,0.17071559144078596,-5.024122881586343,4.110780433698099,0.0014611565298444833,-0.16293644063069782,0.3765293629250426,-5.418906076442264,0.006908372016411588,-48.77104447631086,-48.80466056880366,-77.07036614151122,-81.23194288871892,-0.03361609249279951,-4.161576747207704,False,False,0.006737946999085467,0.028724639654239433,4.263114515168817,0.006577353083071876,0.4011810537798235,60.994301007245994,-6.528527013113048,-5.024122881586343,-0.9133424478882439,2.6607804336980987,-0.024122881586342793,-0.03928440855921403,0.0005611565298444833,2.6607804336980987,0.024122881586342793,0.03928440855921403,0.0005611565298444833,True,True,strong,low,low,low,-0.16595230778737696,0.10271742555076191,0.007661775024179863,0.00758728385764079,0.009078680595497069,1200,500,10,78.81776189804077
-5,1.45,0.21,0.0009,76,993747741,True,,60,-0.16,-0.15451514774957398,0.37266353506939326,-5.084285326698277,-1.6440049843620916,0.0005051651167623749,-0.15644802602584063,0.47520490330776566,-5.4211436148740315,0.0016070399627948948,-67.50963366503068,-67.66364551916126,-114.54754451895084,-118.94991278943412,-0.15401185413058727,-4.402368270483279,False,False,0.006737946999085467,0.028724639654239433,4.263114515168817,0.0061933117035649155,0.0011965769847546853,0.19320470889038677,-7.590625218244066,-5.084285326698277,-6.728290311060368,-3.0940049843620914,-0.08428532669827682,0.16266353506939327,-0.0003948348832376251,3.0940049843620914,0.08428532669827682,0.16266353506939327,0.0003948348832376251,True,True,strong,low,low,low,-0.14584787582406739,0.08147179778515416,0.007435197558240293,0.007290301695164332,0.008749528264352059,1200,500,10,61.98808312416077
-5,1.45,0.21,0.0009,77,651469816,True,,60,-0.16,-0.15277995952713713,0.36923807645350787,-5.105846692043425,1.5585894843717836,0.0011250130519971785,-0.14858521672171066,0.4705903673001619,-5.050382044805074,0.0008610052134689661,-60.303189455913525,-59.74610865074584,-100.13465610071654,-103.11483905260327,0.5570808051676863,-2.980182951886732,True,False,0.006737946999085467,0.028724639654239433,4.263114515168817,0.006061204768098448,0.02880353352080465,4.75211358514143,-6.789960641617784,-5.105846692043425,-3.5472572076716413,0.10858948437178362,-0.1058466920434249,0.15923807645350788,0.00022501305199717852,0.10858948437178362,0.1058466920434249,0.15923807645350788,0.00022501305199717852,True,True,strong,low,low,low,-0.1453111460676495,0.08951587135743616,0.007513861171434858,0.007334121295532703,0.00959080334086569,1200,500,10,61.23010277748108
-5,1.45,0.21,0.0009,78,885036813,True,,60,-0.16,-0.18217809314051586,0.32781938003594724,-5.3645785882098975,4.999999970171414,0.0009513944906705369,-0.16793271867277862,0.4474441642698002,-4.922069091240642,0.0006311969911904321,-58.70878141023404,-55.21843607125734,-96.94584000935757,-94.05949389362627,3.4903453389767023,2.8863461157312997,True,True,0.006737946999085467,0.028724639654239433,4.263114515168817,0.004679431792840077,0.6944892344647976,148.413154675622,-6.957581764743279,-5.3645785882098975,-0.36457861803848335,3.549999970171414,-0.3645785882098975,0.11781938003594725,5.139449067053693e-05,3.549999970171414,0.3645785882098975,0.11781938003594725,5.139449067053693e-05,True,True,strong,low,low,low,-0.17220955911436983,0.09395137141253913,0.007499006000833086,0.007260746189264776,0.009629842865641064,1200,500,10,63.88705039024353
-5,1.45,0.21,0.0009,79,660841858,True,,60,-0.16,-0.15292747003684115,0.072893223337397,-4.554205127465303,-4.996355458969839,0.0007735741265077673,-0.16121367762711136,0.3804781547088292,-5.7321421136392186,0.0052543497433421935,-58.48343213034512,-58.09171070960646,-96.49514144957973,-99.80604317032451,0.3917214207386621,-3.3109017207447806,True,False,0.006737946999085467,0.028724639654239433,4.263114515168817,0.010522861242091957,7.11613597903252e-05,0.006762548526790066,-7.164489059953575,-4.554205127465303,-9.550560586435143,-6.4463554589698395,0.4457948725346972,-0.13710677666260299,-0.00012642587349223264,6.4463554589698395,0.4457948725346972,0.13710677666260299,0.00012642587349223264,True,True,strong,low,low,low,-0.15855825578985122,0.08957488533254192,0.00749042944689463,0.007293853054695959,0.009670625724998785,1200,500,10,73.42805862426758
-5,1.45,0.21,0.0009,80,158575764,True,,60,-0.16,-0.15193243223421754,0.23766385588004343,-4.770599558388775,-0.1909714488712217,0.0007214311126668796,-0.15446393889522392,0.4709457739501646,-4.935046156415805,0.0015616066695040007,-56.570786963272575,-54.816415227110234,-92.66985111543465,-93.25545220533206,1.7543717361623408,-0.5856010898974091,True,False,0.006737946999085467,0.028724639654239433,4.263114515168817,0.008475297200806026,0.007001919121693153,0.8261561755058273,-7.23427366224784,-4.770599558388775,-4.961571007259996,-1.6409714488712217,0.22940044161122497,0.027663855880043442,-0.00017856888733312033,1.6409714488712217,0.22940044161122497,0.027663855880043442,0.00017856888733312033,True,True,strong,low,low,low,-0.1554922771336515,0.09591568820813118,0.007568220764587729,0.007468000347428729,0.009463684875065718,1200,500,10,71.69375514984131
-5,1.45,0.21,0.0009,81,769552786,True,,60,-0.16,-0.15691639248463352,0.4457331631999576,-4.801557156541587,-1.9014109023471475,0.0011538641962348139,-0.15477142670656507,0.5019616114960291,-5.060521235209878,0.0023280758329217157,-56.987451876376646,-56.633167363840776,-93.5031809416428,-96.88895647879315,0.35428451253586957,-3.3857755371503515,True,False,0.006737946999085467,0.028724639654239433,4.263114515168817,0.00821694201687423,0.0012272639000808143,0.1493577413057701,-6.764638798726877,-4.801557156541587,-6.702968058888734,-3.3514109023471477,0.19844284345841334,0.2357331631999576,0.0002538641962348139,3.3514109023471477,0.19844284345841334,0.2357331631999576,0.0002538641962348139,True,True,strong,low,low,low,-0.15512317961410682,0.09223686313298884,0.007450148685061049,0.0072757534439960095,0.009771349263879318,1200,500,10,68.29915499687195
-5,1.45,0.21,0.0009,82,1880196955,True,,60,-0.16,-0.15151795148273114,0.18380903920502073,-4.959711958687344,2.5268013294700946,0.0008986848853384521,-0.1497830861066843,0.46940226981428773,-5.84374756285799,0.006569254481625733,-56.02102952925262,-55.44126450792303,-91.57033624739475,-94.50515076695766,0.5797650213295924,-2.934814519562906,True,False,0.006737946999085467,0.028724639654239433,4.263114515168817,0.0070149481364754065,0.08778096255728876,12.513415758679217,-7.014578101802952,-4.959711958687344,-2.4329106292172495,1.0768013294700947,0.04028804131265584,-0.026190960794979262,-1.3151146615478313e-06,1.0768013294700947,0.04028804131265584,0.026190960794979262,1.3151146615478313e-06,True,True,strong,low,low,low,-0.14905068259766857,0.09647052001876297,0.007504677027961646,0.007300136116693613,0.010530584329565194,1200,500,10,92.2986524105072
-5,1.45,0.21,0.0009,83,778924828,True,,60,-0.16,-0.14718399203573046,0.1478513335674315,-4.761373073206879,0.4505112181113323,0.0009628500650009559,-0.1455209106003869,0.3656360724375276,-5.948390022520597,0.006875121907908324,-53.5350684453475,-53.76885359983385,-86.5984140795845,-91.16032895077929,-0.2337851544863483,-4.561914871194787,False,False,0.006737946999085467,0.028724639654239433,4.263114515168817,0.008553856259539725,0.013421976808824624,1.5691141400529975,-6.945612854029467,-4.761373073206879,-4.310861855095546,-0.9994887818886676,0.23862692679312136,-0.0621486664325685,6.285006500095594e-05,0.9994887818886676,0.23862692679312136,0.0621486664325685,6.285006500095594e-05,True,True,strong,low,low,low,-0.15003299647590962,0.09396129957469423,0.007563335233652815,0.007432390603432558,0.009006169140729237,1200,500,10,62.024933099746704
-5,1.45,0.21,0.0009,84,276658734,True,,60,-0.16,-0.17616505461272516,0.4890526620836706,-5.2656250057841465,2.8773276950542983,0.0009486370351840499,-0.17126538500358623,0.47716881233767505,-4.921175769925919,0.0010756962348992512,-60.905293149263095,-60.9543292023352,-101.3388634874157,-105.531280155782,-0.04903605307210768,-4.192416668366306,False,False,0.006737946999085467,0.028724639654239433,4.263114515168817,0.005166163137232553,0.09178583365662207,17.766731560434337,-6.960484303343156,-5.2656250057841465,-2.388297310729848,1.4273276950542984,-0.2656250057841465,0.27905266208367063,4.863703518404993e-05,1.4273276950542984,0.2656250057841465,0.27905266208367063,4.863703518404993e-05,True,True,strong,low,low,low,-0.17557219560692927,0.08746314838756035,0.007409789203989977,0.00720010979551935,0.009175896072996128,1200,500,10,67.27161049842834
-5,1.45,0.21,0.0009,85,225607360,True,,60,-0.16,-0.1735927114794394,0.09599213526545791,-5.192258310100359,-3.68940341614234,0.0004238367099165574,-0.1676600337808167,0.47960721510144216,-5.21244982463577,0.0007850822022877637,-70.40604300929151,-67.28677758601094,-120.3403632074725,-118.19617692313348,3.1192654232805666,2.1441862843390282,True,True,0.006737946999085467,0.028724639654239433,4.263114515168817,0.00555943769347938,0.0001389131380557231,0.02498690438039321,-7.7661622950306715,-5.192258310100359,-8.8816617262427,-5.13940341614234,-0.19225831010035943,-0.11400786473454208,-0.00047616329008344255,5.13940341614234,0.19225831010035943,0.11400786473454208,0.00047616329008344255,True,True,strong,low,low,low,-0.16542082919664472,0.0741343711379949,0.007354679580335381,0.007244487682046068,0.008826452634538098,1200,500,10,90.04599523544312
-5,1.45,0.21,0.0009,86,385369662,True,,60,-0.16,-0.17810161712307043,0.057215800916925616,-4.695884200624729,-0.4763408576883217,0.0008833356724170064,-0.1788774565902824,0.3742753402463729,-5.993314778094417,0.006791652123685433,-54.82694724516004,-54.57765269318146,-89.18217167920957,-92.77792713747452,0.2492945519785792,-3.5957554582649465,True,False,0.006737946999085467,0.028724639654239433,4.263114515168817,0.009132788579414098,0.00567193438350303,0.6210517558993909,-7.0318052796363695,-4.695884200624729,-5.1722250583130505,-1.9263408576883216,0.3041157993752712,-0.1527841990830744,-1.666432758299361e-05,1.9263408576883216,0.3041157993752712,0.1527841990830744,1.666432758299361e-05,True,True,strong,low,low,low,-0.17577223298982722,0.0931413059175019,0.007528268227195336,0.007413591202249905,0.009340770165166028,1200,500,10,74.63561916351318
-5,1.45,0.21,0.0009,87,116896432,True,,60,-0.16,-0.1677213137353797,0.16849997008462847,-5.026049190871602,-3.2568581770976373,0.000726467479407775,-0.16829712260766033,0.408827757518222,-5.960782008883855,0.0032211620306111044,-67.15027845299537,-66.90340814587614,-113.82883409488022,-117.42943804286388,0.24687030711922375,-3.6006039479836573,True,False,0.006737946999085467,0.028724639654239433,4.263114515168817,0.006564695262108636,0.000252801144610797,0.03850919723112861,-7.227316839331242,-5.026049190871602,-8.282907367969239,-4.706858177097637,-0.026049190871601624,-0.04150002991537152,-0.00017353252059222493,4.706858177097637,0.026049190871601624,0.04150002991537152,0.00017353252059222493,True,True,strong,low,low,low,-0.1701803421485155,0.07894728407259659,0.007413000049990253,0.007347732690270536,0.009606542947164495,1200,500,10,73.45157814025879
-5,1.45,0.21,0.0009,88,394741704,True,,60,-0.16,-0.1131974584684779,0.2321989978996994,-4.836684996760113,-2.612092032270203,0.0005741190249674059,-0.11268415691300682,0.42711569360988055,-5.792644065459111,0.0038475190046681497,-62.22486193972344,-62.72895795567918,-103.97800106833637,-109.08053766246995,-0.5040960159557386,-5.102536594133582,False,False,0.006737946999085467,0.028724639654239433,4.263114515168817,0.007933309455723394,0.0005821531334022435,0.07338086792798129,-7.462673822570546,-4.836684996760113,-7.448777029030316,-4.062092032270203,0.16331500323988735,0.022198997899699396,-0.0003258809750325941,4.062092032270203,0.16331500323988735,0.022198997899699396,0.0003258809750325941,True,True,strong,low,low,low,-0.11661234075391883,0.08620157146946801,0.007584801109940641,0.007511480558692401,0.009530094318843255,1200,500,10,61.14120411872864
-5,1.45,0.21,0.0009,89,107524390,True,,60,-0.16,-0.1504802762345886,0.3609819074792963,-4.803415584059475,-4.998571092961161,0.0009709064079097641,-0.15102397838500126,0.4753027921783523,-5.124239343055426,0.0011068096162477126,-61.86876117520857,-61.61404865606245,-103.26579953930664,-106.8507190632365,0.2547125191461177,-3.5849195239298552,True,False,0.006737946999085467,0.028724639654239433,4.263114515168817,0.008201685606574532,5.534154437195501e-05,0.006747581780944256,-6.937280481641096,-4.803415584059475,-9.801986677020636,-6.448571092961161,0.19658441594052523,0.15098190747929632,7.090640790976415e-05,6.448571092961161,0.19658441594052523,0.15098190747929632,7.090640790976415e-05,True,True,strong,low,low,low,-0.14839615046070123,0.0866728873659051,0.007451839771182441,0.007208550621036838,0.009609949717867487,1200,500,10,61.49243450164795
-5,1.45,0.21,0.0009,90,503452632,True,,60,-0.16,-0.15884256360001817,0.29080548724159516,-5.052005290546816,-1.7639387454890576,0.0005221023925146679,-0.1513466236794593,0.4647460793855116,-5.563137081930211,0.001956038188908764,-67.03199045597364,-67.21045809971727,-113.59225810083677,-118.04353795054614,-0.17846764374363033,-4.4512798497093655,False,False,0.006737946999085467,0.028724639654239433,4.263114515168817,0.0063964937484501,0.0010961578950172662,0.17136855566893505,-7.557646835074705,-5.052005290546816,-6.815944036035874,-3.213938745489058,-0.05200529054681624,0.08080548724159517,-0.0003778976074853321,3.213938745489058,0.05200529054681624,0.08080548724159517,0.0003778976074853321,True,True,strong,low,low,low,-0.15411473232219047,0.07835392799958873,0.007371225931233139,0.0071943566375598424,0.008724444773702367,1200,500,10,78.42661905288696
-5,1.45,0.21,0.0009,91,2146297109,True,,60,-0.16,-0.16138810771677542,0.050492592873536656,-4.6321157028250495,-4.9999999782912,0.0006379960676396275,-0.16047983316659192,0.3865027208447208,-6.273419046442001,0.005821552401265912,-61.5772044111654,-59.53703576721695,-102.68268601122028,-102.69669328554549,2.040168643948448,-0.014007274325209096,True,False,0.006737946999085467,0.028724639654239433,4.263114515168817,0.009734142747682537,6.558813933925684e-05,0.006737947145358213,-7.35717843821273,-4.6321157028250495,-9.63211568111625,-6.4499999782912,0.3678842971749505,-0.15950740712646333,-0.0002620039323603725,6.4499999782912,0.3678842971749505,0.15950740712646333,0.0002620039323603725,True,True,strong,low,low,low,-0.16513206160011953,0.07950062414983557,0.007410710528801129,0.00729955862075643,0.009328784535573648,1200,500,10,89.97742557525635
-5,1.45,0.21,0.0009,92,600418442,True,,60,-0.16,-0.1733897320730763,-0.058668146075628654,-5.294401932154047,4.572562116716203,0.0007617544309784721,-0.16812137281375136,0.193859989020327,-8.753184017031483,0.007502905069836027,-61.862594148952006,-60.801170888647185,-103.25346548679352,-105.22496352840597,1.0614232603048208,-1.971498041612449,True,False,0.006737946999085467,0.028724639654239433,4.263114515168817,0.005019615548606904,0.4858575449489937,96.79178420025293,-7.179886323274583,-5.294401932154047,-0.7218398154378436,3.122562116716203,-0.294401932154047,-0.26866814607562867,-0.00013824556902152787,3.122562116716203,0.294401932154047,0.26866814607562867,0.00013824556902152787,True,True,strong,low,low,low,-0.16396549443271674,0.08655672603860523,0.007444236554814817,0.007266643768355082,0.00929151855362008,1200,500,10,70.19553017616272
-5,1.45,0.21,0.0009,93,2136925067,True,,60,-0.16,-0.15213034892035177,0.3566294654783524,-4.620003352393595,-4.9999999782912,0.0007802382478543563,-0.16528442186478462,0.43562084502257564,-5.042943240509845,0.0017100029927038629,-61.11195198910226,-58.6347735018518,-101.75218116709402,-100.89216875481519,2.4771784872504625,0.8600124122788344,True,True,0.006737946999085467,0.028724639654239433,4.263114515168817,0.009852763030792216,6.638739653721729e-05,0.006737947145358213,-7.155911238952635,-4.620003352393595,-9.620003330684796,-6.4499999782912,0.37999664760640517,0.1466294654783524,-0.00011976175214564364,6.4499999782912,0.37999664760640517,0.1466294654783524,0.00011976175214564364,True,True,strong,low,low,low,-0.156788877701792,0.08234299092247462,0.007447594980330712,0.007324695978664355,0.009013268318307238,1200,500,10,73.41536617279053
-5,1.45,0.21,0.0009,94,491707514,True,,60,-0.16,-0.1961734954837266,0.39278954988569037,-5.583518845619966,4.960846674520079,0.0007345307857567951,-0.1898927940179399,0.4572692135303243,-5.331130739540663,0.001401487780226679,-65.59065794007022,-65.47379996263116,-110.70959306902992,-114.57022167637392,0.11685797743905368,-3.8606286073439975,True,False,0.006737946999085467,0.028724639654239433,4.263114515168817,0.003759313772239421,0.5365088769013057,142.71457755485724,-7.216278649332455,-5.583518845619966,-0.6226721710998868,3.510846674520079,-0.5835188456199658,0.18278954988569038,-0.0001654692142432049,3.510846674520079,0.5835188456199658,0.18278954988569038,0.0001654692142432049,True,True,strong,low,low,low,-0.18799052796021162,0.08507696437362687,0.007476545063366987,0.007329820287417195,0.009045280798594804,1200,500,10,73.29415917396545
-5,1.45,0.21,0.0009,95,2028214139,True,,60,-0.16,-0.1683560568233689,0.3201609334285664,-4.928761552948185,-0.3952309466483991,0.0006510691657170588,-0.16568965248519524,0.4428106318632506,-5.211185576147162,0.0016496563923891357,-60.55290180229927,-60.36331963274789,-100.63408079348804,-104.34926101660737,0.18958216955137885,-3.715180223119333,True,False,0.006737946999085467,0.028724639654239433,4.263114515168817,0.007235458467177355,0.004873258351497607,0.6735244730661455,-7.336894676058237,-4.928761552948185,-5.323992499596584,-1.8452309466483992,0.07123844705181526,0.1101609334285664,-0.0002489308342829412,1.8452309466483992,0.07123844705181526,0.1101609334285664,0.0002489308342829412,True,True,strong,low,low,low,-0.16799838146925036,0.08368287104964409,0.007431052524485649,0.007335813506142909,0.009032683725036548,1200,500,10,75.83419847488403
-5,1.45,0.21,0.0009,96,482335472,True,,60,-0.16,-0.1487415806281387,0.07584211931921403,-4.692267314147705,-3.4870854769227284,0.00064148464728258,-0.14484858516483531,0.3967429384561289,-6.108245815894842,0.005409621691691611,-60.92822091556949,-61.00324378548439,-101.38471902002848,-105.62910932208038,-0.07502286991490337,-4.244390302051897,False,False,0.006737946999085467,0.028724639654239433,4.263114515168817,0.009165880647976637,0.0002803833480245177,0.030589897336969166,-7.351725306724074,-4.692267314147705,-8.179352791070434,-4.937085476922729,0.30773268585229463,-0.13415788068078596,-0.00025851535271742,4.937085476922729,0.30773268585229463,0.13415788068078596,0.00025851535271742,True,True,strong,low,low,low,-0.13951453549055978,0.0825544641106471,0.007455058644835946,0.0074176334581995155,0.008776744340911413,1200,500,10,77.91331315040588
-5,1.45,0.21,0.0009,97,2018842097,True,,60,-0.16,-0.1540693933540816,0.5219149696039624,-5.841294181379134,4.9999999640697075,0.00048344852407432575,-0.16290001397667356,0.47408925243373234,-5.502817088702895,0.000670008311252144,-75.92656578413818,-75.4490895181311,-131.38140875716584,-134.52080078737382,0.4774762660070735,-3.139392030207972,True,False,0.006737946999085467,0.028724639654239433,4.263114515168817,0.002905080490819054,0.4311521575982961,148.41315377004847,-7.634565713941796,-5.841294181379134,-0.8412942173094269,3.5499999640697073,-0.8412941813791344,0.3119149696039625,-0.0004165514759256742,3.5499999640697073,0.8412941813791344,0.3119149696039625,0.0004165514759256742,True,True,strong,low,low,low,-0.15907672631998035,0.07887607986659453,0.007380042694381186,0.007314234257400545,0.009171916980015807,1200,500,10,78.6936891078949
-5,1.45,0.21,0.0009,98,373624544,True,,60,-0.16,-0.145558115794569,0.25181407279737156,-5.213367937169119,2.6587444974972283,0.0009064091769387491,-0.14982583720046688,0.46041820847415355,-5.4309464835833925,0.003350045299579357,-58.89970660339338,-59.19877098486486,-97.32769039567626,-102.02016372084131,-0.2990643814714744,-4.692473325165054,False,False,0.006737946999085467,0.028724639654239433,4.263114515168817,0.005443310054961325,0.0777214933886818,14.278351334743874,-7.006019723700287,-5.213367937169119,-2.5546234396718908,1.2087444974972283,-0.21336793716911906,0.041814072797371565,6.409176938749106e-06,1.2087444974972283,0.21336793716911906,0.041814072797371565,6.409176938749106e-06,True,True,strong,low,low,low,-0.1521352205634269,0.0884404028145607,0.007487584669830639,0.007388581626692108,0.009295000361346319,1200,500,10,66.33941054344177
-5,1.45,0.21,0.0009,99,1271593013,True,,60,-0.16,-0.15648929930607333,0.05755061073017048,-5.382230523735271,4.99280581038845,0.0008206015316526636,-0.16085539029855372,0.3618762016388251,-6.2941764323342575,0.005051129261703884,-63.65778243235902,-62.80420764241391,-106.84384205360755,-109.23103703593941,0.8535747899451138,-2.387194982331863,True,False,0.006737946999085467,0.028724639654239433,4.263114515168817,0.004597555527793372,0.6774464883405831,147.34927816428745,-7.105472911454562,-5.382230523735271,-0.3894247133468207,3.54280581038845,-0.382230523735271,-0.1524493892698295,-7.939846834733634e-05,3.54280581038845,0.382230523735271,0.1524493892698295,7.939846834733634e-05,True,True,strong,low,low,low,-0.1644220315201588,0.07302284217088299,0.007322013717225104,0.007209304697609416,0.009125933945603766,1200,500,10,68.62404227256775
-2.4,-3.0,0.21,0.0009,0,1773579920,True,,60,-0.16,-0.1858400725309684,0.3497732471423687,-1.9892948658708778,-4.983064062101833,0.006279005059862916,-0.20729231120220784,0.3417849304728135,-2.8921964238793825,0.010271513695513953,1.114278881504918,4.588151727407891,22.700280574120338,25.553681703704186,3.473872845902973,2.8534011295838475,True,True,0.09071795328941253,0.004516580942612666,0.04978706836786394,0.13679184804673863,0.0009374389446260351,0.00685303223848349,-5.070543741011516,-1.9892948658708778,-6.97235892797271,-1.9830640621018327,0.41070513412912213,0.1397732471423687,0.005379005059862916,1.9830640621018327,0.41070513412912213,0.1397732471423687,0.005379005059862916,False,False,ictal_scale,mid,low,low,-0.22933088249260652,0.2599806716189558,0.05229466777191892,0.05364454515109861,0.09071795328941253,1200,500,10,67.33564949035645
-2.4,-3.0,0.21,0.0009,1,876169821,True,,60,-0.16,-0.10962760800943186,0.29870691742031186,-2.204295048219704,-4.688156934673483,0.007536307849016821,-0.1393491864121219,0.3619141318375634,-2.973743006762037,0.005453128096836874,-1.3388185390511,0.7013459708066241,17.794085733008302,17.78007019050165,2.040164509857724,-0.014015542506651713,True,False,0.09071795328941253,0.004516580942612666,0.04978706836786394,0.11032827400990154,0.0010154209911321529,0.009203633431635327,-4.888022892089032,-2.204295048219704,-6.892451982893187,-1.6881569346734828,0.195704951780296,0.08870691742031186,0.006636307849016821,1.6881569346734828,0.195704951780296,0.08870691742031186,0.006636307849016821,False,False,ictal_scale,mid,low,low,-0.14809564489551252,0.2597778255148288,0.0554985906228339,0.061675930716576635,0.09071795328941253,1200,500,10,53.51555252075195
-2.4,-3.0,0.21,0.0009,2,1882290848,True,,60,-0.16,-0.1608842544081598,0.09269431568125744,-2.577291690995067,-2.191484113032146,0.005683356766364863,-0.13648656797846836,0.09870626397701657,-3.664692879931818,0.032012938356143494,-0.5645260164583956,0.007348665724177472,19.34267077819371,16.39207558033676,0.5718746821825731,-2.950595197856952,True,False,0.09071795328941253,0.004516580942612666,0.04978706836786394,0.07597950159012705,0.008490768164372036,0.11175077470467827,-5.170213240815169,-2.577291690995067,-4.768775804027213,0.8085158869678541,-0.17729169099506725,-0.11730568431874255,0.004783356766364863,0.8085158869678541,0.17729169099506725,0.11730568431874255,0.004783356766364863,False,False,ictal_scale,mid,low,low,-0.1458625658736207,0.23769998094611447,0.05762707886962381,0.06277703490037953,0.09071795328941253,1200,500,10,54.296157121658325
-2.4,-3.0,0.21,0.0009,3,767458893,True,,60,-0.16,-0.16001961522163802,0.23636096252886926,-2.6180518073724754,-4.999999950109822,0.0036636813050421563,-0.15428851739598784,0.36369043711828897,-4.113187446096459,0.026628758030633675,-12.287584764573541,-7.989742984803135,-4.1034467180365795,0.3978922792821322,4.2978417797704065,4.501338997318712,True,True,0.09071795328941253,0.004516580942612666,0.04978706836786394,0.07294483507780032,0.0004914984571321942,0.006737947335242852,-5.609286816018152,-2.6180518073724754,-7.618051757482297,-1.9999999501098218,-0.21805180737247554,0.02636096252886927,0.002763681305042156,1.9999999501098218,0.21805180737247554,0.02636096252886927,0.002763681305042156,False,False,ictal_scale,mid,low,low,-0.14763116005461616,0.21693620459123983,0.05884136863357248,0.059681001582663804,0.09071795328941253,1200,500,10,57.01844882965088
-2.4,-3.0,0.21,0.0009,4,1369063873,True,,60,-0.16,-0.13667887777531182,0.1987054400030551,-2.078269625589313,-4.99999989235384,0.005237937375782926,-0.13969795039441035,0.3768815640095399,-3.282100508208017,0.033934426139355794,-1.4761400102009035,6.092017575828775,17.519442790708695,28.561413400545952,7.568157586029678,11.041970609837257,True,True,0.09071795328941253,0.004516580942612666,0.04978706836786394,0.12514657538156404,0.0008432310828086165,0.00673794772439963,-5.251827488717815,-2.078269625589313,-7.078269517943152,-1.9999998923538396,0.32173037441068697,-0.011294559996944897,0.0043379373757829265,1.9999998923538396,0.32173037441068697,0.011294559996944897,0.0043379373757829265,False,False,ictal_scale,mid,low,low,-0.15035231382410075,0.2649606709647414,0.05664774223830556,0.05598749597359512,0.09071795328941253,1200,500,10,56.25003623962402
-2.4,-3.0,0.21,0.0009,5,758086851,True,,60,-0.16,-0.11655680978301622,0.17121958526406497,-2.4250149486025574,-4.999999832435324,0.004684669400372133,-0.1497990659135971,0.3555211423849356,-3.607427695640597,0.02421842285030941,-8.13561677440875,-2.6862938605683544,4.200489262293004,11.004790527751693,5.449322913840395,6.8043012654586885,True,True,0.09071795328941253,0.004516580942612666,0.04978706836786394,0.08847679642773637,0.0005961520648729811,0.006737948128127467,-5.363459931337192,-2.4250149486025574,-7.4250147810378815,-1.999999832435324,-0.025014948602557485,-0.03878041473593502,0.003784669400372133,1.999999832435324,0.025014948602557485,0.03878041473593502,0.003784669400372133,False,False,ictal_scale,mid,low,low,-0.11985130161056862,0.22779418119500702,0.05688476638248052,0.05732346427661844,0.09071795328941253,1200,500,10,61.3928439617157
-2.4,-3.0,0.21,0.0009,6,887130706,True,,60,-0.16,-0.1526864225794676,0.2233625766588309,-2.6106703011741454,-3.3757284448885474,0.004368444567067863,-0.15866359190148496,0.4144785813376914,-3.100198174011275,0.007043984801805065,-5.830652710322715,-1.8857002451129183,8.810417390465073,12.605977758662565,3.9449524652097967,3.795560368197492,True,True,0.09071795328941253,0.004516580942612666,0.04978706836786394,0.073485269988012,0.0025126966347739756,0.03419320137469569,-5.433348267543703,-2.6106703011741454,-5.986398746062693,-0.3757284448885474,-0.21067030117414554,0.013362576658830921,0.0034684445670678634,0.3757284448885474,0.21067030117414554,0.013362576658830921,0.0034684445670678634,False,False,ictal_scale,mid,low,low,-0.14720342377466972,0.23028016505731164,0.06086186392214989,0.06845780687256942,0.09071795328941253,1200,500,10,61.21194863319397
-2.4,-3.0,0.21,0.0009,7,649375923,True,,60,-0.16,-0.1867769100526313,0.10472322963691155,-2.446678039322598,-4.99999995741015,0.003001818605267364,-0.17737781208206455,0.2562982064487077,-4.607455819439572,0.0402039586816745,-10.099334444386079,-4.3972238836362125,0.27305392233834525,7.582930481615977,5.702110560749866,7.309876559277631,True,True,0.09071795328941253,0.004516580942612666,0.04978706836786394,0.08658072707121794,0.0005833763749940624,0.006737947286053625,-5.808536972224301,-2.446678039322598,-7.446677996732748,-1.9999999574101501,-0.046678039322598064,-0.10527677036308844,0.002101818605267364,1.9999999574101501,0.046678039322598064,0.10527677036308844,0.002101818605267364,False,False,ictal_scale,mid,low,low,-0.17726833185635052,0.218947120035463,0.05944729501151646,0.06204491535385907,0.09071795328941253,1200,500,10,69.02692985534668
-2.4,-3.0,0.21,0.0009,8,1250980903,True,,60,-0.16,-0.17441356102848324,0.18720136260923742,-2.219110021720518,-4.999999765050934,0.005937524112545282,-0.18481573938271528,0.2881935483531317,-2.9521586142993863,0.007755134367438245,-3.0183467326856426,2.481797069314027,14.435029345739217,21.340972387516455,5.50014380199967,6.905943041777238,True,True,0.09071795328941253,0.004516580942612666,0.04978706836786394,0.10870581159806703,0.0007324541691297493,0.00673794858216001,-5.126463048569366,-2.219110021720518,-7.219109786771451,-1.9999997650509336,0.18088997827948194,-0.02279863739076257,0.005037524112545282,1.9999997650509336,0.18088997827948194,0.02279863739076257,0.005037524112545282,False,False,ictal_scale,mid,low,low,-0.16294216817380994,0.2495171968666408,0.05549896036896181,0.05513406569951171,0.09071795328941253,1200,500,10,51.20452547073364
-2.4,-3.0,0.21,0.0009,9,394236654,True,,60,-0.16,-0.11331814138271215,0.03589903364900513,-2.7789517175344662,-2.9791775318028697,0.004548328959416004,-0.13465704517735502,0.2708654298669084,-4.188000339800817,0.035695855662902495,-5.903645903859166,-3.9183919544797243,8.66443100339217,8.540594339928953,1.9852539493794419,-0.12383666346321753,True,False,0.09071795328941253,0.004516580942612666,0.04978706836786394,0.06210357535568168,0.003157012059980699,0.05083462653961151,-5.3929953751431725,-2.7789517175344662,-5.758129249337336,0.020822468197130295,-0.3789517175344663,-0.17410096635099487,0.0036483289594160043,0.020822468197130295,0.3789517175344663,0.17410096635099487,0.0036483289594160043,False,False,ictal_scale,mid,low,low,-0.1143192712825825,0.2243613192583067,0.057324104139168934,0.056495941002141815,0.09071795328941253,1200,500,10,53.484071493148804
-2.4,-3.0,0.21,0.0009,10,1142269975,True,,60,-0.16,-0.16197033354834386,0.03726540584166855,-2.485855218428598,-2.7015336210060883,0.004966169101840664,-0.18879482739386377,0.1832254208511338,-3.1340740985051374,0.004471078820266843,-1.9598053459075178,3.3216638537282783,16.55211211929547,23.02070595634496,5.281469199635796,6.4685938370494895,True,True,0.09071795328941253,0.004516580942612666,0.04978706836786394,0.08325432342570152,0.005586575231344529,0.06710252394676106,-5.305106540554719,-2.485855218428598,-5.187388839434686,0.2984663789939117,-0.08585521842859789,-0.17273459415833145,0.004066169101840664,0.2984663789939117,0.08585521842859789,0.17273459415833145,0.004066169101840664,False,False,ictal_scale,mid,low,low,-0.17172782866380654,0.23791959408018964,0.056742179162083524,0.05396603939610653,0.09071795328941253,1200,500,10,65.98898601531982
-2.4,-3.0,0.21,0.0009,11,502947582,True,,60,-0.16,-0.1661443728699845,0.17634449777005703,-2.7072075422376116,-3.122641195169912,0.006583743112919979,-0.14686593359268155,0.3374338772404276,-4.304829473096998,0.03432840639680327,-4.771784874433678,-4.940239280080054,10.928153062243148,6.496899688728293,-0.1684544056463766,-4.4312533735148545,False,False,0.09071795328941253,0.004516580942612666,0.04978706836786394,0.06672286760008836,0.002938521434978316,0.04404069460249673,-5.023151833239752,-2.7072075422376116,-5.829848737407524,-0.12264119516991201,-0.3072075422376117,-0.03365550222994296,0.00568374311291998,0.12264119516991201,0.3072075422376117,0.03365550222994296,0.00568374311291998,False,False,ictal_scale,mid,low,low,-0.14325362680389225,0.22283390313649742,0.059979680226394966,0.060443867726840864,0.09071795328941253,1200,500,10,71.79023957252502
-2.4,-3.0,0.21,0.0009,12,1113924604,True,,60,-0.16,-0.15297421137006043,0.20110555757356316,-2.3770765456095835,-3.4967030318478445,0.007844528648003021,-0.18200558241661743,0.3764264788307533,-3.0011161852684394,0.009167712789594138,0.953676451215369,3.8557571426178967,22.37907571354124,24.088892534124195,2.902080691402528,1.7098168205829545,True,True,0.09071795328941253,0.004516580942612666,0.04978706836786394,0.09282154078390313,0.002812224202881986,0.030297107537022003,-4.847938977712079,-2.3770765456095835,-5.873779577457428,-0.4967030318478445,0.02292345439041643,-0.008894442426436833,0.006944528648003021,0.4967030318478445,0.02292345439041643,0.008894442426436833,0.006944528648003021,False,False,ictal_scale,mid,low,low,-0.17454224482113762,0.2542526357986635,0.05474525102201031,0.05706292813146534,0.09071795328941253,1200,500,10,60.38867259025574
-2.4,-3.0,0.21,0.0009,13,512319624,True,,60,-0.16,-0.15856402066527336,0.13949701281893237,-2.2875020464593527,-4.999999030758202,0.0058797316159289814,-0.20288912353090965,0.33657464082662636,-3.1532170629491905,0.0050549679428680775,-4.329595636983674,0.6872775209212993,11.812531537143155,17.751933290731,5.016873157904973,5.939401753587845,True,True,0.09071795328941253,0.004516580942612666,0.04978706836786394,0.10151973697386325,0.0006840352700862415,0.006737953529788496,-5.136244161662793,-2.2875020464593527,-7.287501077217555,-1.999999030758202,0.11249795354064718,-0.07050298718106762,0.004979731615928982,1.999999030758202,0.11249795354064718,0.07050298718106762,0.004979731615928982,False,False,ictal_scale,mid,low,low,-0.1976225807070816,0.23687545504491136,0.056324449698240533,0.06035575937267085,0.09071795328941253,1200,500,10,72.63436579704285
-2.4,-3.0,0.21,0.0009,14,1024187005,True,,60,-0.16,-0.19764848864906628,0.3023235644423192,-2.02728650517112,-4.999999242965193,0.0059875762925766475,-0.19499167119721533,0.43394069189017614,-2.9459974834976195,0.010335911370176656,-0.7245837036194915,3.3102871367920725,19.02255540387152,22.997952522472545,4.034870840411564,3.9753971186010233,True,True,0.09071795328941253,0.004516580942612666,0.04978706836786394,0.13169238335889272,0.0008873369710001828,0.006737952099947805,-5.118068574351058,-2.02728650517112,-7.027285748136313,-1.9999992429651927,0.3727134948288797,0.09232356444231923,0.005087576292576648,1.9999992429651927,0.3727134948288797,0.09232356444231923,0.005087576292576648,False,False,ictal_scale,mid,low,low,-0.18856751451996617,0.2593677327320467,0.05432825228011919,0.054406044591992594,0.09071795328941253,1200,500,10,51.85239028930664
-2.4,-3.0,0.21,0.0009,15,621030552,True,,60,-0.16,-0.16349068970345126,0.19689746582169684,-2.352540683108622,-2.803862071952285,0.006518407444081015,-0.1432110039198135,0.23485274109945015,-3.0610432798926315,0.014269076500007716,2.08355796342542,3.561164715127591,24.638838737961343,23.499707679143583,1.477606751702171,-1.1391310588177603,True,False,0.09071795328941253,0.004516580942612666,0.04978706836786394,0.0951271669428507,0.005762391179663651,0.060575662713949076,-5.033125189921974,-2.352540683108622,-5.156402755060907,0.1961379280477149,0.047459316891377945,-0.013102534178303149,0.005618407444081016,0.1961379280477149,0.047459316891377945,0.013102534178303149,0.005618407444081016,False,False,ictal_scale,mid,low,low,-0.15073290479961185,0.25528555806414294,0.053514000037687116,0.0529969076305697,0.09071795328941253,1200,500,10,60.35805654525757
-2.4,-3.0,0.21,0.0009,16,2028719189,True,,60,-0.16,-0.19932256171395224,0.20890149693064516,-2.1047556321668535,-4.999999936680619,0.006169289871865231,-0.1426994259011295,0.3878160107844145,-3.269689573739122,0.027878137778048057,-1.3745611237120527,4.262967187565946,17.7226005636864,24.903312624020295,5.637528311277999,7.180712060333896,True,True,0.09071795328941253,0.004516580942612666,0.04978706836786394,0.12187545307082222,0.0008211903952779936,0.006737947425728113,-5.088171541389563,-2.1047556321668535,-7.104755568847473,-1.9999999366806192,0.29524436783314645,-0.0010985030693548281,0.005269289871865231,1.9999999366806192,0.29524436783314645,0.0010985030693548281,0.005269289871865231,False,False,ictal_scale,mid,low,low,-0.15523138587225557,0.26262539138646396,0.054750141449086305,0.05479929234241019,0.09071795328941253,1200,500,10,62.70399785041809
-2.4,-3.0,0.21,0.0009,17,630402594,True,,60,-0.16,-0.1345764079435122,0.3056020370365963,-2.6711849763123356,-3.66569628753589,0.007217525118545359,-0.1354675471324936,0.4026687500150039,-3.2667665739268967,0.00887694358087464,-6.7115240326172,-5.033133987405312,7.048674745876102,6.3111102740777785,1.6783900452118887,-0.7375644717983239,True,False,0.09071795328941253,0.004516580942612666,0.04978706836786394,0.06917021166448785,0.001769813219186067,0.025586349623600943,-4.931243166205272,-2.6711849763123356,-6.336881263848225,-0.6656962875358898,-0.27118497631233573,0.09560203703659628,0.006317525118545359,0.6656962875358898,0.27118497631233573,0.09560203703659628,0.006317525118545359,False,False,ictal_scale,mid,low,low,-0.15312020305363283,0.2313305586120828,0.05540969620975319,0.055930252000507726,0.09071795328941253,1200,500,10,55.01985478401184
-2.4,-3.0,0.21,0.0009,18,128136500,True,,60,-0.16,-0.13125389774256588,0.19528866260320468,-2.767688936648785,-4.576735822762246,0.004165501693196011,-0.10476435235015409,0.43790737061502305,-3.3490765665916435,0.006400406173078616,-12.387849264730832,-10.020474082152948,-4.303975718351161,-3.6635699154174937,2.3673751825778844,0.6404058029336674,True,True,0.09071795328941253,0.004516580942612666,0.04978706836786394,0.06280698807312796,0.0006461849728989576,0.010288424787168366,-5.480918556068535,-2.767688936648785,-7.344424759411031,-1.576735822762246,-0.367688936648785,-0.01471133739679531,0.0032655016931960115,1.576735822762246,0.367688936648785,0.01471133739679531,0.0032655016931960115,False,False,ictal_scale,mid,low,low,-0.11974785201369902,0.2027288742305401,0.060441854117750514,0.05907198138206776,0.09071795328941253,1200,500,10,49.08028268814087
-2.4,-3.0,0.21,0.0009,19,739113522,True,,60,-0.16,-0.1872419918542618,0.06496900782899925,-2.3262857105543344,-4.999972791105075,0.005125951271792054,-0.18752687988414907,-0.013379648913913916,-3.1492575583811586,0.0013019410844110667,-5.3358055686341554,7.4274977126704655,9.800111673842192,31.232373674229333,12.763303281304621,21.43226200038714,True,True,0.09071795328941253,0.004516580942612666,0.04978706836786394,0.09765780363120868,0.0006580310089671845,0.006738130333671527,-5.273439157173608,-2.3262857105543344,-7.32625850165941,-1.9999727911050753,0.07371428944566549,-0.14503099217100074,0.0042259512717920545,1.9999727911050753,0.07371428944566549,0.14503099217100074,0.0042259512717920545,False,False,ictal_scale,mid,low,low,-0.18721755171502327,0.2361095889830752,0.05816797858445437,0.05853377712145279,0.09071795328941253,1200,500,10,50.41342639923096
-2.4,-3.0,0.21,0.0009,20,1910636219,True,,60,-0.16,-0.1735753413406069,0.32995561785463023,-2.437549090919739,-4.999999893040973,0.005575783163381705,-0.143247193182469,0.4587202221126178,-3.1584586639457846,0.008961570014106102,-8.989287964718804,-4.906390569852195,2.493146881672896,6.564597109184012,4.082897394866609,4.071450227511116,True,True,0.09071795328941253,0.004516580942612666,0.04978706836786394,0.08737473678394499,0.0005887264084788653,0.006737947719769763,-5.189322493765399,-2.437549090919739,-7.437548983960712,-1.9999998930409726,-0.037549090919739125,0.11995561785463024,0.004675783163381705,1.9999998930409726,0.037549090919739125,0.11995561785463024,0.004675783163381705,False,False,ictal_scale,mid,low,low,-0.16475372625365278,0.2343144320211816,0.055991943540478956,0.05734596255335027,0.09071795328941253,1200,500,10,58.70918130874634
-2.4,-3.0,0.21,0.0009,21,748485564,True,,60,-0.16,-0.21121837103162586,0.19443308298917175,-2.3047428475183303,-4.530198449930591,0.005313783647566813,-0.2233831425819447,0.3736413163050757,-3.1078770362913906,0.009915435833275033,-3.7141156865134604,-0.15735707584852757,13.043491438083581,16.062664097191348,3.5567586106649327,3.0191726591077668,True,True,0.09071795328941253,0.004516580942612666,0.04978706836786394,0.09978445717545285,0.0010755304497800818,0.010778536860594998,-5.237451146141609,-2.3047428475183303,-6.834941297448921,-1.530198449930591,0.09525715248166966,-0.01556691701082824,0.004413783647566814,1.530198449930591,0.09525715248166966,0.01556691701082824,0.004413783647566814,False,False,ictal_scale,mid,low,low,-0.22140267471834285,0.24430329486584265,0.05502503579239729,0.058525548402839536,0.09071795328941253,1200,500,10,64.11281847953796
-2.4,-3.0,0.21,0.0009,22,246219470,True,,60,-0.16,-0.10211968357326248,0.24421290205809343,-2.202377803729729,-4.999999570752937,0.005155715890528111,-0.12037546993598347,0.43237171042493266,-2.758374325373436,0.009650286784208234,-1.2152189091793528,5.924413305355383,18.041284992751798,28.226204859599168,7.1396322145347355,10.18491986684737,True,True,0.09071795328941253,0.004516580942612666,0.04978706836786394,0.11054000318877963,0.0007448130024734611,0.006737949891330046,-5.267649298113841,-2.202377803729729,-7.202377374482666,-1.9999995707529372,0.1976221962702711,0.034212902058093436,0.0042557158905281115,1.9999995707529372,0.1976221962702711,0.034212902058093436,0.0042557158905281115,False,False,ictal_scale,mid,low,low,-0.14312736776225476,0.2536084155533341,0.057518588952905805,0.06013774393447152,0.09071795328941253,1200,500,10,71.26655149459839
-2.4,-3.0,0.21,0.0009,23,256046624,True,,60,-0.16,-0.16843891661511518,0.12256004388223725,-2.6411763896918257,-4.236498398154659,0.005294820310378519,-0.17459889034967008,0.4141679886295909,-3.361367064246314,0.006144091759928533,-8.63786763681265,-4.622916017628801,3.195987537485202,7.1315462136308,4.01495161918385,3.9355586761455985,True,True,0.09071795328941253,0.004516580942612666,0.04978706836786394,0.07127737025329761,0.0010305374797473495,0.014458129923777197,-5.2410262362215905,-2.6411763896918257,-6.877674787846484,-1.2364983981546587,-0.24117638969182575,-0.08743995611776274,0.0043948203103785196,1.2364983981546587,0.24117638969182575,0.08743995611776274,0.0043948203103785196,False,False,ictal_scale,mid,low,low,-0.17320753562941868,0.2128669231121979,0.05829371839608723,0.060099299664559167,0.09071795328941253,1200,500,10,60.374390602111816
-2.4,-3.0,0.21,0.0009,24,354930398,True,,60,-0.16,-0.1495981980427669,0.12315989435330883,-2.2304193144309945,-4.999999874553373,0.005088065546529118,-0.1429283400157942,0.1230067654950096,-2.957706849687674,0.0032038299232802405,-4.27894303794494,0.6330551784342955,11.913836735220624,17.643488605756993,4.911998216379235,5.729651870536369,True,True,0.09071795328941253,0.004516580942612666,0.04978706836786394,0.10748335136504687,0.000724217215632368,0.006737947844338246,-5.2808575704547485,-2.2304193144309945,-7.230419188984367,-1.9999998745533727,0.1695806855690054,-0.08684010564669116,0.004188065546529118,1.9999998745533727,0.1695806855690054,0.08684010564669116,0.004188065546529118,False,False,ictal_scale,mid,low,low,-0.13304638274123304,0.2337906492246986,0.05408020329925548,0.05195279750332575,0.09071795328941253,1200,500,10,62.52009677886963
-2.4,-3.0,0.21,0.0009,25,246674582,True,,60,-0.16,-0.1555487565201637,-0.02963273297469145,-3.105438322891236,-0.3434806898874664,0.004312995248412841,-0.1652842835067951,-0.08865769379375518,-3.110689902296399,0.0001433675688467943,-7.101017015739605,-5.552526670280398,6.269688779631293,5.272324908327606,1.5484903454592072,-0.997363871303687,True,False,0.09071795328941253,0.004516580942612666,0.04978706836786394,0.04480487525206382,0.03177997155992753,0.7092971776205017,-5.4461226630066175,-3.105438322891236,-3.448919012778702,2.6565193101125337,-0.705438322891236,-0.23963273297469145,0.003412995248412841,2.6565193101125337,0.705438322891236,0.23963273297469145,0.003412995248412841,False,False,ictal_scale,mid,low,low,-0.15499582671376017,0.20864473058287472,0.05785551711832408,0.058545747223473776,0.09071795328941253,1200,500,10,65.02891564369202
-2.4,-3.0,0.21,0.0009,26,364302440,True,,60,-0.16,-0.09474238471136401,0.2274228396605194,-2.229671525284444,-4.999999126374358,0.005305796298468356,-0.09396701945484616,0.2871183923295252,-3.0054725631237815,0.003536736846313025,-4.829317586644676,-1.9770850962183768,10.813087637821152,12.423208056451648,2.8522324904262986,1.6101204186304958,True,True,0.09071795328941253,0.004516580942612666,0.04978706836786394,0.1075637563078575,0.0007247595221931153,0.006737952885531312,-5.238955414793516,-2.229671525284444,-7.229670651658802,-1.999999126374358,0.1703284747155558,0.017422839660519412,0.004405796298468356,1.999999126374358,0.1703284747155558,0.017422839660519412,0.004405796298468356,False,False,ictal_scale,mid,low,low,-0.09741539823538851,0.23891182980143902,0.05207529245121181,0.053714053329285874,0.09071795328941253,1200,500,10,55.31748294830322
-2.4,-3.0,0.21,0.0009,27,137963654,True,,60,-0.16,-0.13924153393412478,0.08340921480209189,-2.468574061217544,-4.999601968630204,0.0043136356117239195,-0.14121480407064374,0.2603227601042957,-4.446777426074496,0.04215460192138487,-6.23395431353835,-2.168737058602355,8.003814184033804,12.039904131683691,4.065217254935995,4.036089947649888,True,True,0.09071795328941253,0.004516580942612666,0.04978706836786394,0.08470555786656846,0.0005709687776946042,0.0067406294471729555,-5.445974201035163,-2.468574061217544,-7.468176029847748,-1.9996019686302038,-0.06857406121754428,-0.12659078519790812,0.0034136356117239197,1.9996019686302038,0.06857406121754428,0.12659078519790812,0.0034136356117239197,False,False,ictal_scale,mid,low,low,-0.14999038020086436,0.22657005429277471,0.06036718848567667,0.06266246686892478,0.09071795328941253,1200,500,10,71.7221508026123
-2.4,-3.0,0.21,0.0009,28,473013368,True,,60,-0.16,-0.15433404882995633,0.10839451496901881,-2.2946529566823872,-3.31503312511071,0.0061590259483677474,-0.16032856057324565,0.2232043566412094,-2.7831459288786116,0.00530965006272997,0.678025771181489,2.437230743131683,21.82777435347348,21.25183973515177,1.7592049719501939,-0.5759346183217104,True,False,0.09071795328941253,0.004516580942612666,0.04978706836786394,0.10079636790501678,0.0036622188144673933,0.036332845027892295,-5.089836639204802,-2.2946529566823872,-5.609686081793097,-0.3150331251107099,0.10534704331761269,-0.10160548503098119,0.005259025948367748,0.3150331251107099,0.10534704331761269,0.10160548503098119,0.005259025948367748,False,False,ictal_scale,mid,low,low,-0.1437557799248107,0.24898911627159434,0.05448809606619898,0.05675330256819558,0.09071795328941253,1200,500,10,46.859184980392456
-2.4,-3.0,0.21,0.0009,29,128591612,True,,60,-0.16,-0.22495480062958886,0.26254824519708486,-2.2427770296294454,-4.984532475289721,0.005653907359493149,-0.2423811457105313,0.4076309076909475,-3.454342510367964,0.021691029144148867,-4.104928289178557,-1.8344514896454107,12.26186623275339,12.70847526959758,2.270476799533146,0.4466090368441904,True,True,0.09071795328941253,0.004516580942612666,0.04978706836786394,0.1061632760768875,0.0007264728076391685,0.006842976540334237,-5.175408404794894,-2.2427770296294454,-7.227309504919166,-1.984532475289721,0.15722297037055455,0.05254824519708487,0.00475390735949315,1.984532475289721,0.15722297037055455,0.05254824519708487,0.00475390735949315,False,False,ictal_scale,mid,low,low,-0.2327877385385589,0.24241473137258882,0.05673751192053534,0.057811413334556014,0.09071795328941253,1200,500,10,51.433990478515625
-2.4,-3.0,0.21,0.0009,30,630857706,True,,60,-0.16,-0.12189861867408422,0.23898418054523235,-2.701193671923021,-4.9999998939276065,0.0035109550399458006,-0.09770114373375272,0.4014358373473417,-4.0132759795685615,0.024878661660919718,-12.457376678728206,-9.112614945416698,-4.443030546345909,-1.8478516419449953,3.3447617333115076,2.595178904400914,True,True,0.09071795328941253,0.004516580942612666,0.04978706836786394,0.06712533926605195,0.00045228702624545357,0.00673794771379567,-5.651867187361797,-2.701193671923021,-7.701193565850628,-1.9999998939276065,-0.30119367192302127,0.028984180545232358,0.002610955039945801,1.9999998939276065,0.30119367192302127,0.028984180545232358,0.002610955039945801,False,False,ictal_scale,mid,low,low,-0.09631891788459915,0.20874118441043588,0.05932656213348963,0.0640876302074542,0.09071795328941253,1200,500,10,75.58635520935059
-2.4,-3.0,0.21,0.0009,31,19880684,True,,60,-0.16,-0.19149933929105917,0.2664400724315376,-2.8844889144777603,-4.999999949654596,0.002351400947829488,-0.17626955362398683,0.475007257060459,-3.6160984688415376,0.004333206400207997,-20.02178463146498,-16.022318369758448,-19.571846451819454,-15.667258490628495,3.99946626170653,3.904587961190959,True,True,0.09071795328941253,0.004516580942612666,0.04978706836786394,0.05588334340687781,0.00037653902496424395,0.006737947338310141,-6.052743980439157,-2.8844889144777603,-7.884488864132356,-1.9999999496545957,-0.48448891447776044,0.05644007243153762,0.0014514009478294881,1.9999999496545957,0.48448891447776044,0.05644007243153762,0.0014514009478294881,False,False,ictal_scale,mid,low,low,-0.18315182984588282,0.19371021286715473,0.06064263049370763,0.06116405416145744,0.09071795328941253,1200,500,10,64.95591759681702
-2.4,-3.0,0.21,0.0009,32,522146778,True,,60,-0.16,-0.20006019169560293,0.022248302111112613,-2.301394020053208,-4.999998472591201,0.004312836469128078,-0.1766645862824755,0.1496122779487439,-4.174136161890077,0.03910906904902287,-5.79229322371364,-2.635572345584776,8.887136363683222,11.106233557718848,3.1567208781288643,2.2190971940356263,True,True,0.09071795328941253,0.004516580942612666,0.04978706836786394,0.10011917825499168,0.0006745987470613996,0.006737957290692863,-5.446159477841403,-2.301394020053208,-7.301392492644409,-1.9999984725912006,0.09860597994679177,-0.18775169788888738,0.0034128364691280782,1.9999984725912006,0.09860597994679177,0.18775169788888738,0.0034128364691280782,False,False,ictal_scale,mid,low,low,-0.18104457614798453,0.22403443214036592,0.05744265951494613,0.058955968125290775,0.09071795328941253,1200,500,10,62.66365432739258
-2.4,-3.0,0.21,0.0009,33,2058653403,True,,60,-0.16,-0.1547093620466563,0.1206994677053149,-2.2033779567279383,-4.999999917487354,0.004132983965001176,-0.1428042104175804,0.2550366506652566,-3.787303129290984,0.045690781683906,-3.737220602119431,3.1722446406548643,12.997281606871642,22.721867530198132,6.909465242774296,9.72458592332649,True,True,0.09071795328941253,0.004516580942612666,0.04978706836786394,0.11042950154165641,0.0007440681899181401,0.006737947555051323,-5.48875562320815,-2.2033779567279383,-7.203377874215293,-1.9999999174873544,0.19662204327206156,-0.0893005322946851,0.0032329839650011762,1.9999999174873544,0.19662204327206156,0.0893005322946851,0.0032329839650011762,False,False,ictal_scale,mid,low,low,-0.1528106697162104,0.2551641581895047,0.056269342125213354,0.05882435118145835,0.09071795328941253,1200,500,10,67.612459897995
-2.4,-3.0,0.21,0.0009,34,512774736,True,,60,-0.16,-0.13332613321378772,0.21603493446504615,-2.5213591496114613,-4.931795987771428,0.004502343488800514,-0.1183273358187511,0.40412227232310866,-3.2753112150636783,0.006523276101884919,-9.157182627024444,-5.536212938014929,2.1573575570616157,5.304952372858544,3.620969689009515,3.1475948157969285,True,True,0.09071795328941253,0.004516580942612666,0.04978706836786394,0.08035032438864263,0.0005796099750799991,0.00721353621768235,-5.40315724247325,-2.5213591496114613,-7.45315513738289,-1.9317959877714284,-0.12135914961146144,0.00603493446504616,0.003602343488800514,1.9317959877714284,0.12135914961146144,0.00603493446504616,0.003602343488800514,False,False,ictal_scale,mid,low,low,-0.1331339888743312,0.22111214990040992,0.05621139958738796,0.056051758323854346,0.09071795328941253,1200,500,10,53.84430527687073
-2.4,-3.0,0.21,0.0009,35,1132442821,True,,60,-0.16,-0.18427549469040908,0.23828413747864113,-2.286406930391398,-4.402431065758927,0.00413009053431102,-0.1502990602197408,0.4276896667535374,-3.0375557929201684,0.007317175400123027,-4.16305618321989,-1.4959263282678132,12.145610444670723,13.385525592352774,2.6671298549520768,1.2399151476820514,True,True,0.09071795328941253,0.004516580942612666,0.04978706836786394,0.10163097376652036,0.0012447283120279827,0.012247529133072477,-5.489455951108777,-2.286406930391398,-6.688837996150325,-1.4024310657589272,0.11359306960860183,0.02828413747864114,0.0032300905343110205,1.4024310657589272,0.11359306960860183,0.02828413747864114,0.0032300905343110205,False,False,ictal_scale,mid,low,low,-0.17538452260219206,0.2393499805207506,0.055479987658878974,0.055518063823373515,0.09071795328941253,1200,500,10,56.760294675827026
-2.4,-3.0,0.21,0.0009,36,404063808,True,,60,-0.16,-0.13061942948559158,0.2578116382866687,-2.410145138483972,-4.9799678453844,0.005442185471033619,-0.09420680915993711,0.36769370470214013,-3.201185247956949,0.009315823500809126,-6.370106655604831,-3.3302818758888555,7.731509499900842,9.71681449711069,3.039824779715975,1.9853049972098482,True,True,0.09071795328941253,0.004516580942612666,0.04978706836786394,0.08980225986249783,0.0006173262016669299,0.006874283593889048,-5.213574557791767,-2.410145138483972,-7.390112983868372,-1.9799678453844,-0.010145138483971916,0.047811638286668706,0.004542185471033619,1.9799678453844,0.010145138483971916,0.047811638286668706,0.004542185471033619,False,False,ictal_scale,mid,low,low,-0.10318226477478978,0.22239268180765112,0.05784595300411125,0.06061732007286799,0.09071795328941253,1200,500,10,55.37760043144226
-2.4,-3.0,0.21,0.0009,37,1241153749,True,,60,-0.16,-0.1437456320166612,0.38252597279110423,-2.2746242507249392,-3.3578010176936237,0.006993166320370286,-0.17031175710129576,0.3390227414528269,-2.7553771710040356,0.005380106525660743,2.282555026606601,4.143708883057152,25.036832864323706,24.664796015002707,1.8611538564505512,-0.3720368493209989,True,False,0.09071795328941253,0.004516580942612666,0.04978706836786394,0.1028355415568386,0.0035798826142649943,0.03481172520773226,-4.962821846706503,-2.2746242507249392,-5.632425268418563,-0.3578010176936237,0.12537574927506068,0.17252597279110424,0.006093166320370286,0.3578010176936237,0.12537574927506068,0.17252597279110424,0.006093166320370286,False,False,ictal_scale,mid,low,low,-0.16181511003965882,0.26827293629766363,0.05383976955313082,0.05259279531382492,0.09071795328941253,1200,500,10,69.8698410987854
-2.4,-3.0,0.21,0.0009,38,394691766,True,,60,-0.16,-0.1954474709276124,0.0017340243459753402,-2.3374104210485536,-4.999999976757019,0.0038445260227937526,-0.21097560552555772,0.013555153449763255,-3.8013580676674685,0.03474032818000748,-8.82826220826179,-0.698664924877175,2.815198394586922,14.980048399134052,8.129597283384616,12.16485000454713,True,True,0.09071795328941253,0.004516580942612666,0.04978706836786394,0.09657740951655094,0.0006507334817564785,0.006737947155695442,-5.561104954677972,-2.3374104210485536,-7.337410397805573,-1.9999999767570191,0.06258957895144635,-0.20826597565402466,0.0029445260227937524,1.9999999767570191,0.06258957895144635,0.20826597565402466,0.0029445260227937524,False,False,ictal_scale,mid,low,low,-0.20468593276525113,0.23770481007757785,0.056660959813767516,0.05655876461850103,0.09071795328941253,1200,500,10,52.68612718582153
-2.4,-3.0,0.21,0.0009,39,1250525791,True,,60,-0.16,-0.16587897547252178,0.21369555172637586,-2.5816933189049758,-3.8423625824810355,0.004505453147587687,-0.15490116028228323,0.4265600885573436,-3.587539219631059,0.013693383805769921,-7.938309101400901,-5.598995764887235,4.5951046083087,5.179386719113932,2.3393133365136665,0.5842821108052316,True,True,0.09071795328941253,0.004516580942612666,0.04978706836786394,0.07564580304253254,0.001622063943586892,0.021442880878333348,-5.4024668052806195,-2.5816933189049758,-6.424055901386011,-0.8423625824810355,-0.18169331890497586,0.0036955517263758675,0.0036054531475876875,0.8423625824810355,0.18169331890497586,0.0036955517263758675,0.0036054531475876875,False,False,ictal_scale,mid,low,low,-0.1551351063281308,0.23052097394004611,0.05784591104631042,0.05856405478987174,0.09071795328941253,1200,500,10,56.56992244720459
-2.4,-3.0,0.21,0.0009,40,285980838,True,,60,-0.16,-0.11450087098036442,0.22091474917735177,-2.3210368705910835,-4.5402503305476065,0.004369246440865897,-0.07200276915270476,0.35593081345100475,-3.314437846857051,0.01203134376788485,-4.277186550316929,-4.256119780383483,11.917349710476644,7.865138688121435,0.02106676993344614,-4.052211022355209,True,False,0.09071795328941253,0.004516580942612666,0.04978706836786394,0.09817174142231105,0.0010475646380124068,0.010670735008214206,-5.433164723905102,-2.3210368705910835,-6.8612872011386905,-1.5402503305476065,0.07896312940891637,0.010914749177351774,0.0034692464408658972,1.5402503305476065,0.07896312940891637,0.010914749177351774,0.0034692464408658972,False,False,ictal_scale,mid,low,low,-0.06903324313110906,0.2281864275658655,0.05611743346759731,0.05588830310566441,0.09071795328941253,1200,500,10,63.26467776298523
-2.4,-3.0,0.21,0.0009,41,1359236719,True,,60,-0.16,-0.16778353911341487,0.16867950804713333,-2.367540589489481,-4.999999936992957,0.004657988165045294,-0.18953160274181632,0.4431862478276302,-3.385765598891902,0.016299230704937145,-7.769489821457158,-2.985457686756357,4.932743168196186,10.406462875375688,4.7840321347008015,5.473719707179502,True,True,0.09071795328941253,0.004516580942612666,0.04978706836786394,0.09371091670915109,0.0006314192298058301,0.006737947423623597,-5.36917164830353,-2.367540589489481,-7.367540526482438,-1.9999999369929569,0.032459410510518705,-0.04132049195286666,0.0037579881650452946,1.9999999369929569,0.032459410510518705,0.04132049195286666,0.0037579881650452946,False,False,ictal_scale,mid,low,low,-0.18849661614030444,0.23465398060246556,0.056328055328130726,0.05978220257126801,0.09071795328941253,1200,500,10,64.44105005264282
-2.4,-3.0,0.21,0.0009,42,757631739,True,,60,-0.16,-0.16380502344528802,0.2203369289678792,-2.034078538936094,-4.999999973094984,0.004168522736093658,-0.19699243469089278,0.37566077151867205,-2.931306402092276,0.009450893601223587,-2.673412765543185,7.400127859237361,15.124897280024133,31.17763396736312,10.073540624780545,16.05273668733899,True,True,0.09071795328941253,0.004516580942612666,0.04978706836786394,0.1308009549772873,0.0008813299257789218,0.006737947180370041,-5.480193565865878,-2.034078538936094,-7.034078512031078,-1.999999973094984,0.3659214610639059,0.010336928967879216,0.0032685227360936585,1.999999973094984,0.3659214610639059,0.010336928967879216,0.0032685227360936585,False,False,ictal_scale,mid,low,low,-0.1973115007189542,0.2660892407832253,0.05622035400596884,0.05946394146608233,0.09071795328941253,1200,500,10,65.01283621788025
-2.4,-3.0,0.21,0.0009,43,1368608761,True,,60,-0.16,-0.15888822920398518,0.24765995211482936,-2.1602670003231386,-4.528872972257862,0.007346492234714589,-0.15559816412911973,0.42869791128398915,-2.6557255707425136,0.007999024871277927,2.6699620460527407,10.3288355121852,25.811646903215983,37.03504927325881,7.6588734661324605,11.223402370042823,True,True,0.09071795328941253,0.004516580942612666,0.04978706836786394,0.11529433330382977,0.0012443524901626858,0.010792833043090689,-4.913532326653583,-2.1602670003231386,-6.689139972581,-1.5288729722578616,0.23973299967686135,0.037659952114829365,0.00644649223471459,1.5288729722578616,0.23973299967686135,0.037659952114829365,0.00644649223471459,False,False,ictal_scale,mid,low,low,-0.16919528167685108,0.28088068713509073,0.05446351805405762,0.05533026622412124,0.09071795328941253,1200,500,10,82.00859999656677
-2.4,-3.0,0.21,0.0009,44,866342667,True,,60,-0.16,-0.15365156862281737,0.238288217639827,-2.2245321928922728,-4.999999943073236,0.00378287890849883,-0.13287123812265894,0.3652400170531245,-2.982959452755025,0.00624786082597848,-6.465668909171159,0.020339127397785362,7.540384992768185,16.41805650368397,6.486008036568944,8.877671510915786,True,True,0.09071795328941253,0.004516580942612666,0.04978706836786394,0.10811798516815005,0.0007284932951816683,0.006737947382654995,-5.577269943227952,-2.2245321928922728,-7.224532135965509,-1.9999999430732363,0.17546780710772714,0.028288217639827,0.00288287890849883,1.9999999430732363,0.17546780710772714,0.028288217639827,0.00288287890849883,False,False,ictal_scale,mid,low,low,-0.1107736551161562,0.23862224103613883,0.057212863700943244,0.056957412607183754,0.09071795328941253,1200,500,10,64.28685927391052
-2.4,-3.0,0.21,0.0009,45,1477319689,True,,60,-0.16,-0.21601926646228178,0.05474196387471787,-2.0085194355255576,-4.99992274564701,0.005718883500473633,-0.23867826272006143,0.26875093088488694,-4.033937166368725,0.0520492383933413,0.9156415285101147,5.443628662150289,22.303005868130732,27.26463557318898,4.527987133640174,4.961629705058247,True,True,0.09071795328941253,0.004516580942612666,0.04978706836786394,0.13418720046935578,0.0009042160966494682,0.006738467554928708,-5.163981684867801,-2.0085194355255576,-7.008442181172567,-1.9999227456470097,0.39148056447444235,-0.1552580361252821,0.004818883500473633,1.9999227456470097,0.39148056447444235,0.1552580361252821,0.004818883500473633,False,False,ictal_scale,mid,low,low,-0.23763590294548817,0.2585442633741496,0.05490332587121997,0.05697458760909914,0.09071795328941253,1200,500,10,70.1271870136261
-2.4,-3.0,0.21,0.0009,46,875714709,True,,60,-0.16,-0.19062870692151113,0.16388457202097775,-2.3352629016566513,-4.41333089537323,0.006422503763380855,-0.16706304331816685,0.2697397201581637,-3.7201079102324797,0.03483820219963568,-3.152613101503449,1.1646755586666646,14.166496608103605,18.70672936622173,4.317288660170114,4.540232758118124,True,True,0.09071795328941253,0.004516580942612666,0.04978706836786394,0.09678503423556828,0.0011725272733870624,0.012114758057875043,-5.047947243012193,-2.3352629016566513,-6.748593797029882,-1.41333089537323,0.06473709834334862,-0.04611542797902224,0.005522503763380855,1.41333089537323,0.06473709834334862,0.04611542797902224,0.005522503763380855,False,False,ictal_scale,mid,low,low,-0.16844040395487542,0.2430818374316053,0.057992151262583023,0.06013994780309915,0.09071795328941253,1200,500,10,56.63358402252197
-2.4,-3.0,0.21,0.0009,47,660791920,True,,60,-0.16,-0.14973709400445923,0.2819814105845307,-2.356672791199044,-4.449953201951304,0.004364214555830361,-0.17819187039495987,0.4170571444554663,-3.3585185598698937,0.014252438919177348,-6.262387879997078,-4.082376656458144,7.9469470511163465,8.212624935972114,2.1800112235389344,0.2656778848557675,True,True,0.09071795328941253,0.004516580942612666,0.04978706836786394,0.09473490220499321,0.001106419676905252,0.011679113517329786,-5.43431704727249,-2.356672791199044,-6.806625993150348,-1.4499532019513044,0.04332720880095575,0.0719814105845307,0.003464214555830361,1.4499532019513044,0.04332720880095575,0.0719814105845307,0.003464214555830361,False,False,ictal_scale,mid,low,low,-0.18666521002011147,0.23494366773928346,0.05495349892647583,0.05204620316482937,0.09071795328941253,1200,500,10,53.495421171188354
-2.4,-3.0,0.21,0.0009,48,984425637,True,,60,-0.16,-0.11737778626691298,0.219929588307902,-2.4590478102039315,-3.287659763957618,0.004234130145802191,-0.08210438132003528,0.3737496287547344,-3.0122997646546734,0.005730442735348574,-2.063498281207912,1.7645072776498556,16.344726248694677,19.906392804188112,3.8280055588577677,3.561666555493435,True,True,0.09071795328941253,0.004516580942612666,0.04978706836786394,0.08551633999861309,0.0031932771359700937,0.03734113429108263,-5.464577368479666,-2.4590478102039315,-5.746707574161549,-0.28765976395761816,-0.05904781020393157,0.009929588307901999,0.003334130145802191,0.28765976395761816,0.05904781020393157,0.009929588307901999,0.003334130145802191,False,False,ictal_scale,mid,low,low,-0.11975578696684266,0.24436054417869307,0.05637773040942733,0.058582935038220096,0.09071795328941253,1200,500,10,49.02357888221741
-2.4,-3.0,0.21,0.0009,49,1665324104,True,,60,-0.16,-0.16775980782675481,0.3160325812645915,-2.3337183559647974,-4.999999949153847,0.004018463975587263,-0.20497277856540067,0.48321728354063037,-3.4051517417186634,0.016208608431417686,-8.27629538017299,-2.897339206586724,3.9191320507645244,10.582699835714955,5.378956173586266,6.6635677849504305,True,True,0.09071795328941253,0.004516580942612666,0.04978706836786394,0.0969346386489172,0.0006531404908015863,0.00673794734168416,-5.516855544993399,-2.3337183559647974,-7.333718305118644,-1.999999949153847,0.06628164403520254,0.1060325812645915,0.003118463975587263,1.999999949153847,0.06628164403520254,0.1060325812645915,0.003118463975587263,False,False,ictal_scale,mid,low,low,-0.22513359139033748,0.2325330946496715,0.055146114761622324,0.055692409036737334,0.09071795328941253,1200,500,10,49.666810035705566
-2.4,-3.0,0.21,0.0009,50,993797679,True,,60,-0.16,-0.13927163734568415,0.2824208811205601,-2.323218365171442,-3.057483643377645,0.007136121601331697,-0.13442175856743044,0.45873008035494045,-2.760371773530104,0.007879674484497985,3.5242106858790363,6.889953816559617,27.520144182868577,30.157285882007635,3.3657431306805803,2.6371416991390575,True,True,0.09071795328941253,0.004516580942612666,0.04978706836786394,0.09795781372634728,0.004604588334743778,0.047005829954586895,-4.942585843304256,-2.323218365171442,-5.380702008549087,-0.05748364337764489,0.07678163482855771,0.07242088112056008,0.006236121601331697,0.05748364337764489,0.07678163482855771,0.07242088112056008,0.006236121601331697,False,False,ictal_scale,mid,low,low,-0.1365305736142962,0.27601032094610467,0.053752947492667964,0.05444848337616352,0.09071795328941253,1200,500,10,56.52075242996216
-2.4,-3.0,0.21,0.0009,51,1655952062,True,,60,-0.16,-0.18246789064779254,0.0966648607434232,-2.9903331307658725,-3.705466423696488,0.0035238200544654673,-0.16549206986017276,0.3618925788492749,-4.680918621390292,0.02342127102850703,-16.793655438847544,-16.373751663508294,-13.115588066584586,-16.370125078128186,0.4199037753392503,-3.2545370115436008,True,False,0.09071795328941253,0.004516580942612666,0.04978706836786394,0.050270687221324536,0.0012360931552488682,0.024588745918805034,-5.648209635076466,-2.9903331307658725,-6.6957995544623605,-0.705466423696488,-0.5903331307658726,-0.11333513925657679,0.0026238200544654675,0.705466423696488,0.5903331307658726,0.11333513925657679,0.0026238200544654675,False,False,ictal_scale,mid,low,low,-0.16821383662210038,0.18261534194861798,0.06167237126936538,0.0646480215611302,0.09071795328941253,1200,500,10,69.21816492080688
-2.4,-3.0,0.21,0.0009,52,1102508607,True,,60,-0.16,-0.14177074161868342,0.318577472119084,-2.548438587440987,-3.1648373548118682,0.005119266268877478,-0.11656070386466003,0.409783772008011,-3.1547431758459896,0.00750764453707893,-3.808471500296748,-0.8372547163488419,12.854779810517007,14.702868816190717,2.9712167839479062,1.8480890056737103,True,True,0.09071795328941253,0.004516580942612666,0.04978706836786394,0.07820367892654399,0.0033018381770113098,0.04222100829952891,-5.274744157059997,-2.548438587440987,-5.713275942252855,-0.16483735481186823,-0.14843858744098704,0.108577472119084,0.004219266268877479,0.16483735481186823,0.14843858744098704,0.108577472119084,0.004219266268877479,False,False,ictal_scale,mid,low,low,-0.1565328402027612,0.2341944917292852,0.05425616053958464,0.052194781075084906,0.09071795328941253,1200,500,10,53.89349722862244
-2.4,-3.0,0.21,0.0009,53,1547241134,True,,60,-0.16,-0.18900191679128003,0.2511639164896076,-2.10871583858223,-4.698461489256848,0.004720890953639752,-0.17521343806966594,0.38949064592119875,-3.2772468944249344,0.026404897916503106,0.26220605642109646,4.751480836937116,20.996134923952695,25.880339922762634,4.48927478051602,4.884204998809938,True,True,0.09071795328941253,0.004516580942612666,0.04978706836786394,0.12139375556002825,0.001105809837485342,0.009109281053081246,-5.355757735833503,-2.10871583858223,-6.807177327839078,-1.6984614892568484,0.2912841614177699,0.04116391648960763,0.0038208909536397526,1.6984614892568484,0.2912841614177699,0.04116391648960763,0.0038208909536397526,False,False,ictal_scale,mid,low,low,-0.18708194313555088,0.27058433918154173,0.0543632823313891,0.05616015690284759,0.09071795328941253,1200,500,10,60.746994495391846
-2.4,-3.0,0.21,0.0009,54,1362467,True,,60,-0.16,-0.18313792690446698,0.15124422248714814,-2.1555998283848092,-4.9999998793016704,0.004942227542760061,-0.19780570812798115,0.19657622902185026,-4.340200103381821,0.04736068991242685,-2.782037611815679,1.316175136305352,14.907647587479145,19.009728521499106,4.098212748121031,4.102080934019961,True,True,0.09071795328941253,0.004516580942612666,0.04978706836786394,0.11583368943573247,0.0007804813543292815,0.006737947812344464,-5.309939129828934,-2.1555998283848092,-7.15559970768648,-1.9999998793016704,0.24440017161519068,-0.05875577751285185,0.0040422275427600615,1.9999998793016704,0.24440017161519068,0.05875577751285185,0.0040422275427600615,False,False,ictal_scale,mid,low,low,-0.1940111339086095,0.25035007242754226,0.05377510764284447,0.05614357940006115,0.09071795328941253,1200,500,10,67.43506479263306
-2.4,-3.0,0.21,0.0009,55,609614555,True,,60,-0.16,-0.12776642842860647,0.28638427414979295,-2.5890878816996072,-4.999999900563704,0.00264712233504316,-0.08751580074808425,0.41388766657675236,-3.4395780454709355,0.005769071097843405,-13.77504942156807,-9.595725415211978,-7.078376032025638,-2.814072581535555,4.179324006356092,4.2643034504900825,True,True,0.09071795328941253,0.004516580942612666,0.04978706836786394,0.0750884984531038,0.0005059423731269576,0.00673794766908199,-5.93428214031734,-2.5890878816996072,-7.589087782263311,-1.9999999005637044,-0.18908788169960733,0.07638427414979296,0.00174712233504316,1.9999999005637044,0.18908788169960733,0.07638427414979296,0.00174712233504316,False,False,ictal_scale,mid,low,low,-0.10347951079220637,0.21484370994904298,0.05651283078772972,0.05694232995065259,0.09071795328941253,1200,500,10,62.32981514930725
-2.4,-3.0,0.21,0.0009,56,2040135186,True,,60,-0.16,-0.2470886753686703,0.1016236324771006,-2.187265107880226,-4.999996655416602,0.005646270020875981,-0.2440884962915524,0.1684640084656952,-4.504156449382899,0.05501323564260799,-1.25294771121674,3.368495091934468,17.965827388677024,23.114368432757338,4.621442803151208,5.148541044080314,True,True,0.09071795328941253,0.004516580942612666,0.04978706836786394,0.11222324778122536,0.000756156824640465,0.0067379695347488215,-5.17676012513042,-2.187265107880226,-7.187261763296828,-1.9999966554166022,0.2127348921197738,-0.10837636752289939,0.004746270020875981,1.9999966554166022,0.2127348921197738,0.10837636752289939,0.004746270020875981,False,False,ictal_scale,mid,low,low,-0.23865454862704186,0.2556037040447726,0.05509951568319241,0.05754168701839002,0.09071795328941253,1200,500,10,58.105161905288696
-2.4,-3.0,0.21,0.0009,57,1429158164,True,,60,-0.16,-0.17317090172425487,0.20466896081002214,-3.409482710969736,0.3728783747350972,0.004584367438809746,-0.17968892332146874,0.2425151724706254,-3.4204980981696824,0.008789907030163859,-11.212017977822253,-11.361928394542897,-1.9523131445340027,-6.346478540197392,-0.14991041672064398,-4.394165395663389,False,False,0.09071795328941253,0.004516580942612666,0.04978706836786394,0.03305829664786388,0.047997596788463846,1.4519077404299743,-5.385103145973675,-3.409482710969736,-3.036604336234639,3.372878374735097,-1.0094827109697362,-0.005331039189977849,0.0036843674388097464,3.372878374735097,1.0094827109697362,0.005331039189977849,0.0036843674388097464,False,False,ictal_scale,mid,low,low,-0.17869231818885525,0.20470476534121898,0.05756757600461661,0.05523117283859773,0.09071795328941253,1200,500,10,65.41840028762817
-2.4,-3.0,0.21,0.0009,58,1931424258,True,,60,-0.16,-0.17045425310456663,0.17480923994106734,-1.8435814088320839,-4.7886451740580185,0.007833895268142606,-0.1672188102436569,0.44489164315690777,-2.4556082720208168,0.008795457906797293,6.246205229256679,12.848945126208267,32.96413326962386,42.07526850130493,6.602739896951588,9.111135231681075,True,True,0.09071795328941253,0.004516580942612666,0.04978706836786394,0.15824965329453253,0.0013172269035209342,0.008323726947251671,-4.849295412714432,-1.8435814088320839,-6.632226582890103,-1.7886451740580185,0.556418591167916,-0.03519076005893265,0.006933895268142606,1.7886451740580185,0.556418591167916,0.03519076005893265,0.006933895268142606,False,False,ictal_scale,mid,low,low,-0.18098487783061232,0.29155621165597845,0.05282024558077504,0.05602756817301133,0.09071795328941253,1200,500,10,54.756775856018066
-2.4,-3.0,0.21,0.0009,59,727697525,True,,60,-0.16,-0.13716189618876526,0.27163736865696647,-1.9714789496413547,-4.996452809808041,0.0037241863712047154,-0.1389213786124761,0.3950025431796737,-2.9493048599976497,0.009207439519455332,0.5038737311890664,11.394764074078449,21.479470273488637,39.166906397045295,10.890890342889382,17.687436123556658,True,True,0.09071795328941253,0.004516580942612666,0.04978706836786394,0.13925075898884287,0.0009415983452042468,0.00676189021906653,-5.592906874846235,-1.9714789496413547,-6.967931759449396,-1.9964528098080407,0.4285210503586452,0.06163736865696648,0.0028241863712047156,1.9964528098080407,0.4285210503586452,0.06163736865696648,0.0028241863712047156,False,False,ictal_scale,mid,low,low,-0.13566838484332924,0.2667988143232071,0.05270385178345782,0.051475189538519525,0.09071795328941253,1200,500,10,61.40924572944641
-2.4,-3.0,0.21,0.0009,60,1922052216,True,,60,-0.16,-0.23949374012171504,0.22141865611612918,-2.757158569825003,-3.5658427450785757,0.004778098610001673,-0.23641759639967763,0.4085890949630061,-3.4636002035377587,0.008502589291221727,-9.577300006395976,-7.726766733730872,1.3171227983185503,0.9238447814266575,1.8505332726651043,-0.3932780168918928,True,False,0.09071795328941253,0.004516580942612666,0.04978706836786394,0.06347186324243417,0.001794549407703014,0.028273148384641487,-5.343712591948734,-2.757158569825003,-6.323001314903578,-0.5658427450785757,-0.35715856982500327,0.011418656116129189,0.0038780986100016733,0.5658427450785757,0.35715856982500327,0.011418656116129189,0.0038780986100016733,False,False,ictal_scale,mid,low,low,-0.2305723828608534,0.21261939499924412,0.05815588535746448,0.05971372892547905,0.09071795328941253,1200,500,10,68.24454140663147
-2.4,-3.0,0.21,0.0009,61,1870648988,True,,60,-0.16,-0.1415798309044193,0.1516424975870627,-2.196629413057184,-4.999999964413732,0.003700051047121306,-0.1725865540421826,0.28829045221107125,-3.0621855106119646,0.02127523244668415,-4.842039431712601,3.053641108639927,10.7876439476853,22.484660466168258,7.8956805403525285,11.697016518482958,True,True,0.09071795328941253,0.004516580942612666,0.04978706836786394,0.11117726015827073,0.0007491065131078689,0.00673794723886386,-5.599408662907857,-2.196629413057184,-7.1966293774709165,-1.9999999644137318,0.20337058694281573,-0.0583575024129373,0.0028000510471213064,1.9999999644137318,0.20337058694281573,0.0583575024129373,0.0028000510471213064,False,False,ictal_scale,mid,low,low,-0.1451559883552876,0.2544214611402546,0.05752134976502597,0.05618466005089569,0.09071795328941253,1200,500,10,81.69940185546875
-2.4,-3.0,0.21,0.0009,62,1813341288,True,,60,-0.16,-0.17400996701297256,0.3449170196409136,-2.2301274343325086,-4.600476678582752,0.00609348159100848,-0.21034059821277823,0.41307022129520654,-3.498717254102592,0.0291916098106804,-0.10997585705398909,1.6692274488489087,20.251771097002525,19.71583314658622,1.7792033059028978,-0.5359379504163044,True,False,0.09071795328941253,0.004516580942612666,0.04978706836786394,0.10751472819514227,0.0010802053544460895,0.010047045391636816,-5.100535670791933,-2.2301274343325086,-6.83060411291526,-1.6004766785827522,0.16987256566749132,0.1349170196409136,0.005193481591008481,1.6004766785827522,0.16987256566749132,0.1349170196409136,0.005193481591008481,False,False,ictal_scale,mid,low,low,-0.21112629699113458,0.2521014604730713,0.05414202688525019,0.05476564571901581,0.09071795328941253,1200,500,10,85.61545038223267
-2.4,-3.0,0.21,0.0009,63,267462621,True,,60,-0.16,-0.16921487589340728,0.37340498082287227,-2.489524483293196,-4.914666680281191,0.0040640602159854045,-0.1344608779114203,0.421021304181805,-3.280780893528344,0.006368387102128194,-11.04140451188802,-6.74635886854823,-1.611086212665537,2.8846605117919424,4.29504564333979,4.495746724457479,True,True,0.09071795328941253,0.004516580942612666,0.04978706836786394,0.08294940102456644,0.0006086962619178261,0.007338163439390644,-5.505572751890183,-2.489524483293196,-7.404191163574387,-1.914666680281191,-0.08952448329319607,0.16340498082287228,0.0031640602159854047,1.914666680281191,0.08952448329319607,0.16340498082287228,0.0031640602159854047,False,False,ictal_scale,mid,low,low,-0.13503863224429663,0.2342323942509355,0.05554538164284783,0.054070921029760986,0.09071795328941253,1200,500,10,75.38609313964844
-2.4,-3.0,0.21,0.0009,64,1803969246,True,,60,-0.16,-0.22745754954001798,0.13355506945281725,-2.455684435437289,-3.107806851115347,0.006489924486209203,-0.24849791606643656,0.41964566801796244,-3.0339321128779897,0.012986642388170901,-0.29273143821508485,3.1357078774203755,19.886259934680332,22.64879400372915,3.4284393156354604,2.7625340690488187,True,True,0.09071795328941253,0.004516580942612666,0.04978706836786394,0.08580444773424763,0.003835362645580607,0.044698879217304,-5.037504383740733,-2.455684435437289,-5.563491286552637,-0.10780685111534716,-0.05568443543728918,-0.07644493054718274,0.0055899244862092036,0.10780685111534716,0.05568443543728918,0.07644493054718274,0.0055899244862092036,False,False,ictal_scale,mid,low,low,-0.2483441218824033,0.24391719310913362,0.05378370991567697,0.05794239536863706,0.09071795328941253,1200,500,10,72.24741506576538
-2.4,-3.0,0.21,0.0009,65,1988731958,True,,60,-0.16,-0.1727109541520795,0.23705512216290245,-2.4707029620523233,-3.1497522604785306,0.005763495953410356,-0.17909662226728526,0.38108169145503534,-3.489930261025531,0.02284673353279865,-1.3652447162821357,-0.6826857099989692,17.74123337854623,15.012006828890463,0.6825590062831666,-2.729226549655767,True,False,0.09071795328941253,0.004516580942612666,0.04978706836786394,0.08452541994963214,0.003622991466172467,0.04286274434757463,-5.15621105202975,-2.4707029620523233,-5.620455222530854,-0.14975226047853063,-0.0707029620523234,0.027055122162902456,0.0048634959534103565,0.14975226047853063,0.0707029620523234,0.027055122162902456,0.0048634959534103565,False,False,ictal_scale,mid,low,low,-0.17540619458635337,0.25288811931231087,0.0560623144680978,0.056838131288668894,0.09071795328941253,1200,500,10,62.187257528305054
-2.4,-3.0,0.21,0.0009,66,1695258318,True,,60,-0.16,-0.11473315359759875,0.11403047758645243,-2.255439106452539,-4.521195854074432,0.0039356757570781315,-0.10522391363761942,0.37821839449138706,-3.9163678774732453,0.03443600337663996,-3.4752386735093177,-0.8010495897769389,13.521245464091868,14.775279069334523,2.674189083732379,1.2540336052426557,True,True,0.09071795328941253,0.004516580942612666,0.04978706836786394,0.10482750319562065,0.0011401049487260967,0.010876009768147626,-5.537672681976574,-2.255439106452539,-6.776634960526971,-1.5211958540744321,0.1445608935474607,-0.09596952241354756,0.003035675757078132,1.5211958540744321,0.1445608935474607,0.09596952241354756,0.003035675757078132,False,False,ictal_scale,mid,low,low,-0.09668447989555272,0.2438642722346475,0.053397711441452105,0.0532511933750451,0.09071795328941253,1200,500,10,67.49210000038147
-2.4,-3.0,0.21,0.0009,67,149379651,True,,60,-0.16,-0.19951261706672993,0.17794210373921585,-2.2410514322146287,-3.4752282576180136,0.0053976354980308176,-0.2458540122129173,0.3847337931593338,-2.881469833307126,0.006534290595912672,2.114352332069282,5.813450420143302,24.700427475249068,28.004279089175007,3.69909808807402,3.3038516139259393,True,True,0.09071795328941253,0.004516580942612666,0.04978706836786394,0.10634662930306343,0.003291935169092118,0.030954767355257325,-5.221794292040326,-2.2410514322146287,-5.716279689832643,-0.47522825761801357,0.15894856778537125,-0.03205789626078415,0.004497635498030818,0.47522825761801357,0.15894856778537125,0.03205789626078415,0.004497635498030818,False,False,ictal_scale,mid,low,low,-0.24192107451364506,0.25231742010430586,0.054759538867872215,0.05519333245575704,0.09071795328941253,1200,500,10,71.88087630271912
-2.4,-3.0,0.21,0.0009,68,1495837906,True,,60,-0.16,-0.15851278703406899,0.26512084961390026,-2.2462182108443383,-4.964481823045713,0.004936476187295905,-0.15933962247528957,0.379941031678286,-3.8566737162670206,0.035542322312074166,-3.355807212461401,-1.0511394574469366,13.760108386187701,14.275099333994529,2.3046677550144645,0.5149909478068277,True,True,0.09071795328941253,0.004516580942612666,0.04978706836786394,0.10579857686347038,0.0007386399014727067,0.006981567459323176,-5.311103524727523,-2.2462182108443383,-7.210700033890051,-1.9644818230457126,0.15378178915566165,0.055120849613900263,0.004036476187295905,1.9644818230457126,0.15378178915566165,0.055120849613900263,0.004036476187295905,False,False,ictal_scale,mid,low,low,-0.1573917642927926,0.24425073199082448,0.05482495219452417,0.055360596031792844,0.09071795328941253,1200,500,10,54.63191270828247
-2.4,-3.0,0.21,0.0009,69,40668723,True,,60,-0.16,-0.1513826846898026,0.2145968699853042,-2.1371819644880574,-4.99999958925306,0.004834678637796874,-0.16104612817101893,0.42374812282650326,-2.806533773523033,0.010344645460427829,-3.2210110606591145,4.470011862635315,14.029700689792275,25.317401974159033,7.69102292329443,11.287701284366758,True,True,0.09071795328941253,0.004516580942612666,0.04978706836786394,0.1179868661543305,0.0007949895772755387,0.0067379497666771445,-5.3319406180982645,-2.1371819644880574,-7.137181553741118,-1.9999995892530604,0.2628180355119425,0.004596869985304203,0.003934678637796874,1.9999995892530604,0.2628180355119425,0.004596869985304203,0.003934678637796874,False,False,ictal_scale,mid,low,low,-0.15268671202557524,0.2505251548575483,0.05827580468373681,0.05939986104638466,0.09071795328941253,1200,500,10,49.806132316589355
-2.4,-3.0,0.21,0.0009,70,1604548834,True,,60,-0.16,-0.1817838024191679,0.07132290584289473,-2.3847858443193446,-3.2789141207772436,0.0067351692482681465,-0.1683530948621152,0.05068893639032474,-5.108763988878011,0.05645589707634404,0.5007126593188836,2.094213121296108,21.47314812974827,20.56580449148062,1.5935004619772246,-0.9073436382676512,True,False,0.09071795328941253,0.004516580942612666,0.04978706836786394,0.09210870306925717,0.003469655515246447,0.03766913874183627,-5.00041233977436,-2.3847858443193446,-5.663699965096589,-0.27891412077724365,0.015214155680655317,-0.13867709415710527,0.005835169248268147,0.27891412077724365,0.015214155680655317,0.13867709415710527,0.005835169248268147,False,False,ictal_scale,mid,low,low,-0.16820798997020098,0.2406763709012901,0.0548234521543411,0.05711861095743971,0.09071795328941253,1200,500,10,69.36624240875244
-2.4,-3.0,0.21,0.0009,71,31296681,True,,60,-0.16,-0.1717912141076583,0.18496837328200355,-2.474358840175767,-4.999999958916115,0.003671858176001601,-0.1442342503906987,0.4552555545428731,-3.3090438561626456,0.009622266518997235,-10.076214988503633,-4.4828722750972405,0.31929283410323706,7.411633698693921,5.593342713406392,7.092340864590684,True,True,0.09071795328941253,0.004516580942612666,0.04978706836786394,0.0842169694881586,0.0005674495001478398,0.0067379472759065105,-5.60705743006303,-2.474358840175767,-7.474358799091882,-1.9999999589161153,-0.07435884017576688,-0.02503162671799644,0.0027718581760016008,1.9999999589161153,0.07435884017576688,0.02503162671799644,0.0027718581760016008,False,False,ictal_scale,mid,low,low,-0.17172020691947662,0.22734373776820196,0.05914117550993707,0.06161845829482697,0.09071795328941253,1200,500,10,62.67316269874573
-2.4,-3.0,0.21,0.0009,72,1613920876,True,,60,-0.16,-0.1699751409623873,0.21884359450284546,-2.8011613147237173,-3.131107133363341,0.0054227563085131655,-0.15632046670997102,0.47923715935061467,-3.953622964171276,0.022344314023445434,-8.86994365847553,-7.982287229400242,2.7318354941594443,0.4128037900879171,0.8876564290752871,-2.319031704071527,True,False,0.09071795328941253,0.004516580942612666,0.04978706836786394,0.06073948399407506,0.002652458195308964,0.043669422604375466,-5.217151048789144,-2.8011613147237173,-5.932268448087058,-0.1311071333633409,-0.4011613147237174,0.00884359450284547,0.004522756308513166,0.1311071333633409,0.4011613147237174,0.00884359450284547,0.004522756308513166,False,False,ictal_scale,mid,low,low,-0.1594084901800888,0.21651358142289065,0.056811688710484004,0.0562769969806496,0.09071795328941253,1200,500,10,63.33066010475159
-2.4,-3.0,0.21,0.0009,73,2070069400,True,,60,-0.16,-0.1804152421369709,0.2443417506738394,-2.339885200515857,-4.443306587499398,0.006721243609385693,-0.15039219619579852,0.3812937566710224,-2.955142794545906,0.007398594456898857,-1.8539597923578417,0.7095665261779927,16.76380322639482,17.796511301244387,2.5635263185358346,1.032708074849566,True,True,0.09071795328941253,0.004516580942612666,0.04978706836786394,0.09633869722844209,0.0011326539314706228,0.011756998631451594,-5.002482080648249,-2.339885200515857,-6.783191788015255,-1.4433065874993982,0.06011479948414289,0.034341750673839405,0.005821243609385693,1.4433065874993982,0.06011479948414289,0.034341750673839405,0.005821243609385693,False,False,ictal_scale,mid,low,low,-0.1609756816623179,0.25169917595304414,0.05853284693328417,0.05719141598686382,0.09071795328941253,1200,500,10,63.80179190635681
-2.4,-3.0,0.21,0.0009,74,1722631804,True,,60,-0.16,-0.12085573177798521,0.10663876151269062,-2.1716665962914887,-4.893867967750515,0.0039519228056058625,-0.10238871556377194,0.23610406935286932,-4.266577603127033,0.0450659306213399,-2.8462158460212406,0.17343166201749413,14.779291119068022,16.72424157292339,3.0196475080387346,1.944950453855368,True,True,0.09071795328941253,0.004516580942612666,0.04978706836786394,0.11398748739650136,0.0008540382601712042,0.007492386047605939,-5.5335530322817545,-2.1716665962914887,-7.065534564042004,-1.8938679677505146,0.22833340370851118,-0.10336123848730937,0.0030519228056058627,1.8938679677505146,0.22833340370851118,0.10336123848730937,0.0030519228056058627,False,False,ictal_scale,mid,low,low,-0.11729690057559203,0.24265862962016915,0.05517681650263289,0.05376475316962397,0.09071795328941253,1200,500,10,68.7794828414917
-2.4,-3.0,0.21,0.0009,75,1121026824,True,,60,-0.16,-0.17480919421846441,0.3488807584737243,-2.7922337527583876,-1.9828863402454906,0.004565125643545167,-0.16103975323302214,0.44215366460984773,-3.1626755537191795,0.00581952546604723,-5.0729819869685695,-5.5147176344635325,10.325758837173364,5.347942979961337,-0.44173564749496297,-4.977815857212027,False,False,0.09071795328941253,0.004516580942612666,0.04978706836786394,0.0612841672301837,0.008437070793432477,0.1376712970862896,-5.389309242083915,-2.7922337527583876,-4.775120093003878,1.0171136597545094,-0.3922337527583877,0.1388807584737243,0.0036651256435451677,1.0171136597545094,0.3922337527583877,0.1388807584737243,0.0036651256435451677,False,False,ictal_scale,mid,low,low,-0.17941449214088354,0.2344995687096304,0.055967421684279706,0.0519399617547478,0.09071795328941253,1200,500,10,60.29138255119324
-2.4,-3.0,0.21,0.0009,76,1732003846,True,,60,-0.16,-0.21366475273717103,0.3845423288462537,-2.2606664925491,-4.514352350615044,0.0044205111925158976,-0.175798784158969,0.4627495039546626,-2.985563196894412,0.007847660936902543,-3.184323705882382,-0.13721123727555934,14.10307539934574,16.102955774337282,3.0471124686068225,1.9998803749915428,True,True,0.09071795328941253,0.004516580942612666,0.04978706836786394,0.10428095910591816,0.001141948981814765,0.010950695041602827,-5.421499935164625,-2.2606664925491,-6.775018843164144,-1.5143523506150443,0.13933350745090012,0.17454232884625373,0.003520511192515898,1.5143523506150443,0.13933350745090012,0.17454232884625373,0.003520511192515898,False,False,ictal_scale,mid,low,low,-0.18464369709003522,0.2504713811559206,0.05346503087294116,0.0553729942395305,0.09071795328941253,1200,500,10,64.36700987815857
-2.4,-3.0,0.21,0.0009,77,1229737752,True,,60,-0.16,-0.1707192424302753,0.02896684837326268,-2.07484835152945,-4.999999513761715,0.005843444416369919,-0.17237043719308975,0.363757019994373,-3.0169320351500275,0.008981318739268458,0.7371379660352873,10.577976502225852,21.94599874318108,37.53333125334011,9.840838536190564,15.58733251015903,True,True,0.09071795328941253,0.004516580942612666,0.04978706836786394,0.1255754693771941,0.0008461212684652683,0.006737950275334058,-5.142434858680468,-2.07484835152945,-7.074847865291165,-1.9999995137617148,0.3251516484705501,-0.1810331516267373,0.004943444416369919,1.9999995137617148,0.3251516484705501,0.1810331516267373,0.004943444416369919,False,False,ictal_scale,mid,low,low,-0.16714605764072277,0.26749116703493797,0.05454115660295146,0.05419796089843172,0.09071795328941253,1200,500,10,75.93192982673645
-2.4,-3.0,0.21,0.0009,78,1840714774,True,,60,-0.16,-0.1565649865678334,0.07442444981011775,-2.1910360910499525,-4.58664991088226,0.004533918024735887,-0.13444010515319704,0.08427041542419372,-2.9482782341744835,0.011188430776142427,-1.7371685957415752,2.6101059595002534,16.99738561962735,21.59759016788891,4.347274555241828,4.600204548261559,True,True,0.09071795328941253,0.004516580942612666,0.04978706836786394,0.11180085272546253,0.0011389072807282477,0.010186928390653162,-5.3961688071802545,-2.1910360910499525,-6.777686001932212,-1.5866499108822598,0.20896390895004746,-0.13557555018988224,0.003633918024735887,1.5866499108822598,0.20896390895004746,0.13557555018988224,0.003633918024735887,False,False,ictal_scale,mid,low,low,-0.13840145082221184,0.2464004631496057,0.05583523430443959,0.05707118040254358,0.09071795328941253,1200,500,10,61.54666018486023
-2.4,-3.0,0.21,0.0009,79,1239109794,True,,60,-0.16,-0.16533098921781697,0.2187885023561815,-2.374584565426583,-3.1477238895964526,0.004651372484620795,-0.20222358036423094,0.36161112042887683,-2.8077659678988813,0.0025704161003599953,-1.2515554444535675,0.4841215543105755,17.96861192220337,17.345621357509554,1.735676998764143,-0.622990564693815,True,False,0.09071795328941253,0.004516580942612666,0.04978706836786394,0.0930531386729159,0.003996611287589541,0.042949774124629234,-5.370592944950453,-2.374584565426583,-5.522308455023035,-0.14772388959645255,0.025415434573416995,0.008788502356181505,0.003751372484620795,0.14772388959645255,0.025415434573416995,0.008788502356181505,0.003751372484620795,False,False,ictal_scale,mid,low,low,-0.1704986684729166,0.24976452502772276,0.053828021055136385,0.053415221296036285,0.09071795328941253,1200,500,10,50.65510630607605
-2.4,-3.0,0.21,0.0009,80,1410639947,True,,60,-0.16,-0.15928850733893699,0.13617945512182797,-2.077584570031462,-4.999996501437326,0.005610000272946532,-0.15035059774437975,0.3310582929024381,-2.8973174741663725,0.005567298706720537,0.15272350985863153,8.163088813619598,20.777169830827766,32.703555876127595,8.010365303760967,11.926386045299829,True,True,0.09071795328941253,0.004516580942612666,0.04978706836786394,0.1252323371109959,0.0008438118021488054,0.006737970572256575,-5.183204510793963,-2.077584570031462,-7.077581071468788,-1.9999965014373258,0.322415429968538,-0.07382054487817202,0.004710000272946532,1.9999965014373258,0.322415429968538,0.07382054487817202,0.004710000272946532,False,False,ictal_scale,mid,low,low,-0.1368380582723963,0.26430180265229664,0.05322211439124026,0.053493263091770576,0.09071795328941253,1200,500,10,71.14904236793518
-2.4,-3.0,0.21,0.0009,81,1347820722,True,,60,-0.16,-0.1696309956282029,0.24079820231484347,-2.380302397676172,-4.999999950508463,0.003875110698456103,-0.14120594458492125,0.4345133840702843,-3.4867795517170745,0.01645737141394154,-7.705737884360246,-3.235553414546115,5.06024704239001,9.906271419796171,4.470184469814131,4.846024377406161,True,True,0.09071795328941253,0.004516580942612666,0.04978706836786394,0.09252259466196318,0.0006234123699038112,0.006737947332556829,-5.5531810492413545,-2.380302397676172,-7.380302348184635,-1.999999950508463,0.019697602323828,0.03079820231484348,0.0029751106984561033,1.999999950508463,0.019697602323828,0.03079820231484348,0.0029751106984561033,False,False,ictal_scale,mid,low,low,-0.15006955795229276,0.23698770243992406,0.055779932484696274,0.05335838912039189,0.09071795328941253,1200,500,10,71.53839993476868
-2.4,-3.0,0.21,0.0009,82,1301929019,True,,60,-0.16,-0.2198490821462769,0.2936357635516957,-2.6385725143078664,-3.011996429914633,0.006976204087210473,-0.24753953339046914,0.4128908494181145,-3.576144922175718,0.02240476153688603,-2.413806068104445,-2.1016055302099153,15.644110674901613,12.174167188468571,0.3122005378945296,-3.469943486433042,True,False,0.09071795328941253,0.004516580942612666,0.04978706836786394,0.0714632094892377,0.00351551607326329,0.04919336954482463,-4.965250337182629,-2.6385725143078664,-5.650568944222499,-0.011996429914633122,-0.23857251430786652,0.08363576355169569,0.006076204087210473,0.011996429914633122,0.23857251430786652,0.08363576355169569,0.006076204087210473,False,False,ictal_scale,mid,low,low,-0.24541569210592576,0.23778908884884625,0.05356479599928131,0.049624049658091564,0.09071795328941253,1200,500,10,63.08415126800537
-2.4,-3.0,0.21,0.0009,83,690951997,True,,60,-0.16,-0.1709543253776674,0.12427610077794317,-2.9381978259197776,-2.3322049976252357,0.003184649719186966,-0.1933642656055677,0.3232633220610061,-3.4115153368816804,0.005317603132983243,-11.391027470899054,-9.799120426627272,-2.3103321306876055,-3.2208626043661432,1.5919070442717818,-0.9105304736785378,True,False,0.09071795328941253,0.004516580942612666,0.04978706836786394,0.05296108788549713,0.005141539022847791,0.09708144655117158,-5.749412974283312,-2.9381978259197776,-5.270402823545013,0.6677950023747643,-0.5381978259197777,-0.08572389922205682,0.0022846497191869658,0.6677950023747643,0.5381978259197777,0.08572389922205682,0.0022846497191869658,False,False,ictal_scale,mid,low,low,-0.17783593284511945,0.20254825364250062,0.059212503068418826,0.06106088892701571,0.09071795328941253,1200,500,10,66.7734727859497
-2.4,-3.0,0.21,0.0009,84,1292556977,True,,60,-0.16,-0.19613482487540346,0.05172620302598634,-2.342414713864212,-4.996941684298387,0.0032132262850212085,-0.21604357503512567,0.14493991281891072,-5.5614298085787315,0.048285367246937515,-7.943497453047994,-3.4630276335521417,4.584727905014516,9.451322981784118,4.480469819495852,4.8665950767696025,True,True,0.09071795328941253,0.004516580942612666,0.04978706836786394,0.09609531515671128,0.0006494683855067625,0.006758585311340266,-5.7404797733727895,-2.342414713864212,-7.339356398162599,-1.9969416842983874,0.05758528613578795,-0.15827379697401364,0.0023132262850212087,1.9969416842983874,0.05758528613578795,0.15827379697401364,0.0023132262850212087,False,False,ictal_scale,mid,low,low,-0.21201298263354823,0.22382602326492407,0.05531593316324588,0.05556326516644981,0.09071795328941253,1200,500,10,58.16526222229004
-2.4,-3.0,0.21,0.0009,85,1465903692,True,,60,-0.16,-0.1617906638491434,0.1501393564655407,-2.295403292429673,-4.886774375169499,0.005135731133824229,-0.19327474284329965,0.245466207448791,-3.176009699539279,0.022063311489365158,-3.3909161362041162,1.887701004183123,13.68989053870227,20.152780257254648,5.278617140387239,6.462889718552377,True,True,0.09071795328941253,0.004516580942612666,0.04978706836786394,0.10072076515425141,0.0007600109874638146,0.007545722933100005,-5.2715330632980395,-2.295403292429673,-7.182177667599172,-1.886774375169499,0.10459670757032713,-0.0598606435344593,0.004235731133824229,1.886774375169499,0.10459670757032713,0.0598606435344593,0.004235731133824229,False,False,ictal_scale,mid,low,low,-0.18569880461598084,0.25139996837318596,0.055221883392879485,0.05904803469815863,0.09071795328941253,1200,500,10,59.232643842697144
-2.4,-3.0,0.21,0.0009,86,1183846049,True,,60,-0.16,-0.17805610747815465,0.22875349455905014,-2.123667849994556,-4.729677902639278,0.006711123481049316,-0.14711076490810562,0.31625592921182555,-3.8280435460199325,0.04553224241693444,1.240299544563781,4.557311450920908,22.952321900238065,25.492001150730218,3.317011906357127,2.539679250492153,True,True,0.09071795328941253,0.004516580942612666,0.04978706836786394,0.11959217691740416,0.0010559169394306017,0.008829314480660941,-5.003988908176573,-2.123667849994556,-6.8533457526338335,-1.7296779026392777,0.2763321500054441,0.01875349455905015,0.005811123481049316,1.7296779026392777,0.2763321500054441,0.01875349455905015,0.005811123481049316,False,False,ictal_scale,mid,low,low,-0.14102037318134328,0.2641804161982859,0.054595267712644655,0.054075708909341734,0.09071795328941253,1200,500,10,75.25947713851929
-2.4,-3.0,0.21,0.0009,87,461371508,True,,60,-0.16,-0.14061307669342146,0.0117655880667762,-3.0040653226352028,-3.484791148114176,0.003922078239866768,-0.1464825051494692,0.03337185584834864,-3.8738894007496096,0.01770950495547873,-14.227464498848997,-12.492438294966146,-7.983206186587491,-8.60749834104389,1.7350262038828514,-0.6242921544563984,True,False,0.09071795328941253,0.004516580942612666,0.04978706836786394,0.04958507872660562,0.0015202865065279286,0.030660161193052555,-5.5411336024353215,-3.0040653226352028,-6.488856470749379,-0.484791148114176,-0.6040653226352029,-0.1982344119332238,0.003022078239866768,0.484791148114176,0.6040653226352029,0.1982344119332238,0.003022078239866768,False,False,ictal_scale,mid,low,low,-0.1461543336733967,0.18716715129804962,0.06235581749455485,0.06432643862351461,0.09071795328941253,1200,500,10,72.30068731307983
-2.4,-3.0,0.21,0.0009,88,1174474007,True,,60,-0.16,-0.17108631513817357,0.11450617646028535,-2.693703955717604,-4.366517436227561,0.004727195496510661,-0.17195436463482985,0.2639262319276007,-4.682708844759287,0.037030229569315315,-9.83336008680013,-6.890999049842885,0.8050026375102419,2.595380149202631,2.9423610369572453,1.7903775116923892,True,True,0.09071795328941253,0.004516580942612666,0.04978706836786394,0.06762997644296591,0.0008585879884663377,0.012695376127927635,-5.354423170609126,-2.693703955717604,-7.060221391945165,-1.3665174362275607,-0.293703955717604,-0.09549382353971464,0.003827195496510661,1.3665174362275607,0.293703955717604,0.09549382353971464,0.003827195496510661,False,False,ictal_scale,mid,low,low,-0.16973430585636665,0.21656246696104917,0.05750237927722549,0.05809509496272251,0.09071795328941253,1200,500,10,73.24335956573486
-2.4,-3.0,0.21,0.0009,89,1676740101,True,,60,-0.16,-0.16923699897791133,0.07318532971113213,-2.5147692040980716,-2.956122723801081,0.0039119145508533315,-0.16004764640911592,0.22235521139863912,-5.021456586825298,0.04636699484044075,-3.6580582560804435,-3.08452206041511,13.155606298949616,10.208334128058182,0.5735361956653335,-2.9472721708914342,True,False,0.09071795328941253,0.004516580942612666,0.04978706836786394,0.08088157718927687,0.004207477717139678,0.052020223434731686,-5.543728369877027,-2.5147692040980716,-5.470891927899153,0.04387727619891901,-0.11476920409807168,-0.13681467028886785,0.0030119145508533318,0.04387727619891901,0.11476920409807168,0.13681467028886785,0.0030119145508533318,False,False,ictal_scale,mid,low,low,-0.16522340055256243,0.229651125713201,0.055733045566435116,0.0525090555082074,0.09071795328941253,1200,500,10,54.9179265499115
-2.4,-3.0,0.21,0.0009,90,1065763079,True,,60,-0.16,-0.17478560244381672,0.21949448172698247,-2.4187031456207335,-4.276829118721318,0.005815627598093633,-0.159499060887669,0.39116831359862275,-3.6033262633325753,0.028608405345858366,-3.3269453199073107,-1.0134996035424837,13.817832171295882,14.350379041803434,2.3134457163648268,0.5325468705075522,True,True,0.09071795328941253,0.004516580942612666,0.04978706836786394,0.08903701065631374,0.001236423594896706,0.013886625188589822,-5.147206571390092,-2.4187031456207335,-6.695532264342052,-1.2768291187213183,-0.018703145620733608,0.009494481726982473,0.004915627598093633,1.2768291187213183,0.018703145620733608,0.009494481726982473,0.004915627598093633,False,False,ictal_scale,mid,low,low,-0.15036433544291977,0.2370555036165547,0.05506277059004384,0.05481674668385098,0.09071795328941253,1200,500,10,68.92903137207031
-2.4,-3.0,0.21,0.0009,91,579454478,True,,60,-0.16,-0.15082361972852512,0.19533266383223738,-2.319630962614869,-4.086010122592812,0.004905055975182136,-0.10757791887099756,0.3929649443226566,-3.601589435467865,0.026452726180414863,-3.0647355484254306,0.034921122679495334,14.342251714259643,16.447220494247393,3.099656671104926,2.1049687799877503,True,True,0.09071795328941253,0.004516580942612666,0.04978706836786394,0.0983098589241143,0.0016522106742843737,0.016806154462694532,-5.317488774168124,-2.319630962614869,-6.405641085207681,-1.0860101225928123,0.08036903738513113,-0.014667336167762612,0.004005055975182136,1.0860101225928123,0.08036903738513113,0.014667336167762612,0.004005055975182136,False,False,ictal_scale,mid,low,low,-0.1385403932892447,0.24548704970221152,0.05623629078409842,0.058638491018253996,0.09071795328941253,1200,500,10,66.32344222068787
-2.4,-3.0,0.21,0.0009,92,1056391037,True,,60,-0.16,-0.19206874481784264,0.1928659201484458,-2.2580538457568213,-4.9933860711085,0.004510988113997142,-0.11320524291825919,0.365653123307564,-3.7372599323568316,0.031044427551034898,-5.590754214710392,-2.5219438496194635,9.290214381689719,11.333490549649476,3.0688103650909286,2.043276167959757,True,True,0.09071795328941253,0.004516580942612666,0.04978706836786394,0.10455376463628976,0.0007091525326332869,0.006782658999417279,-5.401239055452468,-2.2580538457568213,-7.251439916865321,-1.9933860711084996,0.14194615424317858,-0.017134079851554185,0.0036109881139971423,1.9933860711084996,0.14194615424317858,0.017134079851554185,0.0036109881139971423,False,False,ictal_scale,mid,low,low,-0.11329450275165773,0.23261232756083758,0.05649086508592512,0.05349979967151209,0.09071795328941253,1200,500,10,71.64677619934082
-2.4,-3.0,0.21,0.0009,93,1558657131,True,,60,-0.16,-0.14532566624473522,0.193296560761055,-2.321070129108481,-3.0251567176934175,0.0075434578334364275,-0.18850800290171965,0.3302275088240397,-3.1928554093404875,0.03234742948890007,5.48397950778615,7.760909060098834,31.4396818266828,31.89919636908607,2.2769295523126845,0.4595145424032694,True,True,0.09071795328941253,0.004516580942612666,0.04978706836786394,0.09816847643003572,0.00476610034205485,0.048550211996532616,-4.887074603487475,-2.321070129108481,-5.3462268468018985,-0.02515671769341754,0.07892987089151893,-0.01670343923894499,0.006643457833436428,0.02515671769341754,0.07892987089151893,0.01670343923894499,0.006643457833436428,False,False,ictal_scale,mid,low,low,-0.17009286153684675,0.2686649596302299,0.05254965203637521,0.04964043408178268,0.09071795328941253,1200,500,10,65.11452293395996
-2.4,-3.0,0.21,0.0009,94,86560426,True,,60,-0.16,-0.15656132010565693,0.006340928420250681,-2.900108947463209,-1.0063088597108236,0.004428268208227382,-0.15569092851565955,0.2730681844545939,-4.567214238328752,0.04001234156044954,-4.1812016776768095,-4.278688179532333,12.109319455756884,7.820001889823736,-0.09748650185552332,-4.289317565933148,False,False,0.09071795328941253,0.004516580942612666,0.04978706836786394,0.05501722574270305,0.020112418735398808,0.3655658471304567,-5.419746695006366,-2.900108947463209,-3.9064178071740328,1.9936911402891764,-0.5001089474632092,-0.2036590715797493,0.0035282682082273826,1.9936911402891764,0.5001089474632092,0.2036590715797493,0.0035282682082273826,False,False,ictal_scale,mid,low,low,-0.15518238408758606,0.2245116563437214,0.05562880674034209,0.054195676497406156,0.09071795328941253,1200,500,10,68.12756156921387
-2.4,-3.0,0.21,0.0009,95,1449946203,True,,60,-0.16,-0.10342296076679541,0.1502264587439178,-2.5733668845818687,-4.607447019558004,0.0046094424524912225,-0.08544204363341715,0.07723388196985696,-3.230288553663562,0.0054598014422560836,-9.830181014689714,-7.696262590674534,0.8113607817310751,0.9848530675393334,2.13391842401518,0.17349228580825837,True,True,0.09071795328941253,0.004516580942612666,0.04978706836786394,0.0762782923897125,0.0007610481697520857,0.009977257564495861,-5.379648372348254,-2.5733668845818687,-7.180813904139873,-1.6074470195580037,-0.17336688458186877,-0.0597735412560822,0.0037094424524912227,1.6074470195580037,0.17336688458186877,0.0597735412560822,0.0037094424524912227,False,False,ictal_scale,mid,low,low,-0.08511274955618822,0.2145872515112369,0.0540966316811162,0.05455750753099314,0.09071795328941253,1200,500,10,66.4247784614563
-2.4,-3.0,0.21,0.0009,96,95932468,True,,60,-0.16,-0.1752806721675016,0.24100103477872192,-2.6862031418446053,-4.981479807184767,0.003933111054341053,-0.20866036451614114,0.3975817215305158,-3.6046750541935104,0.010332468056217039,-12.988792789020021,-10.496905694836128,-5.505862766929539,-4.616433140783855,2.491887094183893,0.8894296261456844,True,True,0.09071795328941253,0.004516580942612666,0.04978706836786394,0.06813916358014059,0.00046770025452384095,0.00686389779313572,-5.538324549383676,-2.6862031418446053,-7.6676829490293725,-1.9814798071847672,-0.2862031418446054,0.03100103477872193,0.003033111054341053,1.9814798071847672,0.2862031418446054,0.03100103477872193,0.003033111054341053,False,False,ictal_scale,mid,low,low,-0.201218920317751,0.2147901186989246,0.057356190464035346,0.053968038731586385,0.09071795328941253,1200,500,10,56.5050048828125
-2.4,-3.0,0.21,0.0009,97,1440574161,True,,60,-0.16,-0.1892897155286112,0.3211210834435765,-2.2261582626779512,-4.9999999279321194,0.004814268898848014,-0.1923364272832503,0.4389351085822715,-2.8553188874742172,0.004660373971540647,-3.6107299134239894,3.815276952218349,13.250262984262523,24.0079321533251,7.426006865642338,10.757669169062577,True,True,0.09071795328941253,0.004516580942612666,0.04978706836786394,0.10794232063927735,0.000727309687841406,0.006737947484675044,-5.336171083506121,-2.2261582626779512,-7.226158190610071,-1.9999999279321194,0.17384173732204866,0.11112108344357649,0.0039142688988480145,1.9999999279321194,0.17384173732204866,0.11112108344357649,0.0039142688988480145,False,False,ictal_scale,mid,low,low,-0.19642213725815605,0.2650831161971622,0.05497542199047509,0.059074954201438754,0.09071795328941253,1200,500,10,56.54248404502869
-2.4,-3.0,0.21,0.0009,98,204643396,True,,60,-0.16,-0.1362581632817665,0.2671373241943435,-2.629654192458443,-2.9760621410051114,0.005050878851388459,-0.11690313656636325,0.44455806416195376,-3.01344019547585,0.006107709187193761,-3.646110445565982,-2.6372139854255243,13.179501919978538,11.102950278037353,1.0088964601404578,-2.076551641941185,True,False,0.09071795328941253,0.004516580942612666,0.04978706836786394,0.0721033918247631,0.003676785795983849,0.050993243215516806,-5.288193020858416,-2.629654192458443,-5.605716333463555,0.02393785899488865,-0.22965419245844299,0.0571373241943435,0.004150878851388459,0.02393785899488865,0.22965419245844299,0.0571373241943435,0.004150878851388459,False,False,ictal_scale,mid,low,low,-0.1313267482948337,0.2392132768050639,0.055342246218363915,0.05495681826513851,0.09071795328941253,1200,500,10,51.82410955429077
-2.4,-3.0,0.21,0.0009,99,1849860949,True,,60,-0.16,-0.19582842504559156,0.3671275632314873,-1.9959209821463288,-4.654674241559627,0.0067636606544418,-0.19373281642055273,0.4401390349695442,-2.7843988422053023,0.00698093050110315,0.9361010693415899,5.73273803735535,22.34392494979368,27.842854323599102,4.79663696801376,5.498929373805421,True,True,0.09071795328941253,0.004516580942612666,0.04978706836786394,0.13588844568594252,0.0012932521020175309,0.009517012984359387,-4.996191018565386,-1.9959209821463288,-6.650595223705956,-1.6546742415596274,0.40407901785367106,0.15712756323148733,0.0058636606544418,1.6546742415596274,0.40407901785367106,0.15712756323148733,0.0058636606544418,False,False,ictal_scale,mid,low,low,-0.21072608771787413,0.2857911115511684,0.0499318425211005,0.045796690558497485,0.09071795328941253,1200,500,10,46.05569887161255
-2.4,-0.3,0.21,0.0009,0,685367850,True,,60,-0.16,-0.19372307523472196,0.21298261733443744,-2.9020903744816207,1.697091792611428,0.010112206773311684,-0.16766171335808136,0.30836544598703114,-2.274046003561709,0.007263446716875315,16.201005138426915,16.505402028261138,52.87373308796433,49.38818230541068,0.30439688983422286,-3.485550782553652,True,False,0.09071795328941253,0.06720551273974978,0.7408182206817179,0.054908321054115077,0.2996924245157052,5.458051143475,-4.594011993476604,-2.9020903744816207,-1.2049985818701927,1.997091792611428,-0.5020903744816207,0.002982617334437443,0.009212206773311684,1.997091792611428,0.5020903744816207,0.002982617334437443,0.009212206773311684,False,False,ictal_scale,mid,low,low,-0.1860290194128496,0.31861688651794856,0.0844600002629487,0.08564014447519477,0.09071795328941253,1200,500,10,63.63564586639404
-2.4,-0.3,0.21,0.0009,1,1964381891,True,,60,-0.16,-0.165279147329181,-0.3082593996976106,-2.1667101926643375,-1.6278300847192295,0.009055125191762818,-0.15329631509173866,-0.06383988808192397,-2.557712346769371,0.00048663413313038834,12.966248574616632,16.360292919277974,46.40421996034377,49.09796408744435,3.394044344661342,2.6937441271005866,True,True,0.09071795328941253,0.06720551273974978,0.7408182206817179,0.11455385781322593,0.022493244093210286,0.19635518630794913,-4.704424362036888,-2.1667101926643375,-3.7945402773835673,-1.3278300847192295,0.2332898073356624,-0.5182593996976106,0.008155125191762818,1.3278300847192295,0.2332898073356624,0.5182593996976106,0.008155125191762818,False,False,ictal_scale,mid,low,low,-0.16058459681015144,0.31025821374829,0.08435980787153179,0.08544738865406856,0.09071795328941253,1200,500,10,60.29370307922363
-2.4,-0.3,0.21,0.0009,2,1353404869,True,,60,-0.16,-0.07198148234803928,0.34448251633179516,-2.2996677509439305,-1.833763300272802,0.007495418129548298,-0.09134746080003708,0.4504004942062867,-2.7340212892651383,0.0151767111007294,8.780905858250357,9.389790638461946,38.033534527611216,35.1569595258123,0.6088847802115893,-2.876575001798919,True,False,0.09071795328941253,0.06720551273974978,0.7408182206817179,0.10029216016336473,0.016027792198190952,0.15981101785108087,-4.893463361185352,-2.2996677509439305,-4.133431051216732,-1.533763300272802,0.10033224905606941,0.13448251633179517,0.006595418129548298,1.533763300272802,0.10033224905606941,0.13448251633179517,0.006595418129548298,False,False,ictal_scale,mid,low,low,-0.10650966822148943,0.29314168324205186,0.08477116801044667,0.0847452247883282,0.09071795328941253,1200,500,10,53.372992753982544
-2.4,-0.3,0.21,0.0009,3,1955009849,True,,60,-0.16,-0.12687158664355233,0.05248029247583668,-1.9433686643550203,-1.5929794890454363,0.008429176447912223,-0.10801691613285203,0.05593039442593515,-2.378664065890712,0.0030946301685520544,17.12548141679294,18.629031096189692,54.722685644696384,53.63544044126779,1.5035496793967518,-1.0872452034285942,True,False,0.09071795328941253,0.06720551273974978,0.7408182206817179,0.14322067385860607,0.02911947299838183,0.20331892186968684,-4.776056204752244,-1.9433686643550203,-3.5363481534004566,-1.2929794890454362,0.4566313356449796,-0.1575197075241633,0.007529176447912223,1.2929794890454362,0.4566313356449796,0.1575197075241633,0.007529176447912223,False,False,ictal_scale,mid,low,low,-0.12108382996064426,0.32524018100076,0.0842136812465149,0.08514182737208736,0.09071795328941253,1200,500,10,56.499329805374146
-2.4,-0.3,0.21,0.0009,4,803450820,True,,60,-0.16,-0.18192903617812192,0.5340745599607475,-2.3870913005534344,-1.7848131529710878,0.011000509510321697,-0.21279556341110778,0.45615749260710065,-2.8141834413822355,0.0093919028573853,6.6461668989457205,7.039079949806002,33.76405660900194,30.455538148500406,0.3929130508602814,-3.308518460501535,True,False,0.09071795328941253,0.06720551273974978,0.7408182206817179,0.09189659508234102,0.01542286001710925,0.16782841631172615,-4.509813688136309,-2.3870913005534344,-4.171904453524522,-1.4848131529710877,0.012908699446565475,0.3240745599607475,0.010100509510321697,1.4848131529710877,0.012908699446565475,0.3240745599607475,0.010100509510321697,False,False,ictal_scale,mid,low,low,-0.24053949519263182,0.3053044412710619,0.08410178108712121,0.08423913823351123,0.09071795328941253,1200,500,10,62.10496282577515
-2.4,-0.3,0.21,0.0009,5,1846298921,True,,60,-0.16,-0.16976914332330903,0.22498241263597135,-2.195000407075592,-2.153260803061871,0.009076579865631266,-0.13018021217868336,0.4396251830218388,-3.0383488319623564,0.03372104029767976,8.406257353060958,8.496851772523641,37.28423751723242,33.37108179393569,0.09059441946268265,-3.9131557232967324,True,False,0.09071795328941253,0.06720551273974978,0.7408182206817179,0.11135851617356946,0.01292927433783123,0.11610494448111146,-4.702057824106383,-2.195000407075592,-4.348261210137464,-1.8532608030618711,0.20499959292440773,0.01498241263597136,0.008176579865631266,1.8532608030618711,0.20499959292440773,0.01498241263597136,0.008176579865631266,False,False,ictal_scale,mid,low,low,-0.1405696763538448,0.2872162788318954,0.08437882833498518,0.08489743645627551,0.09071795328941253,1200,500,10,58.12693548202515
-2.4,-0.3,0.21,0.0009,6,1946402283,True,,60,-0.16,-0.08133531460346498,0.08458327306032015,-2.0761511697976833,-4.9997894542550085,0.009567409080625816,-0.1164122792236094,0.36132779080466715,-3.6652115451704055,0.043671903087117644,3.160516395546602,4.956224115564941,26.792755602203705,26.289826480018284,1.7957077200183393,-0.5029291221854209,True,False,0.09071795328941253,0.06720551273974978,0.7408182206817179,0.1254119738872286,0.0008451971670377622,0.006739365794511531,-4.649392843649124,-2.0761511697976833,-7.075940624052691,-4.699789454255009,0.3238488302023166,-0.12541672693967984,0.008667409080625816,4.699789454255009,0.3238488302023166,0.12541672693967984,0.008667409080625816,False,False,ictal_scale,mid,low,low,-0.11648223217899419,0.2671494732474594,0.08539290058243157,0.08608850407017271,0.09071795328941253,1200,500,10,63.5718674659729
-2.4,-0.3,0.21,0.0009,7,1836926879,True,,60,-0.16,-0.11148302203535757,-0.07147636643558916,-2.7636075346452085,0.3216076821333002,0.007625470444527757,-0.12666466881489397,-0.08178756506965507,-3.8055680682340203,0.05554229355166263,8.763147475188333,8.272735642584832,37.99801776148717,32.92284953405807,-0.49041183260350074,-5.075168227429103,False,False,0.09071795328941253,0.06720551273974978,0.7408182206817179,0.0630638524669469,0.08698671679410779,1.3793435286830815,-4.876261260748898,-2.7636075346452085,-2.441999852511908,0.6216076821333002,-0.36360753464520856,-0.28147636643558915,0.006725470444527757,0.6216076821333002,0.36360753464520856,0.28147636643558915,0.006725470444527757,False,False,ictal_scale,mid,low,low,-0.12824132000980287,0.2751696841060179,0.08473511815252036,0.08521905280405605,0.09071795328941253,1200,500,10,54.65768909454346
-2.4,-0.3,0.21,0.0009,8,191709326,True,,60,-0.16,-0.2526728865948994,-0.14436199884874243,-2.44702952140782,-1.7592667870603993,0.007779037539272086,-0.25234472649372924,-0.530239837424437,-9.583270466319842,0.0732713751725784,5.637194885611814,6.81684614423592,31.74611258233413,30.01107053736024,1.179651258624106,-1.7350420449738913,True,False,0.09071795328941253,0.06720551273974978,0.7408182206817179,0.08655030084417699,0.014901456658879856,0.17217105560046606,-4.856322658049631,-2.44702952140782,-4.20629630846822,-1.4592667870603993,-0.04702952140782024,-0.3543619988487424,0.006879037539272086,1.4592667870603993,0.04702952140782024,0.3543619988487424,0.006879037539272086,False,False,ictal_scale,mid,low,low,-0.24856998570559297,0.27174793954228604,0.08502324100795447,0.08621665661331715,0.09071795328941253,1200,500,10,52.59237360954285
-2.4,-0.3,0.21,0.0009,9,1728215951,True,,60,-0.16,-0.11444524434381204,0.2522557756642241,-2.5243465814588513,-0.5944207423214501,0.006641049120377972,-0.09556602813459528,0.4161719428395362,-2.566268627981227,0.007145974215164954,9.751920718298424,10.935063552938056,39.975564247707354,38.24750535476451,1.1831428346396322,-1.7280588929428404,True,False,0.09071795328941253,0.06720551273974978,0.7408182206817179,0.08011064146707161,0.04421163347312455,0.5518821552726815,-5.014485327917566,-2.5243465814588513,-3.1187673237803013,-0.29442074232145016,-0.12434658145885136,0.04225577566422409,0.005741049120377972,0.29442074232145016,0.12434658145885136,0.04225577566422409,0.005741049120377972,False,False,ictal_scale,mid,low,low,-0.12086284607846827,0.2827966281883445,0.08506668603565876,0.08609190239750417,0.09071795328941253,1200,500,10,42.980122089385986
-2.4,-0.3,0.21,0.0009,10,2064485253,True,,60,-0.16,-0.11776636199833435,0.035514551287172645,-2.892201658167263,0.2031157678599991,0.009610973072340358,-0.13347286187175567,0.05911398009122914,-3.4131876682570175,0.042430134083936095,7.805861623623204,7.422907851636158,36.08344605835691,31.22319395216072,-0.3829537719870455,-4.860252106196192,False,False,0.09071795328941253,0.06720551273974978,0.7408182206817179,0.05545398738753458,0.06794301836557542,1.2252143004751403,-4.644849804899117,-2.892201658167263,-2.689085890307264,0.5031157678599991,-0.492201658167263,-0.17448544871282734,0.008710973072340358,0.5031157678599991,0.492201658167263,0.17448544871282734,0.008710973072340358,False,False,ictal_scale,mid,low,low,-0.13593375061077348,0.2724582095134969,0.08529257272423564,0.08668108975151581,0.09071795328941253,1200,500,10,61.70118832588196
-2.4,-0.3,0.21,0.0009,11,1462880273,True,,60,-0.16,-0.1160779310798565,0.20682166067005767,-2.6330632325233934,-0.12093927354847483,0.011012604268138272,-0.09280977325599396,0.3826661508433388,-2.9655395474703408,0.0327081924533198,11.9691790283274,11.760550755537157,44.4100808677653,39.89847975996271,-0.20862827279024287,-4.511601107802591,False,False,0.09071795328941253,0.06720551273974978,0.7408182206817179,0.07185800697425307,0.06367250093549125,0.8860877669249201,-4.508714819602276,-2.6330632325233934,-2.7540025060718683,0.17906072645152515,-0.23306323252339345,-0.0031783393299423257,0.010112604268138273,0.17906072645152515,0.23306323252339345,0.0031783393299423257,0.010112604268138273,False,False,ictal_scale,mid,low,low,-0.1021899851745692,0.29650320860124946,0.08464405565810441,0.08492658624873106,0.09071795328941253,1200,500,10,55.84486365318298
-2.4,-0.3,0.21,0.0009,12,73626356,True,,60,-0.16,-0.23713984311254657,0.3852995163544687,-2.290044069589994,-1.2268613987179728,0.012453263602997412,-0.212105851654024,0.402425676057304,-2.8554675680507104,0.02950033506786255,13.313672172712591,13.675416752835536,47.09906715653568,43.728211754559474,0.3617445801229451,-3.3708554019762076,True,False,0.09071795328941253,0.06720551273974978,0.7408182206817179,0.10126199918076415,0.02969117342835442,0.29321140870774537,-4.385772553636324,-2.290044069589994,-3.516905468307967,-0.9268613987179728,0.10995593041000573,0.1752995163544687,0.011553263602997412,0.9268613987179728,0.10995593041000573,0.1752995163544687,0.011553263602997412,False,False,ictal_scale,mid,low,low,-0.22485186383093675,0.31813804734150747,0.08392744624324826,0.08471026396234872,0.09071795328941253,1200,500,10,52.724796295166016
-2.4,-0.3,0.21,0.0009,13,1571591201,True,,60,-0.16,-0.12334542332196895,0.30350437018613907,-2.389336817484534,-1.1420556589147193,0.01202822855697476,-0.08935478682201572,0.44862256334536843,-2.7705120796059557,0.018418510340669957,11.799832679221467,12.112886390534177,44.07138816955344,40.603151029956756,0.3130537113127101,-3.468237139596681,True,False,0.09071795328941253,0.06720551273974978,0.7408182206817179,0.09169047123607887,0.029264137861108246,0.3191622582652104,-4.420499011960007,-2.389336817484534,-3.5313924763992532,-0.8420556589147192,0.010663182515465941,0.09350437018613908,0.01112822855697476,0.8420556589147192,0.010663182515465941,0.09350437018613908,0.01112822855697476,False,False,ictal_scale,mid,low,low,-0.09608795891275142,0.3089466818842622,0.0843194296727744,0.08452544965717634,0.09071795328941253,1200,500,10,52.952263593673706
-2.4,-0.3,0.21,0.0009,14,35084576,True,,60,-0.16,-0.1286996324259701,0.10177930333414449,-2.162377373618742,-1.3252590994505797,0.010262079327741884,-0.13830591861393382,0.053296746495409275,-2.3415667995008285,0.00403883909733426,15.4763120519906,16.91164503768594,51.424346915091704,50.20066832426028,1.4353329856953394,-1.223678590831426,True,False,0.09071795328941253,0.06720551273974978,0.7408182206817179,0.11505127578294992,0.03057304706405584,0.2657340986095056,-4.57929979625039,-2.162377373618742,-3.4876364730693217,-1.0252590994505797,0.23762262638125797,-0.1082206966658555,0.009362079327741885,1.0252590994505797,0.23762262638125797,0.1082206966658555,0.009362079327741885,False,False,ictal_scale,mid,low,low,-0.1321864230104449,0.31746333647723923,0.08420098587302219,0.0845875712235496,0.09071795328941253,1200,500,10,48.56378674507141
-2.4,-0.3,0.21,0.0009,15,1580963243,True,,60,-0.16,-0.14491888878705678,0.2646250190447448,-2.609240081712231,-0.9906345987161215,0.008342177591500279,-0.13020286168967582,0.42512936124429107,-2.9200713962940275,0.010352626158483301,4.242245165642442,4.238016819166372,28.956213142395384,24.853411887221146,-0.004228346476069511,-4.1028012551742385,False,False,0.09071795328941253,0.06720551273974978,0.7408182206817179,0.07359044524523455,0.027327146859053894,0.37134096373501024,-4.7864309945943475,-2.609240081712231,-3.5998746804283526,-0.6906345987161215,-0.20924008171223107,0.05462501904474479,0.007442177591500279,0.6906345987161215,0.20924008171223107,0.05462501904474479,0.007442177591500279,False,False,ictal_scale,mid,low,low,-0.13035039192499945,0.2606483127012392,0.08535661034437021,0.08646502774967216,0.09071795328941253,1200,500,10,63.50948166847229
-2.4,-0.3,0.21,0.0009,16,2103027033,True,,60,-0.16,-0.1946792449616744,0.17334247488555482,-1.8719633513316432,-1.65811459412035,0.013342190119921986,-0.1622510355148707,0.27956655190582325,-2.7891211311931356,0.0563658178476402,20.770160606731274,21.338653945563465,62.01204402457305,59.054686140015335,0.5684933388321909,-2.957357884557716,True,False,0.09071795328941253,0.06720551273974978,0.7408182206817179,0.1538213597781306,0.02930263177114648,0.19049780741382155,-4.316824075064517,-1.8719633513316432,-3.530077945451993,-1.3581145941203498,0.5280366486683568,-0.03665752511444517,0.012442190119921986,1.3581145941203498,0.5280366486683568,0.03665752511444517,0.012442190119921986,False,False,ictal_scale,mid,low,low,-0.18970417144619656,0.3418952461745095,0.08369776886012037,0.08470474726685848,0.09071795328941253,1200,500,10,48.54063010215759
-2.4,-0.3,0.21,0.0009,17,1689674171,True,,60,-0.16,-0.18229609661746077,0.17059192818793045,-2.62860827532713,-1.3541065156107877,0.004913240609167551,-0.2111595271080559,0.3715431353310448,-2.762589434593907,0.0037821838088733326,2.3084765487194625,4.387048736109454,25.088675908549426,25.15147572110731,2.078572187389992,0.06279981255788414,True,True,0.09071795328941253,0.06720551273974978,0.7408182206817179,0.07217884544973939,0.018634980528540887,0.25817786932484343,-5.315821553014036,-2.62860827532713,-3.9827147909379175,-1.0541065156107876,-0.2286082753271299,-0.03940807181206954,0.004013240609167551,1.0541065156107876,0.2286082753271299,0.03940807181206954,0.004013240609167551,False,False,ictal_scale,mid,low,low,-0.19901792991785874,0.243819035440023,0.08568074721899034,0.08602612072830335,0.09071795328941253,1200,500,10,57.96626949310303
-2.4,-0.3,0.21,0.0009,18,960075570,True,,60,-0.16,-0.11777345796669894,0.16200364326041886,-2.581129479532434,-0.6573318131989682,0.00606865052507838,-0.1300303203386891,0.19724457620387467,-2.837079741312988,0.013047820675365984,6.269037741652094,6.213246198712613,33.00979829441469,28.803870646313626,-0.055791542939481076,-4.205927648101067,False,False,0.09071795328941253,0.06720551273974978,0.7408182206817179,0.07568846715137735,0.03922420325544293,0.5182322318272652,-5.104619017395188,-2.581129479532434,-3.2384612927314023,-0.3573318131989682,-0.18112947953243408,-0.047996356739581136,0.00516865052507838,0.3573318131989682,0.18112947953243408,0.047996356739581136,0.00516865052507838,False,False,ictal_scale,mid,low,low,-0.12593290256933962,0.2601474891431481,0.08529220513846178,0.08572666468689522,0.09071795328941253,1200,500,10,49.25701093673706
-2.4,-0.3,0.21,0.0009,19,1699046213,True,,60,-0.16,-0.1880438234405461,0.3435174427597863,-2.4687557313675668,-0.43151633614012885,0.011931964652718946,-0.17502943260163945,0.4552461715271732,-2.629310471403183,0.013003208568948765,12.528689690869502,12.909226169104986,45.52910219284951,42.19583058709837,0.3805364782354843,-3.3332716057511362,True,False,0.09071795328941253,0.06720551273974978,0.7408182206817179,0.08469017079289141,0.05500825206230585,0.6495234517453948,-4.428534374727675,-2.4687557313675668,-2.9002720675076956,-0.13151633614012886,-0.06875573136756685,0.1335174427597863,0.011031964652718947,0.13151633614012886,0.06875573136756685,0.1335174427597863,0.011031964652718947,False,False,ictal_scale,mid,low,low,-0.2010933114701897,0.3025905455479601,0.08448085127247298,0.08546688125029296,0.09071795328941253,1200,500,10,45.085413455963135
-2.4,-0.3,0.21,0.0009,20,1196780119,True,,60,-0.16,-0.20415121596275762,0.23281376039649626,-2.5052508873656647,-0.6749975854825334,0.006972135638910828,-0.22052891083396212,0.29544214470097335,-2.6448476581488922,0.007885322283348355,9.311436108780509,9.25002594460019,39.09459502867152,34.87743013808878,-0.061410164180319526,-4.217164890582737,False,False,0.09071795328941253,0.06720551273974978,0.7408182206817179,0.0816551091799745,0.041575323498618026,0.5091576499761041,-4.965833696707118,-2.5052508873656647,-3.180248472848198,-0.3749975854825334,-0.10525088736566479,0.02281376039649627,0.006072135638910828,0.3749975854825334,0.10525088736566479,0.02281376039649627,0.006072135638910828,False,False,ictal_scale,mid,low,low,-0.20155473022234022,0.28852761525537146,0.08501395664996544,0.08642502653994524,0.09071795328941253,1200,500,10,55.188069581985474
-2.4,-0.3,0.21,0.0009,21,1807757141,True,,60,-0.16,-0.12189848995340413,0.11690114850924746,-2.3835450217162064,-0.5462880065278656,0.009219308787286423,-0.11756781517651793,0.40366428370118695,-2.478684062944349,0.007629015341126627,12.890224856654495,15.184831547606763,46.25217252441949,46.74704134410193,2.2946066909522678,0.4948688196824378,True,True,0.09071795328941253,0.06720551273974978,0.7408182206817179,0.09222306456646362,0.05340595468680214,0.5790954240987445,-4.686455213064891,-2.3835450217162064,-2.929833028244072,-0.2462880065278656,0.016454978283793498,-0.09309885149075253,0.008319308787286423,0.2462880065278656,0.016454978283793498,0.09309885149075253,0.008319308787286423,False,False,ictal_scale,mid,low,low,-0.1151410154781245,0.3001623777139545,0.08462515393410612,0.08529568884985278,0.09071795328941253,1200,500,10,56.046690464019775
-2.4,-0.3,0.21,0.0009,22,841992600,True,,60,-0.16,-0.12103522494513547,0.13312676912639962,-2.260120309775261,-0.9718234185302262,0.00999709532248343,-0.09334293530294804,0.3035181218734639,-2.5804456704696173,0.0070338478135361215,13.365917182768618,14.9249984359848,47.203557176647735,46.227375120858,1.559081253216183,-0.9761820557897352,True,False,0.09071795328941253,0.06720551273974978,0.7408182206817179,0.10433793112657301,0.03948068443560956,0.37839244088245605,-4.605460695933677,-2.260120309775261,-3.2319437283054873,-0.6718234185302263,0.13987969022473878,-0.07687323087360037,0.00909709532248343,0.6718234185302263,0.13987969022473878,0.07687323087360037,0.00909709532248343,False,False,ictal_scale,mid,low,low,-0.12830245934673973,0.30913415785338516,0.08436108774279084,0.08575320052432132,0.09071795328941253,1200,500,10,53.16479825973511
-2.4,-0.3,0.21,0.0009,23,1916468069,True,,60,-0.16,-0.17885773186590181,0.3166577587821156,-2.5328294422828925,-1.6315372467389526,0.0076149198780732195,-0.1707765196919913,0.4510368880372587,-2.8061623059377454,0.008621549235077948,4.513707438868519,5.421185430603691,29.49913768884754,27.219749110095783,0.9074779917351714,-2.2793885787517567,True,False,0.09071795328941253,0.06720551273974978,0.7408182206817179,0.07943394825001056,0.01553955315404764,0.19562861341272397,-4.87764581428285,-2.5328294422828925,-4.164366689021845,-1.3315372467389526,-0.13282944228289262,0.10665775878211561,0.00671491987807322,1.3315372467389526,0.13282944228289262,0.10665775878211561,0.00671491987807322,False,False,ictal_scale,mid,low,low,-0.17100439740869292,0.27304789410599506,0.08518720838385858,0.08640854550522338,0.09071795328941253,1200,500,10,54.67705750465393
-2.4,-0.3,0.21,0.0009,24,1314863089,True,,60,-0.16,-0.09283565451898514,-0.009408246762640182,-2.9289525339498463,-1.6068715480883788,0.0036445051697864966,-0.09310838113652277,-0.4288103691032023,-6.530514609175267,0.04399034330226595,-7.553818291809558,-7.469361000518293,5.364086227491386,1.4386562478518155,0.08445729129126534,-3.9254299796395706,True,False,0.09071795328941253,0.06720551273974978,0.7408182206817179,0.053452999033281524,0.010718071016323367,0.20051393205552331,-5.614534678625659,-2.9289525339498463,-4.535824082038225,-1.3068715480883788,-0.5289525339498464,-0.21940824676264017,0.002744505169786497,1.3068715480883788,0.5289525339498464,0.21940824676264017,0.002744505169786497,False,False,ictal_scale,mid,low,low,-0.08576345130397652,0.2201506678919381,0.08589998044550119,0.08651636984507821,0.09071795328941253,1200,500,10,69.41494464874268
-2.4,-0.3,0.21,0.0009,25,1334886652,True,,60,-0.16,-0.21138085298341036,0.39419007587829363,-2.3207480156991944,-1.2696766420853054,0.008741652298493245,-0.16575581318241533,0.41540432137830363,-2.6556659405810654,0.0116993825877419,10.176774567569765,10.66766624217063,40.825271946250034,37.71271073322966,0.49089167460086536,-3.1125612130203706,True,False,0.09071795328941253,0.06720551273974978,0.7408182206817179,0.09820010290604562,0.02758661306550553,0.28092244558948604,-4.739656057011572,-2.3207480156991944,-3.5904246577845,-0.9696766420853054,0.07925198430080549,0.18419007587829364,0.007841652298493245,0.9696766420853054,0.07925198430080549,0.18419007587829364,0.007841652298493245,False,False,ictal_scale,mid,low,low,-0.19329583131146658,0.3066124651145102,0.08421048304895605,0.08415003265828244,0.09071795328941253,1200,500,10,50.46834659576416
-2.4,-0.3,0.21,0.0009,26,1423574017,True,,60,-0.16,-0.1790860560902045,0.16785182223737696,-2.1606940237142322,-0.8365443608827747,0.00940763865141293,-0.18899275263531368,0.1552077787377012,-2.162473117735658,0.0009949527999635233,17.34851555947588,20.79885428481838,55.168753930062266,57.975086818525156,3.4503387253424975,2.80633288846289,True,True,0.09071795328941253,0.06720551273974978,0.7408182206817179,0.1152451104370542,0.049924751128651614,0.4332049397958627,-4.666233297214333,-2.1606940237142322,-2.997238384597007,-0.5365443608827747,0.23930597628576766,-0.04214817776262303,0.00850763865141293,0.5365443608827747,0.23930597628576766,0.04214817776262303,0.00850763865141293,False,False,ictal_scale,mid,low,low,-0.1736268459304221,0.32430523071823647,0.08401361776099195,0.08458073908766199,0.09071795328941253,1200,500,10,60.23628854751587
-2.4,-0.3,0.21,0.0009,27,1226175724,True,,60,-0.16,-0.11758448917763589,-0.11279404355767021,-2.341922754035707,-0.34678804705615984,0.008672883399231269,-0.08607229530613325,-0.1987960293884346,-2.217555095231961,0.00017316742919858485,15.048555673321966,19.831046649093487,50.56883415775444,56.03947154707538,4.7824909757715215,5.470637389320942,True,True,0.09071795328941253,0.06720551273974978,0.7408182206817179,0.0961426018220921,0.06796850783914034,0.7069551536051963,-4.747553971480502,-2.341922754035707,-2.688710801091867,-0.046788047056159854,0.05807724596429287,-0.3227940435576702,0.007772883399231269,0.046788047056159854,0.05807724596429287,0.3227940435576702,0.007772883399231269,False,False,ictal_scale,mid,low,low,-0.11436801262507748,0.30206917583792386,0.08478878674711436,0.08609253759494274,0.09071795328941253,1200,500,10,52.109917640686035
-2.4,-0.3,0.21,0.0009,28,1432946059,True,,60,-0.16,-0.09408655815560205,0.47992838866530235,-2.9249887202392895,1.1229557997366295,0.009674243135447552,-0.06493191097892742,0.4800405181064022,-2.601154624671935,0.013025371239945627,10.391137869524822,10.803161766895247,41.25399855016015,37.98370178267889,0.41202389737042466,-3.2702967674812555,True,False,0.09071795328941253,0.06720551273974978,0.7408182206817179,0.053665297241027476,0.16496319006210303,3.0739267001765076,-4.638288272020641,-2.9249887202392895,-1.80203292050266,1.4229557997366296,-0.5249887202392896,0.26992838866530233,0.008774243135447552,1.4229557997366296,0.5249887202392896,0.26992838866530233,0.008774243135447552,False,False,ictal_scale,mid,low,low,-0.06905456846185305,0.3157789883074764,0.08428379544819666,0.08574978798454297,0.09071795328941253,1200,500,10,42.039599895477295
-2.4,-0.3,0.21,0.0009,29,1216803682,True,,60,-0.16,-0.20003853546259873,0.11201107875457005,-2.5127850379180945,-0.15740818711475524,0.008543243522431822,-0.20098942652629853,0.17858363862430413,-2.598174035500572,0.01113568273129392,11.597929392555786,12.045732716894648,43.66758159622208,40.4688436826777,0.44780332433886194,-3.1987379135443774,True,False,0.09071795328941253,0.06720551273974978,0.7408182206817179,0.0810422189966369,0.06923884533854996,0.8543552508282531,-4.762614539725329,-2.5127850379180945,-2.6701932250328495,0.14259181288524475,-0.11278503791809458,-0.09798892124542995,0.007643243522431823,0.14259181288524475,0.11278503791809458,0.09798892124542995,0.007643243522431823,False,False,ictal_scale,mid,low,low,-0.20432306594941532,0.3011497484221674,0.08424403094008835,0.08383401640662605,0.09071795328941253,1200,500,10,47.86425805091858
-2.4,-0.3,0.21,0.0009,30,1719069776,True,,60,-0.16,-0.20167601070380362,0.01172315124123044,-2.3723949778891953,-0.19955072775224603,0.012889661801702796,-0.1837414915677743,0.17027928854732532,-2.4716827089901465,0.00132293194118952,16.647808934003343,18.386902729384012,53.76734067911719,53.15118370765643,1.7390937953806684,-0.6161569714607609,True,False,0.09071795328941253,0.06720551273974978,0.7408182206817179,0.09325710989059555,0.07638677456049789,0.8190986687246787,-4.35132969963647,-2.3723949778891953,-2.571945705641441,0.10044927224775396,0.027605022110804622,-0.19827684875876955,0.011989661801702797,0.10044927224775396,0.027605022110804622,0.19827684875876955,0.011989661801702797,False,False,ictal_scale,mid,low,low,-0.21224428559116498,0.3151635994877299,0.0842186439626313,0.08453542893014339,0.09071795328941253,1200,500,10,53.8238091468811
-2.4,-0.3,0.21,0.0009,31,1108092754,True,,60,-0.16,-0.12420263209061522,0.17989325817453838,-2.5943825940617096,-0.3368252057877014,0.006460728526343775,-0.10728788178721199,0.29522092763262453,-2.9093827369183662,0.007440330496647127,8.322433573136413,8.01281820638364,37.116589957383326,32.40301466165568,-0.309615366752773,-4.713575295727644,False,False,0.09071795328941253,0.06720551273974978,0.7408182206817179,0.07469197711165547,0.053332584142169265,0.7140336379427137,-5.04201319257043,-2.5943825940617096,-2.931207799849411,-0.03682520578770143,-0.19438259406170966,-0.030106741825461608,0.005560728526343775,0.03682520578770143,0.19438259406170966,0.030106741825461608,0.005560728526343775,False,False,ictal_scale,mid,low,low,-0.11144271135591427,0.27209477166496765,0.08523012847317572,0.08563592414238205,0.09071795328941253,1200,500,10,52.00484824180603
-2.4,-0.3,0.21,0.0009,32,1709697734,True,,60,-0.16,-0.17906804027235065,0.12188538632859944,-3.2610636667026602,1.889874007271955,0.007160068645749403,-0.16237264121988926,0.39805849751359484,-2.801800086962393,0.006387166425036407,3.856347075352324,4.766894518073461,28.184416961815153,25.911167285035326,0.9105474427211373,-2.2732496767798267,True,False,0.09071795328941253,0.06720551273974978,0.7408182206817179,0.03834758726517926,0.2538048385581382,6.618534741261295,-4.939235710660373,-3.2610636667026602,-1.3711896594307051,2.189874007271955,-0.8610636667026603,-0.08811461367140055,0.006260068645749403,2.189874007271955,0.8610636667026603,0.08811461367140055,0.006260068645749403,False,False,ictal_scale,mid,low,low,-0.15360907076980324,0.2607584780858905,0.08522329099519692,0.08597041199512961,0.09071795328941253,1200,500,10,59.003639221191406
-2.4,-0.3,0.21,0.0009,33,1098720712,True,,60,-0.16,-0.08257526440296463,0.23973332973113137,-2.196963689206312,-2.9317794661395595,0.005677260903290277,-0.08478757231547826,0.20690185900326777,-2.790968146296171,0.005978215228273566,4.093851719046546,6.401365883521524,28.659426249203594,29.180110015931447,2.307514164474978,0.5206837667278528,True,True,0.09071795328941253,0.06720551273974978,0.7408182206817179,0.11114010246268616,0.005924001346114899,0.05330210441459513,-5.17128639789815,-2.196963689206312,-5.128743155345871,-2.6317794661395597,0.2030363107936881,0.02973332973113138,0.004777260903290277,2.6317794661395597,0.2030363107936881,0.02973332973113138,0.004777260903290277,False,False,ictal_scale,mid,low,low,-0.07063838341905586,0.2669324435323977,0.08473447303169306,0.08556244014926467,0.09071795328941253,1200,500,10,56.99387168884277
-2.4,-0.3,0.21,0.0009,34,1600986806,True,,60,-0.16,-0.13954385258821111,0.28747962030925617,-2.293919792241979,-1.4078433290902115,0.010679359419082513,-0.12231430528266667,0.4140337832233512,-3.1145693985156657,0.04096484727345773,12.201215696223628,11.481183681862273,44.87415420355776,39.339745612612944,-0.7200320143613546,-5.534408590944814,False,False,0.09071795328941253,0.06720551273974978,0.7408182206817179,0.10087029531484958,0.024679974298576293,0.2446703880616382,-4.539442426735586,-2.293919792241979,-3.70176312133219,-1.1078433290902114,0.10608020775802096,0.07747962030925618,0.009779359419082513,1.1078433290902114,0.10608020775802096,0.07747962030925618,0.009779359419082513,False,False,ictal_scale,mid,low,low,-0.1276649726228428,0.2973073955730539,0.08442590266540424,0.0849048113717559,0.09071795328941253,1200,500,10,55.308677434921265
-2.4,-0.3,0.21,0.0009,35,990009784,True,,60,-0.16,-0.16355598643166494,0.4131565563383326,-2.2069690418491232,-0.44598045655148244,0.01264780188977073,-0.1481951697703967,0.46442263575360343,-2.3448842450172203,0.022059897921486826,19.57482359407166,20.25620602752364,59.62136999925382,56.88979030393568,0.6813824334519794,-2.731579695318139,True,False,0.09071795328941253,0.06720551273974978,0.7408182206817179,0.11003365099364064,0.07044313443514226,0.6401962835824969,-4.370271842561748,-2.2069690418491232,-2.6529494984006057,-0.14598045655148245,0.19303095815087667,0.2031565563383326,0.01174780188977073,0.14598045655148245,0.19303095815087667,0.2031565563383326,0.01174780188977073,False,False,ictal_scale,mid,low,low,-0.16424647105863122,0.3591987722941782,0.0836794078175375,0.08434402047025535,0.09071795328941253,1200,500,10,50.8116295337677
-2.4,-0.3,0.21,0.0009,36,1591614764,True,,60,-0.16,-0.12355800223157559,-0.04044830738839716,-1.9412768004350585,-3.729328171787242,0.0067540919230748234,-0.12625020934765202,0.07865137902024857,-4.013037652280378,0.06266405185442651,7.764340709202235,9.999537100184494,36.00040422951497,36.376452449257386,2.2351963909822583,0.3760482197424153,True,True,0.09071795328941253,0.06720551273974978,0.7408182206817179,0.14352058559675043,0.003445780044202138,0.024008960316562106,-4.997606746943356,-1.9412768004350585,-5.6706049722223,-3.429328171787242,0.45872319956494145,-0.25044830738839713,0.005854091923074824,3.429328171787242,0.45872319956494145,0.25044830738839713,0.005854091923074824,False,False,ictal_scale,mid,low,low,-0.12014373996090529,0.2789279593601947,0.08502574108912966,0.08610400357420164,0.09071795328941253,1200,500,10,56.43289279937744
-2.4,-0.3,0.21,0.0009,37,53602793,True,,60,-0.16,-0.13196762229367925,0.007771987370286174,-2.374747485590934,-1.617958364087917,0.007911242460774296,-0.1443288524506144,0.02026351436850592,-2.8540419528195473,0.019498241379131608,8.232159861248704,8.766035623675958,36.93604253360791,33.90944949624031,0.5338757624272539,-3.026593037367597,True,False,0.09071795328941253,0.06720551273974978,0.7408182206817179,0.09303797967515667,0.018449724337228406,0.1983031489037688,-4.8394704348504956,-2.374747485590934,-3.992705849678851,-1.317958364087917,0.025252514409066062,-0.20222801262971382,0.007011242460774296,1.317958364087917,0.025252514409066062,0.20222801262971382,0.007011242460774296,False,False,ictal_scale,mid,low,low,-0.14987262288152003,0.277257841981883,0.0847973641323609,0.08431214017228403,0.09071795328941253,1200,500,10,51.46416878700256
-2.4,-0.3,0.21,0.0009,38,1482903836,True,,60,-0.16,-0.16345828331500403,0.40051128188822593,-2.4048254477986637,-2.125732933018404,0.008997559696103653,-0.11516302474642331,0.48481458493112545,-3.3652599788186004,0.03251075377390719,7.791939396055294,6.50502120340582,36.05560160322109,29.38742065570004,-1.2869181926494733,-6.668180947521051,False,False,0.09071795328941253,0.06720551273974978,0.7408182206817179,0.09028125302595352,0.010774658030365118,0.11934546397210154,-4.710801883289708,-2.4048254477986637,-4.530558380817068,-1.825732933018404,-0.0048254477986637845,0.19051128188822594,0.008097559696103653,1.825732933018404,0.0048254477986637845,0.19051128188822594,0.008097559696103653,False,False,ictal_scale,mid,low,low,-0.13122963762136622,0.2827376485623958,0.08495846414309292,0.08610402565603198,0.09071795328941253,1200,500,10,46.655858516693115
-2.4,-0.3,0.21,0.0009,39,162313721,True,,60,-0.16,-0.2244128678532635,0.23132737045505475,-2.4343900756050973,-2.660681352986477,0.008254157284792146,-0.19791864046485252,0.4044722848352025,-3.1287320719144964,0.018451237426438866,1.9212425536236832,2.452365119526573,24.31420791835787,21.28210848794155,0.5311225659028898,-3.03209943041632,True,False,0.09071795328941253,0.06720551273974978,0.7408182206817179,0.08765119134775502,0.006126868985597218,0.06990057854763136,-4.797038292249082,-2.4343900756050973,-5.095071428591574,-2.360681352986477,-0.03439007560509744,0.021327370455054756,0.0073541572847921465,2.360681352986477,0.03439007560509744,0.021327370455054756,0.0073541572847921465,False,False,ictal_scale,mid,low,low,-0.19406604808471858,0.2622384572055667,0.08513154106103844,0.0860946812713771,0.09071795328941253,1200,500,10,50.45519161224365
-2.4,-0.3,0.21,0.0009,40,1473531794,True,,60,-0.16,-0.21627200015405976,0.34206998912185244,-2.7516992384048344,0.8681975994267683,0.009011774529426466,-0.20860642115299005,0.2991791936270203,-2.583910001208011,0.012038777076343375,12.704530185002676,12.840441560101837,45.88078318111586,42.05826136909208,0.13591137509916074,-3.82252181202378,True,False,0.09071795328941253,0.06720551273974978,0.7408182206817179,0.06381932477056229,0.15205672469386167,2.3826125588216867,-4.709223275652496,-2.7516992384048344,-1.883501638978066,1.1681975994267684,-0.3516992384048345,0.13206998912185244,0.008111774529426467,1.1681975994267684,0.3516992384048345,0.13206998912185244,0.008111774529426467,False,False,ictal_scale,mid,low,low,-0.21555651717745922,0.31599307483435013,0.08362172178251613,0.08400447247620214,0.09071795328941253,1200,500,10,49.45062708854675
-2.4,-0.3,0.21,0.0009,41,171685763,True,,60,-0.16,-0.13646988666708895,0.10683897791176536,-2.2145020396941626,-3.265468053946173,0.008395386379320373,-0.13310899768816448,0.43248954970747255,-2.627493941538217,0.006987318576839897,5.571755737775437,9.818124399567218,31.615234286661376,36.01362704802284,4.246368661791781,4.398392761361464,True,True,0.09071795328941253,0.06720551273974978,0.7408182206817179,0.10920788190114547,0.004169454389242139,0.03817906104081676,-4.780072964577814,-2.2145020396941626,-5.479970093640336,-2.9654680539461733,0.18549796030583732,-0.10316102208823463,0.0074953863793203734,2.9654680539461733,0.18549796030583732,0.10316102208823463,0.0074953863793203734,False,False,ictal_scale,mid,low,low,-0.1338071540659272,0.27722609312332885,0.08548173031143132,0.08666494955984659,0.09071795328941253,1200,500,10,59.75000882148743
-2.4,-0.3,0.21,0.0009,42,1364820866,True,,60,-0.16,-0.2028218885574441,0.022929809823575394,-2.4101552055223863,-2.3857518648446683,0.006418310371471322,-0.16863440457829681,0.050453072763787576,-2.659828394270535,0.0010333528153280628,4.714697639135754,7.129206782422537,29.90111808938201,30.635791813733476,2.414509143286783,0.7346737243514667,True,True,0.09071795328941253,0.06720551273974978,0.7408182206817179,0.0898013558242486,0.008263499851392018,0.0920197671354163,-5.0486003779325435,-2.4101552055223863,-4.795907070367054,-2.0857518648446685,-0.010155205522386357,-0.1870701901764246,0.005518310371471322,2.0857518648446685,0.010155205522386357,0.1870701901764246,0.005518310371471322,False,False,ictal_scale,mid,low,low,-0.18296127717878327,0.2667731426708937,0.08547744148062494,0.08668413804707814,0.09071795328941253,1200,500,10,65.07756567001343
-2.4,-0.3,0.21,0.0009,43,280396691,True,,60,-0.16,-0.08983322182425976,0.41160806115345594,-1.6655023987166744,-4.66771878206131,0.012152664103208134,-0.12502314558104782,0.4543635438770527,-2.714714259182914,0.01634296715451124,10.340423028714127,14.288742207308738,41.15256886853876,44.95486266350588,3.948319178594611,3.8022937949671203,True,True,0.09071795328941253,0.06720551273974978,0.7408182206817179,0.18909563271049107,0.0017763027514561033,0.009393674121367237,-4.410206865477484,-1.6655023987166744,-6.333221180777985,-4.36771878206131,0.7344976012833255,0.20160806115345595,0.011252664103208134,4.36771878206131,0.7344976012833255,0.20160806115345595,0.011252664103208134,False,False,ictal_scale,mid,low,low,-0.14788785078768527,0.3184576432466669,0.08438683150739891,0.08570464603679967,0.09071795328941253,1200,500,10,58.09982967376709
-2.4,-0.3,0.21,0.0009,44,1826275358,True,,60,-0.16,-0.11636722036862394,0.24443938292639517,-2.5813884210100273,0.29583508559253024,0.00799496653528484,-0.11563721294850368,0.4342917508759479,-2.5971825498461145,0.009450405637296936,11.750486871752267,12.730115996862752,43.97269655461504,41.837610242613906,0.9796291251104847,-2.1350863120011354,True,False,0.09071795328941253,0.06720551273974978,0.7408182206817179,0.07566887080511933,0.10171776249085987,1.3442484526143903,-4.82894311841044,-2.5813884210100273,-2.285553335417497,0.5958350855925303,-0.1813884210100274,0.03443938292639517,0.00709496653528484,0.5958350855925303,0.1813884210100274,0.03443938292639517,0.00709496653528484,False,False,ictal_scale,mid,low,low,-0.1171042371412569,0.29893342020913216,0.08479694612810418,0.08634180044585549,0.09071795328941253,1200,500,10,51.3103883266449
-2.4,-0.3,0.21,0.0009,45,289768733,True,,60,-0.16,-0.08596037158632253,0.2632983250128835,-2.9796493102186656,0.8822837574598281,0.008929966152912678,-0.08484123848894662,0.39561569723268314,-2.9974131517261524,0.016143911822774817,5.496587841710204,5.687344993412431,31.46489849453091,27.752068235713264,0.1907571517022273,-3.7128302588176467,True,False,0.09071795328941253,0.06720551273974978,0.7408182206817179,0.05081064951640081,0.12277945856889026,2.416411908477162,-4.71834267436825,-2.9796493102186656,-2.0973655527588377,1.1822837574598282,-0.5796493102186657,0.053298325012883535,0.008029966152912679,1.1822837574598282,0.5796493102186657,0.053298325012883535,0.008029966152912679,False,False,ictal_scale,mid,low,low,-0.0932908687936948,0.25931521352681997,0.0856284073290358,0.08729327275442103,0.09071795328941253,1200,500,10,53.023295402526855
-2.4,-0.3,0.21,0.0009,46,1934986286,True,,60,-0.16,-0.1008495025261626,0.31476818473012413,-2.353960969262335,-1.8228657638541277,0.007946382339816345,-0.06648994971940657,0.40645142790915,-2.7667136722773047,0.010986617905899445,7.665380894058413,9.06035352948813,35.80248459922733,34.49808530786466,1.3949726354297178,-1.3043992913626639,True,False,0.09071795328941253,0.06720551273974978,0.7408182206817179,0.09499215504525982,0.0153471309207926,0.16156208808485636,-4.835038505478722,-2.353960969262335,-4.176826733116463,-1.5228657638541276,0.0460390307376648,0.10476818473012414,0.0070463823398163455,1.5228657638541276,0.0460390307376648,0.10476818473012414,0.0070463823398163455,False,False,ictal_scale,mid,low,low,-0.08108582912064866,0.28680420192143974,0.08481601028129267,0.08571848091077815,0.09071795328941253,1200,500,10,57.99556612968445
-2.4,-0.3,0.21,0.0009,47,398479661,True,,60,-0.16,-0.1439071058929925,-0.018579242678805674,-1.7492715495010074,-3.4889110458722348,0.009453191658516028,-0.15196200003387592,0.1366382436698409,-2.3849240395055187,0.010415745918161792,14.446707358985549,16.401635789883453,49.3651375290816,49.180649828655305,1.9549284308979047,-0.18448770042629548,True,False,0.09071795328941253,0.06720551273974978,0.7408182206817179,0.1739005752831747,0.00530989830573911,0.030534104312723662,-4.6614028528564475,-1.7492715495010074,-5.238182595373242,-3.188911045872235,0.6507284504989925,-0.22857924267880567,0.008553191658516028,3.188911045872235,0.6507284504989925,0.22857924267880567,0.008553191658516028,False,False,ictal_scale,mid,low,low,-0.12697081726988532,0.3130464303872744,0.08476318120060128,0.08557957320652243,0.09071795328941253,1200,500,10,59.818758726119995
-2.4,-0.3,0.21,0.0009,48,2043697214,True,,60,-0.16,-0.16244908995813442,0.11477312578955465,-2.504108119167621,-0.5324427855848147,0.006467295564255692,-0.15532465748930466,0.14018530363583012,-2.6086501161334033,0.004196779970843966,8.95449375410405,8.378026971175755,38.3807103193186,33.13343219123991,-0.5764667829282946,-5.24727812807869,False,False,0.09071795328941253,0.06720551273974978,0.7408182206817179,0.08174847537975437,0.048000161439718386,0.587168888676375,-5.040997254105164,-2.504108119167621,-3.0365509047524357,-0.23244278558481474,-0.1041081191676212,-0.09522687421044534,0.005567295564255692,0.23244278558481474,0.1041081191676212,0.09522687421044534,0.005567295564255692,False,False,ictal_scale,mid,low,low,-0.15492638741192274,0.2773763611362251,0.08493550512534075,0.08632130690753026,0.09071795328941253,1200,500,10,45.027119636535645
-2.4,-0.3,0.21,0.0009,49,1739631948,True,,60,-0.16,-0.18648168632716408,-0.21132409330116245,-2.125361272290235,-3.598445280361669,0.007022324024412427,-0.1950416808801004,-0.4422169625891432,-4.389438361435775,0.05320976691992896,4.331041473855667,6.489264341406573,29.133805758821836,29.355906931701547,2.158222867550906,0.22210117287971087,True,True,0.09071795328941253,0.06720551273974978,0.7408182206817179,0.11938982823786205,0.003267250241238146,0.02736623621510501,-4.958661058123288,-2.125361272290235,-5.723806552651904,-3.298445280361669,0.27463872770976483,-0.42132409330116244,0.006122324024412427,3.298445280361669,0.27463872770976483,0.42132409330116244,0.006122324024412427,False,False,ictal_scale,mid,low,low,-0.18949558324425572,0.2695986549092684,0.0849816177683187,0.08521940556256824,0.09071795328941253,1200,500,10,53.479689598083496
-2.4,-0.3,0.21,0.0009,50,2053069256,True,,60,-0.16,-0.10528708159124889,0.07488859098878983,-2.2569184741094137,-1.0647843301280475,0.008018506724103097,-0.11184892587791152,0.0997092233733978,-2.5949786610792334,0.015331354370846342,12.360093437216168,12.346193334385513,45.19190968554284,41.06976491765943,-0.01390010283065557,-4.122144767883412,False,False,0.09071795328941253,0.06720551273974978,0.7408182206817179,0.10467253943029524,0.03609132294253413,0.3448022101973411,-4.826003068442077,-2.2569184741094137,-3.3217028042374612,-0.7647843301280475,0.1430815258905862,-0.13511140901121016,0.007118506724103097,0.7647843301280475,0.1430815258905862,0.13511140901121016,0.007118506724103097,False,False,ictal_scale,mid,low,low,-0.09756512553309715,0.29767206624446313,0.08412713630408625,0.08477647763688881,0.09071795328941253,1200,500,10,56.63559055328369
-2.4,-0.3,0.21,0.0009,51,596680485,True,,60,-0.16,-0.19925833448305302,0.07312754700347525,-2.1611785357724114,-0.6067215417536648,0.006550421329088266,-0.20657068648584057,0.14506274264282282,-2.9375744450379644,0.05034828911495414,17.57066867403621,17.101865216463004,55.61306015918292,50.58110868181441,-0.4688034575732054,-5.031951477368509,False,False,0.09071795328941253,0.06720551273974978,0.7408182206817179,0.11518928631622317,0.06279372835045018,0.545135145451512,-5.0282259063521,-2.1611785357724114,-2.7679000775260763,-0.3067215417536648,0.23882146422758854,-0.13687245299652473,0.005650421329088266,0.3067215417536648,0.23882146422758854,0.13687245299652473,0.005650421329088266,False,False,ictal_scale,mid,low,low,-0.2012142807421134,0.32284901476441075,0.0841400914994008,0.08479144113837114,0.09071795328941253,1200,500,10,55.794095277786255
-2.4,-0.3,0.21,0.0009,52,14296537,True,,60,-0.16,-0.14985711400256319,0.35922458523091577,-2.458281566128811,-0.19062115495692716,0.008266901995430674,-0.139934117691341,0.37333286469879057,-2.5499141022648524,0.007723542192310667,13.982209453814525,13.372929982328495,48.43614171873955,43.12323821354539,-0.6092794714860297,-5.312903505194157,False,False,0.09071795328941253,0.06720551273974978,0.7408182206817179,0.08558189149847995,0.07072877969512154,0.8264456236793709,-4.7954954476952985,-2.458281566128811,-2.648902721085738,0.10937884504307283,-0.05828156612881097,0.14922458523091578,0.007366901995430674,0.10937884504307283,0.05828156612881097,0.14922458523091578,0.007366901995430674,False,False,ictal_scale,mid,low,low,-0.15613245392120317,0.32418854426421667,0.08412488925264419,0.08447536903312186,0.09071795328941253,1200,500,10,45.86684250831604
-2.4,-0.3,0.21,0.0009,53,1560175204,True,,60,-0.16,-0.1623890655842018,0.3917950033996999,-2.46759025819076,-2.1617863724385096,0.007236565245854771,-0.1226789978240883,0.4640170505160484,-2.982862612658658,0.007328188276092154,2.5118648889679394,3.046683916849114,25.49545258904638,22.47074608258663,0.5348190278811749,-3.0247065064597507,True,False,0.09071795328941253,0.06720551273974978,0.7408182206817179,0.0847889324561452,0.0097608418160779,0.11511929131937632,-4.928608598710198,-2.46759025819076,-4.629376630629269,-1.8617863724385095,-0.06759025819075992,0.18179500339969992,0.006336565245854771,1.8617863724385095,0.06759025819075992,0.18179500339969992,0.006336565245854771,False,False,ictal_scale,mid,low,low,-0.1329534855724856,0.2772485105399381,0.0848267999245526,0.08533269991825528,0.09071795328941253,1200,500,10,58.07474422454834
-2.4,-0.3,0.21,0.0009,54,23668579,True,,60,-0.16,-0.12496926011754897,0.028003002172666193,-2.2068535880263433,-1.1218318798341653,0.008311312279492625,-0.11555580788681281,0.18441123112241234,-3.209798925212789,0.051314640122431206,13.074876385219454,13.078218983410476,46.62147558154941,42.53381621570935,0.003342598191022006,-4.087659365840061,True,False,0.09071795328941253,0.06720551273974978,0.7408182206817179,0.11004635553266197,0.03584018719334282,0.3256826363750446,-4.790137766879068,-2.2068535880263433,-3.3286854678605087,-0.8218318798341653,0.19314641197365656,-0.1819969978273338,0.007411312279492625,0.8218318798341653,0.19314641197365656,0.1819969978273338,0.007411312279492625,False,False,ictal_scale,mid,low,low,-0.133596526667485,0.30085343377555007,0.08468573473542093,0.0854087359891137,0.09071795328941253,1200,500,10,59.35611867904663
-2.4,-0.3,0.21,0.0009,55,478597515,True,,60,-0.16,-0.16217458074343846,0.2255611465718565,-2.8929555743279156,1.7841424461034097,0.008421314406515102,-0.1120809189673087,0.2908828318429423,-2.913479154123217,0.048420185479911684,15.530036266876682,16.52354769807326,51.531795344863866,49.42447364503492,0.9935114311965769,-2.107321699828944,True,False,0.09071795328941253,0.06720551273974978,0.7408182206817179,0.055412195486044945,0.32995033751533237,5.954471477283865,-4.776989357624235,-2.8929555743279156,-1.108813128224506,2.0841424461034097,-0.4929555743279157,0.015561146571856505,0.007521314406515102,2.0841424461034097,0.4929555743279157,0.015561146571856505,0.007521314406515102,False,False,ictal_scale,mid,low,low,-0.12909815818925882,0.31585835793288863,0.08396652179911336,0.08464370054660322,0.09071795328941253,1200,500,10,48.96934175491333
-2.4,-0.3,0.21,0.0009,56,980863609,True,,60,-0.16,-0.16275353728900116,0.17059788560123118,-1.6692044397565051,-3.112709623070387,0.010383164729695419,-0.15410375304472823,0.3639630874443484,-2.2859089923136753,0.015365239255540845,17.004698762436284,19.532809280390502,54.48112033598307,55.44299680966941,2.528110517954218,0.9618764736863383,True,True,0.09071795328941253,0.06720551273974978,0.7408182206817179,0.18839688710822386,0.008379943868109294,0.04448026714632218,-4.567569560459174,-1.6692044397565051,-4.781914062826893,-2.812709623070387,0.7307955602434948,-0.03940211439876881,0.00948316472969542,2.812709623070387,0.7307955602434948,0.03940211439876881,0.00948316472969542,False,False,ictal_scale,mid,low,low,-0.1822998985492749,0.33871931185176707,0.08396749265940222,0.08454996848451138,0.09071795328941253,1200,500,10,55.453845739364624
-2.4,-0.3,0.21,0.0009,57,1678258174,True,,60,-0.16,-0.12693032119234482,0.1071190622315557,-2.995422007007158,0.4166938662666533,0.006398267660367239,-0.11419769594236916,0.05552018761909607,-2.6820051230510904,3.2174074184658945e-05,4.250933275203161,7.880378140725827,28.973589361516826,32.138134530340054,3.6294448655226654,3.164545168823228,True,True,0.09071795328941253,0.06720551273974978,0.7408182206817179,0.05001551573422382,0.07587043920448067,1.5169380559354153,-5.051728003324049,-2.995422007007158,-2.5787281407405045,0.7166938662666533,-0.5954220070071581,-0.10288093776844429,0.0054982676603672394,0.7166938662666533,0.5954220070071581,0.10288093776844429,0.0054982676603672394,False,False,ictal_scale,mid,low,low,-0.11216947253340237,0.2514064648952087,0.08554576923184337,0.08613967355331481,0.09071795328941253,1200,500,10,57.90320682525635
-2.4,-0.3,0.21,0.0009,58,971491567,True,,60,-0.16,-0.11647293429522415,0.06141013656761919,-2.8809781739379297,1.75044375131913,0.009149040526689063,-0.13299166053651887,0.09592085466037675,-2.451748716754187,0.013081753290699157,15.604142790677859,16.459765395190153,51.68000839246622,49.29690903926871,0.8556226045122948,-2.383099353197508,True,False,0.09071795328941253,0.06720551273974978,0.7408182206817179,0.05607988011891444,0.3228606662655459,5.757156855202559,-4.694106265664091,-2.8809781739379297,-1.1305344226187997,2.05044375131913,-0.48097817393792974,-0.1485898634323808,0.008249040526689063,2.05044375131913,0.48097817393792974,0.1485898634323808,0.008249040526689063,False,False,ictal_scale,mid,low,low,-0.13143644793377032,0.3129999551918412,0.08411519345878388,0.08490013179607867,0.09071795328941253,1200,500,10,47.96958303451538
-2.4,-0.3,0.21,0.0009,59,360514545,True,,60,-0.16,-0.10762046704268381,0.2290261900547722,-2.0310381532361426,-2.1754901675557012,0.006626129056005894,-0.1603281496005901,0.33077240343419195,-2.6820685898855836,0.012953563976423603,13.483835049548645,14.19656477460724,47.43939291020779,44.770507798102884,0.712729725058594,-2.6688851121049098,True,False,0.09071795328941253,0.06720551273974978,0.7408182206817179,0.13119924550193343,0.014897999738334647,0.11355248028552949,-5.016734498082235,-2.0310381532361426,-4.206528320791843,-1.8754901675557012,0.36896184676385735,0.019026190054772213,0.005726129056005894,1.8754901675557012,0.36896184676385735,0.019026190054772213,0.005726129056005894,False,False,ictal_scale,mid,low,low,-0.1340891501940153,0.31108589582355883,0.08457991750878607,0.08577388933615632,0.09071795328941253,1200,500,10,47.205974102020264
-2.4,-0.3,0.21,0.0009,60,862780639,True,,60,-0.16,-0.13092821487865103,0.1373440075192319,-2.5828524163953333,0.27831603228900337,0.009812256324048706,-0.12838581231694765,0.15922300518106747,-2.4682893505664403,0.007229697775790804,12.872721794472435,13.175129794823075,46.217166400055376,42.72763783853455,0.3024080003506402,-3.489528561520828,True,False,0.09071795328941253,0.06720551273974978,0.7408182206817179,0.07555817297777491,0.0998050611418553,1.3209035794342527,-4.624123029399926,-2.5828524163953333,-2.30453638410633,0.5783160322890033,-0.18285241639533334,-0.0726559924807681,0.008912256324048707,0.5783160322890033,0.18285241639533334,0.0726559924807681,0.008912256324048707,False,False,ictal_scale,mid,low,low,-0.13017802244860743,0.29292645549524526,0.08453096206922114,0.08484681907675953,0.09071795328941253,1200,500,10,52.64770722389221
-2.4,-0.3,0.21,0.0009,61,1796341144,True,,60,-0.16,-0.09419816070072667,0.2246331816163997,-2.256861136010639,-1.7546659341508235,0.008531868702220518,-0.08351137607549519,0.3497898633771965,-3.0327631066283303,0.031783802248406094,9.504486208137504,9.925676369260607,39.48069522738551,36.22873098740962,0.4211901611231035,-3.251964239975891,True,False,0.09071795328941253,0.06720551273974978,0.7408182206817179,0.10467854132676711,0.018105725402275324,0.1729650143457392,-4.763946867354486,-2.256861136010639,-4.0115270701614625,-1.4546659341508235,0.14313886398936093,0.014633181616399704,0.007631868702220518,1.4546659341508235,0.14313886398936093,0.014633181616399704,0.007631868702220518,False,False,ictal_scale,mid,low,low,-0.094907279577344,0.2896496310681848,0.08504996984754186,0.08620846389537135,0.09071795328941253,1200,500,10,55.60217213630676
-2.4,-0.3,0.21,0.0009,62,853408597,True,,60,-0.16,-0.18655452957881086,0.2976039263608296,-2.39628667970213,-2.0388656344358367,0.00711405572027737,-0.16459237835421872,0.3382526349593407,-2.8608390323701505,0.009578176634882132,4.495678092014257,5.092042097843935,29.463078995139018,26.56146244457627,0.5963640058296775,-2.9016165505627463,True,False,0.09071795328941253,0.06720551273974978,0.7408182206817179,0.09105544432510175,0.011853260351003165,0.13017629466155395,-4.945682773004488,-2.39628667970213,-4.435152314137967,-1.7388656344358366,0.00371332029786986,0.08760392636082961,0.00621405572027737,1.7388656344358366,0.00371332029786986,0.08760392636082961,0.00621405572027737,False,False,ictal_scale,mid,low,low,-0.18305238450792147,0.2650219920619668,0.08527298783830203,0.08606740273801688,0.09071795328941253,1200,500,10,63.35166788101196
-2.4,-0.3,0.21,0.0009,63,791808960,True,,60,-0.16,-0.16990484062331565,0.22976458143604164,-1.862256552709482,-1.7695212154675244,0.011665310481970658,-0.17459865763771493,0.36981453799821207,-2.4243070519694383,0.02982252811208255,19.437948819459034,20.188712025496425,59.34762045002857,56.75480229988125,0.7507632060373908,-2.5928181501473233,True,False,0.09071795328941253,0.06720551273974978,0.7408182206817179,0.15532174291905412,0.026469086656922953,0.17041456115205525,-4.451135757320253,-1.862256552709482,-3.6317777681770065,-1.4695212154675243,0.5377434472905178,0.01976458143604165,0.010765310481970658,1.4695212154675243,0.5377434472905178,0.01976458143604165,0.010765310481970658,False,False,ictal_scale,mid,low,low,-0.167389428878911,0.35560473761924916,0.08359973179925283,0.08425822167798319,0.09071795328941253,1200,500,10,56.925936698913574
-2.4,-0.3,0.21,0.0009,64,744697669,True,,60,-0.16,-0.1679170042061444,0.5725128042061869,-3.161468780357777,-1.2296474753391635,0.009340529376335685,-0.16568754077695078,0.484849676941471,-3.3057263018635954,0.00822481810237944,-7.772885361738247,-7.435711118533883,4.925952087634009,1.5059560118206363,0.3371742432043643,-3.4199960758133727,True,False,0.09071795328941253,0.06720551273974978,0.7408182206817179,0.04236347272581073,0.012386894558751362,0.29239563618693654,-4.673392349939014,-3.161468780357777,-4.39111625569694,-0.9296474753391635,-0.7614687803577769,0.3625128042061869,0.008440529376335685,0.9296474753391635,0.7614687803577769,0.3625128042061869,0.008440529376335685,False,False,ictal_scale,mid,low,low,-0.17719628014281946,0.24597039424162742,0.08607106046836586,0.08775693639053521,0.09071795328941253,1200,500,10,58.222742557525635
-2.4,-0.3,0.21,0.0009,65,1346302649,True,,60,-0.16,-0.16211159632772887,-0.07788346675619222,-2.723803752116198,-0.16630956448327458,0.008420762760082447,-0.15612146678462824,-0.2467628617834037,-4.502419939031959,0.05605805155598022,5.001701064996856,4.805376100276186,30.475124941104212,25.988130449440774,-0.1963249647206693,-4.486994491663438,False,False,0.09071795328941253,0.06720551273974978,0.7408182206817179,0.06562465914162639,0.0555699152608623,0.8467840593417074,-4.777054865747419,-2.723803752116198,-2.8901133165994723,0.1336904355167254,-0.32380375211619805,-0.2878834667561922,0.007520762760082447,0.1336904355167254,0.32380375211619805,0.2878834667561922,0.007520762760082447,False,False,ictal_scale,mid,low,low,-0.15655598823004035,0.25750976986756896,0.08580257775799398,0.08679752192948847,0.09071795328941253,1200,500,10,51.28630018234253
-2.4,-0.3,0.21,0.0009,66,735325627,True,,60,-0.16,-0.12565497960797667,0.2923594919504328,-2.6536594310741024,0.40110029990670815,0.00997886217497185,-0.09111883533185619,0.41201958493248086,-2.569246933109116,0.011439032952379365,12.220970402360518,12.700389760511822,44.91366361583154,41.77815776991204,0.4794193581513042,-3.1355058459194964,True,False,0.09071795328941253,0.06720551273974978,0.7408182206817179,0.070393142300008,0.1051298389648282,1.4934670555943665,-4.607286205682321,-2.6536594310741024,-2.252559131167394,0.7011002999067082,-0.2536594310741025,0.08235949195043282,0.00907886217497185,0.7011002999067082,0.2536594310741025,0.08235949195043282,0.00907886217497185,False,False,ictal_scale,mid,low,low,-0.11749760433890213,0.30757738685961167,0.0847325635576206,0.08543383077726774,0.09071795328941253,1200,500,10,44.4677357673645
-2.4,-0.3,0.21,0.0009,67,909891930,True,,60,-0.16,-0.16838850198739916,0.4308728037911832,-2.83864904477837,0.6045185196836024,0.00771413937040364,-0.17720330528789086,0.4544591439527392,-2.6388214803469,0.010090950445168712,8.913262527249543,9.080973315886371,38.29824786560959,34.53932488066114,0.1677107886368283,-3.7589229849484482,True,False,0.09071795328941253,0.06720551273974978,0.7408182206817179,0.05850464976278748,0.10708519727911167,1.830370709222233,-4.86470035215635,-2.83864904477837,-2.2341305250947676,0.9045185196836023,-0.4386490447783702,0.2208728037911832,0.00681413937040364,0.9045185196836023,0.4386490447783702,0.2208728037911832,0.00681413937040364,False,False,ictal_scale,mid,low,low,-0.18978449988847018,0.3044003711547761,0.08424280831834784,0.08482691566647624,0.09071795328941253,1200,500,10,54.77872896194458
-2.4,-0.3,0.21,0.0009,68,626614699,True,,60,-0.16,-0.1983282982668197,0.11013350737008878,-2.7796367324784077,-0.248700214383424,0.006429800789866927,-0.18428885499511471,0.38573036551918577,-2.874399785445617,0.008888503025446838,4.688104470189794,6.999386242056249,29.84793175149009,30.376150733000898,2.3112817718664553,0.5282189815108076,True,True,0.09071795328941253,0.06720551273974978,0.7408182206817179,0.062061048046075123,0.048396056451115145,0.7798137152821707,-5.046811722570717,-2.7796367324784077,-3.0283369468618315,0.051299785616576,-0.3796367324784078,-0.09986649262991121,0.005529800789866928,0.051299785616576,0.3796367324784078,0.09986649262991121,0.005529800789866928,False,False,ictal_scale,mid,low,low,-0.18751260076585924,0.2681355889254145,0.0851928780112538,0.08613032816589673,0.09071795328941253,1200,500,10,48.82763361930847
-2.4,-0.3,0.21,0.0009,69,1228219679,True,,60,-0.16,-0.14196635637575414,0.29469961832089314,-2.5836599929015884,-2.1710772902833493,0.006357489629796437,-0.15630514633422848,0.4101205842833286,-3.342470517363623,0.01997344409237583,0.03145923956066352,0.909851119863073,20.53464129023183,18.197080488614546,0.8783918803024094,-2.3375608016172826,True,False,0.09071795328941253,0.06720551273974978,0.7408182206817179,0.07549717860454885,0.008610806599828075,0.11405468070444229,-5.058121691845667,-2.5836599929015884,-4.754737283184937,-1.8710772902833492,-0.18365999290158852,0.08469961832089315,0.0054574896297964375,1.8710772902833492,0.18365999290158852,0.08469961832089315,0.0054574896297964375,False,False,ictal_scale,mid,low,low,-0.16545989544284725,0.25027404139941467,0.08540906452398372,0.08597916010561432,0.09071795328941253,1200,500,10,48.465572118759155
-2.4,-0.3,0.21,0.0009,70,416997878,True,,60,-0.16,-0.2060372384838689,0.009587658472259186,-2.362344430909902,-2.397265243482929,0.005452899327283621,-0.2099725516556881,0.4375987881712188,-5.492139227545603,0.06436438596849549,3.8216610578593064,4.43788372943747,28.115044926829114,25.25314570776334,0.6162226715781634,-2.861899219065773,True,False,0.09071795328941253,0.06720551273974978,0.7408182206817179,0.09419912078745331,0.008568953426774585,0.09096638434778162,-5.211607825104175,-2.362344430909902,-4.759609674392831,-2.097265243482929,0.03765556909009771,-0.20041234152774082,0.004552899327283621,2.097265243482929,0.03765556909009771,0.20041234152774082,0.004552899327283621,False,False,ictal_scale,mid,low,low,-0.20456469906472965,0.25414911472758384,0.08584569620501573,0.08703625877855484,0.09071795328941253,1200,500,10,55.36705708503723
-2.4,-0.3,0.21,0.0009,71,1119508751,True,,60,-0.16,-0.23657936184711092,0.2701446210753604,-2.859990042610248,1.247614442504365,0.007916842468176637,-0.1833906173926359,0.39754264706857906,-2.530521356236929,0.005886403095194512,11.434119093820117,12.593232345154917,43.33996099875074,41.56384293919824,1.1591132513347997,-1.776118059552502,True,False,0.09071795328941253,0.06720551273974978,0.7408182206817179,0.057269330515673025,0.19941332462207373,3.482026467334027,-4.838762830909634,-2.859990042610248,-1.612375600105883,1.547614442504365,-0.4599900426102481,0.06014462107536042,0.007016842468176637,1.547614442504365,0.4599900426102481,0.06014462107536042,0.007016842468176637,False,False,ictal_scale,mid,low,low,-0.22437457927239374,0.3004517344513881,0.08406119932261284,0.08458142965981225,0.09071795328941253,1200,500,10,56.10442614555359
-2.4,-0.3,0.21,0.0009,72,525708806,True,,60,-0.16,-0.1685657139925225,0.3248587602714455,-2.0138816993519897,-1.6391706839273321,0.009155661334930669,-0.1135090216074848,0.4476703957177133,-2.430352025641714,0.013057174216603842,15.847307682067338,16.630634166088193,52.16633817524518,49.63864658106479,0.7833264840208543,-2.5276915941803892,True,False,0.09071795328941253,0.06720551273974978,0.7408182206817179,0.13346957905551513,0.025911914849001,0.19414097978254086,-4.6933828658971475,-2.0138816993519897,-3.653052383279322,-1.339170683927332,0.3861183006480102,0.11485876027144551,0.00825566133493067,1.339170683927332,0.3861183006480102,0.11485876027144551,0.00825566133493067,False,False,ictal_scale,mid,low,low,-0.12998535522995847,0.31832870776340183,0.08428048959032222,0.08520630283323746,0.09071795328941253,1200,500,10,63.70634365081787
-2.4,-0.3,0.21,0.0009,73,1136685828,True,,60,-0.16,-0.06748663499162631,0.25996722912883946,-2.671174590436863,0.8755225926598089,0.010294371482950515,-0.07646028456767182,0.3815420603167898,-2.6246884292764316,0.015315678047812661,14.531873672549645,15.181669501846205,49.5354701562098,46.74071725258081,0.6497958292965595,-2.7947529036289893,True,False,0.09071795328941253,0.06720551273974978,0.7408182206817179,0.06917093006142319,0.16601917292000384,2.4001292562147167,-4.576157991075086,-2.671174590436863,-1.7956519977770542,1.175522592659809,-0.2711745904368632,0.04996722912883947,0.009394371482950515,1.175522592659809,0.2711745904368632,0.04996722912883947,0.009394371482950515,False,False,ictal_scale,mid,low,low,-0.07397860438914108,0.31724707142487946,0.08405059445387929,0.0847995992520526,0.09071795328941253,1200,500,10,52.10855531692505
-2.4,-0.3,0.21,0.0009,74,535080848,True,,60,-0.16,-0.16841679905325765,-0.21536237205336523,-2.4665250956268383,-1.5865843315104284,0.00846152650966974,-0.16427650993139603,-0.1911393336631166,-3.0146458532345526,0.02165930438692066,5.058818081204086,5.9147056231903195,30.589358973518674,28.206789495269042,0.8558875419862337,-2.382569478249632,True,False,0.09071795328941253,0.06720551273974978,0.7408182206817179,0.08487929456945899,0.01736828517220305,0.2046233449547595,-4.772225683145831,-2.4665250956268383,-4.053109427137267,-1.2865843315104284,-0.06652509562683839,-0.42536237205336525,0.007561526509669739,1.2865843315104284,0.06652509562683839,0.42536237205336525,0.007561526509669739,False,False,ictal_scale,mid,low,low,-0.16187126126216994,0.27220522869819563,0.08513755808480065,0.08599316230188155,0.09071795328941253,1200,500,10,59.22190809249878
-2.4,-0.3,0.21,0.0009,75,2114668893,True,,60,-0.16,-0.10772502111878351,0.3191713651708753,-2.6578281387566705,-0.6241287112308922,0.0070022875613113865,-0.08502265710787088,0.4504061829728866,-2.7534619469002664,0.007649614528107007,5.315053864545005,5.926857635459639,31.101830540200513,28.23109351980768,0.6118037709146336,-2.870737020392834,True,False,0.09071795328941253,0.06720551273974978,0.7408182206817179,0.07010030466822512,0.0375546959505654,0.5357279990194977,-4.961518388839452,-2.6578281387566705,-3.2819568499875627,-0.3241287112308922,-0.25782813875667054,0.1091713651708753,0.006102287561311387,0.3241287112308922,0.25782813875667054,0.1091713651708753,0.006102287561311387,False,False,ictal_scale,mid,low,low,-0.1033590749155162,0.26296774605906487,0.08505695663449934,0.08530621876742506,0.09071795328941253,1200,500,10,56.25384330749512
-2.4,-0.3,0.21,0.0009,76,643791776,True,,60,-0.16,-0.20012444148597505,0.3841733613275196,-1.7826594602940617,-3.592348738058944,0.009191080207377333,-0.19661018785661305,0.4440815362350695,-3.0067450417930326,0.036119645632422745,11.713962231383537,12.694787315255429,43.89964727387758,41.766952879399255,0.9808250838718919,-2.132694394478321,True,False,0.09071795328941253,0.06720551273974978,0.7408182206817179,0.16819025664951337,0.004630880767782354,0.027533585238724675,-4.689521807914035,-1.7826594602940617,-5.375008198353006,-3.2923487380589442,0.6173405397059382,0.17417336132751962,0.008291080207377333,3.2923487380589442,0.6173405397059382,0.17417336132751962,0.008291080207377333,False,False,ictal_scale,mid,low,low,-0.22108374169567716,0.3123505266121166,0.0841011192184689,0.08402737744266699,0.09071795328941253,1200,500,10,50.49062442779541
-2.4,-0.3,0.21,0.0009,77,2005957965,True,,60,-0.16,-0.23201106964442098,0.13646045866263123,-2.027989052112833,-1.0010587478003599,0.010376819835967816,-0.23837290413043208,0.09690384937403716,-2.3002577878993407,0.005629570274259614,19.67981547719981,20.273112986119852,59.83135376551012,56.9236042211281,0.5932975089200418,-2.907749544382021,True,False,0.09071795328941253,0.06720551273974978,0.7408182206817179,0.13159989576995754,0.0483616661913717,0.3674901557362176,-4.5681808223707705,-2.027989052112833,-3.029047799913193,-0.7010587478003598,0.37201094788716693,-0.07353954133736876,0.009476819835967817,0.7010587478003598,0.37201094788716693,0.07353954133736876,0.009476819835967817,False,False,ictal_scale,mid,low,low,-0.2225593253617063,0.3371206703685396,0.08376870626863071,0.08495375719402598,0.09071795328941253,1200,500,10,46.053905963897705
-2.4,-0.3,0.21,0.0009,78,653163818,True,,60,-0.16,-0.1914922858802227,0.4486017714042939,-1.897614375158816,-4.528130166423113,0.007580930094910619,-0.14750183586802362,0.43055237862081874,-2.753048751711271,0.010108439835916442,5.197430130640049,7.445470170915707,30.8665830723906,31.268318590719815,2.248040040275658,0.4017355183292146,True,True,0.09071795328941253,0.06720551273974978,0.7408182206817179,0.14992585978766984,0.0016193271725725004,0.010800853000715468,-4.882119383041288,-1.897614375158816,-6.4257445415819285,-4.228130166423113,0.502385624841184,0.23860177140429392,0.006680930094910619,4.228130166423113,0.502385624841184,0.23860177140429392,0.006680930094910619,False,False,ictal_scale,mid,low,low,-0.15050717950327866,0.2877700263014905,0.08496108483398679,0.08602454278102248,0.09071795328941253,1200,500,10,47.470120429992676
-2.4,-0.3,0.21,0.0009,79,150897724,True,,60,-0.16,-0.18907365439504448,0.13711713821300353,-2.9642649135573125,0.8151972523639093,0.006321928668233965,-0.17690158999571504,0.4181323074026013,-2.8514530371687545,0.01408057910038461,4.407418595559101,6.617247659371185,29.286560002228704,29.611873567630774,2.2098290638120837,0.32531356540206957,True,True,0.09071795328941253,0.06720551273974978,0.7408182206817179,0.05159838458085222,0.11659281111713668,2.2596213440450117,-5.063730948353605,-2.9642649135573125,-2.149067661193403,1.1151972523639093,-0.5642649135573126,-0.07288286178699646,0.005421928668233965,1.1151972523639093,0.5642649135573126,0.07288286178699646,0.005421928668233965,False,False,ictal_scale,mid,low,low,-0.19092944288169414,0.25424279906372643,0.08546035935633202,0.0860357635448035,0.09071795328941253,1200,500,10,46.83905243873596
-2.4,-0.3,0.21,0.0009,80,761874746,True,,60,-0.16,-0.1744215400438201,0.136232732155967,-2.590183708459056,-1.3103661507219702,0.005960383148293728,-0.16757450503208968,0.3201054490866005,-3.7985182266333934,0.042431489358585095,3.8123247530829865,3.4344510634560157,28.096372317276476,23.24628037580043,-0.37787368962697077,-4.850091941476045,False,False,0.09071795328941253,0.06720551273974978,0.7408182206817179,0.07500625953520514,0.020230784304415175,0.26972127966092746,-5.122620513344711,-2.590183708459056,-3.900549859181026,-1.0103661507219701,-0.19018370845905608,-0.07376726784403298,0.005060383148293728,1.0103661507219701,0.19018370845905608,0.07376726784403298,0.005060383148293728,False,False,ictal_scale,mid,low,low,-0.17531417097737195,0.2548478049216367,0.0857681966509271,0.08674736347961359,0.09071795328941253,1200,500,10,61.235620737075806
-2.4,-0.3,0.21,0.0009,81,1887874995,True,,60,-0.16,-0.16121175742229557,0.2566481905470865,-2.3740413936852223,-1.244740606696299,0.0071981812507184405,-0.15834827090901568,0.43337636478083014,-2.6963592786688393,0.009060057210774778,7.954310634627278,9.680194919412948,36.38034408036506,35.7377680877143,1.7258842847856695,-0.6425759926507624,True,False,0.09071795328941253,0.06720551273974978,0.7408182206817179,0.09310369623776518,0.02681531765681549,0.2880156077620742,-4.933926888936791,-2.3740413936852223,-3.618782000381521,-0.9447406066962989,0.025958606314777644,0.04664819054708649,0.006298181250718441,0.9447406066962989,0.025958606314777644,0.04664819054708649,0.006298181250718441,False,False,ictal_scale,mid,low,low,-0.17568745432132243,0.2792902000616859,0.0848338603119398,0.08541176355141011,0.09071795328941253,1200,500,10,56.38042879104614
-2.4,-0.3,0.21,0.0009,82,341996328,True,,60,-0.16,-0.17751768765409903,0.1076028568227333,-3.071995619796538,1.298061922787182,0.009044893249819658,-0.15810305448081158,0.34424633756153494,-3.840794634783396,0.044062567364770794,3.7023870036882585,3.938385414552825,27.87649681848702,24.25414907799405,0.23599841086456674,-3.6223477404929696,True,False,0.09071795328941253,0.06720551273974978,0.7408182206817179,0.04632860825644802,0.16966426659430808,3.6621921741129397,-4.7055549623250705,-3.071995619796538,-1.773933697009356,1.598061922787182,-0.671995619796538,-0.1023971431772667,0.008144893249819658,1.598061922787182,0.671995619796538,0.1023971431772667,0.008144893249819658,False,False,ictal_scale,mid,low,low,-0.1577880427535748,0.25768365610917665,0.08589947152544448,0.08697669952936546,0.09071795328941253,1200,500,10,61.56223201751709
-2.4,-0.3,0.21,0.0009,83,268980694,True,,60,-0.16,-0.10370611956129211,0.16571509232811443,-2.4794560180790595,-0.6214969752681286,0.009178129596309374,-0.1191456473885598,0.2016906421010487,-2.6432150378077255,0.012020125312866836,10.35227212613095,10.279642518450485,41.17626706337241,36.93666328578937,-0.07262960768046511,-4.239603777583035,False,False,0.09071795328941253,0.06720551273974978,0.7408182206817179,0.0837887927856604,0.0450062912536437,0.5371397505245601,-4.690931842787833,-2.4794560180790595,-3.100952993347188,-0.32149697526812865,-0.07945601807905955,-0.04428490767188556,0.008278129596309374,0.32149697526812865,0.07945601807905955,0.04428490767188556,0.008278129596309374,False,False,ictal_scale,mid,low,low,-0.09895842417722696,0.2843404397134116,0.0846709912881542,0.08529820400280355,0.09071795328941253,1200,500,10,56.231369733810425
-2.4,-0.3,0.21,0.0009,84,233285400,True,,60,-0.16,-0.2650985443356594,0.1817548216551294,-2.2912667548965264,-1.0637541355471842,0.0074456943618702864,-0.25349108242030804,0.38887970911754977,-2.7358945258129026,0.01931819978861666,12.255760493265559,12.600120193737693,44.98324379764162,41.57761863636379,0.3443597004721344,-3.4056251612778325,True,False,0.09071795328941253,0.06720551273974978,0.7408182206817179,0.10113826328270299,0.03490864089014093,0.34515760659804723,-4.900119351665199,-2.2912667548965264,-3.3550208904437104,-0.7637541355471842,0.10873324510347349,-0.028245178344870586,0.006545694361870287,0.7637541355471842,0.10873324510347349,0.028245178344870586,0.006545694361870287,False,False,ictal_scale,mid,low,low,-0.25100765948054576,0.28926602396457934,0.08449559837748645,0.08513097625709924,0.09071795328941253,1200,500,10,50.70576572418213
-2.4,-0.3,0.21,0.0009,85,377691622,True,,60,-0.16,-0.12216509753341062,0.25840473094406685,-2.2359456557457102,-1.3562524390717947,0.00921233391988879,-0.11928813966761424,0.40453946965814747,-2.611647520512656,0.012831139519086605,13.096671061917945,13.196434941165327,46.66506493494639,42.770248131219056,0.09976387924738184,-3.8948168037273376,True,False,0.09071795328941253,0.06720551273974978,0.7408182206817179,0.10689099995534394,0.027537733299684314,0.2576244334058882,-4.687212049321038,-2.2359456557457102,-3.5921980948175047,-1.0562524390717947,0.16405434425428966,0.04840473094406686,0.00831233391988879,1.0562524390717947,0.16405434425428966,0.04840473094406686,0.00831233391988879,False,False,ictal_scale,mid,low,low,-0.13809718306934782,0.3054413821307121,0.08466272807158785,0.08615022860487898,0.09071795328941253,1200,500,10,57.08488893508911
-2.4,-0.3,0.21,0.0009,86,223913358,True,,60,-0.16,-0.16042058159484296,0.41489646886395537,-2.603843332656118,-0.3032416310632772,0.00965755918747822,-0.13566229274422587,0.45093447774635803,-2.6726218874550596,0.010529657768727843,11.333758604486189,11.762157233966592,43.13924002008288,39.901692716821586,0.4283986294804034,-3.2375473032612945,True,False,0.09071795328941253,0.06720551273974978,0.7408182206817179,0.0739886679987693,0.05463476027526014,0.7384206494455193,-4.640014334788388,-2.603843332656118,-2.907084963719395,-0.003241631063277184,-0.2038433326561182,0.20489646886395538,0.00875755918747822,0.003241631063277184,0.2038433326561182,0.20489646886395538,0.00875755918747822,False,False,ictal_scale,mid,low,low,-0.13521863948955545,0.3151171390049639,0.08466175010973279,0.08607240008886542,0.09071795328941253,1200,500,10,45.28473448753357
-2.4,-0.3,0.21,0.0009,87,387063664,True,,60,-0.16,-0.13582941522082176,-0.028705068247858286,-2.8864883741884837,0.9326731422837802,0.008292262880576322,-0.13761748998009457,0.10279585131674743,-4.746747943313229,0.07295536622525567,10.919937308221714,9.679105745167611,42.311597427553934,35.73558973922363,-1.240831563054103,-6.576007688330307,False,False,0.09071795328941253,0.06720551273974978,0.7408182206817179,0.05577171854513032,0.14173229716408742,2.5412933447513906,-4.792432381995511,-2.8864883741884837,-1.9538152319047035,1.2326731422837802,-0.4864883741884838,-0.23870506824785828,0.007392262880576322,1.2326731422837802,0.4864883741884838,0.23870506824785828,0.007392262880576322,False,False,ictal_scale,mid,low,low,-0.14348291478354402,0.2767698476938549,0.0853917348909199,0.08679072729191496,0.09071795328941253,1200,500,10,51.52821373939514
-2.4,-0.3,0.21,0.0009,88,115202430,True,,60,-0.16,-0.12767933532935127,0.15664478417698158,-2.216681961135036,-1.7736888543124358,0.0090421800700521,-0.08822416695099872,0.3544618349776211,-2.6490236576272292,0.010959783299263143,10.469529676355757,12.149540044518481,41.41078216382202,40.67645833792537,1.6800103681627245,-0.7343238258966522,True,False,0.09071795328941253,0.06720551273974978,0.7408182206817179,0.10897007659049655,0.01849285541178584,0.16970581273683924,-4.705854975460411,-2.216681961135036,-3.9903708154474717,-1.4736888543124358,0.183318038864964,-0.053355215823018415,0.0081421800700521,1.4736888543124358,0.183318038864964,0.053355215823018415,0.0081421800700521,False,False,ictal_scale,mid,low,low,-0.10464359211125658,0.29673515960890373,0.08429962533868046,0.08468427946649762,0.09071795328941253,1200,500,10,49.156819343566895
-2.4,-0.3,0.21,0.0009,89,1530015127,True,,60,-0.16,-0.11085515549233195,0.15977947291039699,-2.8471148383358367,0.7683807466117822,0.00575398475273258,-0.14914109823015798,0.2615467246157334,-2.9156375870974474,0.018325765097810826,7.96921691084348,8.42711447571328,36.41015663279747,33.23160720031496,0.4578975648697998,-3.178549432482505,True,False,0.09071795328941253,0.06720551273974978,0.7408182206817179,0.05801145207624818,0.12508846253219041,2.156271874866683,-5.157862663711596,-2.8471148383358367,-2.0787340917240544,1.0683807466117823,-0.44711483833583676,-0.050220527089603006,0.00485398475273258,1.0683807466117823,0.44711483833583676,0.050220527089603006,0.00485398475273258,False,False,ictal_scale,mid,low,low,-0.13576958678393494,0.2811106831694301,0.08486730370529534,0.08541135607638325,0.09071795328941253,1200,500,10,46.79498767852783
-2.4,-0.3,0.21,0.0009,90,105830388,True,,60,-0.16,-0.09311088473539975,0.489736228644144,-3.1954786122301257,1.3534359542291727,0.009046253527634973,-0.11864294107013532,0.4708510576428598,-3.0435893420248323,0.010737668997313994,3.5158009768089924,3.7395691690113053,27.50332476472849,23.856516586911013,0.22376819220231292,-3.6468081778174763,True,False,0.09071795328941253,0.06720551273974978,0.7408182206817179,0.04094692298735787,0.15849334752433097,3.8707022643255735,-4.7054045818285095,-3.1954786122301257,-1.842042658000953,1.6534359542291728,-0.7954786122301258,0.27973622864414405,0.008146253527634973,1.6534359542291728,0.7954786122301258,0.27973622864414405,0.008146253527634973,False,False,ictal_scale,mid,low,low,-0.1303235745998587,0.27988115275812664,0.0848070907982603,0.08522729275181004,0.09071795328941253,1200,500,10,58.62409996986389
-2.4,-0.3,0.21,0.0009,91,608096482,True,,60,-0.16,-0.2120514627562624,0.2546706992493181,-2.329721484873846,-0.5791772959960511,0.0116048186695342,-0.1938820722269579,0.4026120270787379,-2.6149329252543216,0.016291400578176764,14.490350428708066,15.287855985261515,49.452423668526635,46.953090219411436,0.7975055565534497,-2.4993334491151984,True,False,0.09071795328941253,0.06720551273974978,0.7408182206817179,0.09732284920080642,0.05453575262808757,0.5603591867266839,-4.456334864579517,-2.329721484873846,-2.9088987808698974,-0.27917729599605107,0.0702785151261538,0.04467069924931813,0.0107048186695342,0.27917729599605107,0.0702785151261538,0.04467069924931813,0.0107048186695342,False,False,ictal_scale,mid,low,low,-0.2270462979205313,0.3157798433053422,0.08415078194031239,0.08547289316255173,0.09071795328941253,1200,500,10,51.11808800697327
-2.4,-0.3,0.21,0.0009,92,2144603107,True,,60,-0.16,-0.11064520885447074,-0.08364700641457648,-2.7353470308369405,-0.9290253606741221,0.004060076330218198,-0.12210679677043665,-0.13109299044361739,-2.803547113328395,0.002181526401386312,2.4056113187614807,3.2708634264872662,25.282945448633463,22.919105101862932,0.8652521077257855,-2.3638403467705302,True,False,0.09071795328941253,0.06720551273974978,0.7408182206817179,0.06487149078942528,0.02562024572266205,0.39493844539238526,-5.50655350499887,-2.7353470308369405,-3.664372391511063,-0.6290253606741221,-0.3353470308369406,-0.2936470064145765,0.0031600763302181986,0.6290253606741221,0.3353470308369406,0.2936470064145765,0.0031600763302181986,False,False,ictal_scale,mid,low,low,-0.12268391943162468,0.25461389430255377,0.08527429024124704,0.08539204692643437,0.09071795328941253,1200,500,10,60.61648106575012
-2.4,-0.3,0.21,0.0009,93,499385554,True,,60,-0.16,-0.11534736936453824,-0.10037465866842786,-1.782936660674104,-2.756427497735444,0.009441414220470849,-0.14024614867609042,-0.09931277238934355,-3.2869003325421846,0.06971236523529858,16.809550473908136,18.23794711147278,54.090823758926774,52.85327247183396,1.4283966375646457,-1.2375512870928134,True,False,0.09071795328941253,0.06720551273974978,0.7408182206817179,0.1681436407077276,0.010680195307378765,0.06351828271604636,-4.662649498554792,-1.782936660674104,-4.539364158409548,-2.456427497735444,0.617063339325896,-0.31037465866842784,0.008541414220470849,2.456427497735444,0.617063339325896,0.31037465866842784,0.008541414220470849,False,False,ictal_scale,mid,low,low,-0.12931781623661423,0.32863421965852596,0.08426621326159513,0.0852626150380835,0.09071795328941253,1200,500,10,57.36606001853943
-2.4,-0.3,0.21,0.0009,94,2035892179,True,,60,-0.16,-0.08661327126440767,0.23881858623042107,-2.1688469032886935,-1.6560689522558443,0.013748527899157491,-0.06182083105635544,0.3943647899992295,-2.488963024786824,0.008323959219054497,13.825037367697206,14.953905292545011,48.121797546504915,46.285188833978424,1.128867924847805,-1.8366087125264912,True,False,0.09071795328941253,0.06720551273974978,0.7408182206817179,0.11430935068169372,0.02182027150866215,0.19088789655907476,-4.286823522480544,-2.1688469032886935,-3.8249158555445377,-1.3560689522558442,0.23115309671130646,0.028818586230421078,0.012848527899157492,1.3560689522558442,0.23115309671130646,0.028818586230421078,0.012848527899157492,False,False,ictal_scale,mid,low,low,-0.07015036122799982,0.3127950691609708,0.08412440789899339,0.0847343605207013,0.09071795328941253,1200,500,10,57.31309270858765
-2.4,-0.3,0.21,0.0009,95,490013512,True,,60,-0.16,-0.09228045994693865,0.26116443974658904,-2.567321377215266,-1.6447580750475272,0.008261254644675685,-0.08802521615546968,0.40167122358099133,-3.378260690729837,0.030309217818832834,2.8709506230817476,3.41750009896829,26.213624057273996,23.21237844682498,0.5465494758865423,-3.001245610449015,True,False,0.09071795328941253,0.06720551273974978,0.7408182206817179,0.07674083009708405,0.014815528100366064,0.19305926299758674,-4.796178808955447,-2.567321377215266,-4.212079452262794,-1.3447580750475272,-0.16732137721526597,0.05116443974658905,0.0073612546446756855,1.3447580750475272,0.16732137721526597,0.05116443974658905,0.0073612546446756855,False,False,ictal_scale,mid,low,low,-0.08198277651296905,0.26146277359715636,0.08504471672962086,0.08551509276738394,0.09071795328941253,1200,500,10,48.96070146560669
-2.4,-0.3,0.21,0.0009,96,1155204045,True,,60,-0.16,-0.1550488636963066,0.023475779312964334,-3.3178614437321796,1.5842146984858663,0.009214271896445303,-0.1430205483955505,0.18106367677251411,-3.9188460906113836,0.043940419409801,3.413193291427887,2.70615385256309,27.29810939396628,21.78968595401458,-0.7070394388647969,-5.508423439951699,False,False,0.09071795328941253,0.06720551273974978,0.7408182206817179,0.03623022934905178,0.17663907628951775,4.875461167737287,-4.687001703847435,-3.3178614437321796,-1.7336467452463133,1.8842146984858663,-0.9178614437321797,-0.18652422068703567,0.008314271896445303,1.8842146984858663,0.9178614437321797,0.18652422068703567,0.008314271896445303,False,False,ictal_scale,mid,low,low,-0.1395900163626625,0.2538035887412553,0.08513459801096825,0.08544064448818829,0.09071795328941253,1200,500,10,54.608174324035645
-2.4,-0.3,0.21,0.0009,97,381302584,True,,60,-0.16,-0.1640460411573339,0.2492425074884827,-3.021113880699856,1.5226942162420147,0.00728419875429356,-0.1568304115676254,0.38069784636955767,-2.67822906589336,0.012166581082633635,8.867625411476704,9.312507284337109,38.206973634063914,35.00239281756262,0.4448818728604049,-3.2045808165012915,True,False,0.09071795328941253,0.06720551273974978,0.7408182206817179,0.04874688989008547,0.22348305944724636,4.584560367874876,-4.922047831067632,-3.021113880699856,-1.4984196644578411,1.8226942162420148,-0.621113880699856,0.03924250748848271,0.0063841987542935606,1.8226942162420148,0.621113880699856,0.03924250748848271,0.0063841987542935606,False,False,ictal_scale,mid,low,low,-0.14912649172277845,0.28278146470697324,0.08523464819349269,0.0859861080113089,0.09071795328941253,1200,500,10,54.55603313446045
-2.4,-0.3,0.21,0.0009,98,1263914973,True,,60,-0.16,-0.16399216265823033,0.19278773391601434,-2.3362592419473605,-3.193008188098162,0.006657877630358376,-0.1683267678983389,0.30409193743620083,-3.591381919729888,0.03606237006061051,1.668758449547564,2.9503057244908297,23.80923971020563,22.277989697870062,1.2815472749432657,-1.531250012335569,True,False,0.09071795328941253,0.06720551273974978,0.7408182206817179,0.09668865142943148,0.003968895517988785,0.04104820430643294,-5.011954519337591,-2.3362592419473605,-5.529267430045522,-2.893008188098162,0.06374075805263946,-0.017212266083985656,0.005757877630358376,2.893008188098162,0.06374075805263946,0.017212266083985656,0.005757877630358376,False,False,ictal_scale,mid,low,low,-0.17949507410335028,0.25606198793130946,0.08547070039835834,0.08624790522365172,0.09071795328941253,1200,500,10,46.76007676124573
-2.4,-0.3,0.21,0.0009,99,371930542,True,,60,-0.16,-0.24989628010931703,0.10196184834319733,-1.697152818012113,-2.675908038613863,0.01238435310450704,-0.22388782892842157,0.08511907613452636,-2.9227358534141064,0.06530695445731294,20.06308112117079,22.098653673212162,60.59788505345208,60.57468559531273,2.0355725520413728,-0.023199458139352203,True,False,0.09071795328941253,0.06720551273974978,0.7408182206817179,0.18320439845213538,0.012612576137811329,0.06884428673314053,-4.3913214495804125,-1.697152818012113,-4.373060856625976,-2.375908038613863,0.702847181987887,-0.10803815165680267,0.01148435310450704,2.375908038613863,0.702847181987887,0.10803815165680267,0.01148435310450704,False,False,ictal_scale,mid,low,low,-0.2265419080452759,0.35385863260015676,0.08363715960470411,0.08530472918835072,0.09071795328941253,1200,500,10,45.47918462753296
-2.4,1.45,0.21,0.0009,0,1253382067,True,,60,-0.16,-0.24687508525585178,0.4481192986264726,-3.133209912851471,2.2355875528615314,0.012193049396909305,-0.21609780968510048,0.45214663258391125,-2.5272297905513117,0.01998052585216894,14.620271812842986,16.328504621124914,49.712266436796476,49.03438749113823,1.7082328082819274,-0.677878945658243,True,False,0.09071795328941253,0.38674102345450123,4.263114515168817,0.043577691916768975,0.4075374861459263,9.351975017958745,-4.406889211160735,-3.133209912851471,-0.8976223599899398,0.7855875528615315,-0.7332099128514713,0.2381192986264726,0.011293049396909305,0.7855875528615315,0.7332099128514713,0.2381192986264726,0.011293049396909305,True,True,strong,mid,low,low,-0.2365003097341372,0.3368035082459314,0.14052221510464952,0.1224910316285433,0.4390122436064938,1200,500,10,49.83878993988037
-2.4,1.45,0.21,0.0009,1,1505078602,True,,60,-0.16,-0.11711716831917565,0.24432114998023519,-2.371181017271627,0.6276060679969105,0.010773891424732306,-0.12152280052804688,0.3153066617209662,-2.552471050146157,0.03738895787901707,21.659796159908044,21.64680654674374,63.79131513092659,59.670991342375885,-0.012989613164304359,-4.1203237885507065,False,False,0.09071795328941253,0.38674102345450123,4.263114515168817,0.09337038909364499,0.17489404435113537,1.8731210831276175,-4.530629532300813,-2.371181017271627,-1.7435749492747163,-0.8223939320030894,0.028818982728373133,0.034321149980235194,0.009873891424732306,0.8223939320030894,0.028818982728373133,0.034321149980235194,0.009873891424732306,True,True,strong,mid,low,low,-0.11582098899068062,0.35252727817408647,0.14494351458008542,0.13298444890030703,0.4220214147938693,1200,500,10,53.347965717315674
-2.4,1.45,0.21,0.0009,2,1244010025,True,,60,-0.16,-0.1220032393225114,-0.08258135561317025,-1.9942545536032745,0.3076849762130027,0.019064363370523623,-0.12288086218894964,-0.08554136780275622,-1.905831937896977,0.004096387644262236,31.22191737038969,31.36966418601844,82.91555755188989,79.11670662092529,0.14774681562875003,-3.798850930964605,True,False,0.09071795328941253,0.38674102345450123,4.263114515168817,0.1361150828553816,0.18515359087692093,1.3602724032695286,-3.9599344788069377,-1.9942545536032745,-1.6865695773902718,-1.1423150237869972,0.4057454463967254,-0.2925813556131702,0.01816436337052362,1.1423150237869972,0.4057454463967254,0.2925813556131702,0.01816436337052362,True,True,strong,mid,low,low,-0.11237784115565773,0.4059522945036431,0.15607818221469588,0.14921870141635607,0.28093487758009333,1200,500,10,51.70612454414368
-2.4,1.45,0.21,0.0009,3,1514450644,True,,60,-0.16,-0.14293593548868952,0.40880082066352336,-2.3896086912022123,1.8408761653994268,0.03316752194278268,-0.16487063175492989,0.46352526962264384,-1.6453758251493067,0.032832872310154367,40.67887656044124,49.90247512241465,101.82947593199299,116.1823284937177,9.22359856197341,14.352852561724717,True,True,0.09071795328941253,0.38674102345450123,4.263114515168817,0.09166554639514635,0.5776815430063829,6.302057487511697,-3.406184136598606,-2.3896086912022123,-0.5487325258027855,0.3908761653994268,0.010391308797787602,0.19880082066352336,0.03226752194278268,0.3908761653994268,0.010391308797787602,0.19880082066352336,0.03226752194278268,True,True,strong,mid,low,low,-0.16791201482391951,0.5590435180782181,0.21016197692163144,0.14387308319540465,2.0618354660952423,1200,500,10,47.73256301879883
-2.4,1.45,0.21,0.0009,4,1135299097,True,,60,-0.16,-0.143736664719391,0.04243341843237374,-2.771151866460859,1.7226558780932466,0.007897103673892928,-0.16412061590139304,0.038757001216572495,-2.3168244655315107,0.006231684588059498,18.086413958943215,19.22956926618052,56.64455072899693,54.83651678124944,1.1431553072373042,-1.8080339477474894,True,False,0.09071795328941253,0.38674102345450123,4.263114515168817,0.06258986803442347,0.3504644555434441,5.5993800042954875,-4.8412592102898655,-2.771151866460859,-1.0484959883676126,0.27265587809324665,-0.3711518664608593,-0.16756658156762624,0.006997103673892929,0.27265587809324665,0.3711518664608593,0.16756658156762624,0.006997103673892929,True,True,strong,mid,low,low,-0.13653724187015956,0.32763410571031243,0.13933829014304636,0.12627468472911094,0.26536534356267616,1200,500,10,47.582653760910034
-2.4,1.45,0.21,0.0009,5,1623161572,True,,60,-0.16,-0.18037535981368802,0.10895752674454752,-1.8615202835227789,-0.38596193013461677,0.021770029560054284,-0.17673149094523438,0.14376517000539973,-1.9336982078143206,0.011969934240769949,30.496323011207085,30.419251879522825,81.46436883352467,77.21588200793406,-0.07707113168426005,-4.248486825590618,False,False,0.09071795328941253,0.38674102345450123,4.263114515168817,0.15543614364208613,0.1056649316464564,0.6797964049453321,-3.8272210459022307,-1.8615202835227789,-2.2474822136573955,-1.8359619301346166,0.538479716477221,-0.10104247325545247,0.020870029560054282,1.8359619301346166,0.538479716477221,0.10104247325545247,0.020870029560054282,True,True,strong,mid,low,low,-0.18408928465412025,0.4028306867867107,0.15434286831085578,0.13680730714012906,0.33858740183378006,1200,500,10,47.632713317871094
-2.4,1.45,0.21,0.0009,6,1125927055,True,,60,-0.16,-0.08783636519478455,0.3281038945498801,-2.851870092220047,1.9943617277978434,0.013856776942441112,-0.05723728714867844,0.24169924469655904,-2.298504677346843,0.010767611714612792,21.16258585017652,24.40168154957131,62.79689451146354,65.18074134803102,3.2390956993947917,2.3838468365674785,True,True,0.09071795328941253,0.38674102345450123,4.263114515168817,0.057736247745252454,0.424217762656411,7.347511818367061,-4.278980856098308,-2.851870092220047,-0.8575083644222037,0.5443617277978434,-0.45187009222004715,0.1181038945498801,0.012956776942441113,0.5443617277978434,0.45187009222004715,0.1181038945498801,0.012956776942441113,True,True,strong,mid,low,low,-0.06594733574351408,0.35843113327699194,0.1461132561712796,0.12859715116482834,0.44157283192716984,1200,500,10,51.057379722595215
-2.4,1.45,0.21,0.0009,7,1628193149,True,,60,-0.16,-0.07035936414798144,0.16963693273489278,-2.2860293553683135,0.6082319790766868,0.012407256839602646,-0.056862441595229594,0.2645867160996039,-2.1784446579671144,0.01636264525354556,25.392035075506936,25.401749393930235,71.25579296212437,67.18087703674887,0.009714318423299062,-4.074915925375507,True,False,0.09071795328941253,0.38674102345450123,4.263114515168817,0.10166935432910129,0.1867849402112211,1.837180352366581,-4.389473748550641,-2.2860293553683135,-1.6777973762916267,-0.8417680209233132,0.11397064463168638,-0.040363067265107216,0.011507256839602647,0.8417680209233132,0.11397064463168638,0.040363067265107216,0.011507256839602647,True,True,strong,mid,low,low,-0.08422444613594884,0.36966311371915067,0.14834343892737764,0.13549568925252656,0.31194457973023626,1200,500,10,47.23397779464722
-2.4,1.45,0.21,0.0009,8,1017216127,True,,60,-0.16,-0.16990050089511483,0.22573682844757892,-2.025612795272914,0.11026821266628978,0.015972388187569037,-0.17116767668511915,0.2398779399803278,-1.973824006596846,0.012936664848925309,28.595132639030236,28.338731925001333,77.66198808917098,73.05484209889107,-0.25640071402890285,-4.6071459902799035,False,False,0.09071795328941253,0.38674102345450123,4.263114515168817,0.1319129827626445,0.14729106989989627,1.116577510531485,-4.136893785820994,-2.025612795272914,-1.9153445826066242,-1.3397317873337102,0.374387204727086,0.015736828447578927,0.015072388187569037,1.3397317873337102,0.374387204727086,0.015736828447578927,0.015072388187569037,True,True,strong,mid,low,low,-0.16975367406473552,0.3906010395069994,0.1498799163083211,0.11829393922844553,0.39044612255244704,1200,500,10,37.93474054336548
-2.4,1.45,0.21,0.0009,9,1519482221,True,,60,-0.16,-0.17670690590810068,0.18955003325041053,-2.801224992065224,2.203918539765276,0.014070924381989026,-0.1835853549415877,0.29186762926669796,-2.2109894060830078,0.037121636086870954,25.180876861695054,27.43914322847241,70.83347653450062,71.25566470583323,2.258266366777356,0.422188171332607,True,True,0.09071795328941253,0.38674102345450123,4.263114515168817,0.06073561638835055,0.5502918790717686,9.060447753639952,-4.263644711222935,-2.801224992065224,-0.5973064522999483,0.7539185397652759,-0.4012249920652242,-0.02044996674958946,0.013170924381989026,0.7539185397652759,0.4012249920652242,0.02044996674958946,0.013170924381989026,True,True,strong,mid,low,low,-0.1925033567114889,0.3943904094390028,0.153159139625188,0.13224144433465485,0.3168370436781248,1200,500,10,39.28769659996033
-2.4,1.45,0.21,0.0009,10,1139639562,True,,60,-0.16,-0.14805989147623064,-0.19076108685479845,-2.5380015040679957,1.9724288308490334,0.013783468215960624,-0.15861210506200668,-0.2241711721919169,-1.5481485509894677,0.011568938420704803,33.96699360769237,36.24664341550978,88.40571002649526,88.87066507990797,2.279649807817407,0.4649550534127087,True,True,0.09071795328941253,0.38674102345450123,4.263114515168817,0.07902417157044694,0.5680347553031456,7.188114016440715,-4.284285360306255,-2.5380015040679957,-0.5655726732189623,0.5224288308490335,-0.13800150406799583,-0.40076108685479844,0.012883468215960625,0.5224288308490335,0.13800150406799583,0.40076108685479844,0.012883468215960625,True,True,strong,mid,low,low,-0.1485983998791997,0.4548284854086496,0.1662842516565093,0.136835010762827,0.391208772827015,1200,500,10,49.30829930305481
-2.4,1.45,0.21,0.0009,11,1510110179,True,,60,-0.16,-0.12446454964465943,0.39590742699694786,-2.624007676970428,1.022284314140677,0.012712994168837102,-0.1262502882836367,0.4076133600728248,-2.227458736687398,0.01305064749860941,21.75226778605825,21.14854272273775,63.976258383227005,58.67446369436391,-0.6037250633204998,-5.301794688863097,False,False,0.09071795328941253,0.38674102345450123,4.263114515168817,0.07251167635110874,0.2015488766821859,2.7795368528823716,-4.36513064569143,-2.624007676970428,-1.601723362829751,-0.42771568585932296,-0.224007676970428,0.18590742699694787,0.011812994168837103,0.42771568585932296,0.224007676970428,0.18590742699694787,0.011812994168837103,True,True,strong,mid,low,low,-0.13935364392659982,0.3688212943692902,0.1478088625950553,0.1369463066296085,0.3956415371324931,1200,500,10,48.571792125701904
-2.4,1.45,0.21,0.0009,12,899133157,True,,60,-0.16,-0.2614141681036665,0.23838976417303415,-2.2448264179813675,0.4191605299000323,0.015930197619428016,-0.2634634061093593,0.3090284978613285,-2.322490617442041,0.02616241697885681,24.94701872002215,25.370180952636684,70.3657602511548,67.11774015416177,0.42316223261453345,-3.248020096993031,True,False,0.09071795328941253,0.38674102345450123,4.263114515168817,0.1059459290857609,0.1611103269566285,1.520684450520163,-4.139538749648865,-2.2448264179813675,-1.8256658880813352,-1.0308394700999677,0.1551735820186324,0.028389764173034154,0.015030197619428016,1.0308394700999677,0.1551735820186324,0.028389764173034154,0.015030197619428016,True,True,strong,mid,low,low,-0.27994179569960315,0.3791591527757339,0.15342182168236038,0.13229621143084758,0.45778831450299245,1200,500,10,47.27194905281067
-2.4,1.45,0.21,0.0009,13,1401399251,True,,60,-0.16,-0.09621728274673105,0.051594730256899785,-2.298907982437372,0.8494408638672211,0.011320843040851084,-0.12176430994372481,-0.029791222089302828,-6.033992722040718,0.1359060030747338,25.38016765119336,25.09937930320208,71.23205811349723,66.57613685529256,-0.2807883479912796,-4.655921258204671,False,False,0.09071795328941253,0.38674102345450123,4.263114515168817,0.10036838794217753,0.23469531955483033,2.338339036490641,-4.481109735406702,-2.298907982437372,-1.449467118570151,-0.6005591361327789,0.10109201756262776,-0.1584052697431002,0.010420843040851084,0.6005591361327789,0.10109201756262776,0.1584052697431002,0.010420843040851084,True,True,strong,mid,low,low,-0.11551737850042132,0.36974970910284716,0.14682463553933547,0.13848941567101986,0.325209842568644,1200,500,10,43.63263702392578
-2.4,1.45,0.21,0.0009,14,144479420,True,,60,-0.16,-0.26497612102799883,0.21973154564536473,-2.458434673675396,1.9239084434868106,0.013957543267007804,-0.29086166747410624,0.3609431721870509,-1.7054047851787622,0.022873439194438686,34.37124415530533,38.14619855622991,89.21421112172115,92.66977536134823,3.7749544009245852,3.45556423962708,True,True,0.09071795328941253,0.38674102345450123,4.263114515168817,0.08556878926809128,0.5859468283133485,6.847669966178299,-4.271735180873562,-2.458434673675396,-0.5345262301885854,0.4739084434868106,-0.05843467367539601,0.009731545645364742,0.013057543267007804,0.4739084434868106,0.05843467367539601,0.009731545645364742,0.013057543267007804,True,True,strong,mid,low,low,-0.2730955573715144,0.46037022230062585,0.17074385907221906,0.13788514165959043,0.6077104848865746,1200,500,10,47.791987657547
-2.4,1.45,0.21,0.0009,15,1392027209,True,,60,-0.16,-0.1690642248697596,0.19878158656449804,-2.5741429981867614,2.204376570076559,0.017974511277713046,-0.148448055705867,0.31375706336342235,-1.6415458267192249,0.03342377450489851,33.5137231989372,39.26117002230415,87.49916920898491,94.8997182934967,5.74744682336695,7.400549084511795,True,True,0.09071795328941253,0.38674102345450123,4.263114515168817,0.07621911473649222,0.6908956856035684,9.064598663893706,-4.0188005647453195,-2.5741429981867614,-0.3697664281102022,0.7543765700765592,-0.1741429981867615,-0.01121841343550195,0.017074511277713044,0.7543765700765592,0.1741429981867615,0.01121841343550195,0.017074511277713044,True,True,strong,mid,low,low,-0.14927496787104402,0.4675885759918445,0.17163047336263376,0.13334290942010008,0.6630182687212772,1200,500,10,49.72529602050781
-2.4,1.45,0.21,0.0009,16,253190348,True,,60,-0.16,-0.16656668032057825,0.053608961531203925,-2.6362419914665147,1.8971931093736631,0.013130908552141999,-0.1561148915803804,-0.0652487658715671,-1.8952043157677694,0.008754548823295318,24.924748612238652,27.91759458285403,70.3212200355878,72.21256741459646,2.9928459706153774,1.8913473790086641,True,True,0.09071795328941253,0.38674102345450123,4.263114515168817,0.07162995035249507,0.4775679229829241,6.667154181076282,-4.3327863964017,-2.6362419914665147,-0.7390488820928516,0.4471931093736632,-0.2362419914665148,-0.15639103846879607,0.012230908552142,0.4471931093736632,0.2362419914665148,0.15639103846879607,0.012230908552142,True,True,strong,mid,low,low,-0.15320098405080806,0.3811651696795374,0.14861667847426543,0.12493649388452885,0.42559184602406,1200,500,10,48.34424304962158
-2.4,1.45,0.21,0.0009,17,1283316281,True,,60,-0.16,-0.13771373129939427,0.028160177689583902,-2.7178173551343385,2.123064605322699,0.011376779607254698,-0.14824038163811495,0.13308369911674703,-2.6990463188565452,0.06966762996977381,24.57943634611668,26.88862594649106,69.63059550334387,70.15463014187053,2.3091896003743813,0.5240346385266577,True,True,0.09071795328941253,0.38674102345450123,4.263114515168817,0.06601869264679458,0.5516989566767649,8.356708298184568,-4.476180877392566,-2.7178173551343385,-0.5947527498116396,0.673064605322699,-0.3178173551343386,-0.1818398223104161,0.010476779607254698,0.673064605322699,0.3178173551343386,0.1818398223104161,0.010476779607254698,True,True,strong,mid,low,low,-0.1452173360536843,0.38399765034359035,0.15168128557591748,0.13173684671562735,0.5649395839951824,1200,500,10,46.356778383255005
-2.4,1.45,0.21,0.0009,18,1884921261,True,,60,-0.16,-0.19060177792163224,0.20015817167200242,-2.20182292698189,0.02644300097856123,0.020096052856181573,-0.21535395082766778,0.312625987116762,-2.1235333545057573,0.012220860870893174,25.688913909135984,25.993817380643133,71.84955062938246,68.36501301017466,0.30490347150714925,-3.4845376192077993,True,False,0.09071795328941253,0.38674102345450123,4.263114515168817,0.11060135628638461,0.11356499917727027,1.0267957192424637,-3.907231858515613,-2.20182292698189,-2.1753799260033286,-1.4235569990214387,0.19817707301811005,-0.00984182832799757,0.01919605285618157,1.4235569990214387,0.19817707301811005,0.00984182832799757,0.01919605285618157,True,True,strong,mid,low,low,-0.1865771781585718,0.3726350033189929,0.14835935835702616,0.13241375012254258,0.35264254724108113,1200,500,10,40.92688727378845
-2.4,1.45,0.21,0.0009,19,1907779943,True,,60,-0.16,-0.10108601359324945,0.23355250485368267,-2.394892888263092,1.722479396891213,0.020495966624064308,-0.04198362505346845,0.20596577019496623,-1.4658454415910223,0.009521953003023055,36.25327245262979,39.499907207480234,92.97826771637008,95.37719266384887,3.2466347548504473,2.3989249474787897,True,True,0.09071795328941253,0.38674102345450123,4.263114515168817,0.0911824451096231,0.5104750626869259,5.598391906174624,-3.8875271622412475,-2.394892888263092,-0.6724134913718789,0.27247939689121314,0.005107111736907921,0.023552504853682682,0.019595966624064307,0.27247939689121314,0.005107111736907921,0.023552504853682682,0.019595966624064307,True,True,strong,mid,low,low,-0.048855024461046184,0.4686181778373639,0.17539965806162205,0.14593046463623652,0.863406196973317,1200,500,10,41.734041690826416
-2.4,1.45,0.21,0.0009,20,371273318,True,,60,-0.16,-0.10585755832040694,0.1702460997496671,-2.2809211278132495,1.2807638691034264,0.015223044742480284,-0.11510323978772699,0.2491896933757516,-1.794591736935696,0.003082483641177182,30.80380691218972,33.58411445818329,82.07933663548994,83.54560716525499,2.7803075459935727,1.4662705297650547,True,True,0.09071795328941253,0.38674102345450123,4.263114515168817,0.10219003326742544,0.36782159347379967,3.5993881371114895,-4.184944897772488,-2.2809211278132495,-1.000157258709823,-0.16923613089657352,0.1190788721867504,-0.0397539002503329,0.014323044742480284,0.16923613089657352,0.1190788721867504,0.0397539002503329,0.014323044742480284,True,True,strong,mid,low,low,-0.12905111326421187,0.40900642201100446,0.15630709541099444,0.13010530734326325,0.437986947624977,1200,500,10,47.4700288772583
-2.4,1.45,0.21,0.0009,21,2016490871,True,,60,-0.16,-0.17766179066913243,0.27797780265283756,-2.8570443424162644,2.117749978709235,0.011891261840459614,-0.1446800103089649,0.1194036370799746,-2.2115615765347005,0.008751655894520049,21.63056170440732,23.487069453684235,63.73284621992514,63.351517156256875,1.8565077492769149,-0.381329063668268,True,False,0.09071795328941253,0.38674102345450123,4.263114515168817,0.05743827750510729,0.4774507032265468,8.312413323747268,-4.431951447715344,-2.8570443424162644,-0.7392943637070295,0.6677499787092349,-0.45704434241626446,0.06797780265283757,0.010991261840459614,0.6677499787092349,0.45704434241626446,0.06797780265283757,0.010991261840459614,True,True,strong,mid,low,low,-0.1618686404640873,0.35628214471402064,0.14522138594762393,0.1325113675194231,0.33845476084446585,1200,500,10,50.7673614025116
-2.4,1.45,0.21,0.0009,22,1766838291,True,,60,-0.16,-0.088134385418253,0.4966083765575864,-2.530904736003621,1.796263954067175,0.023550537339483403,-0.09862597905840377,0.41542519536503847,-1.669860123471373,0.0162218551830417,33.903252329978066,36.699122179956795,88.27822747106663,89.775622608802,2.795869849978729,1.4973951377353671,True,True,0.09071795328941253,0.38674102345450123,4.263114515168817,0.07958698249473768,0.4796777369381562,6.027087871686461,-3.7486066418168114,-2.530904736003621,-0.7346407819364462,0.34626395406717503,-0.1309047360036213,0.2866083765575864,0.0226505373394834,0.34626395406717503,0.1309047360036213,0.2866083765575864,0.0226505373394834,True,True,strong,mid,low,low,-0.11645032160760611,0.488786410843446,0.1747382673608655,0.13635316181629892,0.5242551647983501,1200,500,10,44.6486873626709
-2.4,1.45,0.21,0.0009,23,2025862913,True,,60,-0.16,-0.15670834092354524,0.07984355250551806,-2.670511774886779,1.9207334876410853,0.018887578307903354,-0.1593169070434965,-0.1869282418172964,-2.7359027258679425,0.06539899979157882,25.367080049908843,25.927794531765294,71.20588291092818,68.23296731241899,0.5607144818564507,-2.9729155985091893,True,False,0.09071795328941253,0.38674102345450123,4.263114515168817,0.06921679282707975,0.4724712940412771,6.825963393328904,-3.969250805374489,-2.670511774886779,-0.7497782872456937,0.47073348764108536,-0.27051177488677913,-0.13015644749448194,0.017987578307903353,0.47073348764108536,0.27051177488677913,0.13015644749448194,0.017987578307903353,True,True,strong,mid,low,low,-0.15379823876345514,0.37755205310658896,0.1475302841190134,0.1222579630487794,0.5586840938228498,1200,500,10,53.64741396903992
-2.4,1.45,0.21,0.0009,24,1658127363,True,,60,-0.16,-0.056258807099079745,0.12075197154235855,-2.580517225470881,1.2854268278565395,0.013298731393537853,-0.08198071434950209,0.1946484107875397,-2.2149195023484336,0.02124236914292285,23.887456087930506,23.301050872419818,68.24663498697151,62.979479993728035,-0.5864052155106876,-5.26715499324348,False,False,0.09071795328941253,0.38674102345450123,4.263114515168817,0.07573482191180064,0.27387310573701257,3.616211127504334,-4.320086632248289,-2.580517225470881,-1.2950903976143415,-0.16457317214346046,-0.18051722547088112,-0.08924802845764145,0.012398731393537853,0.16457317214346046,0.18051722547088112,0.08924802845764145,0.012398731393537853,True,True,strong,mid,low,low,-0.07715559195762542,0.3618882684849184,0.14565683030268978,0.1205883311394581,0.3963657153844677,1200,500,10,47.59293222427368
-2.4,1.45,0.21,0.0009,25,2134573841,True,,60,-0.16,-0.11117424151486087,0.2724519229255896,-2.188118469486969,0.28117847269162877,0.015147922430926861,-0.09721706503663,0.28991806361425737,-2.2079545995444816,0.02498655184156532,24.924458683190203,25.05286896309024,70.3206401774909,66.48311617506889,0.12841027990003795,-3.8375240024220147,True,False,0.09071795328941253,0.38674102345450123,4.263114515168817,0.1121275216205092,0.1485342070448898,1.3246900038297242,-4.18989188970254,-2.188118469486969,-1.9069399967953404,-1.168821527308371,0.21188153051303082,0.062451922925589626,0.014247922430926862,1.168821527308371,0.21188153051303082,0.062451922925589626,0.014247922430926862,True,True,strong,mid,low,low,-0.11341001566193283,0.37487205654997285,0.14738060512214052,0.12065286713115592,0.430990701164249,1200,500,10,50.25768852233887
-2.4,1.45,0.21,0.0009,26,515175900,True,,60,-0.16,-0.16642992642674978,0.23991821518291795,-2.353048979897584,0.9142862197871064,0.013408452016489667,-0.13545320998150878,0.26557110679187085,-2.172048497226939,0.016632663170457043,25.169284242415518,25.110147343454067,70.81029129594154,66.59767293579654,-0.05913689896145158,-4.212618360145001,False,False,0.09071795328941253,0.38674102345450123,4.263114515168817,0.09507882639606373,0.2372210765709779,2.4949937390139985,-4.31187002336364,-2.353048979897584,-1.4387627601104778,-0.5357137802128935,0.0469510201024157,0.029918215182917957,0.012508452016489667,0.5357137802128935,0.0469510201024157,0.029918215182917957,0.012508452016489667,True,True,strong,mid,low,low,-0.1699374294758066,0.3739652772994393,0.14840825206777153,0.13204115170211056,0.3549289009898459,1200,500,10,42.41940903663635
-2.4,1.45,0.21,0.0009,27,2143945883,True,,60,-0.16,-0.23420195755825512,0.3834537950079717,-2.816829077651801,1.594872776365368,0.013879487474648997,-0.18659509001196511,0.4239458534686691,-2.571881509980858,0.026633043545921824,18.37808295038471,19.487127746714105,57.22788871187992,55.35163374231661,1.1090447963293961,-1.8762549695633126,True,False,0.09071795328941253,0.38674102345450123,4.263114515168817,0.059795248503128846,0.29465317234030886,4.9277021120648214,-4.277343250042805,-2.816829077651801,-1.2219563012864327,0.1448727763653681,-0.4168290776518009,0.17345379500797173,0.012979487474648997,0.1448727763653681,0.4168290776518009,0.17345379500797173,0.012979487474648997,True,True,strong,mid,low,low,-0.20130206127585382,0.3490687204805382,0.14308107900287562,0.12683411410181172,0.40487924727098773,1200,500,10,43.64443278312683
-2.4,1.45,0.21,0.0009,28,505803858,True,,60,-0.16,-0.07535183735743718,0.2446224843374381,-2.924235286537869,2.173075580810152,0.011948162067055595,-0.07524449971560906,0.04152707449068,-2.151113051440565,0.002193664177553208,20.500061187522693,22.131044310566313,61.47184518615589,60.639466870021025,1.6309831230436203,-0.8323783161348643,True,False,0.09071795328941253,0.38674102345450123,4.263114515168817,0.053705745720275914,0.4718190640684543,8.785262316734299,-4.427177814353379,-2.924235286537869,-0.7511597057277171,0.7230755808101519,-0.524235286537869,0.034622484337438114,0.011048162067055596,0.7230755808101519,0.524235286537869,0.034622484337438114,0.011048162067055596,True,True,strong,mid,low,low,-0.09231997761825445,0.34732647928514004,0.143912029499933,0.12583585883145162,0.28088938935133173,1200,500,10,42.742249965667725
-2.4,1.45,0.21,0.0009,29,105173164,True,,60,-0.16,-0.20287404603949125,0.46448522705411777,-2.594969992412268,1.8504561330860319,0.01329864491957376,-0.1470758071485962,0.45931937767775594,-1.7342372950502045,0.02179267671034558,28.70727240824369,34.29311898728736,77.88626762759787,84.96361622346312,5.585846579043668,7.077348595865246,True,True,0.09071795328941253,0.38674102345450123,4.263114515168817,0.07464811605071871,0.4749651436990681,6.362721108411618,-4.320093134691468,-2.594969992412268,-0.7445138593262359,0.4004561330860319,-0.19496999241226787,0.2544852270541178,0.01239864491957376,0.4004561330860319,0.19496999241226787,0.2544852270541178,0.01239864491957376,True,True,strong,mid,low,low,-0.18943213226709238,0.4700488040356778,0.17188803513863946,0.13662355472639703,0.7910490462198814,1200,500,10,35.19304847717285
-2.4,1.45,0.21,0.0009,30,397092930,True,,60,-0.16,-0.1631760694245104,0.10139254703759819,-2.38120889023921,0.763629242366537,0.010078678622611512,-0.13742345812302303,0.37320033022447857,-2.2791039896565715,0.01970364390713176,23.245846025002493,24.948199769178565,66.9634148611155,66.27377778724554,1.7023537441760723,-0.6896370738699602,True,False,0.09071795328941253,0.38674102345450123,4.263114515168817,0.092438761620744,0.1983782637444989,2.146050642244662,-4.597333113958467,-2.38120889023921,-1.617579647872673,-0.686370757633463,0.018791109760790015,-0.1086074529624018,0.009178678622611512,0.686370757633463,0.018791109760790015,0.1086074529624018,0.009178678622611512,True,True,strong,mid,low,low,-0.15366218862918657,0.3597073311381265,0.14518879455153963,0.13886167897657176,0.2771083155646645,1200,500,10,53.41841387748718
-2.4,1.45,0.21,0.0009,31,114545206,True,,60,-0.16,-0.15137619852914616,0.07356984127848583,-2.255297622833875,0.1067546143454845,0.013215171673968774,-0.150416544230174,0.06658981382104075,-2.3376718341091705,0.021398062239175696,21.566835034659526,21.35681285045598,63.605392880429555,59.09100394980037,-0.21002218420354524,-4.514388930629188,False,False,0.09071795328941253,0.38674102345450123,4.263114515168817,0.10484233561935608,0.11665399790037646,1.112661189883295,-4.3263897401688896,-2.255297622833875,-2.1485430084883905,-1.3432453856545155,0.1447023771661251,-0.13643015872151415,0.012315171673968775,1.3432453856545155,0.1447023771661251,0.13643015872151415,0.012315171673968775,True,True,strong,mid,low,low,-0.15659922456472541,0.3413216056124729,0.14213597561817526,0.13087255344383233,0.2865335755689315,1200,500,10,53.60843062400818
-2.4,1.45,0.21,0.0009,32,1759762759,True,,60,-0.16,-0.16305175403779512,0.2299629738712281,-1.7981739377216004,-1.1148663865008435,0.02178348218595512,-0.13878194727990867,0.30414696117769363,-2.0902772132460212,0.012478138240965535,28.24422327116556,28.789001737864318,76.96016935344161,73.95538172461704,0.5447784666987587,-3.004787628824573,True,False,0.09071795328941253,0.38674102345450123,4.263114515168817,0.1656010100487132,0.054310357508316406,0.32795909573462434,-3.8266032942771906,-1.7981739377216004,-2.913040324222444,-2.564866386500843,0.6018260622783995,0.019962973871228112,0.020883482185955118,2.564866386500843,0.6018260622783995,0.019962973871228112,0.020883482185955118,True,True,strong,mid,low,low,-0.17265408037836893,0.4000202408127918,0.1526380420271317,0.13147338587724888,0.40843877057144307,1200,500,10,49.84661817550659
-2.4,1.45,0.21,0.0009,33,889986982,True,,60,-0.16,-0.19330872251271797,-0.019082461806759755,-3.0843820393081325,2.548459812203988,0.010561241273057041,-0.1901939220987993,0.1236717460496004,-2.4145856283572558,0.010534530446359852,16.393516156081247,17.53195804464509,53.258755123273,51.44129433817858,1.1384418885638432,-1.8174607850944184,True,False,0.09071795328941253,0.38674102345450123,4.263114515168817,0.0457583019969931,0.5851294190315073,12.787393620286823,-4.550564462814801,-3.0843820393081325,-0.5359222271041446,1.098459812203988,-0.6843820393081326,-0.22908246180675976,0.009661241273057041,1.098459812203988,0.6843820393081326,0.22908246180675976,0.009661241273057041,True,True,strong,mid,low,low,-0.19035872724418368,0.3244441675712684,0.1367229460366686,0.12287092918894252,0.30879428085777594,1200,500,10,57.08984732627869
-2.4,1.45,0.21,0.0009,34,279009960,True,,60,-0.16,-0.15704661230420836,-0.018067608675976763,-3.5036633852542227,3.4453173661093426,0.008801809003450728,-0.14060129438052152,0.3916849765552121,-2.5274181904922264,0.004728105481286104,7.6280736832755505,11.089307321009514,35.7278701776616,38.55599289090743,3.4612336377339634,2.8281227132458326,True,True,0.09071795328941253,0.38674102345450123,4.263114515168817,0.030086961156316053,0.9433234829736548,31.353232321225175,-4.732798010050354,-3.5036633852542227,-0.058346019144880135,1.9953173661093426,-1.1036633852542228,-0.22806760867597675,0.007901809003450729,1.9953173661093426,1.1036633852542228,0.22806760867597675,0.007901809003450729,True,True,strong,mid,low,low,-0.18064989982554255,0.28390729032244094,0.13077082486127967,0.12111351082245407,0.2929932457043507,1200,500,10,58.23303151130676
-2.4,1.45,0.21,0.0009,35,880614940,True,,60,-0.16,-0.14757409918472303,0.3389964255342459,-2.211633072689668,0.8757835507885939,0.020928694478841263,-0.10528511477736818,0.3649720849399043,-1.8538753346109802,0.020231371972787522,34.80952467055747,34.44596926619979,90.09077215222544,85.26931678128798,-0.3635554043576832,-4.821455370937457,False,False,0.09071795328941253,0.38674102345450123,4.263114515168817,0.10952164558456311,0.26293471175462557,2.400755671184745,-3.8666341200625354,-2.211633072689668,-1.335849521901074,-0.574216449211406,0.1883669273103319,0.12899642553424592,0.02002869447884126,0.574216449211406,0.1883669273103319,0.12899642553424592,0.02002869447884126,True,True,strong,mid,low,low,-0.1246875191808608,0.4450090153714099,0.16719099900654857,0.15614827033745243,0.566991639324985,1200,500,10,46.56232500076294
-2.4,1.45,0.21,0.0009,36,1877845729,True,,60,-0.16,-0.09404728615824724,0.3764186826139897,-2.121102006158164,1.0037688708356396,0.019709669419116494,-0.024699477590728734,0.4178075901122869,-1.8286456198314234,0.024818371879542635,35.150182821124076,35.83512796362926,90.77208845335866,88.04763417614693,0.6849451425051853,-2.724454277211734,True,False,0.09071795328941253,0.38674102345450123,4.263114515168817,0.11989942577515657,0.32715109999264474,2.7285460116059306,-3.9266459301998435,-2.121102006158164,-1.1173331353225242,-0.44623112916436036,0.2788979938418361,0.1664186826139897,0.018809669419116493,0.44623112916436036,0.2788979938418361,0.1664186826139897,0.018809669419116493,True,True,strong,mid,low,low,-0.028092242563996766,0.46160520801629606,0.1743488770923898,0.138615646303811,0.9284770005279207,1200,500,10,43.21041750907898
-2.4,1.45,0.21,0.0009,37,771904012,True,,60,-0.16,-0.10398465652010035,0.04438491908088284,-1.8697878075491983,-1.5199947186507448,0.02154867041705974,-0.12892434989763862,0.3344949351520998,-2.2584300771606385,0.008922147716286662,23.579261032392886,26.76555622519991,67.63024487589627,69.90849069928822,3.186295192807023,2.2782458233919556,True,True,0.09071795328941253,0.38674102345450123,4.263114515168817,0.1541563691626619,0.033716008450813906,0.21871304204912626,-3.837441161919989,-1.8697878075491983,-3.389782526199943,-2.969994718650745,0.5302121924508016,-0.16561508091911714,0.02064867041705974,2.969994718650745,0.5302121924508016,0.16561508091911714,0.02064867041705974,True,True,strong,mid,low,low,-0.12139840962158652,0.36074663597329254,0.14227620460188295,0.12584460137044529,0.4212480779131537,1200,500,10,50.60148525238037
-2.4,1.45,0.21,0.0009,38,160926990,True,,60,-0.16,-0.21343921071849806,0.25181620475843003,-2.3409470856180823,0.35004225457688387,0.011342441090753507,-0.1777669084080169,0.38605761364096736,-2.406041205189272,0.02523079391053678,21.0404461176501,21.12677512663281,62.5526150464107,58.63092850215402,0.08632900898271245,-3.92168654425668,True,False,0.09071795328941253,0.38674102345450123,4.263114515168817,0.09623645089762288,0.13657179512210293,1.4191275119589473,-4.479203740113567,-2.3409470856180823,-1.9909048310411985,-1.099957745423116,0.05905291438191762,0.04181620475843004,0.010442441090753507,1.099957745423116,0.05905291438191762,0.04181620475843004,0.010442441090753507,True,True,strong,mid,low,low,-0.1979949031004711,0.34821868876281487,0.14149177840927132,0.13513892518351556,0.2877438379615826,1200,500,10,41.39400100708008
-2.4,1.45,0.21,0.0009,39,762531970,True,,60,-0.16,-0.03525822044846941,0.3341648500570261,-2.7806777219253394,1.4304019843879912,0.011185789143236521,-0.03525555338714818,0.3404454293837787,-2.4058582213943187,0.011458415136102575,16.841422786137613,18.181481220730873,54.15456838338573,52.74034069035015,1.34005843459326,-1.4142276930355777,True,False,0.09071795328941253,0.38674102345450123,4.263114515168817,0.06199647676483592,0.25916878822910644,4.180379301426782,-4.493111132819719,-2.7806777219253394,-1.3502757375373482,-0.0195980156120088,-0.38067772192533944,0.12416485005702613,0.010285789143236522,0.0195980156120088,0.38067772192533944,0.12416485005702613,0.010285789143236522,True,True,strong,mid,low,low,-0.04175020217632474,0.33507730280655956,0.14291686050273897,0.12587479196898244,0.36709209480223903,1200,500,10,43.31410312652588
-2.4,1.45,0.21,0.0009,40,1264798064,True,,60,-0.16,-0.2489463628526688,0.2177105268610834,-3.073049250410054,3.034285396548202,0.013815229059441079,-0.2850107780155003,0.042790063456926423,-2.23669218143507,0.05204619081715279,24.675420790985093,31.846165923128268,69.82256439308068,80.06971009514494,7.170745132143175,10.247145702064259,True,True,0.09071795328941253,0.38674102345450123,4.263114515168817,0.04627982072304021,0.961977849680317,20.786118758696926,-4.281983740256258,-3.073049250410054,-0.038763853861852215,1.584285396548202,-0.6730492504100543,0.007710526861083394,0.012915229059441079,1.584285396548202,0.6730492504100543,0.007710526861083394,0.012915229059441079,True,True,strong,mid,low,low,-0.2755137839866772,0.40669186213348757,0.15882825439024392,0.12774182483591934,0.4505110114434012,1200,500,10,50.046695709228516
-2.4,1.45,0.21,0.0009,41,653821042,True,,60,-0.16,-0.13803905842421935,0.06023584435299161,-2.2526751733330057,0.812589888228161,0.013869199960759578,-0.1124431490230641,0.16521493309730179,-2.131921017036584,0.01506750304889664,26.54023775213816,27.02189323326944,73.55219831538682,70.42116471542728,0.48165548113128054,-3.1310335999595367,True,False,0.09071795328941253,0.38674102345450123,4.263114515168817,0.1051176401784448,0.23690755313501027,2.253737362566764,-4.2780847275908656,-2.2526751733330057,-1.4400852851048447,-0.6374101117718389,0.1473248266669942,-0.14976415564700837,0.012969199960759578,0.6374101117718389,0.1473248266669942,0.14976415564700837,0.012969199960759578,True,True,strong,mid,low,low,-0.12400896898186989,0.37795599326543966,0.14581800822043403,0.13164309177749872,0.28464485485056606,1200,500,10,54.09554600715637
-2.4,1.45,0.21,0.0009,42,991396515,True,,60,-0.16,-0.20784161367493043,0.2944413387030929,-2.858463860717724,2.445873711174535,0.01329451221106258,-0.2529117853866115,0.16463887825542753,-1.9837546906243244,0.018988538047806848,24.196939148205722,32.536289176699974,68.86560110752194,81.44995660228835,8.339350028494252,12.584355494766413,True,True,0.09071795328941253,0.38674102345450123,4.263114515168817,0.05735680066160125,0.6619335209964667,11.540628371198752,-4.320403944613295,-2.858463860717724,-0.4125901495431892,0.995873711174535,-0.45846386071772427,0.08444133870309292,0.01239451221106258,0.995873711174535,0.45846386071772427,0.08444133870309292,0.01239451221106258,True,True,strong,mid,low,low,-0.24826308183180495,0.41418378187340577,0.1590477353174586,0.12633620858683559,0.5689267802856721,1200,500,10,49.7457914352417
-2.4,1.45,0.21,0.0009,43,644449000,True,,60,-0.16,-0.21518908102026105,0.24348887999245314,-2.640613104476688,1.8186142931740563,0.018489237867602516,-0.2436876064184883,0.38566965349536275,-2.130840040595731,0.022497325720106952,26.63253375052542,28.15867546249595,73.73679031216133,72.6947291738803,1.5261417119705314,-1.0420611382810279,True,False,0.09071795328941253,0.38674102345450123,4.263114515168817,0.07131753105206541,0.4395521939675733,6.163311986314809,-3.990566453058763,-2.640613104476688,-0.8219988113026315,0.36861429317405636,-0.24061310447668793,0.03348887999245315,0.017589237867602515,0.36861429317405636,0.24061310447668793,0.03348887999245315,0.017589237867602515,True,True,strong,mid,low,low,-0.2527279451819009,0.3935118929130265,0.15286368111923998,0.12346675512142934,0.40928735027158175,1200,500,10,46.97468447685242
-2.4,1.45,0.21,0.0009,44,1146715094,True,,60,-0.16,-0.15339447522490998,0.2474070219137775,-2.7222082660732383,1.375293488153036,0.01273354628755249,-0.15397679634959704,0.3995372249188607,-2.342846794604827,0.015440160048288206,18.879570053084485,19.72802210791904,58.230862917279474,55.83342246472648,0.8484520548345529,-2.397440452552992,True,False,0.09071795328941253,0.38674102345450123,4.263114515168817,0.06572944594006948,0.26004130949339954,3.9562376614356203,-4.363515328024227,-2.7222082660732383,-1.3469147779202022,-0.07470651184696386,-0.3222082660732384,0.03740702191377751,0.01183354628755249,0.07470651184696386,0.3222082660732384,0.03740702191377751,0.01183354628755249,True,True,strong,mid,low,low,-0.17359645488346362,0.3339822202743492,0.14053271148201546,0.12445308643655162,0.2871863313911334,1200,500,10,42.40346050262451
-2.4,1.45,0.21,0.0009,45,498502463,True,,60,-0.16,-0.28230433025984353,0.25325962788348244,-3.3216678448542374,3.032239482497128,0.010560312422339907,-0.2752651543682996,0.24832299514297837,-2.301206970026063,0.013692966363781752,18.51188013992572,19.50316992025831,57.49548309096194,55.38371808940502,0.9912897803325897,-2.1117650015569183,True,False,0.09071795328941253,0.38674102345450123,4.263114515168817,0.03609258469497885,0.7486914254787868,20.74363561950562,-4.550652415692808,-3.3216678448542374,-0.2894283623571092,1.5822394824971282,-0.9216678448542375,0.04325962788348245,0.009660312422339907,1.5822394824971282,0.9216678448542375,0.04325962788348245,0.009660312422339907,True,True,strong,mid,low,low,-0.2579736499181306,0.34359960797239625,0.14402519895967894,0.1252096538247967,0.28967723176326443,1200,500,10,53.15140914916992
-2.4,1.45,0.21,0.0009,46,1038004166,True,,60,-0.16,-0.1742647923351325,-0.06341616960635986,-2.7690938692930653,1.8268597819269703,0.008693586528542128,-0.15915582860955413,0.09168340753408565,-2.200676288813196,0.005937503762510881,21.49870199152307,23.26037697063851,63.469126794156644,62.89813219016543,1.7616749791154405,-0.5709946039912168,True,False,0.09071795328941253,0.38674102345450123,4.263114515168817,0.0627188104416156,0.38975611276149646,6.214341598910219,-4.74516970580019,-2.7690938692930653,-0.942234087366095,0.37685978192697034,-0.3690938692930654,-0.27341616960635984,0.007793586528542128,0.37685978192697034,0.3690938692930654,0.27341616960635984,0.007793586528542128,True,True,strong,mid,low,low,-0.17927575567205814,0.34828161438799043,0.14203290371665206,0.13567602519376948,0.3007338288545168,1200,500,10,47.064542055130005
-2.4,1.45,0.21,0.0009,47,507874505,True,,60,-0.16,-0.29950797336668344,0.3725730842250002,-2.640010366555839,0.6898015617886823,0.009448940919947933,-0.2418389654717043,0.4501688650763753,-2.5417637778693587,0.019439567517819858,14.723049444917185,15.644282139288535,49.91782170094487,47.665942527465475,0.9212326943713496,-2.251879173479395,True,False,0.09071795328941253,0.38674102345450123,4.263114515168817,0.07136052978963486,0.1422443671834419,1.993319943150183,-4.661852615720199,-2.640010366555839,-1.9502088047671569,-0.7601984382113176,-0.2400103665558393,0.1625730842250002,0.008548940919947933,0.7601984382113176,0.2400103665558393,0.1625730842250002,0.008548940919947933,True,True,strong,mid,low,low,-0.27400539884895364,0.3243998209381491,0.1418650100509745,0.12926158466487925,0.30698629254612353,1200,500,10,51.212655782699585
-2.4,1.45,0.21,0.0009,48,1028632124,True,,60,-0.16,-0.19247670050438617,0.30445746219881215,-2.113489585054538,1.1754134365937252,0.02202052543664456,-0.17944384342709058,0.23339537456320472,-1.4550436422697737,0.019251851408916113,40.39461637856151,41.813260273385524,101.26095556823353,100.00389879565945,1.4186438948240152,-1.2570567725740744,True,False,0.09071795328941253,0.38674102345450123,4.263114515168817,0.12081563354950235,0.3913800686814288,3.23948198741239,-3.815780286180985,-2.113489585054538,-0.9380761484608129,-0.27458656340627474,0.2865104149454618,0.09445746219881215,0.02112052543664456,0.27458656340627474,0.2865104149454618,0.09445746219881215,0.02112052543664456,True,True,strong,mid,low,low,-0.2531074800479805,0.4865267025817296,0.1792744287907325,0.1529996888751789,0.5370487943700026,1200,500,10,37.58001136779785
-2.4,1.45,0.21,0.0009,49,616585433,True,,60,-0.16,-0.16552711594596198,0.15202686938831295,-2.521556861776474,1.1317804056271963,0.013340309076893606,-0.11675729163157782,0.2627549066196966,-2.2490484545418505,0.015483301926922129,22.146288501782536,23.0975323791936,64.76429981467558,62.572443007275595,0.9512438774110628,-2.1918568073999865,True,False,0.09071795328941253,0.38674102345450123,4.263114515168817,0.0803344397223959,0.24913099010822642,3.1011729336648726,-4.316965069580632,-2.521556861776474,-1.3897764561492778,-0.31821959437280367,-0.12155686177647418,-0.057973130611687046,0.012440309076893606,0.31821959437280367,0.12155686177647418,0.057973130611687046,0.012440309076893606,True,True,strong,mid,low,low,-0.14238173879544985,0.35425138556791597,0.1443726052365414,0.1375023990723747,0.31101086580885123,1200,500,10,41.64329814910889
-2.4,1.45,0.21,0.0009,50,919921196,True,,60,-0.16,-0.23317199448373105,0.15415039937490133,-2.608365350890592,1.5658002479762816,0.015082748191683811,-0.18933751538038346,0.3965887978478477,-2.0106461603083647,0.012981118921152748,26.762490711161906,29.067192801637095,73.99670423343431,74.51176385216259,2.304702090475189,0.515059618728273,True,True,0.09071795328941253,0.38674102345450123,4.263114515168817,0.07365484523809168,0.3525491961526404,4.786503793647433,-4.1942036921783306,-2.608365350890592,-1.0425651029143106,0.11580024797628163,-0.20836535089059227,-0.055849600625098667,0.014182748191683811,0.11580024797628163,0.20836535089059227,0.055849600625098667,0.014182748191683811,True,True,strong,mid,low,low,-0.2002101974057629,0.38360643695441077,0.15031023762630813,0.13856974975071418,0.40079827243766036,1200,500,10,52.432689905166626
-2.4,1.45,0.21,0.0009,51,725296361,True,,60,-0.16,-0.14024211875477105,0.18646567115685214,-2.461219849217369,1.3809422513412175,0.009791875477331978,-0.16321885110970352,0.34548870569888473,-2.1544119303623486,0.015417897723722086,26.30411575954563,27.50795855137782,73.07995433020176,71.39329535164404,1.2038427918321872,-1.6866589785577162,True,False,0.09071795328941253,0.38674102345450123,4.263114515168817,0.0853307967483844,0.339501267731773,3.9786487489723457,-4.626202270068763,-2.461219849217369,-1.0802775978761516,-0.06905774865878245,-0.06121984921736923,-0.02353432884314785,0.008891875477331978,0.06905774865878245,0.06121984921736923,0.02353432884314785,0.008891875477331978,True,True,strong,mid,low,low,-0.1764830858952551,0.37584544130462805,0.1447929904640515,0.12534860277203913,0.36854032112429225,1200,500,10,55.814425468444824
-2.4,1.45,0.21,0.0009,52,123691381,True,,60,-0.16,-0.18987092096569425,0.2828229618563166,-2.365572725567228,1.0002772228014951,0.015512114389499083,-0.17922081043599614,0.3358780477179881,-2.4272799196399752,0.05053580080330817,25.985982772178403,26.75375271177914,72.44368835546732,69.88488367244668,0.7677699396007363,-2.5588046830206395,True,False,0.09071795328941253,0.38674102345450123,4.263114515168817,0.09389550860756377,0.25530522144107126,2.719035502625789,-4.166133986810396,-2.365572725567228,-1.3652955027657327,-0.44972277719850484,0.03442727443277205,0.07282296185631662,0.014612114389499083,0.44972277719850484,0.03442727443277205,0.07282296185631662,0.014612114389499083,True,True,strong,mid,low,low,-0.17588317787836977,0.387373489334445,0.149449194372796,0.12211004011343297,0.3872873476442781,1200,500,10,47.85681486129761
-2.4,1.45,0.21,0.0009,53,734668403,True,,60,-0.16,-0.12765276899733222,0.29972435479981835,-2.9078429885965122,1.9266157231548817,0.011631569144056528,-0.1549310686049338,0.3857902440818172,-2.4676463630046586,0.012545537996205315,15.934958938167593,17.086977051094184,52.34164068744569,50.551332351076766,1.1520181129265907,-1.7903083363689234,True,False,0.09071795328941253,0.38674102345450123,4.263114515168817,0.054593361460464236,0.37485077503745085,6.866233641042832,-4.454032399449849,-2.9078429885965122,-0.9812272654416305,0.47661572315488177,-0.5078429885965123,0.08972435479981836,0.010731569144056529,0.47661572315488177,0.5078429885965123,0.08972435479981836,0.010731569144056529,True,True,strong,mid,low,low,-0.1575540957851636,0.3323407388854597,0.1365405632671053,0.12073709048400924,0.30647460393826925,1200,500,10,53.881102323532104
-2.4,1.45,0.21,0.0009,54,232402309,True,,60,-0.16,-0.15391391482998246,0.22385917773717212,-2.730834948463657,2.288053346279907,0.01763587596782727,-0.10568316307013736,0.16333350682575679,-1.7358284627417935,0.007683656309701422,28.46740570231206,32.72724189807074,77.40653421573462,81.83186204502988,4.259836195758677,4.425327829295256,True,True,0.09071795328941253,0.38674102345450123,4.263114515168817,0.06516485764954569,0.6422474572142247,9.855733295209653,-4.037820044408247,-2.730834948463657,-0.44278160218375007,0.8380533462799071,-0.33083494846365724,0.01385917773717213,0.016735875967827267,0.8380533462799071,0.33083494846365724,0.01385917773717213,0.016735875967827267,True,True,strong,mid,low,low,-0.10973704036238091,0.41984248259660345,0.1590803677560269,0.12396025462131227,0.503947719712618,1200,500,10,52.11595368385315
-2.4,1.45,0.21,0.0009,55,843379331,True,,60,-0.16,-0.12886618283477497,0.3600383984593195,-2.7884435683147757,1.8032303449549736,0.011866617505263416,-0.1465702381113939,0.33079979790715464,-2.169260827138811,0.005198253546488746,21.284930118712296,23.117430991441303,63.041583048535095,62.61224023177101,1.8325008727290069,-0.42934281676408403,True,False,0.09071795328941253,0.38674102345450123,4.263114515168817,0.06151688627291332,0.37335960945846636,6.069221511018861,-4.434026072615724,-2.7884435683147757,-0.9852132233598021,0.35323034495497363,-0.3884435683147758,0.15003839845931952,0.010966617505263416,0.35323034495497363,0.3884435683147758,0.15003839845931952,0.010966617505263416,True,True,strong,mid,low,low,-0.12991920146012062,0.3656598631184272,0.14721270695717717,0.12905508467751128,0.2929929370545764,1200,500,10,42.66545581817627
-2.4,1.45,0.21,0.0009,56,241774351,True,,60,-0.16,-0.1331793408637971,0.2981218108798485,-2.701264550186754,1.73112876091674,0.021653829354040963,-0.1715094018628138,0.42157746013522895,-2.059239459481906,0.013682156238389882,26.03202063896842,26.991261644004076,72.53576408904735,70.35990153689656,0.9592410050356577,-2.1758625521507895,True,False,0.09071795328941253,0.38674102345450123,4.263114515168817,0.06712058170715805,0.37903156618912603,5.647024452839394,-3.8325729646989277,-2.701264550186754,-0.970135789270014,0.2811287609167401,-0.30126455018675413,0.08812181087984852,0.02075382935404096,0.2811287609167401,0.30126455018675413,0.08812181087984852,0.02075382935404096,True,True,strong,mid,low,low,-0.17858171142867704,0.39808699945792264,0.15397124662771275,0.134453308293066,0.408949417282402,1200,500,10,45.87689232826233
-2.4,1.45,0.21,0.0009,57,852751373,True,,60,-0.16,-0.1775022779272711,-0.03485047521341777,-2.568734376314011,1.6538303222412034,0.011450577476857208,-0.17803012423115183,-0.06144280797163125,-2.1213087151897447,0.013274735489322665,24.828416599810232,26.524718464772555,70.12855601073096,69.42681517843351,1.6963018649623223,-0.7017408322974461,True,False,0.09071795328941253,0.38674102345450123,4.263114515168817,0.07663247194633327,0.4005550558734261,5.226962483396596,-4.4697151155936545,-2.568734376314011,-0.9149040540728077,0.20383032224120345,-0.16873437631401123,-0.24485047521341777,0.010550577476857208,0.20383032224120345,0.16873437631401123,0.24485047521341777,0.010550577476857208,True,True,strong,mid,low,low,-0.19065288383489204,0.3703887375127589,0.14655757832250524,0.1246462677888592,0.31639332722830765,1200,500,10,51.398054361343384
-2.4,1.45,0.21,0.0009,58,350485279,True,,60,-0.16,-0.19656618437130585,0.31123962555511697,-3.3480401927393455,3.1486768944769867,0.011620310539607204,-0.2145478450295631,0.3918135592113477,-2.54169247055984,0.03526897594882661,17.35419762930973,21.904277743939435,55.180118069729964,60.18593373676727,4.550080114629704,5.005815667037304,True,True,0.09071795328941253,0.38674102345450123,4.263114515168817,0.035153180093558195,0.819252206358616,23.3052089221579,-4.455000803336533,-3.3480401927393455,-0.19936329826235877,1.6986768944769868,-0.9480401927393456,0.10123962555511698,0.010720310539607205,1.6986768944769868,0.9480401927393456,0.10123962555511698,0.010720310539607205,True,True,strong,mid,low,low,-0.2213985987689685,0.36599978157178115,0.14564898812262508,0.1222799969335943,0.4382859902935487,1200,500,10,41.42141771316528
-2.4,1.45,0.21,0.0009,59,151780815,True,,60,-0.16,-0.07465510402996928,0.06333027178098553,-2.579316107014629,1.7269864095067868,0.013476405635768123,-0.10177673620157932,0.39866585964715,-1.998135201577962,0.008841439455683369,25.887401927836187,28.06073039781386,72.24652666678287,72.49883904451612,2.1733284699776725,0.2523123777332472,True,True,0.09071795328941253,0.38674102345450123,4.263114515168817,0.07582584305682556,0.42642034344197716,5.6236808751655865,-4.306814853284721,-2.579316107014629,-0.8523296975078423,0.2769864095067869,-0.1793161070146292,-0.14666972821901447,0.012576405635768123,0.2769864095067869,0.1793161070146292,0.14666972821901447,0.012576405635768123,True,True,strong,mid,low,low,-0.11689607753211924,0.3750006716645426,0.14583095989386788,0.12394729183265293,0.4774603326873468,1200,500,10,41.81903672218323
-2.4,1.45,0.21,0.0009,60,359857321,True,,60,-0.16,-0.13076355053392102,0.3635174976365763,-2.2372614844534433,1.1364670029012267,0.021872463931873472,-0.07461495549129635,0.39797355109108645,-1.7034119369377185,0.02266053780738121,34.70045976119624,35.67809178609827,89.872642333503,87.73356182108495,0.9776320249020287,-2.1390805124180474,True,False,0.09071795328941253,0.38674102345450123,4.263114515168817,0.1067504422042466,0.33260672878926933,3.115740992930875,-3.8225267880023144,-2.2372614844534433,-1.1007944815522166,-0.31353299709877325,0.1627385155465566,0.15351749763657632,0.02097246393187347,0.31353299709877325,0.1627385155465566,0.15351749763657632,0.02097246393187347,True,True,strong,mid,low,low,-0.08399567028248431,0.48495199453556226,0.17871483140949396,0.14293475846556924,0.8724534843978313,1200,500,10,44.10728645324707
-2.4,1.45,0.21,0.0009,61,142408773,True,,60,-0.16,-0.14951703113223583,0.3917080141872046,-2.6182881700623293,0.5899739324064633,0.009513458242132476,-0.15327858836253416,0.46792327618320817,-2.558922024843879,0.012051909617095125,15.302346633727307,15.610656444162862,51.07641607856512,47.598691137214125,0.3083098104355546,-3.477724941350992,True,False,0.09071795328941253,0.38674102345450123,4.263114515168817,0.07292759567782613,0.13155710834369178,1.8039413903740167,-4.655047825820989,-2.6182881700623293,-2.028314237655866,-0.8600260675935366,-0.21828817006232937,0.1817080141872046,0.008613458242132476,0.8600260675935366,0.21828817006232937,0.1817080141872046,0.008613458242132476,True,True,strong,mid,low,low,-0.1732704182301951,0.3310982987917625,0.13838978362333684,0.12296896291297531,0.3800487433045182,1200,500,10,46.921515703201294
-2.4,1.45,0.21,0.0009,62,468568249,True,,60,-0.16,-0.11867720143395372,0.23920215964507743,-1.951023165322455,-0.052061544391379486,0.024653785862144662,-0.12488034729130917,0.29845566655653355,-2.0852494486901785,0.017347413911552707,30.514757130461646,31.862027418945452,81.5012370720338,80.10143308677931,1.3472702884838057,-1.3998039852544935,True,False,0.09071795328941253,0.38674102345450123,4.263114515168817,0.1421285761358245,0.13491845639920927,0.9492704427734161,-3.702824805615173,-1.951023165322455,-2.0030847097138347,-1.5020615443913794,0.4489768346775449,0.02920215964507744,0.02375378586214466,1.5020615443913794,0.4489768346775449,0.02920215964507744,0.02375378586214466,True,True,strong,mid,low,low,-0.12001024742386636,0.417275736686741,0.15613019000682946,0.13374607800113802,0.4519853222289111,1200,500,10,46.5320839881897
-2.4,1.45,0.21,0.0009,63,33697845,True,,60,-0.16,-0.2301598630462568,0.3459984161608207,-2.513586153840053,1.5661449149450466,0.013700579885015744,-0.2260489799125215,0.43214133875113553,-1.983718578662926,0.025604259994273196,29.117937677526083,30.38139698642521,78.70759816616267,77.14017222173882,1.263459308899126,-1.5674259444238459,True,False,0.09071795328941253,0.38674102345450123,4.263114515168817,0.08097732078361464,0.387731868470256,4.788153827740762,-4.290317119670424,-2.513586153840053,-0.9474412388950062,0.11614491494504664,-0.11358615384005288,0.13599841616082073,0.012800579885015744,0.11614491494504664,0.11358615384005288,0.13599841616082073,0.012800579885015744,True,True,strong,mid,low,low,-0.25734035598466964,0.41890960487072715,0.1609159453120225,0.14112275698030285,0.41110685915367723,1200,500,10,50.6284065246582
-2.4,1.45,0.21,0.0009,64,635302825,True,,60,-0.16,-0.14968524407386574,0.003245821196599912,-2.63008813366654,2.263493009414868,0.014590804293946498,-0.16786910108773184,-0.06344107588516522,-1.6242839174848018,0.007409697160103924,31.728394029886964,37.32428252497202,83.92851087088442,91.02594329883244,5.595888495085056,7.097432427948021,True,True,0.09071795328941253,0.38674102345450123,4.263114515168817,0.0720721099795385,0.6930902036597352,9.616621517761942,-4.227363791582576,-2.63008813366654,-0.36659512425167184,0.813493009414868,-0.2300881336665399,-0.20675417880340008,0.013690804293946498,0.813493009414868,0.2300881336665399,0.20675417880340008,0.013690804293946498,True,True,strong,mid,low,low,-0.1713646451131707,0.43904850567692344,0.16223847388666546,0.1332168515476708,0.42622544978131516,1200,500,10,52.227556228637695
-2.4,1.45,0.21,0.0009,65,24325803,True,,60,-0.16,-0.09745348507187548,0.19545329888073207,-2.0088456142067397,-0.3257204639766468,0.012540947843713226,-0.11607350989940632,0.33814799593691686,-1.9647338448954184,0.01423330892040995,25.89855451951048,25.35800915366044,72.26883185013146,67.09339655620929,-0.5405453658500399,-5.1754352939221775,False,False,0.09071795328941253,0.38674102345450123,4.263114515168817,0.13414343860275713,0.0968524998223567,0.722006986187143,-4.378756161010747,-2.0088456142067397,-2.3345660781833866,-1.7757204639766466,0.39115438579326023,-0.014546701119267924,0.011640947843713226,1.7757204639766466,0.39115438579326023,0.014546701119267924,0.011640947843713226,True,True,strong,mid,low,low,-0.09514011905263021,0.370432611661579,0.14890619955815074,0.13412987347946181,0.6650990569273972,1200,500,10,50.7034809589386
-2.4,1.45,0.21,0.0009,66,526591897,True,,60,-0.16,-0.2047191994056115,0.08796385133656849,-2.0294278239330197,-0.6174471006904233,0.008547352638111082,-0.19768830267313192,0.33666868738975136,-2.251520781781708,0.006096524761414902,22.351226352495686,25.076353422919716,65.17417551610188,66.53008509472784,2.72512707042403,1.3559095786259547,True,True,0.09071795328941253,0.38674102345450123,4.263114515168817,0.13141068969320902,0.07087234877961471,0.5393195100419385,-4.762133676949118,-2.0294278239330197,-2.646874924623443,-2.067447100690423,0.37057217606698023,-0.1220361486634315,0.007647352638111083,2.067447100690423,0.37057217606698023,0.1220361486634315,0.007647352638111083,True,True,strong,mid,low,low,-0.19082535321520966,0.34547688825284306,0.1384429503477907,0.12364592256888698,0.25877749705413294,1200,500,10,45.499393463134766
-2.4,1.45,0.21,0.0009,67,2063098522,True,,60,-0.16,-0.14871313619783272,0.09674030966556459,-2.3092187110152427,1.5816198429329664,0.016471556698431675,-0.1161088339576736,0.06505647585586431,-1.5441397210918597,0.0019692521489061052,34.46359203055618,37.782832953146944,89.39890687222285,91.94304415518229,3.3192409225907653,2.54413728295944,True,True,0.09071795328941253,0.38674102345450123,4.263114515168817,0.09933883358514697,0.48306750746765925,4.862826449976425,-4.106120222050092,-2.3092187110152427,-0.7275988680822763,0.13161984293296647,0.09078128898475724,-0.1132596903344354,0.015571556698431676,0.13161984293296647,0.09078128898475724,0.1132596903344354,0.015571556698431676,True,True,strong,mid,low,low,-0.15269657572322876,0.4451321544242147,0.1651637824575098,0.14880147980219088,0.4886790977761322,1200,500,10,41.06119251251221
-2.4,1.45,0.21,0.0009,68,517219855,True,,60,-0.16,-0.18678425032052498,0.022873612209574137,-2.4909284237256486,0.8333676200236877,0.01121230428991516,-0.2246553360174828,0.240803385753457,-2.293843648044287,0.00795711982201509,18.677064327899657,21.20935458940966,57.82585146690982,58.79608742770772,2.5322902615100027,0.9702359607979005,True,True,0.09071795328941253,0.38674102345450123,4.263114515168817,0.08283302671703309,0.19060333249098282,2.3010547850932115,-4.490743506383656,-2.4909284237256486,-1.657560803701961,-0.6166323799763123,-0.09092842372564869,-0.18712638779042584,0.010312304289915161,0.6166323799763123,0.09092842372564869,0.18712638779042584,0.010312304289915161,True,True,strong,mid,low,low,-0.20268148273615988,0.3320693279432714,0.13832419965963508,0.12249369895293852,0.3542546765306339,1200,500,10,44.83676338195801
-2.4,1.45,0.21,0.0009,69,93757167,True,,60,-0.16,-0.06225720083903551,0.16468989086902353,-2.473267840879189,1.6664434925915057,0.015433871857959408,-0.07523546556832211,0.2869350296671129,-2.0568213167681373,0.026024789971102306,30.993034079447916,32.94990849808739,82.45779097000633,82.27719524506318,1.9568744186394724,-0.1805957249431458,True,False,0.09071795328941253,0.38674102345450123,4.263114515168817,0.08430890028172705,0.4462730260233087,5.293308589390213,-4.171190713562544,-2.473267840879189,-0.8068243482876831,0.21644349259150575,-0.07326784087918892,-0.04531010913097647,0.014533871857959409,0.21644349259150575,0.07326784087918892,0.04531010913097647,0.014533871857959409,True,True,strong,mid,low,low,-0.06983588751127127,0.42338224806059543,0.16174069977434863,0.13712493121572478,0.5139220343758752,1200,500,10,37.7385687828064
-2.4,1.45,0.21,0.0009,70,408508927,True,,60,-0.16,-0.19243927464949695,0.09820534684036478,-2.9071793601926297,2.4985474275200135,0.014791702037534684,-0.17590842924414024,0.20979339836926167,-2.776675176125026,0.08175014383291548,25.440645617467904,27.89835338741118,71.35301404604631,72.17408502371076,2.4577077699432763,0.8210709776644478,True,True,0.09071795328941253,0.38674102345450123,4.263114515168817,0.054629603189983306,0.6645587896902782,12.164810851346791,-4.213688928587575,-2.9071793601926297,-0.4086319326726162,1.0485474275200135,-0.5071793601926298,-0.11179465315963522,0.013891702037534684,1.0485474275200135,0.5071793601926298,0.11179465315963522,0.013891702037534684,True,True,strong,mid,low,low,-0.19808014910125132,0.38446420047567975,0.15089948027205127,0.13148486286031352,0.30925474338918135,1200,500,10,53.521382570266724
-2.4,1.45,0.21,0.0009,71,1236708630,True,,60,-0.16,-0.21882709358540972,0.22260187559889036,-2.744962687907843,1.838680084687303,0.012741374954751292,-0.2661571228809655,0.19162894068312616,-2.2125491080713555,0.007802798440405706,20.919625140809266,23.09937995659818,62.310973092729036,62.57613816208476,2.1797548157889146,0.26516506935572437,True,True,0.09071795328941253,0.38674102345450123,4.263114515168817,0.06425069822775242,0.40402335098619196,6.288232846186849,-4.362900710426725,-2.744962687907843,-0.9062826032205398,0.3886800846873031,-0.3449626879078429,0.012601875598890366,0.011841374954751292,0.3886800846873031,0.3449626879078429,0.012601875598890366,0.011841374954751292,True,True,strong,mid,low,low,-0.23504125133552325,0.3553026124321271,0.14572612711117858,0.13006402208686713,0.3912314482385097,1200,500,10,52.902809381484985
-2.4,1.45,0.21,0.0009,72,299797999,True,,60,-0.16,-0.12544217942591673,0.25665696695901097,-2.150647456755592,0.8057080826262726,0.021815730898501175,-0.0939770355714058,0.27161919237003174,-1.7245740965676735,0.016279819341452728,36.793561158155335,37.12998528438254,94.05884512742116,90.63734881765349,0.3364241262272074,-3.421496309767676,True,False,0.09071795328941253,0.38674102345450123,4.263114515168817,0.1164087637284527,0.26055550378542747,2.2382808256019846,-3.8251239685671283,-2.150647456755592,-1.3449393741293196,-0.6442919173737274,0.2493525432444077,0.046656966959010976,0.020915730898501173,0.6442919173737274,0.2493525432444077,0.046656966959010976,0.020915730898501173,True,True,strong,mid,low,low,-0.11215263022717831,0.4569013253102425,0.1685235410909731,0.13200957494434568,0.5706186423588593,1200,500,10,46.66535663604736
-2.4,1.45,0.21,0.0009,73,1246080672,True,,60,-0.16,-0.152409780247827,0.12922652480887709,-2.6415611927319413,1.4325765758840243,0.010907738244568362,-0.16753464053131983,0.24155928233862753,-2.758096095297179,0.050236183482009276,20.516163951469853,20.902865636882005,61.50405071405021,58.183109522652416,0.38670168541215233,-3.320941191397793,True,False,0.09071795328941253,0.38674102345450123,4.263114515168817,0.07124994778099643,0.298500217696596,4.189479810063959,-4.518282810934284,-2.6415611927319413,-1.208984616847917,-0.01742342411597564,-0.24156119273194143,-0.0807734751911229,0.010007738244568362,0.01742342411597564,0.24156119273194143,0.0807734751911229,0.010007738244568362,True,True,strong,mid,low,low,-0.1730059949266866,0.34761044391003004,0.1427297274531698,0.13272969164304405,0.33678651754316263,1200,500,10,48.28033089637756
-2.4,1.45,0.21,0.0009,74,290425957,True,,60,-0.16,-0.14314786303365082,-0.11251586971289598,-3.260993314097812,3.0314215180217525,0.008596512826599297,-0.17816393271175562,-0.022769616195788482,-2.4973946053885334,0.006183413783164139,11.480408111997267,15.113466037337506,43.43253903510504,46.60431032356341,3.633057925340239,3.1717712884583733,True,True,0.09071795328941253,0.38674102345450123,4.263114515168817,0.03835028521273572,0.7948738977623115,20.72667500001649,-4.756398643233212,-3.260993314097812,-0.22957179607605926,1.5814215180217526,-0.8609933140978119,-0.322515869712896,0.007696512826599297,1.5814215180217526,0.8609933140978119,0.322515869712896,0.007696512826599297,True,True,strong,mid,low,low,-0.1706247106980794,0.31149546533547995,0.1344888472596603,0.12480494119118929,0.3010426526901423,1200,500,10,57.006542444229126
-2.4,1.45,0.21,0.0009,75,1354791600,True,,60,-0.16,-0.16016023433912405,0.2887986712021913,-2.5008283268800957,1.32498876052897,0.01633960125880205,-0.09320418834072863,0.4362809804461842,-2.0479404552969003,0.011177098675002533,26.978339384587223,28.24679863323027,74.42840158028494,72.87097551534895,1.2684592486430475,-1.5574260649359957,True,False,0.09071795328941253,0.38674102345450123,4.263114515168817,0.08201703356561439,0.3085598144725052,3.762143070264233,-4.1141635926141245,-2.5008283268800957,-1.1758395663511256,-0.12501123947102988,-0.1008283268800958,0.07879867120219133,0.015439601258802052,0.12501123947102988,0.1008283268800958,0.07879867120219133,0.015439601258802052,True,True,strong,mid,low,low,-0.12349360342992872,0.38598714184720356,0.14956798471973015,0.12676668358622806,0.36695615565501755,1200,500,10,51.83313584327698
-2.4,1.45,0.21,0.0009,76,181715029,True,,60,-0.16,-0.202109459744372,0.3119978115262586,-2.450227372225144,1.8845180901435583,0.017484317492921637,-0.2716079880210535,0.24506474648072576,-1.4809375822180009,0.01764226542196225,37.51210319343575,40.75820337704184,95.49592919798201,97.89378500297208,3.2461001836060888,2.3978558049900727,True,True,0.09071795328941253,0.38674102345450123,4.263114515168817,0.08627396796503192,0.5679571620213787,6.583181177566562,-4.046450943090712,-2.450227372225144,-0.5657092820815857,0.43451809014355836,-0.05022737222514406,0.10199781152625861,0.016584317492921635,0.43451809014355836,0.05022737222514406,0.10199781152625861,0.016584317492921635,True,True,strong,mid,low,low,-0.26156961860137035,0.48790703346467645,0.18101307123535845,0.14035522398238,0.9083190052808688,1200,500,10,50.73288655281067
-2.4,1.45,0.21,0.0009,77,783320009,True,,60,-0.16,-0.1242206327006956,0.1955251718118497,-2.1480191851151798,-0.4484325820560337,0.010479904168434287,-0.1285917963229818,0.3965335506294922,-2.2963464267034692,0.00804270441966668,20.392635074890016,21.515354285064024,61.256992960890535,59.40808681901645,1.122719210174008,-1.8489061418740889,True,False,0.09071795328941253,0.38674102345450123,4.263114515168817,0.11671511999824928,0.07453758626689759,0.6386283650997029,-4.558295744364419,-2.1480191851151798,-2.5964517671712133,-1.8984325820560337,0.25198081488482016,-0.014474828188150296,0.009579904168434288,1.8984325820560337,0.25198081488482016,0.014474828188150296,0.009579904168434288,True,True,strong,mid,low,low,-0.14211765878072624,0.34450285624851,0.14168255153438275,0.13199823380566303,0.29819262745928315,1200,500,10,45.2524037361145
-2.4,1.45,0.21,0.0009,78,861897548,True,,60,-0.16,-0.13212158795484874,-0.04309553500617185,-2.0248003539086707,-0.521404120405503,0.012148484425123729,-0.14786060891493022,0.03444462216722898,-2.109654076934905,0.01019955207176989,24.275001873064078,23.852031139245508,69.02172655723865,64.08144052737941,-0.42297073381856976,-4.940286029859237,False,False,0.09071795328941253,0.38674102345450123,4.263114515168817,0.13202019787341962,0.07837859010512666,0.5936863553278089,-4.4105508556490385,-2.0248003539086707,-2.5462044743141736,-1.971404120405503,0.37519964609132916,-0.2530955350061718,0.01124848442512373,1.971404120405503,0.37519964609132916,0.2530955350061718,0.01124848442512373,True,True,strong,mid,low,low,-0.11926844699232848,0.3543848996192025,0.14353840935597262,0.1269881847925879,0.3715283266586162,1200,500,10,43.935563802719116
-2.4,1.45,0.21,0.0009,79,1472874570,True,,60,-0.16,-0.19903145297467945,0.07376557843631933,-2.802258380875773,1.9902534787504174,0.013394883706304562,-0.18529004106750624,0.3654549918998314,-2.020061030178169,0.011564178680584543,21.153663521752424,25.749286831938218,62.77904985461535,67.87595191276483,4.595623310185793,5.096902058149482,True,True,0.09071795328941253,0.38674102345450123,4.263114515168817,0.06067288530035776,0.4439670628262499,7.317388329703056,-4.3128824578967455,-2.802258380875773,-0.8120049021253555,0.5402534787504174,-0.4022583808757729,-0.13623442156368065,0.012494883706304562,0.5402534787504174,0.4022583808757729,0.13623442156368065,0.012494883706304562,True,True,strong,mid,low,low,-0.20261618812617024,0.35202902805815045,0.1435559221515018,0.1237745033270892,0.31572104537520085,1200,500,10,45.88645362854004
-2.4,1.45,0.21,0.0009,80,970608476,True,,60,-0.16,-0.18652464094152177,0.04907323571594026,-2.703272808141094,1.837152289649517,0.012195987484711669,-0.13786138846971613,0.04071141892028759,-2.053032373911858,0.000322278136568436,22.84567023673337,28.580538938079847,66.16306328457725,73.5384561250481,5.734868701346478,7.375392840470852,True,True,0.09071795328941253,0.38674102345450123,4.263114515168817,0.06698592152649235,0.4205800208060939,6.27863305037549,-4.406648276036413,-2.703272808141094,-0.8661205184915772,0.387152289649517,-0.30327280814109425,-0.16092676428405972,0.011295987484711669,0.387152289649517,0.30327280814109425,0.16092676428405972,0.011295987484711669,True,True,strong,mid,low,low,-0.18500363798530275,0.35856957772925796,0.14542120178995788,0.13094365155922114,0.36014706854542444,1200,500,10,52.803417921066284
-2.4,1.45,0.21,0.0009,81,665237039,True,,60,-0.16,-0.14989358783227422,0.3612132043350809,-2.7514363720695965,2.153093581982848,0.017993573224031927,-0.12458079914277964,0.2767630839741846,-1.8072352766347648,0.012577838271079278,27.451063880790098,32.03999253908269,75.3738505726907,80.45736332705378,4.588928658292591,5.083512754363085,True,True,0.09071795328941253,0.38674102345450123,4.263114515168817,0.06383610292769182,0.5497218862073031,8.611457482452867,-4.017740627950377,-2.7514363720695965,-0.5983427900867486,0.7030935819828479,-0.35143637206959655,0.15121320433508093,0.017093573224031926,0.7030935819828479,0.35143637206959655,0.15121320433508093,0.017093573224031926,True,True,strong,mid,low,low,-0.12587551380979722,0.4128083454507265,0.15618019828858987,0.12910895513705403,0.6335343204742113,1200,500,10,46.320712089538574
-2.4,1.45,0.21,0.0009,82,979980518,True,,60,-0.16,-0.18856918151801483,-0.07105876769270111,-2.8344766837568245,2.210878163983672,0.012513681404480989,-0.2577948826637665,-0.04591547147863753,-2.143361854668714,0.0001311889406477521,21.900288349702198,33.06389000484758,64.2722995105149,82.50515825858356,11.163601655145381,18.232858748068665,True,True,0.09071795328941253,0.38674102345450123,4.263114515168817,0.058749262233943715,0.536012112738928,9.123725002783694,-4.380932720857353,-2.8344766837568245,-0.6235985197731524,0.7608781639836721,-0.4344766837568246,-0.2810587676927011,0.01161368140448099,0.7608781639836721,0.4344766837568246,0.2810587676927011,0.01161368140448099,True,True,strong,mid,low,low,-0.1880279832082422,0.36320449830103946,0.14465135993190095,0.12566147322827412,0.4116297579554026,1200,500,10,53.65254282951355
-2.4,1.45,0.21,0.0009,83,1590957540,True,,60,-0.16,-0.0973834545720253,0.3399856783928055,-2.5987316320939726,2.127596065821196,0.024081590958376507,-0.14679737098257384,0.14197061040264072,-1.5475799224704168,0.018021306451895928,35.68119081573876,42.38824935572123,91.83410444258803,101.15387696033086,6.707058539982469,9.319772517742834,True,True,0.09071795328941253,0.38674102345450123,4.263114515168817,0.07436784420654874,0.624292939607514,8.394662320365331,-3.726307591024002,-2.5987316320939726,-0.47113556627277653,0.6775960658211961,-0.1987316320939727,0.12998567839280553,0.023181590958376505,0.6775960658211961,0.1987316320939727,0.12998567839280553,0.023181590958376505,True,True,strong,mid,low,low,-0.14935996336356513,0.4946453820334081,0.17739499828465888,0.12642457685339487,0.7083035412919196,1200,500,10,45.30858612060547
-2.4,1.45,0.21,0.0009,84,1088691446,True,,60,-0.16,-0.1391424559648826,0.06152449622557911,-2.9915995343587722,2.337962461909791,0.01008988674127459,-0.10961379759230074,0.22320904005102404,-2.8735595951954274,0.05228333369205912,16.234809080250756,17.648996620244226,52.941340971612014,51.67537148937686,1.4141875399934705,-1.2659694822351568,True,False,0.09071795328941253,0.38674102345450123,4.263114515168817,0.05020706453691103,0.5201505071549505,10.360105932354365,-4.59622166952852,-2.9915995343587722,-0.6536370724489813,0.887962461909791,-0.5915995343587723,-0.14847550377442087,0.00918988674127459,0.887962461909791,0.5915995343587723,0.14847550377442087,0.00918988674127459,True,True,strong,mid,low,low,-0.11932478783663372,0.33173990822562305,0.13901194576076603,0.12787174094234863,0.29837217080085854,1200,500,10,48.70323443412781
-2.4,1.45,0.21,0.0009,85,487086466,True,,60,-0.16,-0.07476915586624418,0.1926359034618862,-2.7303685136116775,1.6970279564925588,0.010778472933070016,-0.05654711123539205,0.2558006816046475,-2.0839007378879186,0.005658835693450664,19.739784853131955,21.080403324568728,59.95129251737441,58.53818489802586,1.3406184714367733,-1.4131076193485512,True,False,0.09071795328941253,0.38674102345450123,4.263114515168817,0.06519525990006113,0.3558163481869799,5.45770273379409,-4.5302043809503,-2.7303685136116775,-1.0333405571191188,0.24702795649255882,-0.3303685136116776,-0.0173640965381138,0.009878472933070016,0.24702795649255882,0.3303685136116776,0.0173640965381138,0.009878472933070016,True,True,strong,mid,low,low,-0.06397874138805647,0.3548415859498816,0.14463098125916857,0.11534156984559421,0.6456621074084192,1200,500,10,48.75094819068909
-2.4,1.45,0.21,0.0009,86,1098063488,True,,60,-0.16,-0.14477164556645625,0.16364767407495195,-2.903522987512775,2.83148690110079,0.01491791657062376,-0.1948812821558689,-0.07329306045860658,-1.5133603864666634,0.02951378927981327,32.79857862510832,40.62307498833941,86.06888006132715,97.62352822556723,7.824496363231091,11.554648164240078,True,True,0.09071795328941253,0.38674102345450123,4.263114515168817,0.054829714997328916,0.9304973168958097,16.970675790329018,-4.205192333995722,-2.903522987512775,-0.07203608641198489,1.38148690110079,-0.5035229875127749,-0.04635232592504804,0.01401791657062376,1.38148690110079,0.5035229875127749,0.04635232592504804,0.01401791657062376,True,True,strong,mid,low,low,-0.20268359699165447,0.4788543783696856,0.1760144824838913,0.1383095063632214,0.7522961672406815,1200,500,10,48.27757978439331
-2.4,1.45,0.21,0.0009,87,1551686253,True,,60,-0.16,-0.17517073637722366,0.0921605403325832,-2.0210480637287236,0.02223031633113355,0.014854781540506358,-0.18665873510314385,0.1227382495558344,-2.108484194494906,0.027666353716323068,28.897726521375482,28.43447719266833,78.26717585386146,73.24633263422506,-0.4632493287071533,-5.020843219636404,False,False,0.09071795328941253,0.38674102345450123,4.263114515168817,0.13251650653018204,0.13549537834519906,1.022479251023257,-4.209433476301157,-2.0210480637287236,-1.99881774739759,-1.4277696836688665,0.3789519362712763,-0.1178394596674168,0.013954781540506358,1.4277696836688665,0.3789519362712763,0.1178394596674168,0.013954781540506358,True,True,strong,mid,low,low,-0.17745161121548356,0.3859025892974846,0.15029653399129955,0.12746550012550947,0.34732920213760027,1200,500,10,49.89187932014465
-2.4,1.45,0.21,0.0009,88,1206774416,True,,60,-0.16,-0.1491859430407052,0.2620869752222631,-2.353432716836687,0.9611263617857799,0.010248094417551869,-0.12380380649385901,0.4264247518208085,-2.008354144853552,0.016288558158585487,24.295913358832635,26.53167859227046,69.06354952877578,69.44073543342932,2.2357652334378244,0.37718590465354396,True,True,0.09071795328941253,0.38674102345450123,4.263114515168817,0.09504234813772423,0.24850151048563549,2.614639845866773,-4.5806635011639605,-2.353432716836687,-1.3923063550509072,-0.48887363821422003,0.04656728316331282,0.052086975222263104,0.00934809441755187,0.48887363821422003,0.04656728316331282,0.052086975222263104,0.00934809441755187,True,True,strong,mid,low,low,-0.1549224220791018,0.3758111573144665,0.14652199921502973,0.13083338138812778,0.3463795552575963,1200,500,10,40.611029624938965
-2.4,1.45,0.21,0.0009,89,605169436,True,,60,-0.16,-0.1412249418982515,0.34418913516028055,-2.284520058434482,0.12044680860515358,0.015839832707526466,-0.1353346981741934,0.38721609681382513,-2.4556410666289255,0.01936337512411321,21.626062794243474,22.39709119811261,63.72384839959745,61.171560645113615,0.7710284038691348,-2.552287754483835,True,False,0.09071795328941253,0.38674102345450123,4.263114515168817,0.10182291943237312,0.11485632841137923,1.1280007394372775,-4.14522745404516,-2.284520058434482,-2.164073249829328,-1.3295531913948464,0.11547994156551811,0.13418913516028055,0.014939832707526466,1.3295531913948464,0.11547994156551811,0.13418913516028055,0.014939832707526466,True,True,strong,mid,low,low,-0.1310472252764323,0.3626208090725892,0.14622399042550613,0.13363352640689996,0.32544743697980544,1200,500,10,38.83891534805298
-2.4,1.45,0.21,0.0009,90,2044580305,True,,60,-0.16,-0.17614388036835402,0.2587443428897024,-2.433627302624064,1.109118295762288,0.01291652682490439,-0.1859261679904316,0.29205615209850777,-2.237064304712867,0.03457726989635416,25.2104774181531,25.410191147281537,70.8926776474167,67.19776054345148,0.19971372912843677,-3.694917103965224,True,False,0.09071795328941253,0.38674102345450123,4.263114515168817,0.08771807481347788,0.2659334985623293,3.0316841668926893,-4.349247638368512,-2.433627302624064,-1.324509006861776,-0.3408817042377119,-0.033627302624064104,0.04874434288970239,0.012016526824904391,0.3408817042377119,0.033627302624064104,0.04874434288970239,0.012016526824904391,True,True,strong,mid,low,low,-0.17626648685787902,0.38396808262813936,0.14985496026829895,0.1375161553669652,0.3192599577534613,1200,500,10,56.47106695175171
-2.4,1.45,0.21,0.0009,91,1433603283,True,,60,-0.16,-0.16213528450967485,-0.20870073184504032,-2.704265089799601,1.6158428626068737,0.009013980050517872,-0.17641345646334772,-0.13323141550629908,-2.4201969433805495,0.00867900598956637,18.046659815698277,19.27897308005426,56.56504244250706,54.93532440899692,1.2323132643559838,-1.6297180335101373,True,False,0.09071795328941253,0.38674102345450123,4.263114515168817,0.06691948559221415,0.3367473856511651,5.032127528642336,-4.708978567882552,-2.704265089799601,-1.0884222271927273,0.16584286260687375,-0.3042650897996011,-0.4187007318450403,0.008113980050517873,0.16584286260687375,0.3042650897996011,0.4187007318450403,0.008113980050517873,True,True,strong,mid,low,low,-0.186868873830557,0.33117138599911083,0.13981918930956147,0.12587020998659149,0.3201208251123073,1200,500,10,53.98577380180359
-2.4,1.45,0.21,0.0009,92,1935869377,True,,60,-0.16,-0.04472521608569803,-0.001265322774145582,-2.077815262246679,0.02853441137278914,0.0191485873835501,-0.07934281651297223,0.0856847403731335,-2.6982032379820797,0.0802542972325414,27.441522643154702,27.911039484229185,75.3547680974199,72.19945721734678,0.46951684107448344,-3.155310880073131,True,False,0.09071795328941253,0.38674102345450123,4.263114515168817,0.12520345031783825,0.12882751647846757,1.0289454176496682,-3.9555263319483753,-2.077815262246679,-2.0492808508738896,-1.4214655886272107,0.3221847377533211,-0.2112653227741456,0.018248587383550098,1.4214655886272107,0.3221847377533211,0.2112653227741456,0.018248587383550098,True,True,strong,mid,low,low,-0.04129584998768036,0.37900251698915566,0.1527704644599484,0.13581256304455935,0.4886827323354389,1200,500,10,52.04783391952515
-2.4,1.45,0.21,0.0009,93,723252406,True,,60,-0.16,-0.26390063062138863,0.20346543227290875,-2.71381277080866,0.800603100118735,0.012228742688995466,-0.26203783648989404,0.34812808960037794,-2.432586422895037,0.009340423827124628,13.86461279395817,14.744250247534572,48.20094839902684,45.865878743957545,0.879637453576402,-2.3350696550692973,True,False,0.09071795328941253,0.38674102345450123,4.263114515168817,0.06628360013674076,0.14760585926446826,2.226883557319798,-4.403966140046604,-2.71381277080866,-1.9132096706899249,-0.6493968998812649,-0.31381277080866,-0.0065345677270912395,0.011328742688995466,0.6493968998812649,0.31381277080866,0.0065345677270912395,0.011328742688995466,True,True,strong,mid,low,low,-0.2647681686812196,0.3176770486214409,0.13913380254754878,0.1294687717596329,0.2746519782823968,1200,500,10,51.46034836769104
-2.4,1.45,0.21,0.0009,94,1926497335,True,,60,-0.16,-0.17816315025713775,0.2552089014636418,-2.7301756293557338,1.6339546896057715,0.0108073562196171,-0.21010375392466352,0.23924677368755506,-2.440340023834391,0.025155323244825473,19.267739921715737,20.555107266222308,59.00720265454198,57.48759278133302,1.2873673445065705,-1.5196098732089567,True,False,0.09071795328941253,0.38674102345450123,4.263114515168817,0.06520783625210917,0.3341314034911698,5.124098922702134,-4.527528245270678,-2.7301756293557338,-1.0962209397499623,0.18395468960577155,-0.33017562935573386,0.04520890146364179,0.0099073562196171,0.18395468960577155,0.33017562935573386,0.04520890146364179,0.0099073562196171,True,True,strong,mid,low,low,-0.20347227732512457,0.3449610838739089,0.1417307313301661,0.11920243709377448,0.3217843843160486,1200,500,10,48.06706762313843
-2.4,1.45,0.21,0.0009,95,831963334,True,,60,-0.16,-0.11731189299898458,0.29010773804044954,-2.28903452206304,1.3724798153938802,0.019023844536243374,-0.07019301936997546,0.3204733912705334,-1.8688358350834693,0.03010261958337167,34.822755681807216,35.914147635383166,90.11723417472493,88.20567351965474,1.0913919535759504,-1.9115606550701898,True,False,0.09071795328941253,0.38674102345450123,4.263114515168817,0.10136427960139749,0.3998944240173104,3.945121748902531,-3.9620621110475804,-2.28903452206304,-0.9165547066691597,-0.07752018460611976,0.11096547793695999,0.08010773804044954,0.018123844536243373,0.07752018460611976,0.11096547793695999,0.08010773804044954,0.018123844536243373,True,True,strong,mid,low,low,-0.08549142295573078,0.45711108259707917,0.16945189026068316,0.14496771797387858,0.505458762914652,1200,500,10,46.04595422744751
-2.4,1.45,0.21,0.0009,96,1817786407,True,,60,-0.16,-0.21819823591742812,0.3193355229496038,-3.0491181736999344,2.7241495051114435,0.010477763663190838,-0.16633535523791027,0.41018069631653997,-2.267136297404792,0.016597253578546287,18.386005585470755,23.41162460975736,57.243733982052014,63.20062746840313,5.0256190242866055,5.956893486351113,True,True,0.09071795328941253,0.38674102345450123,4.263114515168817,0.04740070515519268,0.7225499917985566,15.243443941031797,-4.558500013777227,-3.0491181736999344,-0.32496866858849094,1.2741495051114435,-0.6491181736999345,0.10933552294960383,0.009577763663190839,1.2741495051114435,0.6491181736999345,0.10933552294960383,0.009577763663190839,True,True,strong,mid,low,low,-0.1775075370117128,0.35221076227741116,0.142325714172652,0.1269921091066999,0.3738421214479513,1200,500,10,50.15951347351074
-2.4,1.45,0.21,0.0009,97,1974914797,True,,60,-0.16,-0.06505811533760136,0.013692203116611231,-2.8210558048030725,2.481084631615398,0.02124625284595122,-0.08571724612727565,-0.18685976291887815,-1.7190693592820754,0.0023284443417057018,31.763925095507886,37.514486299424675,83.99957300212628,91.40635084773776,5.750561203916789,7.406777845611472,True,True,0.09071795328941253,0.38674102345450123,4.263114515168817,0.05954304367872762,0.7117908411278608,11.954223317310124,-3.851574735821967,-2.8210558048030725,-0.33997117318767467,1.0310846316153979,-0.4210558048030726,-0.19630779688338876,0.020346252845951217,1.0310846316153979,0.4210558048030726,0.19630779688338876,0.020346252845951217,True,True,strong,mid,low,low,-0.09796069815038659,0.4207693136989388,0.16075178716334435,0.13674628004795983,0.6601259606137746,1200,500,10,53.004443407058716
-2.4,1.45,0.21,0.0009,98,1808414365,True,,60,-0.16,-0.1549479624556334,0.22264514594802343,-3.3522319320745613,3.6745100331336573,0.027044479276086848,-0.18087796398804218,0.4172020351527936,-2.252339971423786,0.017792124781332748,25.76131346510752,24.19427191019573,71.99434974132555,64.76592206927987,-1.567041554911789,-7.228427672045683,False,False,0.09071795328941253,0.38674102345450123,4.263114515168817,0.0350061355273542,1.380268576740099,39.42933305681632,-3.6102723878249963,-3.3522319320745613,0.32227810105909604,2.224510033133657,-0.9522319320745614,0.012645145948023434,0.026144479276086846,2.224510033133657,0.9522319320745614,0.012645145948023434,0.026144479276086846,True,True,strong,mid,low,low,-0.20202874072130542,0.383389315295751,0.14264216304071964,0.1221829106436339,0.5240181649543664,1200,500,10,45.980457067489624
-2.4,1.45,0.21,0.0009,99,163196812,True,,60,-0.16,-0.08819750749724514,0.2238964988564777,-1.994840259196979,0.6895682403473143,0.021413185035707268,-0.06804925584752752,0.3181254714839491,-1.8819229072582448,0.0323911273724714,34.223161611529164,35.03894166263019,88.91804603416884,86.45526157414878,0.8157800511010223,-2.4627844600200604,True,False,0.09071795328941253,0.38674102345450123,4.263114515168817,0.13603538283261865,0.27109878103625135,1.9928549131207876,-3.843748423516391,-1.994840259196979,-1.3052720188496645,-0.7604317596526856,0.405159740803021,0.013896498856477701,0.020513185035707267,0.7604317596526856,0.405159740803021,0.013896498856477701,0.020513185035707267,True,True,strong,mid,low,low,-0.08660509375956746,0.44506423407908463,0.16734768018932794,0.1411225573157911,0.40898142363496487,1200,500,10,36.72037220001221
-0.6,-3.0,0.21,0.0009,0,1406566512,True,,60,-0.16,-0.20781257353020893,0.2980698950299787,-0.2217381616586118,-4.338033812441015,0.017682037062896307,-0.12421810732241756,0.3318211325860905,-1.495747075770121,0.027245195632442848,33.745911122274876,41.89616190617466,87.96354505566026,100.16970206123773,8.150250783899786,12.206157005577467,True,True,0.5488116360940265,0.02732372244729256,0.04978706836786394,0.8011251021427505,0.010464444835849422,0.013062185678442008,-4.03520600992017,-0.2217381616586118,-4.559771974099627,-1.3380338124410152,0.37826183834138816,0.08806989502997872,0.016782037062896306,1.3380338124410152,0.37826183834138816,0.08806989502997872,0.016782037062896306,False,False,ictal_scale,high,low,low,-0.11963766454909115,0.5150923136076361,0.20645273827541752,0.17559950020775594,0.5488116360940265,1200,500,10,57.76184606552124
-0.6,-3.0,0.21,0.0009,1,238651045,True,,60,-0.16,-0.17892656276090593,0.2499603928926429,-0.8368642945599166,-3.5581526274440947,0.01264489931219892,-0.0939099741516132,0.3121549820728096,-1.7126520264141547,0.037054769689593335,30.81902788691287,38.25532412354088,82.10977858493624,92.88802649597017,7.43629623662801,10.77824791103393,True,True,0.5488116360940265,0.02732372244729256,0.04978706836786394,0.43306636511505336,0.012338671528614805,0.028491410376182802,-4.370501361549173,-0.8368642945599166,-4.395016922004011,-0.5581526274440947,-0.23686429455991664,0.039960392892642915,0.01174489931219892,0.5581526274440947,0.23686429455991664,0.039960392892642915,0.01174489931219892,False,False,ictal_scale,high,low,low,-0.12848077967276245,0.47539329307028927,0.22545043266702344,0.19938823669511752,0.5488116360940265,1200,500,10,54.284979820251465
-0.6,-3.0,0.21,0.0009,2,849628067,True,,60,-0.16,-0.20629605463564357,0.213853437791084,-0.6526202024442143,-3.3527448710410637,0.015413081976267647,-0.13248238005476792,0.24696269887247307,-1.6157982342656112,0.012977114849418983,34.52621783760071,40.70506870838413,89.52415848631193,97.78751566565667,6.178850870783421,8.263357179344737,True,True,0.5488116360940265,0.02732372244729256,0.04978706836786394,0.5206797016190293,0.018217637268187484,0.034988184120757125,-4.1725386511872005,-0.6526202024442143,-4.005365073485278,-0.35274487104106367,-0.05262020244421428,0.003853437791084019,0.014513081976267647,0.35274487104106367,0.05262020244421428,0.003853437791084019,0.014513081976267647,False,False,ictal_scale,high,low,low,-0.08969480234346525,0.4757672705453794,0.2387391643229816,0.21879048625454134,0.5488116360940265,1200,500,10,58.71410512924194
-0.6,-3.0,0.21,0.0009,3,347361973,True,,60,-0.16,-0.11003808798979546,0.1922821791740786,-0.3169383708966169,-4.5688138685220006,0.010782502789380703,-0.11096347336531637,0.17388600214820532,-1.2817781843107527,0.016545530394146312,27.90943936165088,45.060658224693626,76.29060153441226,106.49869469827566,17.151218863042747,30.208093163863396,True,True,0.5488116360940265,0.02732372244729256,0.04978706836786394,0.7283756428802883,0.007553439629359893,0.010370252908911911,-4.529830570747136,-0.3169383708966169,-4.8857522394186175,-1.5688138685220006,0.28306162910338306,-0.017717820825921382,0.009882502789380703,1.5688138685220006,0.28306162910338306,0.017717820825921382,0.009882502789380703,False,False,ictal_scale,high,low,low,-0.13425602241626264,0.5064295228568108,0.2516343136871169,0.24978303922177775,0.5488116360940265,1200,500,10,65.81193351745605
-0.6,-3.0,0.21,0.0009,4,1288483542,True,,60,-0.16,-0.15466772261331665,0.25017057565630757,0.042826232681391935,-4.383369067125217,0.013029659364956226,-0.21581321120083957,0.07081000308069944,-1.1820559680720608,0.06500958396070103,37.806714171244515,50.525132565676174,96.08515115359953,117.42764338024075,12.718418394431659,21.342492226641227,True,True,0.5488116360940265,0.02732372244729256,0.04978706836786394,1.0437565083218128,0.013029453447285406,0.01248323085260048,-4.340527030554236,0.042826232681391935,-4.340542834443824,-1.3833690671252166,0.6428262326813919,0.04017057565630758,0.012129659364956226,1.3833690671252166,0.6428262326813919,0.04017057565630758,0.012129659364956226,False,False,ictal_scale,high,low,low,-0.24154135775016136,0.5550910022930651,0.2261003950874677,0.2092948717692471,0.5488116360940265,1200,500,10,64.25005912780762
-0.6,-3.0,0.21,0.0009,5,356734015,True,,60,-0.16,-0.13140022711517196,0.23081400607995992,-0.7953737212737213,-3.9760566821626386,0.01339861949987785,-0.34046588158551927,0.343690926172126,-1.9500260841186556,0.029878571409563622,29.080905807168914,35.26159219573848,78.63353442544833,86.90056264036537,6.1806863885695655,8.267028214917033,True,True,0.5488116360940265,0.02732372244729256,0.04978706836786394,0.4514125009399917,0.008468258466553575,0.018759468222346157,-4.312603599729618,-0.7953737212737213,-4.77143040343636,-0.9760566821626386,-0.19537372127372132,0.020814006079959924,0.01249861949987785,0.9760566821626386,0.19537372127372132,0.020814006079959924,0.01249861949987785,False,False,ictal_scale,high,low,low,-0.2992333821875164,0.4467429645453575,0.250740252396875,0.267958773000364,0.5488116360940265,1200,500,10,74.93931436538696
-0.6,-3.0,0.21,0.0009,6,145532079,True,,60,-0.16,-0.15206892824477342,0.21410513287701405,-0.2758207002866422,-4.605695354354773,0.016813554388771988,-0.12806955295852068,0.1835713831028678,-1.2310050557658947,0.03345919790687958,33.74976782402614,47.51591588955985,87.97125845916278,111.4092100280081,13.766148065533713,23.43795156884532,True,True,0.5488116360940265,0.02732372244729256,0.04978706836786394,0.7589489979002542,0.007585505265360681,0.009994749695100879,-4.085569909012757,-0.2758207002866422,-4.881516054641415,-1.605695354354773,0.3241792997133578,0.004105132877014056,0.015913554388771987,1.605695354354773,0.3241792997133578,0.004105132877014056,0.015913554388771987,False,False,ictal_scale,high,low,low,-0.1991375454375385,0.535670865526703,0.251575476674295,0.2472830412483117,0.5488116360940265,1200,500,10,52.057945013046265
-0.6,-3.0,0.21,0.0009,7,465444943,True,,60,-0.16,-0.1541909979329718,0.28348953243533204,-0.6277239907041909,-4.681811336283609,0.009287715654231605,-0.18601476496084735,0.31946668126721656,-1.8964671484502444,0.029652966446999274,23.516372019363992,34.019246694641474,67.50446684983848,84.41587163817135,10.502874675277482,16.911404788332874,True,True,0.5488116360940265,0.02732372244729256,0.04978706836786394,0.5338053654149201,0.004944223631269345,0.009262221685288353,-4.679062649371324,-0.6277239907041909,-5.3095353269878,-1.6818113362836087,-0.02772399070419096,0.07348953243533204,0.008387715654231605,1.6818113362836087,0.02772399070419096,0.07348953243533204,0.008387715654231605,False,False,ictal_scale,high,low,low,-0.2236077028428379,0.44390254845838445,0.23736228974934034,0.1999657341262303,0.5488116360940265,1200,500,10,63.68169093132019
-0.6,-3.0,0.21,0.0009,8,2011323610,True,,60,-0.16,-0.21846515182870138,0.26629105621615684,-0.3378939916217118,-4.55293770232373,0.010561463857230006,-0.13166103149045807,0.3054390433027013,-1.533674692497212,0.027831672723502354,29.592229112397085,44.77642995589916,79.65618103590467,105.93023816068673,15.184200843502076,26.27405712478206,True,True,0.5488116360940265,0.02732372244729256,0.04978706836786394,0.7132708965816613,0.007515169554078375,0.010536206636349106,-4.550543387467529,-0.3378939916217118,-4.890831693945442,-1.5529377023237299,0.2621060083782882,0.05629105621615685,0.009661463857230006,1.5529377023237299,0.2621060083782882,0.05629105621615685,0.009661463857230006,False,False,ictal_scale,high,low,low,-0.18403059913247802,0.5312033749010097,0.2330359387520276,0.2006319129854925,0.5488116360940265,1200,500,10,60.99823594093323
-0.6,-3.0,0.21,0.0009,9,474816985,True,,60,-0.16,-0.18513625394797315,0.2302708913795405,-0.24061500389367285,-4.857879560331889,0.009601690292124102,-0.1797138985602525,0.21920198299149826,-1.3707043102948138,0.04643754849370169,27.693787880960805,46.844594436785584,75.8592985730321,110.06656712245957,19.15080655582478,34.20726854942747,True,True,0.5488116360940265,0.02732372244729256,0.04978706836786394,0.786144230601679,0.0061059317380119564,0.007766935761060989,-4.645816123910958,-0.24061500389367285,-5.098494564225562,-1.857879560331889,0.3593849961063271,0.020270891379540495,0.008701690292124102,1.857879560331889,0.3593849961063271,0.020270891379540495,0.008701690292124102,False,False,ictal_scale,high,low,low,-0.18718549275803378,0.5402801058852094,0.24728977227786822,0.23563731581389252,0.5488116360940265,1200,500,10,49.75683331489563
-0.6,-3.0,0.21,0.0009,10,2120034538,True,,60,-0.16,-0.1806426776116971,0.24838664592435084,-0.5665161230628064,-4.191065604543768,0.017009732767716522,-0.16457985281659912,0.21955188448344654,-1.6871620286990057,0.031074633001348894,32.757652245056754,41.792977366995906,85.987027301224,99.96333298288022,9.035325121939152,13.976305681656214,True,True,0.5488116360940265,0.02732372244729256,0.04978706836786394,0.5674990957256616,0.008586348440457527,0.015130153519413374,-4.073969583002506,-0.5665161230628064,-4.757581727606574,-1.191065604543768,0.03348387693719357,0.03838664592435084,0.01610973276771652,1.191065604543768,0.03348387693719357,0.03838664592435084,0.01610973276771652,False,False,ictal_scale,high,low,low,-0.16519294419181352,0.49295614516361186,0.2424684772108869,0.23673881050516185,0.5488116360940265,1200,500,10,58.882447719573975
-0.6,-3.0,0.21,0.0009,11,583527913,True,,60,-0.16,-0.12755698287492442,0.23048139151896657,-0.9456634370495336,-3.210347741579995,0.020203275180511602,-0.1221404264775999,0.2049471869193884,-1.6170378564799828,0.019081276774607126,32.0710272996829,37.87611764992721,84.6137774104763,92.12961354874282,5.805090350244306,7.515836138266522,True,True,0.5488116360940265,0.02732372244729256,0.04978706836786394,0.3884217919935142,0.01566993800936254,0.0403425820393316,-3.9019105500687767,-0.9456634370495336,-4.156011178629528,-0.2103477415799948,-0.3456634370495336,0.02048139151896658,0.0193032751805116,0.2103477415799948,0.3456634370495336,0.02048139151896658,0.0193032751805116,False,False,ictal_scale,high,low,low,-0.13310598672584648,0.4606295951722016,0.2369434375336221,0.1827425228816969,0.5488116360940265,1200,500,10,53.674784421920776
-0.6,-3.0,0.21,0.0009,12,2129406580,True,,60,-0.16,-0.12893702240653526,0.22262702219392128,-0.3652451333477382,-4.99644747756316,0.010992621641667382,-0.08618410773290645,0.384665694821764,-1.494738250850543,0.02173513411506015,26.322209279047023,41.88284905552693,73.11614136920454,100.14307635994227,15.56063977647991,27.02693499073773,True,True,0.5488116360940265,0.02732372244729256,0.04978706836786394,0.6940265009845189,0.004692956032704249,0.006761926275217161,-4.51053099109222,-0.3652451333477382,-5.361692610910898,-1.9964474775631604,0.23475486665226175,0.012627022193921283,0.010092621641667382,1.9964474775631604,0.23475486665226175,0.012627022193921283,0.010092621641667382,False,False,ictal_scale,high,low,low,-0.09614170935166108,0.4930356718648665,0.24344607428195228,0.2205591797791,0.5488116360940265,1200,500,10,63.232856035232544
-0.6,-3.0,0.21,0.0009,13,520343161,True,,60,-0.16,-0.06948256894688734,0.31336835711692057,-0.9079178446113432,-2.8854840842326936,0.022820196196397496,-0.0799023555391189,0.2661413524964868,-1.716121325135898,0.02318769199969992,34.49086770633527,37.1470115572308,89.45345822378104,90.67140136335,2.656143850895525,1.217943139568959,True,True,0.5488116360940265,0.02732372244729256,0.04978706836786394,0.40336321516761636,0.022518863824098137,0.05582775765693082,-3.7801093370217353,-0.9079178446113432,-3.7934019288440366,0.11451591576730635,-0.3079178446113432,0.10336835711692058,0.021920196196397495,0.11451591576730635,0.3079178446113432,0.10336835711692058,0.021920196196397495,False,False,ictal_scale,high,low,low,-0.10325668095873537,0.4695892547241792,0.2395825839119836,0.2151404808024258,0.5488116360940265,1200,500,10,61.56245470046997
-0.6,-3.0,0.21,0.0009,14,90633861,True,,60,-0.16,-0.19812687144369967,0.1765875757796306,-0.6602268499755393,-4.810609333008516,0.009601615729382604,-0.07770601949773406,0.12681186692511093,-1.682134157247038,0.022429094260466537,25.507991057931953,38.07451550239623,71.4877049269744,92.52640925368087,12.566524444464278,21.038704326706466,True,True,0.5488116360940265,0.02732372244729256,0.04978706836786394,0.5167341000769272,0.004207712269165274,0.008142896450106284,-4.645823889526047,-0.6602268499755393,-5.470836182984056,-1.8106093330085162,-0.06022684997553929,-0.033412424220369386,0.008701615729382604,1.8106093330085162,0.06022684997553929,0.033412424220369386,0.008701615729382604,False,False,ictal_scale,high,low,low,-0.08370344547912675,0.4637429227143016,0.2712916293841158,0.22789444179176965,0.5488116360940265,1200,500,10,69.21797847747803
-0.6,-3.0,0.21,0.0009,15,411632233,True,,60,-0.16,-0.11283880903324896,0.30820297743463543,0.17330152537536833,-4.997732829053783,0.020784232887371936,-0.12684097343608422,0.2875439685530038,-1.0641540265847615,0.055545459563619094,37.689859543046424,56.28794255249012,95.85144189720336,128.95326335386864,18.598083009443698,33.10182145666528,True,True,0.5488116360940265,0.02732372244729256,0.04978706836786394,1.1892246324324607,0.00803111984025833,0.0067532404065927705,-3.873560613989075,0.17330152537536833,-4.8244313036784146,-1.997732829053783,0.7733015253753683,0.09820297743463544,0.019884232887371935,1.997732829053783,0.7733015253753683,0.09820297743463544,0.019884232887371935,False,False,ictal_scale,high,low,low,-0.1734107785856662,0.6103397900977504,0.21623273918637356,0.1952465134661976,0.5488116360940265,1200,500,10,74.03749227523804
-0.6,-3.0,0.21,0.0009,16,100005903,True,,60,-0.16,-0.1534251729028338,0.33740077057991724,-0.8436550789509654,-3.503593427198458,0.015097504009401578,-0.10242401087671216,0.29198085329105444,-1.6985468467342533,0.014514521478378211,29.104485391250353,34.48386849235946,78.68069359361121,85.34511523360733,5.379383101109109,6.664421639996121,True,True,0.5488116360940265,0.02732372244729256,0.04978706836786394,0.4301354676121748,0.012942374497688093,0.03008906605524888,-4.193225846215001,-0.8436550789509654,-4.347248506149423,-0.5035934271984579,-0.2436550789509654,0.12740077057991725,0.014197504009401578,0.5035934271984579,0.2436550789509654,0.12740077057991725,0.014197504009401578,False,False,ictal_scale,high,low,low,-0.1068094477531923,0.4569151136346411,0.22597895315754193,0.1951438350792986,0.5488116360940265,1200,500,10,51.0781991481781
-0.6,-3.0,0.21,0.0009,17,402260191,True,,60,-0.16,-0.1005004655963216,0.26421775846374085,-0.17344712940378038,-4.731835132922128,0.01058336417712548,-0.01352807829808951,0.30672311875544034,-1.4150164078121539,0.005051746185358608,30.85233333349172,54.20711933846424,82.17638947809394,124.79161692581688,23.354786004972517,42.615227447722944,True,True,0.5488116360940265,0.02732372244729256,0.04978706836786394,0.8407616015539643,0.007407351971411299,0.00881028814555806,-4.548471927941732,-0.17344712940378038,-4.905282262325908,-1.7318351329221278,0.4265528705962196,0.054217758463740856,0.00968336417712548,1.7318351329221278,0.4265528705962196,0.054217758463740856,0.00968336417712548,False,False,ictal_scale,high,low,low,-0.1132319636186593,0.518139282482014,0.23048539106571006,0.20333801845964994,0.5488116360940265,1200,500,10,60.87522530555725
-0.6,-3.0,0.21,0.0009,18,208716831,True,,60,-0.16,-0.12837987763590364,0.15030981905097757,-0.485882414133899,-4.248851070703502,0.015622475376089072,-0.059949902848865616,0.16535187189395484,-1.7290578478287513,0.035045068189538,31.466796425879334,38.68580154981068,83.40531566286917,93.74898134850976,7.219005123931343,10.343665685640588,True,True,0.5488116360940265,0.02732372244729256,0.04978706836786394,0.6151541364929258,0.008784789799477158,0.014280631923505208,-4.159044672344768,-0.485882414133899,-4.734733484837401,-1.2488510707035019,0.11411758586610099,-0.059690180949022426,0.014722475376089072,1.2488510707035019,0.11411758586610099,0.059690180949022426,0.014722475376089072,False,False,ictal_scale,high,low,low,-0.06533804297146786,0.45890597101852704,0.24101389416771932,0.2058925304498923,0.5488116360940265,1200,500,10,50.65169882774353
-0.6,-3.0,0.21,0.0009,19,293549263,True,,60,-0.16,-0.16394096175911654,0.19164834942032927,-0.7310297323397639,-3.8704936330128756,0.02092125828291012,-0.17078865521768288,0.21294351625689456,-1.6415601126535466,0.026202832153880924,32.99683298808261,39.45398797073778,86.46538878727571,95.28535419036396,6.457154982655169,8.819965403088247,True,True,0.5488116360940265,0.02732372244729256,0.04978706836786394,0.4814130082263923,0.010036534783765616,0.020848075586370047,-3.8669894942275547,-0.7310297323397639,-4.601523365352639,-0.8704936330128756,-0.1310297323397639,-0.018351650579670725,0.02002125828291012,0.8704936330128756,0.1310297323397639,0.018351650579670725,0.02002125828291012,False,False,ictal_scale,high,low,low,-0.160923123890993,0.47394539510681427,0.2523139845578518,0.246733202149248,0.5488116360940265,1200,500,10,50.7184534072876
-0.6,-3.0,0.21,0.0009,20,895154243,True,,60,-0.16,-0.20702369077501048,0.29493219135655363,-0.5110485516277685,-4.640900607546711,0.01311666939491802,-0.13025158691615757,0.24779002449399135,-1.6400019714712943,0.025065171760216366,28.759981365939876,37.9167635597232,77.99168554299025,92.2109053683348,9.156782193783325,14.219219825344553,True,True,0.5488116360940265,0.02732372244729256,0.04978706836786394,0.5998662581908749,0.0057881117733695996,0.00964900374764511,-4.333871384788024,-0.5110485516277685,-5.15194915917448,-1.640900607546711,0.08895144837223146,0.08493219135655364,0.01221666939491802,1.640900607546711,0.08895144837223146,0.08493219135655364,0.01221666939491802,False,False,ictal_scale,high,low,low,-0.14262198954283192,0.46604195884124294,0.25480649918909076,0.24125639091049395,0.5488116360940265,1200,500,10,62.46051836013794
-0.6,-3.0,0.21,0.0009,21,284177221,True,,60,-0.16,-0.1703672105064242,0.276793752475906,-0.40898841141057973,-4.202769764675441,0.019632530624466207,-0.23267506862593146,0.23489426790259788,-1.4606346900437075,0.02675428493959633,33.948781720848615,43.5899807541392,88.36928625280774,103.5573397571668,9.641199033290583,15.188053504359061,True,True,0.5488116360940265,0.02732372244729256,0.04978706836786394,0.6643219308317085,0.009934336631323202,0.014954100068449864,-3.9305673628302413,-0.40898841141057973,-4.6117581760860205,-1.2027697646754412,0.19101158858942024,0.066793752475906,0.018732530624466205,1.2027697646754412,0.19101158858942024,0.066793752475906,0.018732530624466205,False,False,ictal_scale,high,low,low,-0.18690666064949613,0.509963005915304,0.23569052014835942,0.20956411608326964,0.5488116360940265,1200,500,10,54.65540552139282
-0.6,-3.0,0.21,0.0009,22,786443315,True,,60,-0.16,-0.14283831084730092,0.23869710275447004,-0.14675474197092342,-4.968061774773961,0.011627030642509415,-0.18251607301206382,0.11713212264630521,-1.4988959638679784,0.06040935033996329,31.828827861209287,47.16505924244728,84.12937853352908,110.70749673378296,15.33623138123799,26.578118200253883,True,True,0.5488116360940265,0.02732372244729256,0.04978706836786394,0.8635057331620711,0.006007079931891755,0.0069566184695664165,-4.454422663837763,-0.14675474197092342,-5.1148165167448845,-1.968061774773961,0.45324525802907656,0.028697102754470044,0.010727030642509416,1.968061774773961,0.45324525802907656,0.028697102754470044,0.010727030642509416,False,False,ictal_scale,high,low,low,-0.1636969872807195,0.5379122265339045,0.22296696546459496,0.1945430045973992,0.5488116360940265,1200,500,10,70.8991527557373
-0.6,-3.0,0.21,0.0009,23,175466293,True,,60,-0.16,-0.16978862752790755,0.22957378655446373,-0.36378126932095867,-4.553262610405593,0.01985796424923994,-0.21359910762563888,0.16772390252263342,-1.736024077974165,0.05712080416921162,34.527087221058665,42.233159991129455,89.52589725322784,100.84369823114731,7.70607277007079,11.317800977919475,True,True,0.5488116360940265,0.02732372244729256,0.04978706836786394,0.6950432053898865,0.0073207398791765525,0.010532783893729258,-3.919150130692632,-0.36378126932095867,-4.917043879726552,-1.5532626104055929,0.2362187306790413,0.019573786554463735,0.01895796424923994,1.5532626104055929,0.2362187306790413,0.019573786554463735,0.01895796424923994,False,False,ictal_scale,high,low,low,-0.20586767061569752,0.49285380945744584,0.22712204243901415,0.22866051800190662,0.5488116360940265,1200,500,10,66.69334745407104
-0.6,-3.0,0.21,0.0009,24,1469751264,True,,60,-0.16,-0.17265919037435973,0.290302168115205,-0.3138095393774708,-4.8374519514731835,0.013951544246468352,-0.27611529470857293,0.27905981407048097,-1.6098509688001919,0.03422478058742569,29.0813135245401,47.1684679381985,78.6343498601907,110.71431412528541,18.087154413658403,32.079964265094716,True,True,0.5488116360940265,0.02732372244729256,0.04978706836786394,0.7306581765190185,0.0057920934433681685,0.007927227299313475,-4.2721650781698415,-0.3138095393774708,-5.151261490850654,-1.8374519514731835,0.2861904606225292,0.08030216811520499,0.013051544246468353,1.8374519514731835,0.2861904606225292,0.08030216811520499,0.013051544246468353,False,False,ictal_scale,high,low,low,-0.27303107579435554,0.5287407168927674,0.2386819684941976,0.21908277433605627,0.5488116360940265,1200,500,10,68.07073712348938
-0.6,-3.0,0.21,0.0009,25,868146284,True,,60,-0.16,-0.1435967406209288,0.14993127870132236,-0.539960382719518,-4.491831334888923,0.015582984838420917,-0.18586274989028828,0.290462194848158,-1.3623098802008715,0.03555354026865251,34.09873364906917,45.91183250575311,88.66919010924883,108.20104326039463,11.813098856683943,19.531853151145796,True,True,0.5488116360940265,0.02732372244729256,0.04978706836786394,0.5827713397322805,0.006527105357860784,0.011200113857450974,-4.1615756754755004,-0.539960382719518,-5.031791717608441,-1.4918313348889232,0.060039617280482016,-0.06006872129867763,0.014682984838420917,1.4918313348889232,0.060039617280482016,0.06006872129867763,0.014682984838420917,False,False,ictal_scale,high,low,low,-0.14961419053746766,0.5246807263991531,0.26423307674934843,0.2829399350917925,0.5488116360940265,1200,500,10,55.986696004867554
-0.6,-3.0,0.21,0.0009,26,668360345,True,,60,-0.16,-0.16269879950588328,0.22981591119189532,-0.16474628944341901,-4.152782596963195,0.021288443608681273,-0.15660132210854993,0.23116538540071582,-0.977899845533217,0.031237279651431207,38.86519298682576,49.66770779043164,98.20210878476203,115.71279382975169,10.802514803605881,17.510685044989657,True,True,0.5488116360940265,0.02732372244729256,0.04978706836786394,0.848108850962864,0.013332789706145324,0.015720611441572042,-3.8495909070852496,-0.16474628944341901,-4.317528886406613,-1.1527825969631946,0.43525371055658096,0.019815911191895325,0.02038844360868127,1.1527825969631946,0.43525371055658096,0.019815911191895325,0.02038844360868127,False,False,ictal_scale,high,low,low,-0.14573613735900812,0.5543177551874502,0.20651823990522064,0.19470899949339293,0.5488116360940265,1200,500,10,62.61343812942505
-0.6,-3.0,0.21,0.0009,27,976857212,True,,60,-0.16,-0.1402173877239714,0.23195522317697753,-0.14691185753755634,-4.080960152002529,0.012105894778937434,-0.10971459413876905,0.15217135781574567,-0.9158819635303928,0.03929397129492026,38.409210039081835,53.91306672756512,97.29014288927416,124.20351170401865,15.503856688483289,26.913368814744487,True,True,0.5488116360940265,0.02732372244729256,0.04978706836786394,0.8633700736269061,0.014583390869167172,0.016891239706634996,-4.414062773196091,-0.14691185753755634,-4.227872009540086,-1.080960152002529,0.45308814246244367,0.02195522317697754,0.011205894778937435,1.080960152002529,0.45308814246244367,0.02195522317697754,0.011205894778937435,False,False,ictal_scale,high,low,low,-0.12182778637882151,0.577763070945711,0.24000552031890318,0.23329858527336853,0.5488116360940265,1200,500,10,67.72744131088257
-0.6,-3.0,0.21,0.0009,28,559649417,True,,60,-0.16,-0.22585174627435825,0.23376758170491135,-1.050741546325567,-2.6883460837505324,0.020484950799247104,-0.24421049432695185,0.2381811451142034,-2.4774727552967466,0.09902470138468382,32.81762404099973,34.995766505848316,86.10697089310997,86.36891126058504,2.178142464848584,0.2619403674750629,True,True,0.5488116360940265,0.02732372244729256,0.04978706836786394,0.34967835024914806,0.023775785550260633,0.06799330165370614,-3.888064769780324,-1.050741546325567,-3.7390876300760993,0.3116539162494676,-0.45074154632556696,0.02376758170491136,0.019584950799247103,0.3116539162494676,0.45074154632556696,0.02376758170491136,0.019584950799247103,False,False,ictal_scale,high,low,low,-0.23131292637208203,0.4287473288959522,0.2330670757696276,0.20976077097497225,0.5488116360940265,1200,500,10,43.00015687942505
-0.6,-3.0,0.21,0.0009,29,986229254,True,,60,-0.16,-0.19153584705533366,0.2601936535315202,-0.6970430332294871,-3.9260950382986377,0.014993879578585985,-0.18197097664564066,0.24163921329318216,-1.5910390324449817,0.028548159127758252,31.896634243138855,40.78001987631125,84.2649912973882,97.9374180015109,8.883385633172395,13.6724267041227,True,True,0.5488116360940265,0.02732372244729256,0.04978706836786394,0.49805586315953376,0.009821925744359309,0.01972053030768803,-4.200113189240308,-0.6970430332294871,-4.623138071528125,-0.9260950382986377,-0.09704303322948715,0.050193653531520194,0.014093879578585985,0.9260950382986377,0.09704303322948715,0.050193653531520194,0.014093879578585985,False,False,ictal_scale,high,low,low,-0.20191913710197115,0.4849667741987206,0.2490403421232565,0.2524599349314205,0.5488116360940265,1200,500,10,50.59079670906067
-0.6,-3.0,0.21,0.0009,30,550277375,True,,60,-0.16,-0.20746096684995363,0.22702567751608935,-0.4073584189598586,-4.060734981547038,0.014353751907703445,-0.17062076921309616,0.158635543185717,-1.3385475442288164,0.01623087491895114,34.080344038711274,44.89108363952073,88.63241088853306,106.15954552792986,10.810739600809455,17.527134639396806,True,True,0.5488116360940265,0.02732372244729256,0.04978706836786394,0.6654056535537975,0.011469162116525718,0.01723634606239251,-4.2437439139676085,-0.4073584189598586,-4.468093400506897,-1.0607349815470384,0.1926415810401414,0.017025677516089355,0.013453751907703445,1.0607349815470384,0.1926415810401414,0.017025677516089355,0.013453751907703445,False,False,ictal_scale,high,low,low,-0.19415403575948156,0.5072702787617736,0.23686583950748863,0.2267747763558154,0.5488116360940265,1200,500,10,54.45026969909668
-0.6,-3.0,0.21,0.0009,31,1094940182,True,,60,-0.16,-0.1814997312904402,0.2096150936554532,-0.32754428450264783,-4.278171263578732,0.01798598486968224,-0.0989526580708022,0.24944958374399417,-1.4206377393622587,0.03544717444992015,35.9218011421808,46.294447053910986,92.3153250954721,108.96627235671038,10.372645911730189,16.650947261238272,True,True,0.5488116360940265,0.02732372244729256,0.04978706836786394,0.7206913751097411,0.009994547865895884,0.013867999827768155,-4.018162442717664,-0.32754428450264783,-4.605715548081379,-1.2781712635787317,0.27245571549735215,-0.0003849063445467982,0.017085984869682238,1.2781712635787317,0.27245571549735215,0.0003849063445467982,0.017085984869682238,False,False,ictal_scale,high,low,low,-0.14842137498330435,0.5302415029047677,0.23729500911889675,0.2150019665138804,0.5488116360940265,1200,500,10,57.677183866500854
-0.6,-3.0,0.21,0.0009,32,1554809559,True,,60,-0.16,-0.15299246100367545,0.24950547474674728,-0.17607796712363474,-3.9920166983331486,0.020057424196786394,-0.3302322966404444,0.16392342264569496,-1.401429591138815,0.01268125259810683,40.37746823601767,44.90245246935042,101.22665928314584,106.18228318758925,4.524984233332752,4.955623904443414,True,True,0.5488116360940265,0.02732372244729256,0.04978706836786394,0.8385526012539445,0.015481729914884392,0.018462443371749734,-3.909155909638811,-0.17607796712363474,-4.168094665456783,-0.9920166983331486,0.4239220328763652,0.03950547474674729,0.019157424196786392,0.9920166983331486,0.4239220328763652,0.03950547474674729,0.019157424196786392,False,False,ictal_scale,high,low,low,-0.35199159111070455,0.5173145961349188,0.23135151007654786,0.1925698011813497,0.5488116360940265,1200,500,10,65.47337937355042
-0.6,-3.0,0.21,0.0009,33,1104312224,True,,60,-0.16,-0.12788325614859827,0.2747499420632191,-0.188110463458834,-4.363711317090222,0.015315272275620297,-0.17025779562291463,0.33341749270354387,-1.4788177081698102,0.027189494806652885,36.12399565067786,43.90473084204474,92.71971411246622,104.18683993297789,7.78073519136688,11.467125820511669,True,True,0.5488116360940265,0.02732372244729256,0.04978706836786394,0.828523180641344,0.010547970781469115,0.012731050896251487,-4.1789047604930225,-0.188110463458834,-4.551821780549056,-1.363711317090222,0.411889536541166,0.06474994206321913,0.014415272275620297,1.363711317090222,0.411889536541166,0.06474994206321913,0.014415272275620297,False,False,ictal_scale,high,low,low,-0.20999558428647588,0.5214573759957989,0.22885291796654886,0.20722058475259458,0.5488116360940265,1200,500,10,63.530866384506226
-0.6,-3.0,0.21,0.0009,34,602046130,True,,60,-0.16,-0.16536802898958636,0.2449697591682675,-0.4387576741099736,-4.5309817748099235,0.016222887046610426,-0.16380303137788998,0.21742756936191207,-1.1706497079405929,0.018854065153600386,32.19018769131027,47.09863259381918,84.85209819373105,110.57464343652677,14.908444902508911,25.722545242795718,True,True,0.5488116360940265,0.02732372244729256,0.04978706836786394,0.6448370214034568,0.006944957315160626,0.010770097070489627,-4.121332253124472,-0.4387576741099736,-4.969739448919897,-1.5309817748099235,0.16124232589002635,0.0349697591682675,0.015322887046610426,1.5309817748099235,0.16124232589002635,0.0349697591682675,0.015322887046610426,False,False,ictal_scale,high,low,low,-0.15582975169117494,0.5361900148516664,0.2521035522075028,0.23366382851427703,0.5488116360940265,1200,500,10,66.50926375389099
-0.6,-3.0,0.21,0.0009,35,1213023152,True,,60,-0.16,-0.16645802334296003,0.22383624124512463,-0.2710841184152954,-4.923215623365109,0.018102545308871593,-0.11739383669501915,0.10702609129753989,-1.4051000678170649,0.015581789486961409,31.60047798038496,45.98739170230318,83.67267877188041,108.35216165349476,14.38691372191822,24.679482881614348,True,True,0.5488116360940265,0.02732372244729256,0.04978706836786394,0.762552349011936,0.005548100057690527,0.007275697288034561,-4.011702725797561,-0.2710841184152954,-5.194299741780404,-1.9232156233651088,0.3289158815847046,0.013836241245124642,0.01720254530887159,1.9232156233651088,0.3289158815847046,0.013836241245124642,0.01720254530887159,False,False,ictal_scale,high,low,low,-0.15474421133914718,0.5105334253047547,0.23726021168053552,0.20568181714906758,0.5488116360940265,1200,500,10,67.90700221061707
-0.6,-3.0,0.21,0.0009,36,710757058,True,,60,-0.16,-0.16638557720405878,0.12970097579598638,-0.8701093797458459,-3.438885467317026,0.014350192339799388,-0.1630100950622977,0.19911452124539467,-2.014484295642156,0.06894175774633629,31.194435558369754,37.284550727937166,82.86059392785,90.94647970476274,6.090115169567412,8.085885776912733,True,True,0.5488116360940265,0.02732372244729256,0.04978706836786394,0.41890572693972244,0.013447059154525692,0.03210044239013382,-4.243991933395992,-0.8701093797458459,-4.308994847062872,-0.43888546731702593,-0.2701093797458459,-0.08029902420401361,0.013450192339799388,0.43888546731702593,0.2701093797458459,0.08029902420401361,0.013450192339799388,False,False,ictal_scale,high,low,low,-0.1868819806826738,0.44829162368270864,0.26665634275264655,0.252993556510835,0.5488116360940265,1200,500,10,64.34036993980408
-0.6,-3.0,0.21,0.0009,37,925088457,True,,60,-0.16,-0.18775352341403392,0.2155665104829071,-0.4398824540258133,-4.362919301155094,0.016495777183657526,-0.13903412403619492,0.4957110244209177,-1.281278272142246,0.03253138101126563,34.513790032520944,46.091104360122436,89.4993028761524,108.55958696913328,11.577314327601492,19.06028409298088,True,True,0.5488116360940265,0.02732372244729256,0.04978706836786394,0.6441121294211873,0.00820672158350869,0.012741138085512258,-4.104650859094009,-0.4398824540258133,-4.802801755180908,-1.3629193011550944,0.1601175459741867,0.0055665104829071,0.015595777183657527,1.3629193011550944,0.1601175459741867,0.0055665104829071,0.015595777183657527,False,False,ictal_scale,high,low,low,-0.18003931771072748,0.4996692833755118,0.2541380932572447,0.2130090070477086,0.5488116360940265,1200,500,10,57.27534294128418
-0.6,-3.0,0.21,0.0009,38,720129100,True,,60,-0.16,-0.21888117631287646,0.16551912312680908,-0.6559474508860995,-4.2073858283824475,0.02102150758724006,-0.2226427551752659,0.35513539482890755,-2.610890542118164,0.1444468261003989,35.313200752029786,39.71390280245914,91.09812431517008,95.80518385380668,4.400702050429352,4.707059538636599,True,True,0.5488116360940265,0.02732372244729256,0.04978706836786394,0.5189501498129672,0.007724692372907928,0.014885230066302038,-3.8622091945428756,-0.6559474508860995,-4.863333279268547,-1.2073858283824475,-0.05594745088609954,-0.04448087687319091,0.02012150758724006,1.2073858283824475,0.05594745088609954,0.04448087687319091,0.02012150758724006,False,False,ictal_scale,high,low,low,-0.23884554873210062,0.4664255124171765,0.26054383593913505,0.23867420182328275,0.5488116360940265,1200,500,10,48.92519927024841
-0.6,-3.0,0.21,0.0009,39,1929620641,True,,60,-0.16,-0.15870658082264102,0.29881661833738304,-0.2498369728025181,-4.34293833673835,0.019300499331691062,-0.01115559833263867,0.0952298098205484,-1.4991299287031694,1.2967886853286829e-05,35.152039962294275,183.6171110990014,90.77580273569905,383.6116004468912,148.4650711367071,292.8357977111922,True,True,0.5488116360940265,0.02732372244729256,0.04978706836786394,0.77892775913046,0.010124720112911299,0.012998278716133854,-3.9476243112976293,-0.2498369728025181,-4.592775309540868,-1.3429383367383503,0.3501630271974819,0.08881661833738305,0.01840049933169106,1.3429383367383503,0.3501630271974819,0.08881661833738305,0.01840049933169106,False,False,ictal_scale,high,low,low,0.005517713424554771,0.4955033840194734,0.2142906637100864,0.19439583410250078,0.5488116360940265,1200,500,10,47.10732889175415
-0.6,-3.0,0.21,0.0009,40,828840028,True,,60,-0.16,-0.19751629043323532,0.28357337070298444,-0.5256406003492442,-4.0456308364259765,0.016613985723072894,-0.24539240944030327,0.3369441185014807,-1.6048675887369437,0.030434569653730113,32.54868834336368,41.01780675455817,85.56909949783787,98.41299175800475,8.469118411194493,12.843892260166882,True,True,0.5488116360940265,0.02732372244729256,0.04978706836786394,0.591176535145825,0.010344798595252926,0.017498662379590527,-4.097510424896739,-0.5256406003492442,-4.571271436775221,-1.0456308364259765,0.07435939965075578,0.07357337070298445,0.015713985723072893,1.0456308364259765,0.07435939965075578,0.07357337070298445,0.015713985723072893,False,False,ictal_scale,high,low,low,-0.24815808813540322,0.49548657724474177,0.2319041842692401,0.22697026589619856,0.5488116360940265,1200,500,10,58.58316898345947
-0.6,-3.0,0.21,0.0009,41,227235048,True,,60,-0.16,-0.14204719839758534,0.1831572059423392,-0.6334950189435299,-3.3167626829534522,0.014067999769232745,-0.051265594333061354,0.31424060051018254,-1.5769126054139329,0.018562995356901122,33.98782017818557,41.82810842732493,88.44736316748165,100.03359510353826,7.8402882491393555,11.586231936056606,True,True,0.5488116360940265,0.02732372244729256,0.04978706836786394,0.5307336316332755,0.019249740441513615,0.03627005958200654,-4.263852580774102,-0.6334950189435299,-3.950257701896982,-0.3167626829534522,-0.03349501894352991,-0.026842794057660796,0.013167999769232745,0.3167626829534522,0.03349501894352991,0.026842794057660796,0.013167999769232745,False,False,ictal_scale,high,low,low,-0.12090193101586585,0.48758755438341783,0.2469980451230621,0.2534286688051166,0.5488116360940265,1200,500,10,54.77437925338745
-0.6,-3.0,0.21,0.0009,42,838212070,True,,60,-0.16,-0.15274223586291602,0.18498189521143257,-0.7485634397376427,-3.5007875243042683,0.01923889709992683,-0.08804016093846884,0.13106529671285688,-1.5385506154810873,0.008928952104629566,33.53648351258862,38.602683468281995,87.54468983628774,93.5827451854524,5.066199955693378,6.038055349164651,True,True,0.5488116360940265,0.02732372244729256,0.04978706836786394,0.4730456234061321,0.014273494914758565,0.03017361161061645,-3.9508211586762454,-0.7485634397376427,-4.249350964041911,-0.5007875243042683,-0.14856343973764274,-0.02501810478856742,0.018338897099926827,0.5007875243042683,0.14856343973764274,0.02501810478856742,0.018338897099926827,False,False,ictal_scale,high,low,low,-0.11057569270294555,0.4634221019784693,0.20801054493917084,0.1832187106852031,0.5488116360940265,1200,500,10,53.0960419178009
-0.6,-3.0,0.21,0.0009,43,1811537671,True,,60,-0.16,-0.1576448362816081,0.242863595511839,-0.3043486017136832,-4.436386273481654,0.010421954128800228,-0.15688500212057932,0.29352823843768594,-1.335429954142623,0.03593962338091051,30.807040274591156,44.203551715919595,82.08580336029281,104.7844816807276,13.396511441328439,22.69867832043478,True,True,0.5488116360940265,0.02732372244729256,0.04978706836786394,0.7376036917164677,0.008732226730188884,0.011838642930146186,-4.563840723886471,-0.3043486017136832,-4.740734875195337,-1.436386273481654,0.29565139828631676,0.03286359551183901,0.009521954128800228,1.436386273481654,0.29565139828631676,0.03286359551183901,0.009521954128800228,False,False,ictal_scale,high,low,low,-0.18418666645010254,0.5215668518603367,0.24529318758835064,0.25107473908444344,0.5488116360940265,1200,500,10,60.55647087097168
-0.6,-3.0,0.21,0.0009,44,946922998,True,,60,-0.16,-0.24000045531148084,0.22352055160146436,-0.5005976939581586,-4.999919899891026,0.012865662158516934,-0.2089685032738483,0.41069123288752013,-1.6389414728816019,0.049258011376330665,33.65376742597499,46.48940012085762,87.77925766306049,109.35617849060364,12.835632694882626,21.576920827543148,True,True,0.5488116360940265,0.02732372244729256,0.04978706836786394,0.6061682483182246,0.004084656698040026,0.006738486730990359,-4.353193364808713,-0.5005976939581586,-5.500517593849184,-1.999919899891026,0.09940230604184142,0.01352055160146437,0.011965662158516934,1.999919899891026,0.09940230604184142,0.01352055160146437,0.011965662158516934,False,False,ictal_scale,high,low,low,-0.3150393702531272,0.517741586494288,0.2698407669472748,0.2623679473946188,0.5488116360940265,1200,500,10,71.61186623573303
-0.6,-3.0,0.21,0.0009,45,345318018,True,,60,-0.16,-0.19622942512266947,0.2133554720214335,-0.5124328380359013,-3.9547113327860774,0.019322518037362568,-0.2761823649236984,0.2595340184641245,-1.4695649980803314,0.01844916234514974,35.015546882201726,42.50811352619583,90.50281657551395,101.39360530128006,7.4925666439941025,10.890788725766114,True,True,0.5488116360940265,0.02732372244729256,0.04978706836786394,0.5990364459643676,0.01148005415437284,0.01916419982742704,-3.946484125493578,-0.5124328380359013,-4.467144170821979,-0.9547113327860774,0.08756716196409864,0.00335547202143352,0.018422518037362567,0.9547113327860774,0.08756716196409864,0.00335547202143352,0.018422518037362567,False,False,ictal_scale,high,low,low,-0.24755063829572677,0.5002113854667636,0.22938528712764586,0.19732382463348125,0.5488116360940265,1200,500,10,53.31186771392822
-0.6,-3.0,0.21,0.0009,46,156948076,True,,60,-0.16,-0.12476588783391925,0.12884804689336013,-0.7755889673994389,-4.0946780504042595,0.012461425661509403,-0.15593641719072593,0.3495757700048204,-1.6489734785504868,0.01605235540133833,31.858316695101983,39.392911474748246,84.18835620131446,95.1632011983849,7.5345947796462625,10.974844997070434,True,True,0.5488116360940265,0.02732372244729256,0.04978706836786394,0.4604325213805365,0.007671316636274743,0.016661109456980735,-4.385117353106442,-0.7755889673994389,-4.870267017803698,-1.0946780504042595,-0.17558896739943897,-0.08115195310663986,0.011561425661509403,1.0946780504042595,0.17558896739943897,0.08115195310663986,0.011561425661509403,False,False,ictal_scale,high,low,low,-0.1561327798502067,0.46219738944574607,0.2697155417457037,0.24475043931614515,0.5488116360940265,1200,500,10,58.552308797836304
-0.6,-3.0,0.21,0.0009,47,1693454701,True,,60,-0.16,-0.20854686162749037,0.16913414184844705,-0.4409248282895187,-4.390194410974395,0.021925204347519874,-0.09711385869227682,0.2487781723996718,-1.4161623802380587,0.01290002540006581,35.45232665602707,45.97672914430985,91.37637612316465,108.3308365375081,10.524402488282782,16.95446041434346,True,True,0.5488116360940265,0.02732372244729256,0.04978706836786394,0.6434410733211032,0.00797758743825055,0.012398318616923929,-3.820118420469952,-0.4409248282895187,-4.831119239263914,-1.3901944109743951,0.1590751717104813,-0.04086585815155294,0.021025204347519873,1.3901944109743951,0.1590751717104813,0.04086585815155294,0.021025204347519873,False,False,ictal_scale,high,low,low,-0.18527211283721406,0.49525064148506853,0.26031201872441595,0.24706300698949935,0.5488116360940265,1200,500,10,73.14753866195679
-0.6,-3.0,0.21,0.0009,48,48237148,True,,60,-0.16,-0.21422102664256423,0.1992763648834552,-0.23900607460309584,-4.799768083606945,0.01079610387641202,-0.17311437072445546,0.24063424693583868,-1.036369236966921,0.018556576468576294,31.88694623863292,54.00168500445612,84.24561528837634,124.38074825780065,22.1147387658232,40.135132969424305,True,True,0.5488116360940265,0.02732372244729256,0.04978706836786394,0.7874100991543338,0.006481688975516016,0.008231655883607854,-4.528569962122758,-0.23900607460309584,-5.038774158210041,-1.7997680836069447,0.3609939253969041,-0.010723635116544783,0.009896103876412021,1.7997680836069447,0.3609939253969041,0.010723635116544783,0.009896103876412021,False,False,ictal_scale,high,low,low,-0.18913894835195685,0.5691972158657124,0.24596180604728882,0.23993866098959904,0.5488116360940265,1200,500,10,61.03002095222473
-0.6,-3.0,0.21,0.0009,49,1584743773,True,,60,-0.16,-0.12899648460805715,0.25672535668023755,-0.45670569838009234,-4.727290701556212,0.012079554472206634,-0.10675005953638822,0.21712372807831223,-1.5188698924623272,0.024127671519107646,30.860082836338687,43.88696333067498,82.19188848378788,104.15130491023837,13.026880494336293,21.95941642645049,True,True,0.5488116360940265,0.02732372244729256,0.04978706836786394,0.633366713486189,0.005605559533160719,0.00885041700771816,-4.416240968595453,-0.45670569838009234,-5.183996399936305,-1.7272907015562122,0.14329430161990764,0.046725356680237556,0.011179554472206634,1.7272907015562122,0.14329430161990764,0.046725356680237556,0.011179554472206634,False,False,ictal_scale,high,low,low,-0.1314116697271272,0.5118159661375856,0.265045713666044,0.24848215790869882,0.5488116360940265,1200,500,10,62.712321043014526
-0.6,-3.0,0.21,0.0009,50,38865106,True,,60,-0.16,-0.08258344677581443,0.2396284520581174,-0.7246093776724782,-3.646474430533911,0.013656390831272546,-0.10760898411647209,0.18039960371579458,-1.5537849703124351,0.016261827269266584,30.899324810788062,39.52084534703938,82.27037243268663,95.41906894296717,8.621520536251321,13.148696510280544,True,True,0.5488116360940265,0.02732372244729256,0.04978706836786394,0.4845137939011021,0.012637536477301127,0.02608292402895071,-4.293547674151984,-0.7246093776724782,-4.371083808206389,-0.6464744305339112,-0.12460937767247826,0.0296284520581174,0.012756390831272547,0.6464744305339112,0.12460937767247826,0.0296284520581174,0.012756390831272547,False,False,ictal_scale,high,low,low,-0.10685691614365177,0.47703044717187343,0.232621923376124,0.20948048677762587,0.5488116360940265,1200,500,10,56.24889016151428
-0.6,-3.0,0.21,0.0009,51,1606352451,True,,60,-0.16,-0.17660244914802703,0.2403159366754977,-0.7121671008597684,-4.989435468795218,0.013158097353041688,-0.15837449999827005,0.37607971239697424,-2.004052446810861,0.02538829281609427,24.484736192030674,32.98208236004716,69.44119519517184,82.34154296898272,8.497346168016485,12.900347773810878,True,True,0.5488116360940265,0.02732372244729256,0.04978706836786394,0.49057990852520184,0.0033406076090718084,0.006809507586877046,-4.330717941573724,-0.7121671008597684,-5.701602569654987,-1.989435468795218,-0.11216710085976844,0.0303159366754977,0.012258097353041689,1.989435468795218,0.11216710085976844,0.0303159366754977,0.012258097353041689,False,False,ictal_scale,high,low,low,-0.1784174351225779,0.437719841154285,0.23573079951740528,0.20771027134141262,0.5488116360940265,1200,500,10,60.634859561920166
-0.6,-3.0,0.21,0.0009,52,2077637825,True,,60,-0.16,-0.1401795756986128,0.21658763604893722,-0.4691394421374861,-4.411458655194469,0.007723140420199781,-0.13922760321102493,0.18050930733137924,-1.4421361894336042,0.009230500609855617,29.13356473208455,46.37266092483226,78.73885227527961,109.12270009855293,17.23909619274771,30.383847823273314,True,True,0.5488116360940265,0.02732372244729256,0.04978706836786394,0.6255403503909481,0.007592471632289509,0.012137461040753628,-4.863534207480828,-0.4691394421374861,-4.880598097331955,-1.411458655194469,0.13086055786251388,0.006587636048937223,0.006823140420199781,1.411458655194469,0.13086055786251388,0.006587636048937223,0.006823140420199781,False,False,ictal_scale,high,low,low,-0.16798430122766594,0.504767931540562,0.2658862286179412,0.245792462908002,0.5488116360940265,1200,500,10,67.52019190788269
-0.6,-3.0,0.21,0.0009,53,1715063379,True,,60,-0.16,-0.14353746840099724,0.18171282998334937,-0.23401674422227398,-4.053751965157199,0.01970367686947803,-0.192822088230153,0.1450235574470879,-0.8467572216731762,0.04580156812640279,41.73752546024505,53.96091200688469,103.94677373160062,124.29920226265779,12.223386546639638,20.35242853105717,True,True,0.5488116360940265,0.02732372244729256,0.04978706836786394,0.7913485652683754,0.013735539110091278,0.01735712897316374,-3.926950017533142,-0.23401674422227398,-4.287768709379472,-1.0537519651571987,0.365983255777726,-0.028287170016650626,0.01880367686947803,1.0537519651571987,0.365983255777726,0.028287170016650626,0.01880367686947803,False,False,ictal_scale,high,low,low,-0.19271036638449657,0.5643108384933189,0.2547504129410259,0.2027657816251538,0.5488116360940265,1200,500,10,95.15183448791504
-0.6,-3.0,0.21,0.0009,54,2068265783,True,,60,-0.16,-0.13073319435819059,0.271586415918741,-0.9018245902120134,-3.939818849660936,0.0146228653180449,-0.049509710827301115,0.3925176839146067,-1.8818250116643962,0.02605109505851788,28.165822341237583,32.10778024720649,76.80336749358567,80.59293874330139,3.941957905968909,3.7895712497157206,True,True,0.5488116360940265,0.02732372244729256,0.04978706836786394,0.4058285130690305,0.00789406995590016,0.019451738115200887,-4.225168857676906,-0.9018245902120134,-4.84164343987295,-0.9398188496609361,-0.30182459021201347,0.061586415918741005,0.0137228653180449,0.9398188496609361,0.30182459021201347,0.061586415918741005,0.0137228653180449,False,False,ictal_scale,high,low,low,-0.06892409186400611,0.4216845670489192,0.24813016199120427,0.24163605934462207,0.5488116360940265,1200,500,10,52.52983117103577
-0.6,-3.0,0.21,0.0009,55,1724435421,True,,60,-0.16,-0.22242163048012653,0.16477278106229384,-0.7570082095039067,-4.978111729765605,0.013473832821555058,-0.2625303601625898,0.12070337972937636,-2.073973189874076,0.09385935209768648,26.234723005724142,37.55583649696751,72.94116882255878,91.48905124282342,11.321113491243366,18.547882420264642,True,True,0.5488116360940265,0.02732372244729256,0.04978706836786394,0.46906768206716365,0.003230494881911736,0.006887054907886781,-4.307005784005052,-0.7570082095039067,-5.735119939269511,-1.9781117297656046,-0.1570082095039067,-0.04522721893770615,0.012573832821555058,1.9781117297656046,0.1570082095039067,0.04522721893770615,0.012573832821555058,False,False,ictal_scale,high,low,low,-0.2780078615779269,0.45409366346298097,0.270541569996769,0.275738051853351,0.5488116360940265,1200,500,10,71.98573684692383
-0.6,-3.0,0.21,0.0009,56,1959554855,True,,60,-0.16,-0.20217102318343994,0.09442111717003349,-0.6653196772130641,-3.0569868362756125,0.01391716115710214,-0.20450738526205928,0.0608786521751097,-1.6091763729544235,0.04400237616557632,34.66260801676371,41.0797707092906,89.79693884463794,98.5369196674696,6.417162692526887,8.739980822831669,True,True,0.5488116360940265,0.02732372244729256,0.04978706836786394,0.5141091524534533,0.024178136284846975,0.04702918858663196,-4.274632584737777,-0.6653196772130641,-3.7223065134886766,-0.05698683627561252,-0.06531967721306409,-0.1155788828299665,0.01301716115710214,0.05698683627561252,0.06531967721306409,0.1155788828299665,0.01301716115710214,False,False,ictal_scale,high,low,low,-0.22159505960234108,0.4829847481364144,0.22249688580631138,0.2116363316631263,0.5488116360940265,1200,500,10,47.769893169403076
-0.6,-3.0,0.21,0.0009,57,1833146349,True,,60,-0.16,-0.20079888394699094,0.23289769865081775,-0.11675561588268538,-3.8125026302766285,0.014384333604420357,-0.08045521600730014,0.2505256751157748,-1.0907472495523165,0.04166672880041523,37.31101992904783,53.93665432633986,95.09376266920617,124.25068690156813,16.625634397292032,29.15692423236196,True,True,0.5488116360940265,0.02732372244729256,0.04978706836786394,0.8898026202223965,0.01965824872792524,0.02209281955475909,-4.241615608778469,-0.11675561588268538,-3.9292582461593137,-0.8125026302766285,0.48324438411731463,0.022897698650817755,0.013484333604420357,0.8125026302766285,0.48324438411731463,0.022897698650817755,0.013484333604420357,False,False,ictal_scale,high,low,low,-0.10095857064560428,0.6071553185045577,0.22849421032996559,0.18713132508357036,0.5488116360940265,1200,500,10,55.429563760757446
-0.6,-3.0,0.21,0.0009,58,1231541369,True,,60,-0.16,-0.12166856644010972,0.15741626971642586,-0.9173265971339141,-4.2028643868112985,0.018287827855891302,-0.10027130534964816,0.12191942494612093,-2.5448125588538235,0.13504545935793622,30.338801148589702,38.49963334401275,81.1493251082899,93.3766449369139,8.160832195423048,12.227319828624005,True,True,0.5488116360940265,0.02732372244729256,0.04978706836786394,0.3995858684253828,0.005974881679557158,0.014952685146504087,-4.001519584928309,-0.9173265971339141,-5.120190983945212,-1.2028643868112985,-0.3173265971339141,-0.05258373028357413,0.0173878278558913,1.2028643868112985,0.3173265971339141,0.05258373028357413,0.0173878278558913,False,False,ictal_scale,high,low,low,-0.11259154130532179,0.46044369915826916,0.28972482875446065,0.2802917744100013,0.5488116360940265,1200,500,10,61.409143686294556
-0.6,-3.0,0.21,0.0009,59,304965260,True,,60,-0.16,-0.148413742746192,0.2220389371819222,-0.5872541595576749,-4.048013216816131,0.017427835374805394,-0.12897233707689992,0.37599054700299617,-1.9498939100011459,0.05629672111446594,31.885518340395908,37.73329455854677,84.24275949190232,91.84396736598194,5.847776218150859,7.60120787407962,True,True,0.5488116360940265,0.02732372244729256,0.04978706836786394,0.5558514706392138,0.009703512201560387,0.01745702352896831,-4.049686616789148,-0.5872541595576749,-4.635267376373807,-1.0480132168161314,0.012745840442325074,0.012038937181922199,0.016527835374805393,1.0480132168161314,0.012745840442325074,0.012038937181922199,0.016527835374805393,False,False,ictal_scale,high,low,low,-0.1726194503763254,0.46948350234223885,0.23189203847902487,0.20700127535328053,0.5488116360940265,1200,500,10,45.99735069274902
-0.6,-3.0,0.21,0.0009,60,1340252297,True,,60,-0.16,-0.13847057042274882,0.24671895108708486,-0.5395698400043145,-3.46804895145683,0.017502308763514763,-0.10074280542343239,0.30077712442554205,-1.5981664903522992,0.017075451380271767,36.42887743261659,45.49264979858849,93.32947767634369,107.36267784606538,9.0637723659719,14.033200169721695,True,True,0.5488116360940265,0.02732372244729256,0.04978706836786394,0.5829989812826235,0.018176626082780048,0.031177800761830965,-4.045422477410878,-0.5395698400043145,-4.0076187914611445,-0.4680489514568298,0.06043015999568546,0.03671895108708487,0.01660230876351476,0.4680489514568298,0.06043015999568546,0.03671895108708487,0.01660230876351476,False,False,ictal_scale,high,low,low,-0.1349405775362391,0.5210611928418194,0.22610740867886242,0.21860230195271474,0.5488116360940265,1200,500,10,64.19132995605469
-0.6,-3.0,0.21,0.0009,61,1951229319,True,,60,-0.16,-0.09859976402191202,0.28669914871369656,-0.3820544481756766,-3.9914836206177844,0.016696839169745962,-0.10200852109903621,0.30964320076623625,-1.5803568570406679,0.024613960576077305,32.82442239127327,41.5346483302047,86.12056759365706,99.44667490929781,8.71022593893143,13.326107315640755,True,True,0.5488116360940265,0.02732372244729256,0.04978706836786394,0.6824578936064801,0.012606558698926762,0.018472287912601932,-4.092535848746192,-0.3820544481756766,-4.373538068793461,-0.9914836206177844,0.2179455518243234,0.07669914871369657,0.01579683916974596,0.9914836206177844,0.2179455518243234,0.07669914871369657,0.01579683916974596,False,False,ictal_scale,high,low,low,-0.11210245937557226,0.49098108436224414,0.21697458999088498,0.18520509594542017,0.5488116360940265,1200,500,10,55.991461515426636
-0.6,-3.0,0.21,0.0009,62,1349624339,True,,60,-0.16,-0.15331794851205047,0.25630510812168805,-0.5157086816183782,-4.252642655821225,0.02011106422702791,-0.220621592417891,0.3050795673340884,-1.5394277958703084,0.02825308314785417,31.457012080379076,43.29918758519933,83.38574697186866,102.97575341928706,11.84217550482025,19.590006447418403,True,True,0.5488116360940265,0.02732372244729256,0.04978706836786394,0.5970773069356771,0.00849437297676804,0.014226588212442534,-3.906485156308004,-0.5157086816183782,-4.7683513374396025,-1.2526426558212247,0.08429131838162174,0.04630510812168806,0.019211064227027907,1.2526426558212247,0.08429131838162174,0.04630510812168806,0.019211064227027907,False,False,ictal_scale,high,low,low,-0.18521337644618485,0.506480287772953,0.25201816246893444,0.22200881712946147,0.5488116360940265,1200,500,10,61.468520641326904
-0.6,-3.0,0.21,0.0009,63,186882290,True,,60,-0.16,-0.0663730226692693,0.12165281353245001,-0.853695527024727,-4.9994958784173855,0.018354888691580522,-0.0152664457897074,-0.09136115260110585,-3.979838876550545,0.16511810723277753,26.518896478052017,34.483349897897554,73.50951576721454,85.34407804468351,7.964453419845537,11.834562277468976,True,True,0.5488116360940265,0.02732372244729256,0.04978706836786394,0.4258383235107841,0.0028707228826385035,0.006741344599920218,-3.9978593262532782,-0.853695527024727,-5.853191405442113,-1.9994958784173855,-0.253695527024727,-0.08834718646754998,0.01745488869158052,1.9994958784173855,0.253695527024727,0.08834718646754998,0.01745488869158052,False,False,ictal_scale,high,low,low,-0.01940071715591303,0.42386867473874285,0.25787328562771106,0.24735014788701495,0.5488116360940265,1200,500,10,69.97474908828735
-0.6,-3.0,0.21,0.0009,64,1458335267,True,,60,-0.16,-0.15619348209784983,0.20315669581879836,-0.8415144283086099,-2.7585849359895787,0.018790565447247484,-0.1853972538452449,0.1255168970356251,-1.4257250782815063,0.04471777264591442,36.428977694983544,42.72328697804591,93.3296782010776,101.82395220498023,6.294309283062368,8.494274003902632,True,True,0.5488116360940265,0.02732372244729256,0.04978706836786394,0.43105722360401,0.027321007579670376,0.06338139366101606,-3.97440037302139,-0.8415144283086099,-3.6000993642981887,0.24141506401042134,-0.24151442830860992,-0.0068433041812016315,0.017890565447247483,0.24141506401042134,0.24151442830860992,0.0068433041812016315,0.017890565447247483,False,False,ictal_scale,high,low,low,-0.17467963896053504,0.4850147553888443,0.23872383236810368,0.2066352279998776,0.5488116360940265,1200,500,10,63.79973268508911
-0.6,-3.0,0.21,0.0009,65,1191414474,True,,60,-0.16,-0.13983609153345083,0.21589972575809402,-0.4034296937009966,-4.798768207202449,0.00929956738764841,-0.10315059847590821,0.2992354024277319,-1.659735153330638,0.04322535948234284,26.857195200173543,44.454988383426375,74.18611321145758,105.28735501574116,17.597793183252833,31.101241804283575,True,True,0.5488116360940265,0.02732372244729256,0.04978706836786394,0.6680249915128076,0.005504452873702253,0.008239890638278189,-4.677787397362057,-0.4034296937009966,-5.202197900903445,-1.798768207202449,0.19657030629900335,0.0058997257580940266,0.00839956738764841,1.798768207202449,0.19657030629900335,0.0058997257580940266,0.00839956738764841,False,False,ictal_scale,high,low,low,-0.1104698053514632,0.5133166028086185,0.24083491574287372,0.2161166019253293,0.5488116360940265,1200,500,10,67.21267914772034
-0.6,-3.0,0.21,0.0009,66,1467707309,True,,60,-0.16,-0.05382499897100853,0.1154733908065687,-0.7809368320843423,-3.691959968295356,0.016689616751249147,-0.024988927553767554,0.09377378021078332,-1.8885773843256017,0.04461985730607513,32.295974788561495,37.83569506753556,85.0636723882335,92.04876838395953,5.539720278974066,6.985095995726027,True,True,0.5488116360940265,0.02732372244729256,0.04978706836786394,0.45797676294439005,0.011414203245062685,0.02492310564335041,-4.092968504349205,-0.7809368320843423,-4.472896800379698,-0.6919599682953561,-0.1809368320843423,-0.0945266091934313,0.015789616751249146,0.6919599682953561,0.1809368320843423,0.0945266091934313,0.015789616751249146,False,False,ictal_scale,high,low,low,-0.02543926432118943,0.45420932589609875,0.22766879143952223,0.22563710173660947,0.5488116360940265,1200,500,10,56.135634899139404
-0.6,-3.0,0.21,0.0009,67,965441215,True,,60,-0.16,-0.17701793154395906,0.012531061001770285,-0.7412761648319244,-4.099765182582296,0.016899049013733035,-0.1218651902212688,-0.034749632650413156,-1.584191664825936,0.015211709549491467,31.662376257653772,38.46372385597796,83.79647532641805,93.30482596084433,6.801347598324188,9.508350634426279,True,True,0.5488116360940265,0.02732372244729256,0.04978706836786394,0.4765054278690775,0.007898824347037191,0.0165765674115415,-4.080497930013146,-0.7412761648319244,-4.84104134741422,-1.0997651825822956,-0.1412761648319244,-0.1974689389982297,0.015999049013733033,1.0997651825822956,0.1412761648319244,0.1974689389982297,0.015999049013733033,False,False,ictal_scale,high,low,low,-0.10690454977381149,0.4566154989343929,0.27336524471649726,0.29875365445127505,0.5488116360940265,1200,500,10,52.75181317329407
-0.6,-3.0,0.21,0.0009,68,1576418237,True,,60,-0.16,-0.15331306686033275,0.2257145885941699,-0.3483109761011675,-4.99509477588548,0.014582878109610271,-0.1422959457540578,0.3638466656146743,-1.5380852737066242,0.018463954769996,31.859163638201757,45.662807337930985,84.19005008751401,107.70299292475038,13.803643699729228,23.512942837236366,True,True,0.5488116360940265,0.02732372244729256,0.04978706836786394,0.7058793304773284,0.004779564946551832,0.006771079333516967,-4.227907170674842,-0.3483109761011675,-5.343405751986648,-1.9950947758854802,0.25168902389883246,0.01571458859416991,0.013682878109610271,1.9950947758854802,0.25168902389883246,0.01571458859416991,0.013682878109610271,False,False,ictal_scale,high,low,low,-0.17222001205087617,0.520666858004105,0.24388831032906852,0.22604231714037765,0.5488116360940265,1200,500,10,54.946739196777344
-0.6,-3.0,0.21,0.0009,69,1073331504,True,,60,-0.16,-0.15047047614573933,0.19818387164908066,-1.1327778433914137,-3.376589377495238,0.017967570010184713,-0.14697978896863234,0.2029934421835383,-1.9114005924513964,0.01003724292657837,28.494182640104025,31.560909841772023,77.46008809131855,79.49919793243245,3.066727201667998,2.0391098411138984,True,True,0.5488116360940265,0.02732372244729256,0.04978706836786394,0.32213716580161494,0.011005421974093103,0.034163776001154375,-4.019186812139232,-1.1327778433914137,-4.509367220886651,-0.3765893774952378,-0.5327778433914138,-0.01181612835091933,0.01706757001018471,0.3765893774952378,0.5327778433914138,0.01181612835091933,0.01706757001018471,False,False,ictal_scale,high,low,low,-0.12931288926489176,0.4068843228526316,0.2640523410479788,0.24658962478161817,0.5488116360940265,1200,500,10,45.68119549751282
-0.6,-3.0,0.21,0.0009,70,1674936484,True,,60,-0.16,-0.19207339872876206,0.2047866235883805,-0.9999212307981936,-3.190705023179069,0.014628569443292707,-0.1576050694388982,0.4015033420942932,-1.8991145870454336,0.028692355085556665,30.045959913587307,34.47274371401743,80.56364263828512,85.32286567692327,4.426783800430126,4.759223038638154,True,True,0.5488116360940265,0.02732372244729256,0.04978706836786394,0.3679084198826844,0.015136802421425927,0.04114285404572318,-4.224778851144465,-0.9999212307981936,-4.190626253977262,-0.1907050231790688,-0.39992123079819364,-0.00521337641161948,0.013728569443292708,0.1907050231790688,0.39992123079819364,0.00521337641161948,0.013728569443292708,False,False,ictal_scale,high,low,low,-0.17560413036090775,0.44262952027559194,0.25389655307693004,0.2376766314396913,0.5488116360940265,1200,500,10,51.65464949607849
-0.6,-3.0,0.21,0.0009,71,1083524185,True,,60,-0.16,-0.14152892325543245,0.2848041660692152,-0.6413203905036458,-2.857920849559425,0.016890977771210174,-0.10404011574732874,0.25395311301082224,-1.5044913077844855,0.01488668894255847,36.48304197160835,40.68726593589453,93.4378067543272,97.75191012067746,4.204223964286179,4.314103366350267,True,True,0.5488116360940265,0.02732372244729256,0.04978706836786394,0.5265966515804598,0.030220304681826477,0.057387954502040824,-4.080975659298638,-0.6413203905036458,-3.499241240063071,0.14207915044057495,-0.041320390503645776,0.07480416606921522,0.015990977771210172,0.14207915044057495,0.041320390503645776,0.07480416606921522,0.015990977771210172,False,False,ictal_scale,high,low,low,-0.09953966750054187,0.48819574686940115,0.21848552026974172,0.1826573280877028,0.5488116360940265,1200,500,10,51.13644218444824
-0.6,-3.0,0.21,0.0009,72,1566225556,True,,60,-0.16,-0.08364313309686894,0.30954601453026104,-0.8457431860746143,-3.0460092441055786,0.01762237071546624,-0.0712014697996251,0.3645851121033106,-1.6295765915636653,0.014559088600528902,35.34435181107132,39.14954138956245,91.16042643325315,94.6764610280133,3.805189578491131,3.516034594760157,True,True,0.5488116360940265,0.02732372244729256,0.04978706836786394,0.429238235762237,0.02040954837211252,0.04754829992223189,-4.038586120676465,-0.8457431860746143,-3.891752430180193,-0.046009244105578606,-0.24574318607461432,0.09954601453026105,0.01672237071546624,0.046009244105578606,0.24574318607461432,0.09954601453026105,0.01672237071546624,False,False,ictal_scale,high,low,low,-0.12265304059533991,0.4747366721168749,0.251006072324298,0.1941670304042178,0.5488116360940265,1200,500,10,61.48097801208496
-0.6,-3.0,0.21,0.0009,73,1192235113,True,,60,-0.16,-0.0941593330252904,0.23304709997536785,-0.7461200120778874,-3.8284885357215983,0.013570111537697094,-0.1497702025465161,0.3238590777289742,-1.7126668771606504,0.026613068741675388,31.928040229381644,40.983847975952855,84.32780326987378,98.34507420079412,9.055807746571212,14.017270930920333,True,True,0.5488116360940265,0.02732372244729256,0.04978706836786394,0.4742028894388334,0.010310334391238156,0.021742453748941286,-4.299885585736781,-0.7461200120778874,-4.574608547799485,-0.8284885357215983,-0.14612001207788738,0.023047099975367857,0.012670111537697095,0.8284885357215983,0.14612001207788738,0.023047099975367857,0.012670111537697095,False,False,ictal_scale,high,low,low,-0.16734806473387998,0.4753227679986745,0.24734112359268684,0.2406190908121183,0.5488116360940265,1200,500,10,60.3962459564209
-0.6,-3.0,0.21,0.0009,74,1457514628,True,,60,-0.16,-0.14174239457961793,0.294424066911986,-0.47392271982321943,-3.870933839497839,0.019119842347442267,-0.2551276385050443,0.2213131766086098,-1.3871950382157527,0.08805098909630735,39.51193907345795,50.15742373224116,99.49560095802642,116.69222571337073,10.64548465878321,17.196624755344317,True,True,0.5488116360940265,0.02732372244729256,0.04978706836786394,0.6225553618971371,0.012973369023170108,0.020838900147989826,-3.957028616819535,-0.47392271982321943,-4.344856559321059,-0.8709338394978392,0.12607728017678055,0.08442406691198603,0.018219842347442266,0.8709338394978392,0.12607728017678055,0.08442406691198603,0.018219842347442266,False,False,ictal_scale,high,low,low,-0.26428821935710717,0.5602054532736561,0.2604913237518983,0.2170990415318887,0.5488116360940265,1200,500,10,79.78509640693665
-0.6,-3.0,0.21,0.0009,75,1201607155,True,,60,-0.16,-0.2599311559904108,0.22995481444616722,-0.363538625671503,-4.358437969731668,0.010928433378280105,-0.23452061022018827,0.31146545305962337,-1.61157241621956,0.019777896279806792,30.412992568648843,39.6906749883294,81.29770794840819,95.7587282255472,9.277682419680556,14.461020277139014,True,True,0.5488116360940265,0.02732372244729256,0.04978706836786394,0.6952118736720879,0.008897574251520001,0.012798363475185323,-4.516387319337546,-0.363538625671503,-4.721976595403171,-1.3584379697316677,0.23646137432849695,0.01995481444616723,0.010028433378280105,1.3584379697316677,0.23646137432849695,0.01995481444616723,0.010028433378280105,False,False,ictal_scale,high,low,low,-0.26815169613394507,0.4883924728811736,0.2354008164945291,0.21566446948293777,0.5488116360940265,1200,500,10,55.060999393463135
-0.6,-3.0,0.21,0.0009,76,1448142586,True,,60,-0.16,-0.08690811572422992,0.16678881569684473,-0.37371122819963953,-3.857539967801193,0.015335974696933437,-0.011275480283087952,0.2039552104441073,-1.2821544493251378,0.009707980018622598,34.64630983786755,46.23065286956694,89.7643424868456,108.83868398802228,11.58434303169939,19.074341501176676,True,True,0.5488116360940265,0.02732372244729256,0.04978706836786394,0.6881756088480819,0.014534194041631527,0.02111989128176152,-4.177553923153207,-0.37371122819963953,-4.231251196000833,-0.857539967801193,0.22628877180036044,-0.043211184303155264,0.014435974696933437,0.857539967801193,0.22628877180036044,0.043211184303155264,0.014435974696933437,False,False,ictal_scale,high,low,low,-0.017491906966670225,0.5276649798616929,0.24801581791670022,0.1995746210676544,0.5488116360940265,1200,500,10,64.68788266181946
-0.6,-3.0,0.21,0.0009,77,197074971,True,,60,-0.16,-0.11640060366738192,0.3113974066474322,-1.1282057639303384,-2.703339581886796,0.019009409704033885,-0.10966773306790016,0.34679690452940726,-1.8968937293008903,0.02737013524038847,30.253826474125326,32.83580884131602,80.97937575936115,82.04899593152045,2.5819823671906974,1.0696201721593042,True,True,0.5488116360940265,0.02732372244729256,0.04978706836786394,0.3236133746214945,0.021676092675093676,0.0669814487749356,-3.962821174829574,-1.1282057639303384,-3.8315453458171342,0.2966604181132042,-0.5282057639303385,0.10139740664743221,0.018109409704033883,0.2966604181132042,0.5282057639303385,0.10139740664743221,0.018109409704033883,False,False,ictal_scale,high,low,low,-0.1135727016624049,0.44011656479504196,0.238765562735639,0.2070089712091917,0.5488116360940265,1200,500,10,43.943193674087524
-0.6,-3.0,0.21,0.0009,78,1339431658,True,,60,-0.16,-0.20158904170056413,0.23228747593707327,-1.1215941534575316,-2.6297912930057263,0.0148101169380934,-0.24673763738603047,0.23737829647710365,-2.1392196954894187,0.049931133155699414,30.218235375625387,32.951819487435245,80.90819356236128,82.2810172237589,2.733584111809858,1.372823661397618,True,True,0.5488116360940265,0.02732372244729256,0.04978706836786394,0.32576006893163845,0.023485185838477814,0.07209350708789983,-4.212444754846134,-1.1215941534575316,-3.751385446463258,0.37020870699427366,-0.5215941534575316,0.02228747593707328,0.0139101169380934,0.37020870699427366,0.5215941534575316,0.02228747593707328,0.0139101169380934,False,False,ictal_scale,high,low,low,-0.28986713672225545,0.4276010345694879,0.2445424587131057,0.21262416027166037,0.5488116360940265,1200,500,10,42.91034293174744
-0.6,-3.0,0.21,0.0009,79,1941036638,True,,60,-0.16,-0.15495159666183958,0.25869615222571873,-0.3311135087370313,-4.225991935214326,0.016796316822993755,-0.1372458794399193,0.44926665355056655,-1.4278735128120652,0.03463300900652217,33.13226171467998,44.51840386709242,86.73624624047045,105.41418598307324,11.38614215241244,18.67793974260279,True,True,0.5488116360940265,0.02732372244729256,0.04978706836786394,0.7181236511054896,0.01049238582968441,0.014610834517888787,-4.08659565333537,-0.3311135087370313,-4.557105443951357,-1.225991935214326,0.26888649126296865,0.04869615222571874,0.015896316822993754,1.225991935214326,0.26888649126296865,0.04869615222571874,0.015896316822993754,False,False,ictal_scale,high,low,low,-0.2096039744588173,0.5163356521881416,0.22506788824759977,0.2270678264305533,0.5488116360940265,1200,500,10,46.49731135368347
-0.6,-3.0,0.21,0.0009,80,1330059616,True,,60,-0.16,-0.11965238605407834,0.25425369750711546,-0.47725084600118145,-3.8244961634453256,0.017560433529388835,-0.046506730944030364,0.3873502991496836,-1.313493690510281,0.022982825164506723,35.92759109235204,42.953174424436014,92.32690499581457,102.28372709776043,7.025583332083976,9.95682210194586,True,True,0.5488116360940265,0.02732372244729256,0.04978706836786394,0.6204868631217355,0.013544875305284618,0.021829431226213093,-4.042107002618143,-0.47725084600118145,-4.301747009446507,-0.8244961634453256,0.12274915399881853,0.04425369750711547,0.016660433529388834,0.8244961634453256,0.12274915399881853,0.04425369750711547,0.016660433529388834,False,False,ictal_scale,high,low,low,-0.051685415754715414,0.5193059624362673,0.22968750021691883,0.20465734729977633,0.5488116360940265,1200,500,10,58.56081557273865
-0.6,-3.0,0.21,0.0009,81,1832325710,True,,60,-0.16,-0.20132133833154706,0.2460002636354649,-1.0484809698070996,-3.4554082536690065,0.014279592144974157,-0.0970440306032238,0.3465249673412806,-1.9983818368162805,0.027207982189770087,27.593861522604197,30.767143182799106,75.6594458563189,77.91166461448661,3.1732816601949096,2.2522187581677144,True,True,0.5488116360940265,0.02732372244729256,0.04978706836786394,0.3504697190546024,0.011065875076964358,0.031574411355179924,-4.248923883754899,-1.0484809698070996,-4.503889223476106,-0.4554082536690065,-0.4484809698070996,0.03600026363546491,0.013379592144974157,0.4554082536690065,0.4484809698070996,0.03600026363546491,0.013379592144974157,False,False,ictal_scale,high,low,low,-0.13395467150429125,0.4222610590441397,0.27407104127282833,0.27454121750373484,0.5488116360940265,1200,500,10,57.73158121109009
-0.6,-3.0,0.21,0.0009,82,1221348688,True,,60,-0.16,-0.19201178901340693,0.2530874897929266,-0.4063915680225639,-3.7685301781337053,0.01696950402827204,-0.11623593949122037,0.3029694931877675,-1.36505083969904,0.01348418023467124,35.0502501162192,47.981401397294476,90.57222304354892,112.34018104347736,12.931151281075273,21.76795799992844,True,True,0.5488116360940265,0.02732372244729256,0.04978706836786394,0.6660493127447222,0.015376394869944012,0.02308597062667844,-4.076337426546599,-0.4063915680225639,-4.1749217461562695,-0.7685301781337053,0.1936084319774361,0.04308748979292662,0.01606950402827204,0.7685301781337053,0.1936084319774361,0.04308748979292662,0.01606950402827204,False,False,ictal_scale,high,low,low,-0.1657903450323604,0.5454217649058185,0.2447401654047251,0.22188887283319447,0.5488116360940265,1200,500,10,60.078336000442505
-0.6,-3.0,0.21,0.0009,83,1822953668,True,,60,-0.16,-0.1101921633453803,0.07766673246351598,-0.7414125548703557,-4.29219847848172,0.0159930425427261,-0.1442246406683031,0.10967984905588579,-2.3615341273799526,0.07883315164841416,28.814916271655598,32.97104528311542,78.10155535442169,82.31946881511925,4.156129011459825,4.2179134606975595,True,True,0.5488116360940265,0.02732372244729256,0.04978706836786394,0.476440441707291,0.006515241287839971,0.013674828409807232,-4.135601492392773,-0.7414125548703557,-5.033611033352075,-1.29219847848172,-0.14141255487035576,-0.132333267536484,0.0150930425427261,1.29219847848172,0.14141255487035576,0.132333267536484,0.0150930425427261,False,False,ictal_scale,high,low,low,-0.15125125883753762,0.41894759066493864,0.25434175107037577,0.237536317987681,0.5488116360940265,1200,500,10,52.50328183174133
-0.6,-3.0,0.21,0.0009,84,1969747536,True,,60,-0.16,-0.1702876403705465,0.20514653982145084,-0.45896270698617203,-4.622252410208353,0.015161235234063222,-0.0654006061203459,0.2260339305981851,-1.6038415484906208,0.02468655516319477,31.771835166773435,40.44768611190442,84.01539314465737,97.27275047269724,8.675850945130982,13.257357328039873,True,True,0.5488116360940265,0.02732372244729256,0.04978706836786394,0.6319388113628915,0.006212355687567889,0.00983062849735374,-4.189013422267737,-0.45896270698617203,-5.0812151171945255,-1.622252410208353,0.14103729301382795,-0.004853460178549152,0.014261235234063223,1.622252410208353,0.14103729301382795,0.004853460178549152,0.014261235234063223,False,False,ictal_scale,high,low,low,-0.08772460499462141,0.47671979645580026,0.2535165650933338,0.2353101386517774,0.5488116360940265,1200,500,10,67.60817861557007
-0.6,-3.0,0.21,0.0009,85,1714242740,True,,60,-0.16,-0.12480791976679201,0.22942602811097315,-0.3714642342131341,-4.979823137792346,0.011628425866916729,-0.09200109789401759,0.3035221374826399,-1.327371986055738,0.017514220447529923,27.541984777379486,43.4367477621415,75.55569236586948,103.2508737731714,15.894762984762014,27.69518140730193,True,True,0.5488116360940265,0.02732372244729256,0.04978706836786394,0.6897236738979061,0.004742042295667813,0.006875278426893225,-4.454302672694315,-0.3714642342131341,-5.35128737200548,-1.979823137792346,0.22853576578686585,0.01942602811097316,0.01072842586691673,1.979823137792346,0.22853576578686585,0.01942602811097316,0.01072842586691673,False,False,ictal_scale,high,low,low,-0.1178613980118602,0.5001245523263744,0.24886588735798237,0.25026394311146294,0.5488116360940265,1200,500,10,68.33466649055481
-0.6,-3.0,0.21,0.0009,86,2078458464,True,,60,-0.16,-0.038962697412144046,0.2754030756934806,-0.8631741692461693,-3.484146186832267,0.018658840672964864,-0.05251664681035684,0.14595718189656365,-1.656984154213451,0.021008212431266885,33.73299531299753,42.88099884869855,87.93771343710557,102.13937594628551,9.148003535701022,14.20166250917994,True,True,0.5488116360940265,0.02732372244729256,0.04978706836786394,0.42182102374931285,0.012941444622405316,0.030679942188221464,-3.9814352144874054,-0.8631741692461693,-4.347320356078436,-0.48414618683226696,-0.2631741692461693,0.06540307569348061,0.017758840672964862,0.48414618683226696,0.2631741692461693,0.06540307569348061,0.017758840672964862,False,False,ictal_scale,high,low,low,-0.08108987486171361,0.48192373672257266,0.24195755464487095,0.21653878474274058,0.5488116360940265,1200,500,10,71.59557008743286
-0.6,-3.0,0.21,0.0009,87,1704870698,True,,60,-0.16,-0.07320554216585498,0.03516929134123482,-0.8113315024446596,-3.6407362376306853,0.013351751614636738,-0.052877250922523204,0.10743049367840808,-2.5757724261128176,0.12368369393039541,30.385136338617606,35.908179708705944,81.24199548834571,88.1937376663003,5.523043370088338,6.951742177954586,True,True,0.5488116360940265,0.02732372244729256,0.04978706836786394,0.4442661307894306,0.011654443678392001,0.02623302311540798,-4.316107695653882,-0.8113315024446596,-4.452067740075345,-0.6407362376306853,-0.2113315024446596,-0.17483070865876518,0.012451751614636738,0.6407362376306853,0.2113315024446596,0.17483070865876518,0.012451751614636738,False,False,ictal_scale,high,low,low,-0.07029673822998432,0.4382701996980372,0.24592074457543314,0.2298299569307387,0.5488116360940265,1200,500,10,51.54109835624695
-0.6,-3.0,0.21,0.0009,88,2087830506,True,,60,-0.16,-0.21025630332367773,0.15008379724031912,-0.2341701302652084,-4.411248481915927,0.014368707103057442,-0.1881062676321107,0.3057648732195732,-1.9098015766219876,0.11067732153109763,35.00266422080516,45.483161303382,90.47705125272083,107.3437008556524,10.48049708257684,16.866649602931574,True,True,0.5488116360940265,0.02732372244729256,0.04978706836786394,0.79122719275203,0.009605507835350182,0.01214001227882538,-4.242702554890387,-0.2341701302652084,-4.645418612181135,-1.4112484819159272,0.3658298697347916,-0.059916202759680876,0.013468707103057443,1.4112484819159272,0.3658298697347916,0.059916202759680876,0.013468707103057443,False,False,ictal_scale,high,low,low,-0.20672848689880308,0.5222228198462815,0.23331614791373967,0.215116513892373,0.5488116360940265,1200,500,10,47.26259732246399
-0.6,-3.0,0.21,0.0009,89,1596159770,True,,60,-0.16,-0.1484407760094228,0.20866247676388708,-1.2319536633156547,-2.9408218638212107,0.01807852686645773,-0.1943698594872949,0.250082227277138,-1.8980983744558348,0.01945303421714482,29.844925999415658,33.59884794381387,80.16157480994181,83.57507413651615,3.753921944398215,3.413499326574339,True,True,0.5488116360940265,0.02732372244729256,0.04978706836786394,0.2917220938425316,0.015409431420218788,0.05282229815797438,-4.0130304059627955,-1.2319536633156547,-4.172775527136865,0.05917813617878931,-0.6319536633156547,-0.0013375232361129141,0.017178526866457728,0.05917813617878931,0.6319536633156547,0.0013375232361129141,0.017178526866457728,False,False,ictal_scale,high,low,low,-0.16798196884670613,0.4226613264694428,0.24737810273724622,0.24508710350858426,0.5488116360940265,1200,500,10,45.41356706619263
-0.6,-3.0,0.21,0.0009,90,49057787,True,,60,-0.16,-0.19565188459679952,0.1781393053236735,-0.5370390645706927,-3.880158196912718,0.017779099717010055,-0.2822091334459117,0.14864114016991048,-1.6854581676801081,0.06029457293853811,35.39448890408078,42.1719522270408,91.26070061927206,100.72128270297,6.777463322960017,9.460582083697943,True,True,0.5488116360940265,0.02732372244729256,0.04978706836786394,0.5844762893612853,0.012068008401767593,0.020647558543316607,-4.0297316847672136,-0.5370390645706927,-4.417197261483411,-0.8801581969127179,0.06296093542930725,-0.03186069467632649,0.016879099717010054,0.8801581969127179,0.06296093542930725,0.03186069467632649,0.016879099717010054,False,False,ictal_scale,high,low,low,-0.30128972056336123,0.49009846468831675,0.24737023454660412,0.2393262483654533,0.5488116360940265,1200,500,10,63.974886417388916
-0.6,-3.0,0.21,0.0009,91,1594936454,True,,60,-0.16,-0.13003950664422728,0.17649132721819835,-0.5889941425884816,-3.389234480005692,0.01775578144898887,-0.2047985368587079,0.19842941181207516,-1.4345923561616782,0.03020985565887947,36.803286736878086,42.31750269874938,94.07829628486667,101.01238364638716,5.514215961871294,6.934087361520497,True,True,0.5488116360940265,0.02732372244729256,0.04978706836786394,0.5548851394563833,0.018718767990079647,0.03373449144523546,-4.031044100658477,-0.5889941425884816,-3.9782286225941736,-0.38923448000569216,0.011005857411518383,-0.03350867278180164,0.016855781448988867,0.38923448000569216,0.011005857411518383,0.03350867278180164,0.016855781448988867,False,False,ictal_scale,high,low,low,-0.18854499153086343,0.4986069054544793,0.23848127564583507,0.22617396288674185,0.5488116360940265,1200,500,10,60.28276038169861
-0.6,-3.0,0.21,0.0009,92,58429829,True,,60,-0.16,-0.14811571250171002,0.21683378852254778,-0.32636106523460406,-4.1078728952345775,0.014019871494123258,-0.16340916300429154,0.3593843733038384,-1.2275353007099672,0.014320373281695605,36.16080715715257,49.33483274913833,92.79333712541563,115.04704374716506,13.17402559198576,22.25370662174943,True,True,0.5488116360940265,0.02732372244729256,0.04978706836786394,0.721544615716902,0.011864150836026618,0.016442712727110856,-4.267279563314757,-0.32636106523460406,-4.434233960469181,-1.1078728952345775,0.2736389347653959,0.00683378852254779,0.013119871494123258,1.1078728952345775,0.2736389347653959,0.00683378852254779,0.013119871494123258,False,False,ictal_scale,high,low,low,-0.17649824267226993,0.5516388585288886,0.23188763340254095,0.20633952763943544,0.5488116360940265,1200,500,10,67.66723275184631
-0.6,-3.0,0.21,0.0009,93,1703647382,True,,60,-0.16,-0.21229497455530758,0.16203535444493022,-0.7331890139231205,-3.992759530595639,0.01358468182752215,-0.2965176545617211,0.18222390063070915,-1.7330937705027156,0.0254509463571411,29.835696165805093,37.163017044501984,80.14311514272069,90.70341233789237,7.3273208786968915,10.560297195171685,True,True,0.5488116360940265,0.02732372244729256,0.04978706836786394,0.4803746234697369,0.008862303632263485,0.01844873396569376,-4.298812457245074,-0.7331890139231205,-4.72594854451876,-0.9927595305956389,-0.13318901392312055,-0.04796464555506977,0.01268468182752215,0.9927595305956389,0.13318901392312055,0.04796464555506977,0.01268468182752215,False,False,ictal_scale,high,low,low,-0.2830271663380576,0.4441338066191598,0.24798378693492915,0.20220277792776614,0.5488116360940265,1200,500,10,64.16744494438171
-0.6,-3.0,0.21,0.0009,94,167140757,True,,60,-0.16,-0.19011114862705916,0.3127099512624198,-0.32616262279844455,-3.424176343624347,0.01819655937693491,-0.2094667535438825,0.35218434825117295,-1.0992492041342359,0.038581019565393525,40.190520676766894,51.26383432407954,100.8527641646443,118.90504689704748,11.073313647312645,18.052282732403185,True,True,0.5488116360940265,0.02732372244729256,0.04978706836786394,0.7216878149961796,0.023509775480745294,0.03257610145582096,-4.006522747994044,-0.32616262279844455,-3.7503389664227913,-0.42417634362434686,0.27383737720155543,0.1027099512624198,0.01729655937693491,0.42417634362434686,0.27383737720155543,0.1027099512624198,0.01729655937693491,False,False,ictal_scale,high,low,low,-0.2130599213749825,0.5757211581089178,0.22484541045607623,0.17178425636931638,0.5488116360940265,1200,500,10,59.91905188560486
-0.6,-3.0,0.21,0.0009,95,1812358310,True,,60,-0.16,-0.21522394307257506,0.23341265982011078,-0.3537373520599751,-4.161303268490898,0.014748434682329222,-0.22706583949870707,0.2369428507270621,-1.4379736141120487,0.037203968522527726,33.73900369560193,44.384946816042465,87.94973020231436,105.14727188097334,10.645943120440535,17.19754167865898,True,True,0.5488116360940265,0.02732372244729256,0.04978706836786394,0.702059337580895,0.010943160600591311,0.015587230330556466,-4.216618325059694,-0.3537373520599751,-4.515040620550873,-1.1613032684908982,0.2462626479400249,0.023412659820110787,0.013848434682329222,1.1613032684908982,0.2462626479400249,0.023412659820110787,0.013848434682329222,False,False,ictal_scale,high,low,low,-0.25291021139029773,0.5186540162828283,0.2386499394519139,0.24744950632250334,0.5488116360940265,1200,500,10,52.22150897979736
-0.6,-3.0,0.21,0.0009,96,936730317,True,,60,-0.16,-0.1552630753882269,0.29098200633414745,-0.07147187526884925,-4.451646260639367,0.011715660873097913,-0.13689753545034294,0.2921632421151917,-1.3358734149893423,0.02742699646917572,33.70273663692742,45.38821920087239,87.87719608496533,107.15381665063319,11.685482563944973,19.276620565667855,True,True,0.5488116360940265,0.02732372244729256,0.04978706836786394,0.9310224619830842,0.010855123093615412,0.011659356822061978,-4.446828796057133,-0.07147187526884925,-4.523118135908216,-1.4516462606393672,0.5285281247311507,0.08098200633414745,0.010815660873097913,1.4516462606393672,0.5285281247311507,0.08098200633414745,0.010815660873097913,False,False,ictal_scale,high,low,low,-0.1580607671982736,0.5273968443184586,0.21063961131427728,0.17634733864116822,0.5488116360940265,1200,500,10,49.81628775596619
-0.6,-3.0,0.21,0.0009,97,1821730352,True,,60,-0.16,-0.10348291240288054,0.24630707679629754,-0.3296854292175566,-4.656155799612995,0.013915075199233615,-0.10015476845109506,0.35827354330870137,-1.6341366207394226,0.019992695976101687,31.09225760685272,42.46644697643352,82.65623802481593,101.31027220175544,11.374189369580797,18.654034176939504,True,True,0.5488116360940265,0.02732372244729256,0.04978706836786394,0.719149921407468,0.006834026628449168,0.00950292341696166,-4.274782479833933,-0.3296854292175566,-4.985841228830552,-1.6561557996129954,0.27031457078244336,0.03630707679629755,0.013015075199233615,1.6561557996129954,0.27031457078244336,0.03630707679629755,0.013015075199233615,False,False,ictal_scale,high,low,low,-0.13763781244906154,0.5068464658111732,0.23329974018026262,0.18868454595347406,0.5488116360940265,1200,500,10,55.59046673774719
-0.6,-3.0,0.21,0.0009,98,828019389,True,,60,-0.16,-0.05277332598560341,0.22242524234075625,-1.190523026353289,-2.9230610873064027,0.009982324660393602,-0.15753410512932137,0.23263765047621016,-2.2054615278996907,0.04094877223569156,26.141948440625356,29.75639280365356,72.75561969236122,75.89016385619553,3.6144443630282055,3.134544163834306,True,True,0.5488116360940265,0.02732372244729256,0.04978706836786394,0.30406218993197487,0.01634907245777056,0.053768844003354035,-4.606939283880021,-1.190523026353289,-4.113584113659692,0.07693891269359732,-0.5905230263532891,0.01242524234075626,0.009082324660393602,0.07693891269359732,0.5905230263532891,0.01242524234075626,0.009082324660393602,False,False,ictal_scale,high,low,low,-0.12900064867638558,0.39676424596401993,0.26721326178611504,0.2591374879767373,0.5488116360940265,1200,500,10,49.58619165420532
-0.6,-3.0,0.21,0.0009,99,1930441280,True,,60,-0.16,-0.2239353021145038,0.22305459365764024,-0.6893914071666075,-2.988271244374946,0.01445895670055056,-0.29599959688827404,0.26790057808697504,-1.7583515796487132,0.03067923835171475,35.37189929245614,39.33579519432873,91.21552139602278,95.04896863754587,3.96389590187259,3.833447241523089,True,True,0.5488116360940265,0.02732372244729256,0.04978706836786394,0.5018814175741224,0.025281998669338026,0.05037444660043455,-4.236441215577152,-0.6893914071666075,-3.677662651541554,0.011728755625053822,-0.08939140716660754,0.013054593657640251,0.01355895670055056,0.011728755625053822,0.08939140716660754,0.013054593657640251,0.01355895670055056,False,False,ictal_scale,high,low,low,-0.2941411668511759,0.4678455134455877,0.2290702305617001,0.17928966719078349,0.5488116360940265,1200,500,10,50.33278298377991
-0.6,-0.3,0.21,0.0009,0,1333076140,True,,60,-0.16,-0.11111643929545756,0.19753832058343845,-0.9643007002160662,-0.1422501079655503,0.035671803471122886,-0.004864597425030162,0.2220693084525472,-0.9594209457193299,0.045801144119306615,57.51969158530559,58.5743651781764,135.51110598172167,133.5261086052412,1.054673592870813,-1.9849973764804645,True,False,0.5488116360940265,0.40656965974059917,0.7408182206817179,0.38124971438455335,0.3306976357722354,0.8674042846329115,-3.333394721003746,-0.9643007002160662,-1.1065508081816164,0.1577498920344497,-0.3643007002160662,-0.012461679416561539,0.03477180347112289,0.1577498920344497,0.3643007002160662,0.012461679416561539,0.03477180347112289,False,False,ictal_scale,high,low,low,-0.10369825149569961,0.6454567983182472,0.4734378834370066,0.484231469289817,0.5488116360940265,1200,500,10,42.75215697288513
-0.6,-0.3,0.21,0.0009,1,312141417,True,,60,-0.16,-0.34174353072137115,0.4901431604785025,-0.24469928645705266,-1.982953039541732,0.043504929899496704,-0.25935893571514185,0.2933807527802274,-0.779085721522982,0.03738108541868113,55.97780174421513,59.548556603135,132.42732629954077,135.4744914551584,3.5707548589198694,3.04716515561762,True,True,0.5488116360940265,0.40656965974059917,0.7408182206817179,0.7829399434896429,0.10778116839305196,0.13766211481389026,-3.134881016286061,-0.24469928645705266,-2.227652325998785,-1.682953039541732,0.35530071354294734,0.2801431604785025,0.042604929899496706,1.682953039541732,0.35530071354294734,0.2801431604785025,0.042604929899496706,False,False,ictal_scale,high,low,low,-0.2725537021661864,0.6743442917561544,0.4709118085650391,0.4821339004329005,0.5488116360940265,1200,500,10,51.6901593208313
-0.6,-0.3,0.21,0.0009,2,923118439,True,,60,-0.16,-0.16335236829865404,0.3217177524844252,-0.16013252751027088,-1.8813936592192453,0.04968771458417789,-0.00046412547655271284,0.2370357007477586,-0.793857088758764,0.01481993496228011,59.60343271724745,62.355018732395266,139.6785882456054,141.08741571367892,2.751586015147815,1.4088274680735253,True,True,0.5488116360940265,0.40656965974059917,0.7408182206817179,0.8520308639544675,0.12983041414284052,0.15237759526722808,-3.0019975679016335,-0.16013252751027088,-2.041526186729516,-1.5813936592192452,0.4398674724897291,0.1117177524844252,0.04878771458417789,1.5813936592192452,0.4398674724897291,0.1117177524844252,0.04878771458417789,False,False,ictal_scale,high,low,low,-0.11881586777744323,0.6885766956592101,0.4688719445804084,0.47797113848241457,0.5488116360940265,1200,500,10,46.18101191520691
-0.6,-0.3,0.21,0.0009,3,420852345,True,,60,-0.16,-0.17296656734548962,0.12795575600826137,-0.43259235771736976,-0.9871071430284537,0.05316270830690734,-0.11609784618629243,0.0940515444219307,-0.5231394804707892,0.005394503805798685,61.93447476124601,65.20872727894863,144.34067233360253,146.79483280678565,3.274252517702621,2.454160473183123,True,True,0.5488116360940265,0.40656965974059917,0.7408182206817179,0.648824926377974,0.24178666269329516,0.3726531655358167,-2.934398100104727,-0.43259235771736976,-1.4196995007458235,-0.6871071430284537,0.16740764228263022,-0.08204424399173862,0.052262708306907345,0.6871071430284537,0.16740764228263022,0.08204424399173862,0.052262708306907345,False,False,ictal_scale,high,low,low,-0.21138961559232217,0.6854885004495954,0.47373160607771775,0.49166226186122325,0.5488116360940265,1200,500,10,54.38782286643982
-0.6,-0.3,0.21,0.0009,4,180752635,True,,60,-0.16,-0.3505195486367938,0.08870708667645485,-0.5014816768906598,-1.1804171978607847,0.03464572062895843,-0.3569997054069644,0.04387991940357192,-1.201893133385512,0.09433894783522315,56.267635445074255,57.259625847527936,133.006993701259,130.89662994394428,0.9919904024536805,-2.1103637573147296,True,False,0.5488116360940265,0.40656965974059917,0.7408182206817179,0.6056326427004775,0.1860204109960875,0.307150569306559,-3.3625810637450826,-0.5014816768906598,-1.6818988747514445,-0.8804171978607847,0.09851832310934017,-0.12129291332354514,0.033745720628958434,0.8804171978607847,0.09851832310934017,0.12129291332354514,0.033745720628958434,False,False,ictal_scale,high,low,low,-0.345293371954234,0.6236622233452548,0.4743254619893435,0.48552136374114807,0.5488116360940265,1200,500,10,41.486910343170166
-0.6,-0.3,0.21,0.0009,5,430224387,True,,60,-0.16,-0.1413692642726525,0.37547695538776493,0.19977740631444296,-1.8912276329108728,0.07401370648407181,-0.11450453437465653,0.2464350157447408,-0.11498185885917114,0.0694331660359417,66.47727044719495,72.68385692061463,153.42626370550042,161.74509209011765,6.2065864734196765,8.318828384617234,True,True,0.5488116360940265,0.40656965974059917,0.7408182206817179,1.221130911875437,0.18425212281474995,0.1508864619042129,-2.603504980171857,0.19977740631444296,-1.6914502265964297,-1.5912276329108728,0.7997774063144429,0.16547695538776494,0.07311370648407181,1.5912276329108728,0.7997774063144429,0.16547695538776494,0.07311370648407181,False,False,ictal_scale,high,low,low,-0.12458457978901719,0.7994124971477172,0.46049309171066305,0.4660373083817459,0.5488116360940265,1200,500,10,67.44583582878113
-0.6,-0.3,0.21,0.0009,6,72041707,True,,60,-0.16,-0.013279627808186464,0.10027878408740978,-1.7896643828013148,0.757739146819727,0.03082277262695245,-0.04495687805171632,0.12215037013001481,-1.4633777098607943,0.03352593691396306,43.97190988337738,44.278656834835246,108.41554257786527,104.9346919185589,0.30674695145786757,-3.4808506593063697,True,False,0.5488116360940265,0.40656965974059917,0.7408182206817179,0.16701621377563367,0.35632029912773394,2.1334473526409097,-3.479501491197744,-1.7896643828013148,-1.0319252359815878,1.057739146819727,-1.1896643828013147,-0.10972121591259021,0.02992277262695245,1.057739146819727,1.1896643828013147,0.10972121591259021,0.02992277262695245,False,False,ictal_scale,high,low,low,-0.043249063768426986,0.509463977970202,0.48742864954589554,0.4971286794476135,0.5488116360940265,1200,500,10,40.37697672843933
-0.6,-0.3,0.21,0.0009,7,538935315,True,,60,-0.16,0.0021433774840675674,0.16932098452792796,-0.1985858817477673,-0.9695461990879599,0.05234037588763968,0.028938317882031717,0.4928774878477162,-0.07284122923584016,0.10905711655012217,65.62345493975371,73.52053434542614,151.71863269061794,163.41844693974068,7.897079405672429,11.699814249122738,True,True,0.5488116360940265,0.40656965974059917,0.7408182206817179,0.8198893541859864,0.3109472234143819,0.3792551053710177,-2.949987200254422,-0.1985858817477673,-1.1681320808357272,-0.6695461990879599,0.40141411825223267,-0.04067901547207203,0.05144037588763968,0.6695461990879599,0.40141411825223267,0.04067901547207203,0.05144037588763968,False,False,ictal_scale,high,low,low,0.02315339111678689,0.7600052228854453,0.4625485812954634,0.4779958705083753,0.5488116360940265,1200,500,10,49.535701274871826
-0.6,-0.3,0.21,0.0009,8,2110814426,True,,60,-0.16,-0.1480348164079047,0.18322606787927154,-0.028714035284575414,-1.2787772840228702,0.05815936969996893,-0.25541164587654897,0.14084403650841879,0.008461383333045608,0.013168201839687758,66.70578910091682,73.96200008518056,153.88330101294414,164.30137841924952,7.2562109842637454,10.418077406305372,True,True,0.5488116360940265,0.40656965974059917,0.7408182206817179,0.9716942950223995,0.2704977985144545,0.2783774690250899,-2.844568283161386,-0.028714035284575414,-1.3074913193074456,-0.9787772840228701,0.5712859647154246,-0.026773932120728455,0.057259369699968934,0.9787772840228701,0.5712859647154246,0.026773932120728455,0.057259369699968934,False,False,ictal_scale,high,low,low,-0.15155034423502123,0.7773111982818006,0.46119230171168213,0.4725705587805049,0.5488116360940265,1200,500,10,51.2799596786499
-0.6,-0.3,0.21,0.0009,9,548307357,True,,60,-0.16,-0.310230589650011,0.16306172326710672,-0.3134354507279636,-1.548194819341602,0.03931471213370296,-0.2985747969226168,0.4830576333712116,-0.24602154898720208,0.07495776222200431,57.76261721388887,67.87980314347986,135.99695723888826,152.13698453584811,10.117185929590988,16.140027296959857,True,True,0.5488116360940265,0.40656965974059917,0.7408182206817179,0.730931558580899,0.1554190486975253,0.2126314657958822,-3.2361564756129533,-0.3134354507279636,-1.8616302700695655,-1.248194819341602,0.2865645492720364,-0.046938276732893275,0.03841471213370296,1.248194819341602,0.2865645492720364,0.046938276732893275,0.03841471213370296,False,False,ictal_scale,high,low,low,-0.31295719016861684,0.6736963394900042,0.47069130026036804,0.48431149816771724,0.5488116360940265,1200,500,10,37.3235080242157
-0.6,-0.3,0.21,0.0009,10,2101442384,True,,60,-0.16,-0.5366724487384789,0.2832529430301329,-0.35035821903797143,-1.547700832388763,0.05207929899790011,-0.41652377068080637,0.2380457969665693,-0.6635387368755079,0.05250708092930979,58.404525736858375,61.36538483671467,137.28077428482726,139.10814792231773,2.960859099856293,1.8273736374904672,True,True,0.5488116360940265,0.40656965974059917,0.7408182206817179,0.7044357022368438,0.14985920613662168,0.21273652891351658,-2.9549877412741754,-0.35035821903797143,-1.8980590514267346,-1.247700832388763,0.24964178096202855,0.07325294303013288,0.051179298997900115,1.247700832388763,0.24964178096202855,0.07325294303013288,0.051179298997900115,False,False,ictal_scale,high,low,low,-0.421783093060579,0.6866240984786579,0.46734259034271436,0.4809406351311057,0.5488116360940265,1200,500,10,40.550673723220825
-0.6,-0.3,0.21,0.0009,11,456224831,True,,60,-0.16,-0.1199613946078063,0.25974001650878054,-0.31364304710676794,-0.8408121520991267,0.044535135072824264,-0.07080016477257554,0.20025370762721204,-0.18721553894631893,0.05000260456150015,65.133372136639,69.7228988905014,150.7384670843885,155.8231760298912,4.589526753862401,5.084708945502683,True,True,0.5488116360940265,0.40656965974059917,0.7408182206817179,0.7307798355853009,0.315229227263983,0.4313600511589206,-3.1114768491440112,-0.31364304710676794,-1.1544551992058947,-0.5408121520991267,0.28635695289323204,0.049740016508780543,0.043635135072824266,0.5408121520991267,0.28635695289323204,0.049740016508780543,0.043635135072824266,False,False,ictal_scale,high,low,low,-0.05908315757281805,0.7491412255846234,0.46950104102053875,0.4824663358459159,0.5488116360940265,1200,500,10,46.83108878135681
-0.6,-0.3,0.21,0.0009,12,1992731456,True,,60,-0.16,-0.19053656317781661,0.28804919505400195,0.209869818358019,-1.4499922266001795,0.05456012550667602,-0.0919794243530698,0.1138841704898835,0.05943708251641678,0.014950783389520954,70.39137406193254,75.89908282121988,161.2544709349756,168.17554389132815,5.50770875928734,6.92107295635256,True,True,0.5488116360940265,0.40656965974059917,0.7408182206817179,1.2335174681744998,0.28934879709356964,0.2345721115095201,-2.9084519651072736,0.209869818358019,-1.2401224082421605,-1.1499922266001794,0.809869818358019,0.07804919505400196,0.053660125506676024,1.1499922266001794,0.809869818358019,0.07804919505400196,0.053660125506676024,False,False,ictal_scale,high,low,low,-0.07799243631227183,0.8150332320141986,0.45850526016084564,0.46664147418555907,0.5488116360940265,1200,500,10,54.46569037437439
-0.6,-0.3,0.21,0.0009,13,446852789,True,,60,-0.16,-0.14550771653800373,0.08010935273975744,-0.381115229968975,-0.7669477331255552,0.041425888035121386,-0.13312446712374776,-0.1783034608702026,-0.04570044639084161,0.0051572393369329434,65.00195430231211,72.03790959117318,150.47563141573474,160.45319743123474,7.035955288861061,9.977566015500003,True,True,0.5488116360940265,0.40656965974059917,0.7408182206817179,0.6830991715882996,0.3172507008990133,0.4644284667500939,-3.1838492787207344,-0.381115229968975,-1.1480629630945303,-0.4669477331255552,0.21888477003102497,-0.12989064726024255,0.04052588803512139,0.4669477331255552,0.21888477003102497,0.12989064726024255,0.04052588803512139,False,False,ictal_scale,high,low,low,-0.14179817559285668,0.7169470342369946,0.4711606377242969,0.4803645363281043,0.5488116360940265,1200,500,10,56.71613073348999
-0.6,-0.3,0.21,0.0009,14,164124233,True,,60,-0.16,-0.10166238748025673,0.02466632364995528,-0.5930906636762133,-0.49355495961914464,0.05847891965175446,0.0494497353502832,-0.07307237799117534,-0.005716754131554709,0.014063654337213509,67.45033188146031,72.39840953290143,155.37238657403114,161.17419731469124,4.9480776514411104,5.801810740660102,True,True,0.5488116360940265,0.40656965974059917,0.7408182206817179,0.5526166903285036,0.3373461841252933,0.6104523986142321,-2.839088937518465,-0.5930906636762133,-1.0866456232953579,-0.19355495961914465,0.006909336323786652,-0.18533367635004472,0.05757891965175446,0.19355495961914465,0.006909336323786652,0.18533367635004472,0.05757891965175446,False,False,ictal_scale,high,low,low,-0.06297408052888616,0.7411569188918004,0.46975154336158303,0.4942356758406993,0.5488116360940265,1200,500,10,44.35595083236694
-0.6,-0.3,0.21,0.0009,15,338141861,True,,60,-0.16,-0.08884859225096962,0.2623637968375867,-0.697145224504499,-0.0698749573543713,0.06305821312808818,-0.09982451161077771,0.48282320953734065,-0.1360736922038897,0.09439516367605782,67.14152188327965,72.18603592948259,154.7547665776698,160.74945010785356,5.044514046202934,5.9946835301837496,True,True,0.5488116360940265,0.40656965974059917,0.7408182206817179,0.49800496879637457,0.46439482071478344,0.9325104161855589,-2.763696961326192,-0.697145224504499,-0.7670201818588703,0.2301250426456287,-0.09714522450449903,0.05236379683758671,0.06215821312808818,0.2301250426456287,0.09714522450449903,0.05236379683758671,0.06215821312808818,False,False,ictal_scale,high,low,low,-0.09754411805576814,0.7571271884161327,0.46756576740495376,0.47929321923628787,0.5488116360940265,1200,500,10,41.39561676979065
-0.6,-0.3,0.21,0.0009,16,1307075696,True,,60,-0.16,-0.2486370079565899,0.30816155808820445,-0.6219635463264572,-0.2700515427961554,0.06189463401716658,-0.19297663883235816,0.462868804330736,-0.19328795497609774,0.0998171749609694,66.75029970501618,71.10887729376934,153.97232222114286,158.59513283642707,4.358577588753164,4.622810615284209,True,True,0.5488116360940265,0.40656965974059917,0.7408182206817179,0.5368891951181833,0.4098290780032152,0.7633401486371898,-2.78232179097866,-0.6219635463264572,-0.8920150891226126,0.029948457203844592,-0.02196354632645725,0.09816155808820445,0.06099463401716658,0.029948457203844592,0.02196354632645725,0.09816155808820445,0.06099463401716658,False,False,ictal_scale,high,low,low,-0.19771196107453798,0.7600572877356655,0.45781333399202423,0.4627945541565075,0.5488116360940265,1200,500,10,35.1400306224823
-0.6,-0.3,0.21,0.0009,17,328769819,True,,60,-0.16,-0.048970333007762365,0.1790934944410754,-0.4527651478080275,-0.9075556188355625,0.041673993269353504,-0.014728096924286012,0.24552289271204134,-0.9337305863128086,0.07138692850089236,61.16500860530128,62.25423117582248,142.80174002171307,140.88584060053336,1.0892225705212013,-1.9158994211797165,True,False,0.5488116360940265,0.40656965974059917,0.7408182206817179,0.635867450956638,0.25657846194025236,0.4035093501864893,-3.1778780073412323,-0.4527651478080275,-1.36032076664359,-0.6075556188355624,0.14723485219197247,-0.030906505558924602,0.040773993269353506,0.6075556188355624,0.14723485219197247,0.030906505558924602,0.040773993269353506,False,False,ictal_scale,high,low,low,0.01795317155580967,0.6814829377653342,0.46909957081006104,0.4810375669070144,0.5488116360940265,1200,500,10,42.64729857444763
-0.6,-0.3,0.21,0.0009,18,1316447738,True,,60,-0.16,-0.21754475155951555,0.06727351224942972,-0.9915908469404902,-1.385267036775017,0.03368245957449225,-0.1996794791348896,-0.21762879178766897,-1.2079700634411568,0.012603300343425076,45.84405527901748,47.32759842425811,112.15983336914547,111.03257509740463,1.4835431452406311,-1.1272582717408426,True,False,0.5488116360940265,0.40656965974059917,0.7408182206817179,0.3709860393227683,0.09284183953702305,0.25025696305582007,-3.3907780645282,-0.9915908469404902,-2.376857883715507,-1.085267036775017,-0.3915908469404902,-0.14272648775057029,0.03278245957449225,1.085267036775017,0.3915908469404902,0.14272648775057029,0.03278245957449225,False,False,ictal_scale,high,low,low,-0.19527061737573037,0.5208671738388829,0.48717568428018526,0.4942373613037401,0.5488116360940265,1200,500,10,39.70519733428955
-0.6,-0.3,0.21,0.0009,19,220058891,True,,60,-0.16,-0.06862677510383064,0.4099854747671938,-0.37071880904853227,-1.9240256766765795,0.09149595720039569,-0.13204629477309693,0.4948970092758353,-0.4448421974348141,0.08224674325533371,59.63943406672686,64.25999526176571,139.7505909445642,144.8973687724198,4.620561195038853,5.146777827855601,True,True,0.5488116360940265,0.40656965974059917,0.7408182206817179,0.690238002954146,0.10078714253215354,0.14601795627130812,-2.3914604912790183,-0.37071880904853227,-2.294744485725112,-1.6240256766765795,0.2292811909514677,0.19998547476719383,0.09059595720039569,1.6240256766765795,0.2292811909514677,0.19998547476719383,0.09059595720039569,False,False,ictal_scale,high,low,low,-0.12473822372980337,0.6986869674770827,0.46799644329410484,0.4740141829475886,0.5488116360940265,1200,500,10,36.979844093322754
-0.6,-0.3,0.21,0.0009,20,1425158666,True,,60,-0.16,-0.2702271556071754,0.0571806874965683,-0.9679930014216152,-0.16372581288851754,0.04175242335600554,-0.28101266913597533,0.08347132024472201,-1.4325384674602497,0.17151801546661327,57.75747558242796,57.95751428289395,135.98667397596643,132.2924068146763,0.2000387004659956,-3.694267161290128,True,False,0.5488116360940265,0.40656965974059917,0.7408182206817179,0.37984462121443197,0.32247849913742316,0.8489747679101025,-3.175997784914564,-0.9679930014216152,-1.1317188143101327,0.13627418711148245,-0.3679930014216152,-0.1528193125034317,0.04085242335600554,0.13627418711148245,0.3679930014216152,0.1528193125034317,0.04085242335600554,False,False,ictal_scale,high,low,low,-0.2709896579631572,0.6322111681687211,0.4728294924490541,0.48589246319307033,0.5488116360940265,1200,500,10,46.308794260025024
-0.6,-0.3,0.21,0.0009,21,210686849,True,,60,-0.16,-0.3929110862406563,0.19074338620188414,-0.16660094133443512,-1.6182949310900199,0.04632096274049384,-0.24043206958633573,0.10682898897803542,-0.6530060516230867,0.020372687897451107,60.35975280112696,62.737167285138206,141.19122841336443,141.85171281916482,2.377414484011247,0.6604844058003891,True,True,0.5488116360940265,0.40656965974059917,0.7408182206817179,0.8465373620115745,0.16781453421103715,0.19823641783780202,-3.0721606613804173,-0.16660094133443512,-1.784895872424455,-1.3182949310900198,0.43339905866556483,-0.019256613798115857,0.04542096274049384,1.3182949310900198,0.43339905866556483,0.019256613798115857,0.04542096274049384,False,False,ictal_scale,high,low,low,-0.32878720878700707,0.6802937910488888,0.46937663476104347,0.4830213423194092,0.5488116360940265,1200,500,10,43.37984561920166
-0.6,-0.3,0.21,0.0009,22,712952943,True,,60,-0.16,-0.24064591745751512,0.32290503353295974,-0.9477330637025393,-0.6607902258191406,0.0303129167755799,-0.1937449102878436,0.29290411906822433,-1.142820301264038,0.048858616545351695,52.77578003261425,53.352530088472236,126.02328287633901,123.08243842583288,0.5767500558579854,-2.940844450506134,True,False,0.5488116360940265,0.40656965974059917,0.7408182206817179,0.3876187352007154,0.20018300826150093,0.5164430665557042,-3.4961813610814745,-0.9477330637025393,-1.6085232895216799,-0.3607902258191406,-0.3477330637025393,0.11290503353295975,0.0294129167755799,0.3607902258191406,0.3477330637025393,0.11290503353295975,0.0294129167755799,False,False,ictal_scale,high,low,low,-0.22536887287337223,0.6131961766520314,0.47371317586045836,0.4801544939700244,0.5488116360940265,1200,500,10,41.969017028808594
-0.6,-0.3,0.21,0.0009,23,932264614,True,,60,-0.16,-0.07999043602630156,0.3701451038728856,-0.7454298968614739,-0.5416752071602207,0.04268255874670517,-0.026420028075542317,0.31211645795403803,-0.9619989155120999,0.04042909309886665,59.33834362021496,59.27718793479676,139.14841005154042,134.9317541184819,-0.06115568541819982,-4.216655933058519,False,False,0.5488116360940265,0.40656965974059917,0.7408182206817179,0.47453025701618295,0.27606881792926524,0.5817728455613536,-3.1539649024546907,-0.7454298968614739,-1.2871051040216945,-0.24167520716022067,-0.1454298968614739,0.16014510387288558,0.041782558746705174,0.24167520716022067,0.1454298968614739,0.16014510387288558,0.041782558746705174,False,False,ictal_scale,high,low,low,-0.041723283327012146,0.684121914813045,0.47399805357926683,0.47423445294538635,0.5488116360940265,1200,500,10,49.72049140930176
-0.6,-0.3,0.21,0.0009,24,1543241636,True,,60,-0.16,-0.057132197680975744,0.24596547450322043,-0.8565148379968399,-0.13685852600831594,0.05584029871121752,-0.035406033574575176,0.2352139491770472,-0.7047346136880607,0.014322963588071903,61.13787109579359,61.564566609931504,142.74746500269768,139.5065114687514,0.4266955141379114,-3.240953533946282,True,False,0.5488116360940265,0.40656965974059917,0.7408182206817179,0.4246394436546396,0.3703253394063011,0.8720935959672357,-2.8852594711294066,-0.8565148379968399,-0.9933733640051559,0.16314147399168405,-0.25651483799683994,0.035965474503220435,0.05494029871121752,0.16314147399168405,0.25651483799683994,0.035965474503220435,0.05494029871121752,False,False,ictal_scale,high,low,low,-0.05212850991292696,0.6837613459075774,0.47102148422671025,0.48271457595977296,0.5488116360940265,1200,500,10,35.95809602737427
-0.6,-0.3,0.21,0.0009,25,941636656,True,,60,-0.16,-0.06210650627941002,0.14112726489728472,-0.3644790717175982,-0.8456352072179705,0.044122136704040554,-0.061822681151156994,0.20447505929677753,-0.5110002911434879,0.010400901005969639,63.74714730631814,65.33010368008365,147.9660174237468,147.0375856090557,1.5829563737655121,-0.9284318146910948,True,False,0.5488116360940265,0.40656965974059917,0.7408182206817179,0.6945583717541072,0.29816320370931026,0.42928458691858984,-3.120793656394147,-0.3644790717175982,-1.2101142789355688,-0.5456352072179704,0.2355209282824018,-0.06887273510271527,0.043222136704040556,0.5456352072179704,0.2355209282824018,0.06887273510271527,0.043222136704040556,False,False,ictal_scale,high,low,low,-0.10659697337631857,0.7172413653534588,0.4620585732332549,0.46716229749945004,0.5488116360940265,1200,500,10,44.700422286987305
-0.6,-0.3,0.21,0.0009,26,594869973,True,,60,-0.16,-0.2321992537528439,0.02807848342218975,-0.22229811770920263,-1.1469169750191184,0.047990891812512884,-0.1698645561018633,-0.14774144758722807,-0.03193819293799157,0.006408490398398175,64.38218730497451,71.37012318988165,149.23609742105953,159.1176246286517,6.987935884907145,9.881527207592171,True,True,0.5488116360940265,0.40656965974059917,0.7408182206817179,0.8006766328677857,0.25430648824865587,0.31761447481963556,-3.036744039985778,-0.22229811770920263,-1.369215092728321,-0.8469169750191183,0.3777018822907974,-0.18192151657781025,0.047090891812512886,0.8469169750191183,0.3777018822907974,0.18192151657781025,0.047090891812512886,False,False,ictal_scale,high,low,low,-0.1821472204180642,0.7131130818540118,0.4664495463030746,0.4884871711202469,0.5488116360940265,1200,500,10,52.096901655197144
-0.6,-0.3,0.21,0.0009,27,1050347584,True,,60,-0.16,-0.3153669294252902,0.03389590841619768,-0.9239020607601109,-0.13437945806659385,0.04390700064937276,-0.3121592233062939,0.47108223537818944,-0.22525870889235552,0.07792178430583717,59.5288920023394,68.05392726865821,139.5295068157893,152.48523278620482,8.525035266318817,12.955725970415529,True,True,0.5488116360940265,0.40656965974059917,0.7408182206817179,0.3969670255708174,0.3470516999834164,0.8742582573058166,-3.125681503519645,-0.9239020607601109,-1.0582815188267047,0.16562054193340614,-0.32390206076011097,-0.1761040915838023,0.04300700064937276,0.16562054193340614,0.32390206076011097,0.1761040915838023,0.04300700064937276,False,False,ictal_scale,high,low,low,-0.30180408383937135,0.6426244276781573,0.4737013924862328,0.47847147989212757,0.5488116360940265,1200,500,10,40.45931148529053
-0.6,-0.3,0.21,0.0009,28,486159045,True,,60,-0.16,-0.1565808236213283,0.19105680811218692,-0.09520451806775582,-1.7180511210024716,0.043116188372481455,-0.1788829476982139,0.48961829319226086,-0.19836691718599386,0.09100926367123202,60.42367211190439,69.93001907457247,141.31906703491927,156.23741639803333,9.506346962668083,14.91834936311406,True,True,0.5488116360940265,0.40656965974059917,0.7408182206817179,0.90918697028997,0.16312220436078262,0.1794154664455404,-3.143856752102973,-0.09520451806775582,-1.8132556390702275,-1.4180511210024715,0.5047954819322442,-0.01894319188781307,0.04221618837248146,1.4180511210024715,0.5047954819322442,0.01894319188781307,0.04221618837248146,False,False,ictal_scale,high,low,low,-0.18655334928689918,0.7039461811876305,0.46779375974348003,0.47389510939946555,0.5488116360940265,1200,500,10,35.31670594215393
-0.6,-0.3,0.21,0.0009,29,1059719626,True,,60,-0.16,-0.07436587917158982,0.07156692134358661,-1.0833857332534937,-0.3324303215133878,0.03571081519785002,-0.07042108175819545,0.06466986752986138,-1.0967116147989606,0.011415791043055559,52.70017178279751,52.96520591173288,125.87206637670553,122.30779007235417,0.26503412893536904,-3.5642763043513668,True,False,0.5488116360940265,0.40656965974059917,0.7408182206817179,0.33844769001015246,0.24272745370948684,0.7171786390452415,-3.332301689357147,-1.0833857332534937,-1.4158160547668817,-0.032430321513387816,-0.48338573325349377,-0.13843307865641338,0.03481081519785002,0.032430321513387816,0.48338573325349377,0.13843307865641338,0.03481081519785002,False,False,ictal_scale,high,low,low,-0.09064628308180182,0.5848727943538098,0.4807338658401582,0.4850439336061143,0.5488116360940265,1200,500,10,32.60249090194702
-0.6,-0.3,0.21,0.0009,30,557453532,True,,60,-0.16,-0.28017020227175016,-0.12443259134028424,-0.3419536962265439,-0.8081086049429702,0.0496679040315822,-0.2745945810673135,-0.054442967413794396,-0.49616991474464267,0.0009936850811829985,66.14659401403689,68.78245986520301,152.7649108391843,153.9422979792944,2.635865851166116,1.1773871401101133,True,True,0.5488116360940265,0.40656965974059917,0.7408182206817179,0.7103810972730421,0.3166170431524996,0.44570026478450153,-3.0023963486275598,-0.3419536962265439,-1.1500623011695141,-0.5081086049429702,0.25804630377345605,-0.33443259134028425,0.0487679040315822,0.5081086049429702,0.25804630377345605,0.33443259134028425,0.0487679040315822,False,False,ictal_scale,high,low,low,-0.27355806789203746,0.739166903079117,0.4658856315870818,0.471386966788914,0.5488116360940265,1200,500,10,46.215962409973145
-0.6,-0.3,0.21,0.0009,31,1168430554,True,,60,-0.16,0.045269390484016285,0.3320972008938762,-0.07339555878327014,-1.588998658085573,0.050686199917745575,-0.013905704909680214,0.15739398061523022,-0.3378417059937112,0.05486457816844534,62.88863383297691,67.35977581184964,146.24899047706432,151.09692987258768,4.471141978872737,4.847939395523355,True,True,0.5488116360940265,0.40656965974059917,0.7408182206817179,0.9292331909687634,0.1896842906776815,0.2041299132674414,-2.982101596407173,-0.07339555878327014,-1.6623942168688433,-1.288998658085573,0.5266044412167299,0.12209720089387618,0.04978619991774558,1.288998658085573,0.5266044412167299,0.12209720089387618,0.04978619991774558,False,False,ictal_scale,high,low,low,-0.01514520122841215,0.7378725638297914,0.458253769493914,0.45095736226896455,0.5488116360940265,1200,500,10,51.61371994018555
-0.6,-0.3,0.21,0.0009,32,1481319187,True,,60,-0.16,-0.1939316740901319,0.09642550325344404,-0.6634560909479592,-0.20765770246709225,0.04727365389900245,-0.14917954210621298,0.07646912559323488,-0.11173074975612168,0.036396714294039324,66.36801234700484,71.1237751199485,153.20774750512018,158.6249284887854,4.755762772943669,5.417180983665219,True,True,0.5488116360940265,0.40656965974059917,0.7408182206817179,0.515068132502213,0.4184851835366023,0.8124851007644204,-3.0518021386874783,-0.6634560909479592,-0.8711137934150515,0.09234229753290774,-0.06345609094795923,-0.11357449674655595,0.04637365389900245,0.09234229753290774,0.06345609094795923,0.11357449674655595,0.04637365389900245,False,False,ictal_scale,high,low,low,-0.25812593226461994,0.7354208457949755,0.46461786447480946,0.4741931267397808,0.5488116360940265,1200,500,10,44.19364047050476
-0.6,-0.3,0.21,0.0009,33,1277141482,True,,60,-0.16,0.04693522558776921,0.34723063145307204,-0.11202035341246301,-1.086330238693761,0.055235381737526026,0.04184951706213616,0.2198560280362869,-0.29769376546841364,0.043290975008162855,66.4108010617361,70.09252932491458,153.2933249345827,156.56243689871755,3.681728263178485,3.2691119641348507,True,True,0.5488116360940265,0.40656965974059917,0.7408182206817179,0.8940260608340069,0.30169141395465476,0.3374525946964197,-2.89615155752896,-0.11202035341246301,-1.198350592106224,-0.786330238693761,0.48797964658753695,0.13723063145307204,0.05433538173752603,0.786330238693761,0.48797964658753695,0.13723063145307204,0.05433538173752603,False,False,ictal_scale,high,low,low,0.02310316104108343,0.7881813449212903,0.4555996361080738,0.4484846609758286,0.5488116360940265,1200,500,10,43.05728316307068
-0.6,-0.3,0.21,0.0009,34,675536502,True,,60,-0.16,-0.055638000656404826,0.2629859428023968,-1.0979001453480461,0.5010787386736402,0.05237213535372914,-0.13129111784239075,0.1592699319632233,-0.2506303289217571,0.06427876402275817,65.10315938235702,68.27275253887453,150.67804157582455,152.92288332663745,3.1695931565175073,2.2448417508128955,True,True,0.5488116360940265,0.40656965974059917,0.7408182206817179,0.33357079898477404,0.5505588604843326,1.6505007697315344,-2.9493805971525227,-1.0979001453480461,-0.596821406674406,0.8010787386736402,-0.49790014534804616,0.052985942802396796,0.051472135353729145,0.8010787386736402,0.49790014534804616,0.052985942802396796,0.051472135353729145,False,False,ictal_scale,high,low,low,-0.09562920235133941,0.7240914519866394,0.4664252887406161,0.4695983481963815,0.5488116360940265,1200,500,10,42.96565866470337
-0.6,-0.3,0.21,0.0009,35,1974213239,True,,60,-0.16,0.08245728803452829,0.0011265666645501758,-0.691819885332286,-0.05397734276466263,0.04216137202436077,0.1350464335228327,0.09020680325419125,-0.10166508435519503,0.0020828732774784953,65.88202386002504,70.8097312500541,152.2357705311606,157.9968407489966,4.927707390029056,5.761070217835993,True,True,0.5488116360940265,0.40656965974059917,0.7408182206817179,0.5006640882369091,0.4743559792413979,0.9474535729371856,-3.1662508320062366,-0.691819885332286,-0.7457972280969486,0.24602265723533737,-0.09181988533228602,-0.2088734333354498,0.041261372024360775,0.24602265723533737,0.09181988533228602,0.2088734333354498,0.041261372024360775,False,False,ictal_scale,high,low,low,0.0643960866091046,0.724943610067111,0.46291631359840996,0.4732841773178344,0.5488116360940265,1200,500,10,44.09765410423279
-0.6,-0.3,0.21,0.0009,36,784247430,True,,60,-0.16,0.02019634048335902,0.31932278076692167,0.38118246807563505,-2.884347427684114,0.03462803362972794,-0.0019990263660280986,0.35234404362197463,-0.7466993332796361,0.03113608199757143,54.92408870446603,62.358305920496036,130.31990022004257,141.09399008988046,7.434217216030007,10.774089869837894,True,True,0.5488116360940265,0.40656965974059917,0.7408182206817179,1.4640147169874298,0.08182561360686404,0.05589125072133179,-3.3630917044575455,0.38118246807563505,-2.503164959608479,-2.584347427684114,0.981182468075635,0.10932278076692167,0.03372803362972794,2.584347427684114,0.981182468075635,0.10932278076692167,0.03372803362972794,False,False,ictal_scale,high,low,low,-0.012796073428392347,0.7217381325405394,0.4632069663954222,0.469998476054455,0.5488116360940265,1200,500,10,43.5259313583374
-0.6,-0.3,0.21,0.0009,37,1865502311,True,,60,-0.16,-0.13608204419620698,0.23727538653813468,-0.9888673636813659,-0.08345648997296012,0.035040155022792584,-0.08147975016292504,0.20139804585361917,-0.9300009787646553,0.010234792354714377,57.164834073602194,57.58165395707181,134.8013909583149,131.540686163032,0.4168198834696142,-3.2607047952828907,True,False,0.5488116360940265,0.40656965974059917,0.7408182206817179,0.3719977907088368,0.3422123412787533,0.9199311120280371,-3.351260588757278,-0.9888673636813659,-1.072323853654326,0.21654351002703986,-0.3888673636813659,0.02727538653813469,0.034140155022792586,0.21654351002703986,0.3888673636813659,0.02727538653813469,0.034140155022792586,False,False,ictal_scale,high,low,low,-0.12667087201348906,0.6512120767979938,0.47532549829853804,0.4904495691418451,0.5488116360940265,1200,500,10,39.353548526763916
-0.6,-0.3,0.21,0.0009,38,793619472,True,,60,-0.16,-0.24948831465026505,0.04261860272409548,-0.4660826964915562,-1.1691889350900597,0.03963082504775063,-0.1554271521821733,0.11911826804444606,-0.6449945260705392,0.00317787786108462,56.787852991911265,59.489648638595476,134.04742879493304,135.35667552607936,2.701795646684211,1.3092467311463167,True,True,0.5488116360940265,0.40656965974059917,0.7408182206817179,0.627455393542135,0.19489942326973078,0.3106187711121218,-3.228148053229137,-0.4660826964915562,-1.6352716315816158,-0.8691889350900597,0.13391730350844377,-0.1673813972759045,0.03873082504775063,0.8691889350900597,0.13391730350844377,0.1673813972759045,0.03873082504775063,False,False,ictal_scale,high,low,low,-0.22521345397252898,0.6336040391831053,0.4709544027796367,0.47591706926952115,0.5488116360940265,1200,500,10,37.18880772590637
-0.6,-0.3,0.21,0.0009,39,1856130269,True,,60,-0.16,-0.07050315178572103,0.3716880152031386,-1.1571499391649587,0.3764016276548673,0.05032946175370916,-0.11587780670301805,0.263998275078121,-0.5040632757793941,0.03677627261200119,59.6718616477297,61.7651092852491,139.8154461065699,139.9075968193866,2.0932476375194042,0.09215071281670362,True,True,0.5488116360940265,0.40656965974059917,0.7408182206817179,0.3143809099795986,0.458063109125494,1.4570322006995255,-2.9891646525942055,-1.1571499391649587,-0.7807483115100914,0.6764016276548672,-0.5571499391649587,0.1616880152031386,0.04942946175370916,0.6764016276548672,0.5571499391649587,0.1616880152031386,0.04942946175370916,False,False,ictal_scale,high,low,low,-0.11994665655296359,0.6924983339776205,0.4707632143515584,0.48912318550415035,0.5488116360940265,1200,500,10,37.1295051574707
-0.6,-0.3,0.21,0.0009,40,902330400,True,,60,-0.16,-0.2760418439884991,0.15971811140236636,0.2546152525393029,-3.127267514261058,0.04415288412383403,-0.1648987087733923,0.03757151902733572,-0.5496245491484726,0.12222930585259736,55.62239716638116,64.44273465471834,131.71651714387284,145.26284755832506,8.820337488337174,13.546330414452228,True,True,0.5488116360940265,0.40656965974059917,0.7408182206817179,1.2899652145427931,0.05654874543510269,0.04383741886803161,-3.1200970284976353,0.2546152525393029,-2.872652261721755,-2.827267514261058,0.8546152525393029,-0.050281888597633634,0.04325288412383403,2.827267514261058,0.8546152525393029,0.050281888597633634,0.04325288412383403,False,False,ictal_scale,high,low,low,-0.22553408031865627,0.6830287362756737,0.46727794638170594,0.47233913796001553,0.5488116360940265,1200,500,10,56.849632263183594
-0.6,-0.3,0.21,0.0009,41,1747419341,True,,60,-0.16,-0.22052094176961182,-0.0991953884421063,-1.076975147122809,0.006186052948619448,0.031004811481257902,-0.24347371198115672,-0.2889974249024459,-0.33051550420539794,0.012508585079083237,55.869067933562675,61.77481269349812,132.20985867823586,139.92700363588463,5.905744759935445,7.71714495764877,True,True,0.5488116360940265,0.40656965974059917,0.7408182206817179,0.340624307319949,0.3427379581583213,1.006205226089126,-3.473612877467837,-1.076975147122809,-1.0707890941741895,0.30618605294861945,-0.4769751471228091,-0.3091953884421063,0.0301048114812579,0.30618605294861945,0.4769751471228091,0.3091953884421063,0.0301048114812579,False,False,ictal_scale,high,low,low,-0.231304104850683,0.6138264451305647,0.47659234948717644,0.4819768484160404,0.5488116360940265,1200,500,10,40.468764543533325
-0.6,-0.3,0.21,0.0009,42,201540674,True,,60,-0.16,-0.18167061060013825,0.06769305606820966,0.32239318332425376,-1.3725787139130956,0.06693136554770565,-0.11418756228598109,0.10678337547994665,-0.2709420349130368,0.019142386210583593,74.37839185427738,78.05904396114002,169.22850651966527,172.49546617116843,3.680652106862638,3.266959651503157,True,True,0.5488116360940265,0.40656965974059917,0.7408182206817179,1.3804274303148758,0.3498728309768408,0.25345253455086353,-2.704087579452502,0.32239318332425376,-1.050185530588842,-1.0725787139130956,0.9223931833242538,-0.14230694393179033,0.06603136554770565,1.0725787139130956,0.9223931833242538,0.14230694393179033,0.06603136554770565,False,False,ictal_scale,high,low,low,-0.06289373050841293,0.8710343001463151,0.4564788849174378,0.4752408193242417,0.5488116360940265,1200,500,10,50.74176025390625
-0.6,-0.3,0.21,0.0009,43,1738047299,True,,60,-0.16,-0.163013725738763,0.3338413843477989,-0.14282914939948835,-1.7560058905916192,0.05086963016996304,-0.20170661808827636,0.27366336891578935,-0.4957363807430404,0.04461455739667069,59.34741338294954,64.3082558892344,139.1665495770096,144.9938900273572,4.9608425062848625,5.827340450347606,True,True,0.5488116360940265,0.40656965974059917,0.7408182206817179,0.8669021669996204,0.14974296221420397,0.1727334039692965,-2.978489190274873,-0.14282914939948835,-1.8988350399911076,-1.4560058905916191,0.45717085060051166,0.12384138434779893,0.049969630169963045,1.4560058905916191,0.45717085060051166,0.12384138434779893,0.049969630169963045,False,False,ictal_scale,high,low,low,-0.19876621617720042,0.7250434000410839,0.46229179404105086,0.46002180328956255,0.5488116360940265,1200,500,10,47.50137400627136
-0.6,-0.3,0.21,0.0009,44,92829746,True,,60,-0.16,-0.20951420528399312,0.1221288246374163,-0.8539312793915905,0.0527932883382484,0.04061059722526815,-0.29138884755097977,0.1234753540479525,-0.1585209511264492,0.04095701291257255,64.56996930121241,68.7953159206694,149.61166141353533,153.96801009022718,4.225346619456985,4.3563486766918516,True,True,0.5488116360940265,0.40656965974059917,0.7408182206817179,0.4257379429510574,0.4488179226115303,1.054211704741398,-3.2037262310323498,-0.8539312793915905,-0.8011379910533422,0.3527932883382484,-0.25393127939159055,-0.0878711753625837,0.03971059722526815,0.3527932883382484,0.25393127939159055,0.0878711753625837,0.03971059722526815,False,False,ictal_scale,high,low,low,-0.2487339018534577,0.7073255919144728,0.4671566088158766,0.47830936103488103,0.5488116360940265,1200,500,10,41.1145658493042
-0.6,-0.3,0.21,0.0009,45,1629336371,True,,60,-0.16,-0.30038719366207733,0.41239647165619875,-0.44669752026627724,-0.4950931579200427,0.06961740506176449,-0.28238487011040025,0.4451292892498421,-0.1732389531675751,0.11825622043127829,68.30588238498835,71.96753294450117,157.0834875810872,160.31244413789074,3.6616505595128217,3.2289565568035243,True,True,0.5488116360940265,0.40656965974059917,0.7408182206817179,0.6397373866060417,0.38992897252073827,0.6095141235834344,-2.664740670178234,-0.44669752026627724,-0.9417906781863199,-0.19509315792004273,0.15330247973372274,0.20239647165619876,0.06871740506176449,0.19509315792004273,0.15330247973372274,0.20239647165619876,0.06871740506176449,False,False,ictal_scale,high,low,low,-0.25506028055214136,0.8075144957098451,0.45767484408967846,0.4679224833647242,0.5488116360940265,1200,500,10,33.45346021652222
-0.6,-0.3,0.21,0.0009,46,83457704,True,,60,-0.16,-0.1773355060509467,0.14384090231151953,-0.5933717871069435,-1.0884941792759621,0.03874989489604083,-0.04544073928935918,0.14045092859520694,-0.8922291900630563,0.011092555564181724,54.97442312741079,56.2695123816811,130.42056906593209,128.9164030122506,1.2950892542703158,-1.5041660536814732,True,False,0.5488116360940265,0.40656965974059917,0.7408182206817179,0.552461358663348,0.18602653272505582,0.3367231568469105,-3.250627235546696,-0.5933717871069435,-1.6818659663829056,-0.7884941792759621,0.006628212893056484,-0.06615909768848047,0.037849894896040834,0.7884941792759621,0.006628212893056484,0.06615909768848047,0.037849894896040834,False,False,ictal_scale,high,low,low,-0.12070342654726682,0.6127860053884958,0.4732958577905342,0.47852912896276656,0.5488116360940265,1200,500,10,42.825557231903076
-0.6,-0.3,0.21,0.0009,47,1619964329,True,,60,-0.16,-0.2677926414258567,-0.04592040989134499,-1.011110367600315,0.04602287217131578,0.043354313173217106,-0.30210024962209825,-0.12205132901561654,-0.24707369568723125,0.0203737518077189,59.06435477528422,64.7173066019507,138.60043236167894,145.81199145278978,5.652951826666474,7.211559091110843,True,True,0.5488116360940265,0.40656965974059917,0.7408182206817179,0.36381478705984993,0.38094986690909094,1.0470983600961283,-3.1383490842063697,-1.011110367600315,-0.9650874954289993,0.3460228721713158,-0.41111036760031505,-0.255920409891345,0.04245431317321711,0.3460228721713158,0.41111036760031505,0.255920409891345,0.04245431317321711,False,False,ictal_scale,high,low,low,-0.26001934352967676,0.6381871122882049,0.4692927916154287,0.4689964556835746,0.5488116360940265,1200,500,10,45.716065645217896
-0.6,-0.3,0.21,0.0009,48,2122230423,True,,60,-0.16,-0.2556157344732854,0.18420805182913655,-1.0489331128936132,0.5358115359095629,0.044057912501549584,-0.2279995162408683,0.1441318245456631,-0.15604103290427013,0.03383021195008063,67.1450577211871,70.19089600257895,154.7618382534847,156.7591702540463,3.045838281391852,1.9973320005615847,True,True,0.5488116360940265,0.40656965974059917,0.7408182206817179,0.35031129241255393,0.5986240082799233,1.708834460223272,-3.1222503172698395,-1.0489331128936132,-0.5131215769840504,0.8358115359095628,-0.44893311289361326,-0.025791948170863443,0.043157912501549586,0.8358115359095628,0.44893311289361326,0.025791948170863443,0.043157912501549586,False,False,ictal_scale,high,low,low,-0.2917086898754364,0.7498763771791949,0.46174238397990686,0.4687626339373626,0.5488116360940265,1200,500,10,36.38923382759094
-0.6,-0.3,0.21,0.0009,49,1670470781,True,,60,-0.16,-0.05581074890833876,0.35976045714682964,0.01750823203709137,-1.5276567548136832,0.05595959578848797,-0.0766294971460245,0.35632233842018407,-0.38330629460479015,0.0414352099941775,63.942505160372846,68.2018251345142,148.3567331318562,152.78102851791678,4.2593199741413486,4.424295386060578,True,True,0.5488116360940265,0.40656965974059917,0.7408182206817179,1.0176623995508998,0.2208771702324825,0.21704365841752316,-2.8831253524331033,0.01750823203709137,-1.5101485227765918,-1.2276567548136832,0.6175082320370914,0.14976045714682965,0.05505959578848797,1.2276567548136832,0.6175082320370914,0.14976045714682965,0.05505959578848797,False,False,ictal_scale,high,low,low,-0.1359511399376666,0.7965137238804875,0.45781032938545224,0.4618482795410791,0.5488116360940265,1200,500,10,36.45903420448303
-0.6,-0.3,0.21,0.0009,50,2112858381,True,,60,-0.16,0.08612010592792713,0.19439646025174565,-0.12594691276865813,-2.723875081204154,0.03254382714560569,0.01188450361172469,0.1095841219997935,-0.9102034735617743,0.024992379737544184,52.04830182676115,59.303275446830256,124.5683264646328,134.9839291425489,7.254973620069109,10.415602677916098,True,True,0.5488116360940265,0.40656965974059917,0.7408182206817179,0.881661650517071,0.05785461842907892,0.06561997836148226,-3.4251675705360145,-0.12594691276865813,-2.8498219939728124,-2.4238750812041543,0.4740530872313419,-0.015603539748254347,0.031643827145605694,2.4238750812041543,0.4740530872313419,0.015603539748254347,0.031643827145605694,False,False,ictal_scale,high,low,low,0.018093410207223083,0.650410095404675,0.4742308994788276,0.4904479940092158,0.5488116360940265,1200,500,10,46.982171297073364
-0.6,-0.3,0.21,0.0009,51,1679842823,True,,60,-0.16,-0.13452915695217701,0.45119712441035775,-1.6822498027299595,1.0555676754796077,0.033999566291292506,-0.10317442290539658,0.33586361991791447,-1.017634057730248,0.02397034304501242,52.46332280623144,54.9616986844362,125.39836842357337,126.3007756177608,2.4983758782047616,0.9024071941874325,True,True,0.5488116360940265,0.40656965974059917,0.7408182206817179,0.18595514268220265,0.5343618075346296,2.873605966616659,-3.3814075105857917,-1.6822498027299595,-0.6266821272503518,1.3555676754796078,-1.0822498027299594,0.24119712441035776,0.03309956629129251,1.3555676754796078,1.0822498027299594,0.24119712441035776,0.03309956629129251,False,False,ictal_scale,high,low,low,-0.1451514648987487,0.6445112105637331,0.47529237278717873,0.48807076698260055,0.5488116360940265,1200,500,10,41.868290424346924
-0.6,-0.3,0.21,0.0009,52,2004147453,True,,60,-0.16,-0.38738420201869467,0.0546682196053563,-0.5912247017437365,-0.2890616520193411,0.044328617999868654,-0.3821527241735321,-0.007463674234735511,0.009253716560638585,0.00023848074007564894,65.7445322331341,75.71571974305887,151.9607872773787,167.80881773500613,9.971187509924775,15.84803045762743,True,True,0.5488116360940265,0.40656965974059917,0.7408182206817179,0.5536488146888188,0.41466415403812157,0.7489660287111529,-3.1161248059904336,-0.5912247017437365,-0.8802863537630776,0.010938347980658902,0.008775298256263442,-0.15533178039464368,0.043428617999868656,0.010938347980658902,0.008775298256263442,0.15533178039464368,0.043428617999868656,False,False,ictal_scale,high,low,low,-0.4072965958329799,0.7206092682202799,0.4574886879038834,0.4606365508615091,0.5488116360940265,1200,500,10,44.53997778892517
-0.6,-0.3,0.21,0.0009,53,1788553751,True,,60,-0.16,-0.34166858487324264,0.2264602200727741,-0.8057145516149341,-0.6239375103353553,0.04321565076475164,-0.31818985219242596,0.17656613093839676,-0.8149438511461682,0.014124869917417172,56.41981484995655,57.12931339035392,133.3113525110236,130.63600502959625,0.7094985403973695,-2.675347481427366,True,False,0.5488116360940265,0.40656965974059917,0.7408182206817179,0.44676857327020825,0.2393922014105937,0.5358304404858124,-3.1415525631207766,-0.8057145516149341,-1.4296520619502893,-0.3239375103353553,-0.20571455161493413,0.016460220072774118,0.04231565076475164,0.3239375103353553,0.20571455161493413,0.016460220072774118,0.04231565076475164,False,False,ictal_scale,high,low,low,-0.35229181743345883,0.6318150009597561,0.4752944695698212,0.49246887226585045,0.5488116360940265,1200,500,10,46.38032341003418
-0.6,-0.3,0.21,0.0009,54,1895436525,True,,60,-0.16,-0.08891112028131298,0.10985146749980342,-1.0537644105816202,0.02512885311589704,0.03663074686029756,-0.005794816954821426,0.051660827513308354,-0.965419481971133,0.04257637824909261,57.03716833772031,57.479460935076226,134.54605948655112,131.33630011904086,0.442292597355916,-3.2097593675102587,True,False,0.5488116360940265,0.40656965974059917,0.7408182206817179,0.348622916083858,0.3574944085229179,1.025447244084568,-3.30686731309276,-1.0537644105816202,-1.028635557465723,0.325128853115897,-0.4537644105816202,-0.10014853250019658,0.03573074686029756,0.325128853115897,0.4537644105816202,0.10014853250019658,0.03573074686029756,False,False,ictal_scale,high,low,low,-0.0832718395048763,0.6352554772988729,0.47430001206954153,0.4819205181354018,0.5488116360940265,1200,500,10,42.30568480491638
-0.6,-0.3,0.21,0.0009,55,1797925793,True,,60,-0.16,-0.10405792276497042,0.23888016732784606,-1.0565039669243101,0.0708525009251258,0.04027838746586426,-0.013711400301322903,0.1850750484213973,-0.8717141645156476,0.01715339029362101,58.76776649108733,59.20889362561437,138.00725579328517,134.79516550011715,0.44112713452704355,-3.2120902931680178,True,False,0.5488116360940265,0.40656965974059917,0.7408182206817179,0.3476691510059916,0.3731960232056323,1.0734228853085694,-3.211940245054665,-1.0565039669243101,-0.9856514659991844,0.3708525009251258,-0.45650396692431017,0.028880167327846068,0.039378387465864265,0.3708525009251258,0.45650396692431017,0.028880167327846068,0.039378387465864265,False,False,ictal_scale,high,low,low,-0.12702533049414977,0.6508489106791695,0.4715846022531885,0.48296317706997516,0.5488116360940265,1200,500,10,42.19654965400696
-0.6,-0.3,0.21,0.0009,56,1295659699,True,,60,-0.16,-0.16103771139151307,0.15444817654218052,-0.9354941218698756,0.10947287147661663,0.05642096275540664,-0.16595465193153308,0.07757687331241546,-0.22370526318557912,0.06425352914971474,66.01897403432531,69.5122514048251,152.50967087976113,155.40188105853858,3.493277370499783,2.8922101787774466,True,True,0.5488116360940265,0.40656965974059917,0.7408182206817179,0.3923919281878426,0.43778767325789036,1.1156898035076714,-2.8749145094736455,-0.9354941218698756,-0.8260212503932589,0.4094728714766166,-0.3354941218698756,-0.05555182345781948,0.05552096275540664,0.4094728714766166,0.3354941218698756,0.05555182345781948,0.05552096275540664,False,False,ictal_scale,high,low,low,-0.21913543698915838,0.7342525197509977,0.47078431662172043,0.4844203893557869,0.5488116360940265,1200,500,10,41.95856261253357
-0.6,-0.3,0.21,0.0009,57,1906636721,True,,60,-0.16,-0.026833844840444987,0.3903833856649028,-1.2020376432703295,0.2254793818884417,0.03225616073698437,0.002723937629915186,0.22107446009042803,-1.174522774068703,0.005307995713109031,55.566202629645474,64.35770371609806,131.60412807040146,145.0927856810845,8.791501086452584,13.488657610683049,True,True,0.5488116360940265,0.40656965974059917,0.7408182206817179,0.3005811104064482,0.37660504699247077,1.2529232009397473,-3.4340462233802116,-1.2020376432703295,-0.9765582613818877,0.5254793818884417,-0.6020376432703295,0.18038338566490283,0.03135616073698437,0.5254793818884417,0.6020376432703295,0.18038338566490283,0.03135616073698437,False,False,ictal_scale,high,low,low,-0.0089108911952626,0.6522409602057804,0.4697600647122545,0.47164194636075185,0.5488116360940265,1200,500,10,40.94315052032471
-0.6,-0.3,0.21,0.0009,58,1404370627,True,,60,-0.16,-0.26190099990764804,0.15006859999105912,-0.0687805298099698,-1.4965523865797852,0.04853679454304343,-0.07894223912411732,-0.05073569034008929,-0.13088649818445952,0.0019334973230479841,64.35340844988599,70.9352009561987,149.1785397108825,158.2477801612858,6.581792506312709,9.0692404504033,True,True,0.5488116360940265,0.40656965974059917,0.7408182206817179,0.9335315399415333,0.20901841593247014,0.2239007542750627,-3.025433118296399,-0.0687805298099698,-1.565332916389755,-1.1965523865797851,0.5312194701900301,-0.05993140000894087,0.04763679454304343,1.1965523865797851,0.5312194701900301,0.05993140000894087,0.04763679454304343,False,False,ictal_scale,high,low,low,-0.17713882756028218,0.7218028280119919,0.469362131705486,0.47568592732576365,0.5488116360940265,1200,500,10,50.393738985061646
-0.6,-0.3,0.21,0.0009,59,231474888,True,,60,-0.16,0.011098481151861316,0.12737243579219867,-1.1143459469991708,-0.4354702251296042,0.17443373402617005,-0.004697470785990237,0.2875007462809669,-0.4785711311247159,0.02149809984130905,66.57837240456448,75.28499573044304,153.62846762023946,166.94736970977448,8.706623325878567,13.318902089535015,True,True,0.5488116360940265,0.40656965974059917,0.7408182206817179,0.3281298230257371,0.21228699450637778,0.6469603785137412,-1.746210357163104,-1.1143459469991708,-1.549816172128775,-0.13547022512960422,-0.5143459469991708,-0.08262756420780132,0.17353373402617003,0.13547022512960422,0.5143459469991708,0.08262756420780132,0.17353373402617003,False,False,ictal_scale,high,low,low,-0.036092399538056916,0.7413790439902108,0.4658584459914533,0.4644386159217522,0.5488116360940265,1200,500,10,37.542887926101685
-0.6,-0.3,0.21,0.0009,60,1413742669,True,,60,-0.16,-0.12028633061366589,0.4456467371536317,-0.4447497402809442,-0.8077023174491789,0.0804928427120162,-0.10590627122843813,0.3239929713882743,-0.5277030390901383,0.10770478513407764,65.20155226476905,67.14661964640405,150.8748273406486,150.6706175416965,1.945067381634999,-0.204209798952121,True,False,0.5488116360940265,0.40656965974059917,0.7408182206817179,0.6409846686046656,0.2858031311722875,0.44588138401881144,-2.5195870089201207,-0.4447497402809442,-1.252452057730123,-0.5077023174491788,0.15525025971905576,0.23564673715363169,0.0795928427120162,0.5077023174491788,0.15525025971905576,0.23564673715363169,0.0795928427120162,False,False,ictal_scale,high,low,low,-0.20349868098143042,0.7663392952143605,0.46429623612886617,0.47599243395252394,0.5488116360940265,1200,500,10,44.01037907600403
-0.6,-0.3,0.21,0.0009,61,1236007072,True,,60,-0.16,-0.20853993312226904,0.3874405684419359,-0.36601179222820923,-0.6067423434600364,0.05109781810804899,-0.25226929773047235,0.2616310244271247,-0.1848082233127178,0.04162290396584288,68.31360835593372,71.69529546048295,157.09893952297796,159.7679691698543,3.381687104549229,2.6690296468763393,True,True,0.5488116360940265,0.40656965974059917,0.7408182206817179,0.693494623314678,0.378040428382709,0.5451238058282256,-2.9740134811567063,-0.36601179222820923,-0.9727541356882456,-0.3067423434600364,0.23398820777179075,0.17744056844193593,0.05019781810804899,0.3067423434600364,0.23398820777179075,0.17744056844193593,0.05019781810804899,False,False,ictal_scale,high,low,low,-0.2027025790294114,0.8041360102475675,0.4615077565283634,0.4653909166955146,0.5488116360940265,1200,500,10,44.25703239440918
-0.6,-0.3,0.21,0.0009,62,1522453597,True,,60,-0.16,-0.1386957754620416,0.21623575421710708,-0.07875476070504829,-1.023991786565642,0.05440530381620315,-0.20594058610569718,0.1709366999544475,-0.07333550196726592,0.06601079701811616,68.02761915645922,73.67922203668253,156.52696112402896,163.73582232225345,5.651602880223308,7.208861198224497,True,True,0.5488116360940265,0.40656965974059917,0.7408182206817179,0.9242665631338852,0.3319580918931629,0.3591583912411607,-2.9112936332513453,-0.07875476070504829,-1.1027465472706903,-0.723991786565642,0.5212452392949517,0.006235754217107092,0.05350530381620315,0.723991786565642,0.5212452392949517,0.006235754217107092,0.05350530381620315,False,False,ictal_scale,high,low,low,-0.25702423520286843,0.7920517275778747,0.4579028120243054,0.46467768730790804,0.5488116360940265,1200,500,10,61.19418287277222
-0.6,-0.3,0.21,0.0009,63,1226635030,True,,60,-0.16,-0.08038012663837453,0.08261308551405562,-0.843205454228692,-0.2095784959217515,0.04452234078812366,0.004437221470397693,0.11993289505483141,-0.9250636981069624,0.06004933960460158,58.46097627495002,59.15086590949174,137.39367536101054,134.67911006787187,0.6898896345417214,-2.714565293138662,True,False,0.5488116360940265,0.40656965974059917,0.7408182206817179,0.43032891063746426,0.34896489467932484,0.8109259825522495,-3.111764175607398,-0.843205454228692,-1.0527839501504435,0.09042150407824848,-0.243205454228692,-0.12738691448594436,0.04362234078812366,0.09042150407824848,0.243205454228692,0.12738691448594436,0.04362234078812366,False,False,ictal_scale,high,low,low,-0.07555787692090017,0.6400526981056446,0.4718796939750639,0.4749728318446505,0.5488116360940265,1200,500,10,46.11627960205078
-0.6,-0.3,0.21,0.0009,64,1531825639,True,,60,-0.16,-0.3826190051692143,-0.0340902128970542,-0.8638558232419569,-1.1205766316450307,0.023429564603461794,-0.3650659507006776,0.02238036732291232,-1.4186172268305008,0.04611631965562636,47.73487876277629,48.212514754979665,115.94148033666309,112.80240775884774,0.4776359922033748,-3.139072577815355,True,False,0.5488116360940265,0.40656965974059917,0.7408182206817179,0.42153358574073035,0.13745860594296536,0.32609170560257805,-3.7537566095005768,-0.8638558232419569,-1.9844324548869876,-0.8205766316450307,-0.2638558232419569,-0.24409021289705418,0.022529564603461793,0.8205766316450307,0.2638558232419569,0.24409021289705418,0.022529564603461793,False,False,ictal_scale,high,low,low,-0.3666218062240043,0.540665611508963,0.4808025113288633,0.48377981558808814,0.5488116360940265,1200,500,10,46.09938597679138
-0.6,-0.3,0.21,0.0009,65,1117924102,True,,60,-0.16,-0.23831146920796714,0.1858638399530394,-0.4158662069958359,-1.2546654210623556,0.060290435515971325,-0.22293674595090068,0.1817632708268996,-1.344718678677681,0.19858968461966253,59.86345365751056,60.71626955535705,140.19863012613163,137.8099173596025,0.8528158978464901,-2.3887127665291246,True,False,0.5488116360940265,0.40656965974059917,0.7408182206817179,0.659768536994154,0.18814701481405027,0.2851712445568124,-2.808581802821869,-0.4158662069958359,-1.6705316280581914,-0.9546654210623555,0.1841337930041641,-0.024136160046960592,0.059390435515971327,0.9546654210623555,0.1841337930041641,0.024136160046960592,0.059390435515971327,False,False,ictal_scale,high,low,low,-0.24583682573074572,0.6742472632012576,0.47478933735028234,0.4887189492594408,0.5488116360940265,1200,500,10,41.84958100318909
-0.6,-0.3,0.21,0.0009,66,1640536567,True,,60,-0.16,-0.28277597668534993,0.04911382857712426,-0.6514101713805438,-0.28415002156733427,0.04166927275813176,-0.2643329303351206,0.08615682598033701,-0.06752489510600446,0.03165210072315556,65.71630463049085,71.04126977352095,151.90433207209222,158.4599177959303,5.324965143030099,6.555585723838078,True,True,0.5488116360940265,0.40656965974059917,0.7408182206817179,0.521310121569152,0.39236600328660026,0.752653721944957,-3.177991286108715,-0.6514101713805438,-0.9355601929478781,0.015849978432665723,-0.05141017138054382,-0.16088617142287573,0.04076927275813176,0.015849978432665723,0.05141017138054382,0.16088617142287573,0.04076927275813176,False,False,ictal_scale,high,low,low,-0.27473752048769584,0.7221092108741299,0.4632541418001101,0.4632944319085983,0.5488116360940265,1200,500,10,38.23750424385071
-0.6,-0.3,0.21,0.0009,67,1038931587,True,,60,-0.16,-0.17196276473781,0.30747798307995844,-0.6345233010804769,-0.6326969098142163,0.039525429547171115,-0.11313762932043012,0.3206668920659495,-0.7415372950442387,0.07347827840640916,59.25546690750664,60.87043389591961,138.98265662612377,138.11824604072763,1.6149669884129736,-0.8644105853961435,True,False,0.5488116360940265,0.40656965974059917,0.7408182206817179,0.5301881682135982,0.2816133604920153,0.5311573840677656,-3.23081102821204,-0.6345233010804769,-1.2672202108946933,-0.33269690981421635,-0.034523301080476965,0.09747798307995845,0.03862542954717112,0.33269690981421635,0.034523301080476965,0.09747798307995845,0.03862542954717112,False,False,ictal_scale,high,low,low,-0.23589478618958432,0.6760594099725599,0.46686749787457626,0.46721879949817724,0.5488116360940265,1200,500,10,36.448145151138306
-0.6,-0.3,0.21,0.0009,68,1610818154,True,,60,-0.16,0.030994359100853353,0.221808720253395,-0.20680705783356018,-0.5194311174708952,0.059050356130943976,-0.04378359603694931,0.4999997677915851,0.06343522508037683,0.13776680063788932,72.00891396475797,78.47943518393045,164.48955074062644,173.3362486167493,6.470521219172483,8.846697876122846,True,True,0.5488116360940265,0.40656965974059917,0.7408182206817179,0.8131765308941821,0.48372526133525395,0.5948588565429228,-2.8293647053502804,-0.20680705783356018,-0.7262381753044553,-0.21943111747089522,0.3931929421664398,0.011808720253394994,0.05815035613094398,0.21943111747089522,0.3931929421664398,0.011808720253394994,0.05815035613094398,False,False,ictal_scale,high,low,low,-0.03724296190058017,0.8276856441712712,0.45385788240978775,0.4521320162511284,0.5488116360940265,1200,500,10,33.96413612365723
-0.6,-0.3,0.21,0.0009,69,999841132,True,,60,-0.16,-0.2733911026129862,0.3894730813231415,-0.9289388260429283,-0.18585237523146528,0.044287585256467345,-0.13888913846671405,0.3879089306291709,-1.032187433157676,0.07327330422454056,59.719731044686014,60.186755330814364,139.91118490048254,136.75088891051712,0.4670242861283498,-3.1602959899654195,True,False,0.5488116360940265,0.40656965974059917,0.7408182206817179,0.39497262272384165,0.3279837543404732,0.8303961729767638,-3.1170508837239863,-0.9289388260429283,-1.1147912012743937,0.11414762476853471,-0.32893882604292835,0.17947308132314152,0.04338758525646735,0.11414762476853471,0.32893882604292835,0.17947308132314152,0.04338758525646735,False,False,ictal_scale,high,low,low,-0.25155156329555306,0.6846598496265432,0.4655041421360451,0.47412525534055494,0.5488116360940265,1200,500,10,33.238337993621826
-0.6,-0.3,0.21,0.0009,70,1502107226,True,,60,-0.16,-0.1407355165107299,0.19618551363051534,-0.6010966788254957,-0.5466579706727557,0.052934045533650755,-0.14286438093421422,0.16439736874884478,-0.6933495158698434,0.004305881489272047,63.046014549022786,64.22809629088133,146.56375190915608,144.83357083065104,1.1820817418585392,-1.7301810785050407,True,False,0.5488116360940265,0.40656965974059917,0.7408182206817179,0.5482100959020217,0.3173485286835726,0.5788812191818707,-2.9387085642617783,-0.6010966788254957,-1.1477546494982513,-0.2466579706727557,-0.0010966788254956894,-0.013814486369484652,0.052034045533650757,0.2466579706727557,0.0010966788254956894,0.013814486369484652,0.052034045533650757,False,False,ictal_scale,high,low,low,-0.16159381699509928,0.7021894599411063,0.4711912858222412,0.49374073715605415,0.5488116360940265,1200,500,10,44.18077993392944
-0.6,-0.3,0.21,0.0009,71,1157014557,True,,60,-0.16,-0.2196929759457043,0.08248757989772054,-0.09046611978819223,-0.7399095658237596,0.07641291042862523,-0.18108099736890793,0.014037233542894354,-0.4384953828735654,0.013349191632801119,73.47789411719324,79.048835792501,167.427511045497,174.47504983389038,5.5709416753077505,7.047538788393382,True,True,0.5488116360940265,0.40656965974059917,0.7408182206817179,0.9135052831291467,0.43588549964663775,0.47715706487601617,-2.571603612418093,-0.09046611978819223,-0.8303756856119517,-0.43990956582375956,0.5095338802118078,-0.12751242010227945,0.07551291042862524,0.43990956582375956,0.5095338802118078,0.12751242010227945,0.07551291042862524,False,False,ictal_scale,high,low,low,-0.23676691876188363,0.826825934449512,0.4630480892604019,0.4775813672784668,0.5488116360940265,1200,500,10,51.19877362251282
-0.6,-0.3,0.21,0.0009,72,1492735184,True,,60,-0.16,-0.18136189801461172,0.31496584463499555,-0.5428869103029328,-0.76019366005285,0.06996516313926862,0.03657009874435332,0.32487883038572646,-0.5188435071801931,0.03960753001380324,63.449327601139274,65.65842071187348,147.37037801338906,147.69421967263534,2.2090931107342016,0.32384165924628405,True,True,0.5488116360940265,0.40656965974059917,0.7408182206817179,0.5810683364901682,0.2716935314961247,0.46757586747410357,-2.659757830250335,-0.5428869103029328,-1.3030805703557828,-0.46019366005285006,0.05711308969706719,0.10496584463499556,0.06906516313926862,0.46019366005285006,0.05711308969706719,0.10496584463499556,0.06906516313926862,False,False,ictal_scale,high,low,low,-0.13706841769907344,0.7321579895778214,0.4709750918481696,0.48650206388503514,0.5488116360940265,1200,500,10,40.115149974823
-0.6,-0.3,0.21,0.0009,73,1265725485,True,,60,-0.16,-0.10820601090268248,0.5069136317515436,-0.9469495653299802,-0.04637623784323762,0.049595240266727125,-0.07944263975679969,0.3896191965485067,-0.6353310842681245,0.052268798007924056,60.78610952781711,62.3963821760651,142.04394186674472,141.1701426010186,1.6102726482479923,-0.8737992657261202,True,False,0.5488116360940265,0.40656965974059917,0.7408182206817179,0.3879225528536948,0.37034295280638163,0.9546827068496239,-3.00386041222031,-0.9469495653299802,-0.9933258031732178,0.25362376215676236,-0.3469495653299802,0.2969136317515436,0.04869524026672713,0.25362376215676236,0.3469495653299802,0.2969136317515436,0.04869524026672713,False,False,ictal_scale,high,low,low,-0.11556228759922212,0.7482147621509612,0.46040439432966185,0.46063579532128807,0.5488116360940265,1200,500,10,38.82991051673889
-0.6,-0.3,0.21,0.0009,74,1384024256,True,,60,-0.16,-0.0996394269197454,0.1957126395030057,-1.3323806556347821,-0.16407549105619154,0.03222335586957002,-0.014713539811209708,0.20180451999415594,-1.3066866422849275,0.018218227372536228,52.00890521911178,52.12031263198752,124.48953324933407,120.61800351286344,0.11140741287573519,-3.8715297364706345,True,False,0.5488116360940265,0.40656965974059917,0.7408182206817179,0.2638483808883025,0.22392230349568965,0.8486779518669277,-3.4350637517976446,-1.3323806556347821,-1.4964561466909736,0.13592450894380845,-0.7323806556347822,-0.014287360496994306,0.031323355869570024,0.13592450894380845,0.7323806556347822,0.014287360496994306,0.031323355869570024,False,False,ictal_scale,high,low,low,-0.08779876695009704,0.5630788973265918,0.4840577816191427,0.49463022238219534,0.5488116360940265,1200,500,10,44.55582523345947
-0.6,-0.3,0.21,0.0009,75,1985629236,True,,60,-0.16,-0.3349357642869646,0.1274041831783915,-0.47902557339441126,-0.9433641055606696,0.052528657512115086,-0.32555561143954564,0.11248280889973974,-0.20595191285996017,0.019782616626998765,61.260243378666416,67.32970346009726,142.99220956844334,151.03678516908292,6.069460081430847,8.044575600639575,True,True,0.5488116360940265,0.40656965974059917,0.7408182206817179,0.6193866446713013,0.2411370876101466,0.3893159300167252,-2.946396400936882,-0.47902557339441126,-1.422389678955081,-0.6433641055606696,0.12097442660558871,-0.08259581682160849,0.05162865751211509,0.6433641055606696,0.12097442660558871,0.08259581682160849,0.05162865751211509,False,False,ictal_scale,high,low,low,-0.354397645153999,0.6862845782211799,0.46743309860755455,0.4737734021043116,0.5488116360940265,1200,500,10,50.077157497406006
-0.6,-0.3,0.21,0.0009,76,1374652214,True,,60,-0.16,-0.025810548681654236,0.05450084657514074,-0.9950880035792882,0.000832662092714276,0.05384882026493329,-0.05962946511392995,0.0144454909635691,-0.9117071581081491,0.032002549457994696,59.69802352567747,59.54820336086836,139.86776986246545,135.4737849706251,-0.14982016480911398,-4.393984891840347,False,False,0.5488116360940265,0.40656965974059917,0.7408182206817179,0.369690908989236,0.3699988647889399,1.0008330088520323,-2.9215747834204007,-0.9950880035792882,-0.9942553414865739,0.30083266209271425,-0.3950880035792882,-0.15549915342485926,0.05294882026493329,0.30083266209271425,0.3950880035792882,0.15549915342485926,0.05294882026493329,False,False,ictal_scale,high,low,low,-0.03611739725858228,0.6475421533447416,0.4709688129180652,0.4765609346262786,0.5488116360940265,1200,500,10,37.14675235748291
-0.6,-0.3,0.21,0.0009,77,270565343,True,,60,-0.16,0.062079302219568706,0.14126416725389565,-0.9842783788777467,-0.3370729925656936,0.04046096024899502,-0.011264306279386824,0.056079981396111624,-0.8518232136028354,0.0011533664261157127,56.67025819174663,58.54324946020601,133.81223919460376,133.46387716930042,1.87299126845938,-0.34836202530334504,True,False,0.5488116360940265,0.40656965974059917,0.7408182206817179,0.3737088058259083,0.2667745467592821,0.7138567317666007,-3.2074177142321503,-0.9842783788777467,-1.3213513714434404,-0.03707299256569363,-0.38427837887774674,-0.06873583274610434,0.039560960248995025,0.03707299256569363,0.38427837887774674,0.06873583274610434,0.039560960248995025,False,False,ictal_scale,high,low,low,0.03921909196361915,0.6275791049144797,0.47074933459834917,0.47586516435373005,0.5488116360940265,1200,500,10,35.99633574485779
-0.6,-0.3,0.21,0.0009,78,1265941286,True,,60,-0.16,-0.20673709295265524,0.19525777769370795,-0.04177281147927815,-0.9608746798759514,0.05176702091857522,-0.10944879003195788,0.14358153624228392,-0.0046908564055337405,0.033588586027566605,68.57380563044484,73.38241722207951,157.61933407200019,163.1422126930474,4.808611591634673,5.5228786210472265,True,True,0.5488116360940265,0.40656965974059917,0.7408182206817179,0.9590876495272235,0.3669067716663644,0.3825581236993605,-2.9610019942754553,-0.04177281147927815,-1.0026474913552297,-0.6608746798759515,0.5582271885207218,-0.014742222306292047,0.05086702091857522,0.6608746798759515,0.5582271885207218,0.014742222306292047,0.05086702091857522,False,False,ictal_scale,high,low,low,-0.12306561391913282,0.7805547613697629,0.4589601154712721,0.46824679330563523,0.5488116360940265,1200,500,10,42.68690872192383
-0.6,-0.3,0.21,0.0009,79,379276271,True,,60,-0.16,0.1279343236072752,0.1448354904704848,-1.1838673784785692,0.16115466719983776,0.03765234231568284,0.03323812336995979,0.13069134949574412,-0.9532942116848087,0.04436214517001345,56.0146064960814,56.79127775109306,132.5009358032733,129.95993375107452,0.7766712550116637,-2.5410020521987917,True,False,0.5488116360940265,0.40656965974059917,0.7408182206817179,0.30609267038618454,0.3596180757863831,1.174866668099787,-3.279360113771434,-1.1838673784785692,-1.0227127112787313,0.4611546671998378,-0.5838673784785692,-0.06516450952951519,0.03675234231568284,0.4611546671998378,0.5838673784785692,0.06516450952951519,0.03675234231568284,False,False,ictal_scale,high,low,low,0.12691744824658988,0.6135663820492953,0.47292180806922396,0.48585294576751537,0.5488116360940265,1200,500,10,37.10927367210388
-0.6,-0.3,0.21,0.0009,80,1925154938,True,,60,-0.16,-0.21270145978728555,0.017321381446647237,-0.5770042220286691,-1.5117430669290082,0.03965340162946336,-0.11643804154508419,-0.12197477040466105,-0.9013422102382542,0.05085185561305438,57.57819739615244,59.42633359306497,135.62811760341538,135.23004543501833,1.8481361969125274,-0.39807216839705006,True,False,0.5488116360940265,0.40656965974059917,0.7408182206817179,0.561578212724862,0.12384217714900533,0.220525252481047,-3.2275785431697184,-0.5770042220286691,-2.088747288957677,-1.2117430669290081,0.0229957779713309,-0.19267861855335275,0.03875340162946336,1.2117430669290081,0.0229957779713309,0.19267861855335275,0.03875340162946336,False,False,ictal_scale,high,low,low,-0.17372202022051847,0.6196357928139244,0.48466532873560353,0.4946928368703888,0.5488116360940265,1200,500,10,50.44745588302612
-0.6,-0.3,0.21,0.0009,81,1758835338,True,,60,-0.16,-0.23713374242173535,0.1341438584436201,-0.79810682300484,-0.15592975588975946,0.051890359250761096,-0.23669167567365101,0.4873800062036919,-0.17907550908818393,0.08363682121361381,61.98989564458043,69.79413767903226,144.45151410027137,155.9656536069529,7.804242034451832,11.514139506681545,True,True,0.5488116360940265,0.40656965974059917,0.7408182206817179,0.4501804291080011,0.3851830593395325,0.8556192904759187,-2.9586222623125003,-0.79810682300484,-0.9540365788945995,0.14407024411024053,-0.19810682300484006,-0.0758561415563799,0.0509903592507611,0.14407024411024053,0.19810682300484006,0.0758561415563799,0.0509903592507611,False,False,ictal_scale,high,low,low,-0.2313180692485052,0.6823504942870254,0.4692287306521992,0.48022533730140693,0.5488116360940265,1200,500,10,40.31130838394165
-0.6,-0.3,0.21,0.0009,82,2033865866,True,,60,-0.16,0.03612147938764629,0.40454429729358077,-0.3971874156703381,-1.4159619419144172,0.05254130595834822,-0.006393579365581128,0.5006436904804928,-0.46758515380704735,0.08261577665289126,57.54414584380695,63.99374252507253,135.5600144987244,144.36486329903346,6.449596681265575,8.80484880030906,True,True,0.5488116360940265,0.40656965974059917,0.7408182206817179,0.6722080315075577,0.1631395421523024,0.24269204547650247,-2.946155638574805,-0.3971874156703381,-1.8131493575847553,-1.115961941914417,0.20281258432966187,0.19454429729358078,0.05164130595834822,1.115961941914417,0.20281258432966187,0.19454429729358078,0.05164130595834822,False,False,ictal_scale,high,low,low,-0.0006603741352876964,0.6999764358550158,0.4707476384903683,0.47374084996712307,0.5488116360940265,1200,500,10,47.46714496612549
-0.6,-0.3,0.21,0.0009,83,497359241,True,,60,-0.16,-0.28681570005862944,0.09129558933846613,-0.3523681289396918,-0.8958157160474408,0.04691325476270003,-0.15358187974678378,0.1410922120084458,-0.21193073405065568,0.02752814771271049,63.28411683731508,67.90124083542476,147.03995648574067,152.1798599197379,4.617123998109676,5.139903433997233,True,True,0.5488116360940265,0.40656965974059917,0.7408182206817179,0.7030212718587644,0.28702560677583366,0.4082744267708255,-3.0594550259171394,-0.3523681289396918,-1.2481838449871328,-0.5958157160474409,0.24763187106030815,-0.11870441066153387,0.04601325476270003,0.5958157160474409,0.24763187106030815,0.11870441066153387,0.04601325476270003,False,False,ictal_scale,high,low,low,-0.2058427068740377,0.6985798534208544,0.4635238227968069,0.46011973740810475,0.5488116360940265,1200,500,10,44.958775758743286
-0.6,-0.3,0.21,0.0009,84,2043237908,True,,60,-0.16,-0.3604011808148762,0.2729437707504184,-0.2614771677481829,-0.7406530010153949,0.06474388707957707,-0.321234721515929,0.22204600241655142,-0.07064139403864222,0.0936648658959148,69.111673698926,73.44470016614659,158.6950702089625,163.26677858118157,4.333026467220591,4.571708372219064,True,True,0.5488116360940265,0.40656965974059917,0.7408182206817179,0.7699134540815211,0.3670966299331286,0.47680246135075216,-2.737315990896629,-0.2614771677481829,-1.0021301687635777,-0.4406530010153949,0.33852283225181706,0.06294377075041843,0.06384388707957707,0.4406530010153949,0.33852283225181706,0.06294377075041843,0.06384388707957707,False,False,ictal_scale,high,low,low,-0.2745234243929104,0.7928891019348939,0.4607569549593375,0.4727154480574973,0.5488116360940265,1200,500,10,47.01575446128845
-0.6,-0.3,0.21,0.0009,85,1640752368,True,,60,-0.16,-0.39071341489326133,0.21347831459509853,-0.1993654457023468,-2.4190426390158475,0.036292869979069164,-0.23157727642458845,0.11195607860561169,-0.6795716581663451,0.00727933517636729,54.16398419708332,61.121847848978895,128.79969120527716,138.6210739468462,6.957863651895572,9.821382741569039,True,True,0.5488116360940265,0.40656965974059917,0.7408182206817179,0.8192504470655567,0.07291885111459848,0.08900678830970903,-3.31613397631352,-0.1993654457023468,-2.6184080847181943,-2.1190426390158477,0.40063455429765316,0.003478314595098536,0.035392869979069166,2.1190426390158477,0.40063455429765316,0.003478314595098536,0.035392869979069166,False,False,ictal_scale,high,low,low,-0.3348999881551782,0.6514949582252161,0.47323471549699747,0.4821422726519025,0.5488116360940265,1200,500,10,58.15803551673889
-0.6,-0.3,0.21,0.0009,86,4465189,True,,60,-0.16,-0.14561988598750292,0.23729818381303536,-0.5790683672193684,-0.28156207644511677,0.050956939632013316,-0.1738019142250511,0.49402189507952615,-0.16035651803534823,0.1114282860363647,66.71828937053377,72.04856829617539,153.90830155217805,160.47451484123917,5.330278925641622,6.566213289061125,True,True,0.5488116360940265,0.40656965974059917,0.7408182206817179,0.5604202292919825,0.422895386541066,0.7546040710831208,-2.976774323838412,-0.5790683672193684,-0.8606304436644852,0.018437923554883218,0.020931632780631593,0.027298183813035365,0.05005693963201332,0.018437923554883218,0.020931632780631593,0.027298183813035365,0.05005693963201332,False,False,ictal_scale,high,low,low,-0.16855590419438718,0.7583030914860951,0.4583944730820001,0.4609044553531737,0.5488116360940265,1200,500,10,37.583733320236206
-0.6,-0.3,0.21,0.0009,87,497800905,True,,60,-0.16,-0.0900813189639906,0.22421528592563206,-0.07987556468062575,-0.9358163768111079,0.06132059626012435,-0.1105568703778393,0.2707104439813651,-0.005520042109863053,0.009851221693497168,69.44896564301641,74.10152305424212,159.36965409714333,164.58042435737264,4.652557411225715,5.21077026022931,True,True,0.5488116360940265,0.40656965974059917,0.7408182206817179,0.9232312218111498,0.362151755290644,0.3922654983225029,-2.791639501279479,-0.07987556468062575,-1.0156919414917336,-0.6358163768111078,0.5201244353193742,0.014215285925632065,0.06042059626012435,0.6358163768111078,0.5201244353193742,0.014215285925632065,0.06042059626012435,False,False,ictal_scale,high,low,low,-0.06206759842612423,0.798887710948433,0.45919239941452084,0.46477244110703636,0.5488116360940265,1200,500,10,43.99760127067566
-0.6,-0.3,0.21,0.0009,88,13837231,True,,60,-0.16,-0.13308379540731563,0.3635173498750497,-0.9444770974127841,0.428732902575076,0.044597902487521504,-0.13525394514763178,0.47606049577249454,-0.13682875255120344,0.10142628206922802,68.39221193899724,72.38983980203673,157.25614668910498,161.15705785296186,3.9976278630394972,3.9009111638568754,True,True,0.5488116360940265,0.40656965974059917,0.7408182206817179,0.3888828656020057,0.5970561031748282,1.535310902038747,-3.1100684504898055,-0.9444770974127841,-0.5157441948377081,0.728732902575076,-0.3444770974127841,0.1535173498750497,0.043697902487521506,0.728732902575076,0.3444770974127841,0.1535173498750497,0.043697902487521506,False,False,ictal_scale,high,low,low,-0.13692606381695835,0.785579758586169,0.46144448773950714,0.46939905728172204,0.5488116360940265,1200,500,10,33.11263418197632
-0.6,-0.3,0.21,0.0009,89,1659054784,True,,60,-0.16,-0.22567656866230865,0.28326155746741377,-0.23773644226570087,-0.7455654629720997,0.051884945012589306,-0.22770643790497436,0.2163165256285354,-0.07005022200659221,0.06306959362431115,68.2764879977033,72.55835935734281,157.0246988065171,161.494096963574,4.28187135963951,4.469398157056901,True,True,0.5488116360940265,0.40656965974059917,0.7408182206817179,0.7884104553869441,0.37407390084763564,0.4744659311551669,-2.9587266077194374,-0.23773644226570087,-0.9833019052378006,-0.4455654629720997,0.3622635577342991,0.07326155746741378,0.05098494501258931,0.4455654629720997,0.3622635577342991,0.07326155746741378,0.05098494501258931,False,False,ictal_scale,high,low,low,-0.17232352735151926,0.7866682011968162,0.4602526920372606,0.465364799325372,0.5488116360940265,1200,500,10,32.68126559257507
-0.6,-0.3,0.21,0.0009,90,122548159,True,,60,-0.16,-0.19360543943550163,0.08890425918060621,-0.36216483080908196,-1.6916700313422655,0.03216092442834504,-0.1331422698931422,-0.07598786210408852,-0.8295530395464261,0.00038463372881755183,55.01363955574252,62.53219915475582,130.49900192259554,141.44177655840005,7.518559599013301,10.942774635804511,True,True,0.5488116360940265,0.40656965974059917,0.7408182206817179,0.6961676085139263,0.128242168368154,0.18421162777438904,-3.4370030904220212,-0.36216483080908196,-2.0538348621513474,-1.3916700313422654,0.23783516919091802,-0.12109574081939378,0.03126092442834504,1.3916700313422654,0.23783516919091802,0.12109574081939378,0.03126092442834504,False,False,ictal_scale,high,low,low,-0.18010591510935844,0.6234459843734903,0.476007189842529,0.48296116655867777,0.5488116360940265,1200,500,10,49.39959001541138
-0.6,-0.3,0.21,0.0009,91,379717935,True,,60,-0.16,-0.1734512374798353,-0.05624997781520139,-0.9021125447331708,-1.0481530993530164,0.025512037598279153,-0.040986128969948375,-0.14219647040317068,-1.2734797815745733,0.008136336439626357,48.90565135447887,52.414412032711084,118.28302552006824,121.20620231431057,3.508760678232214,2.9231767942423375,True,True,0.5488116360940265,0.40656965974059917,0.7408182206817179,0.40571166973746786,0.14223628234024596,0.3505846465601684,-3.6686048755266754,-0.9021125447331708,-1.9502656440861872,-0.7481530993530163,-0.30211254473317084,-0.2662499778152014,0.02461203759827915,0.7481530993530163,0.30211254473317084,0.2662499778152014,0.02461203759827915,False,False,ictal_scale,high,low,low,-0.15507400647668718,0.5478161938325531,0.4853876124260365,0.4932433019794019,0.5488116360940265,1200,500,10,46.01262593269348
-0.6,-0.3,0.21,0.0009,92,131920201,True,,60,-0.16,-0.18099395489949732,0.10683596257459996,-0.5520660768965214,-0.42414546069282394,0.04809379554008877,-0.20147999937018796,0.14777748548982056,-0.10640450421091796,0.04403080064108552,65.74140099445006,70.09191268426204,151.95452480001063,156.56120361741247,4.350511689811981,4.606678817401843,True,True,0.5488116360940265,0.40656965974059917,0.7408182206817179,0.5757590182644388,0.37673564756250866,0.6543286958806762,-3.0346021010410023,-0.5520660768965214,-0.9762115375893454,-0.12414546069282395,0.04793392310347855,-0.10316403742540003,0.04719379554008877,0.12414546069282395,0.04793392310347855,0.10316403742540003,0.04719379554008877,False,False,ictal_scale,high,low,low,-0.2054019104685515,0.7319116907033275,0.45880169533381415,0.4617937635601669,0.5488116360940265,1200,500,10,43.232664346694946
-0.6,-0.3,0.21,0.0009,93,1777137754,True,,60,-0.16,-0.14499625381750866,0.11316717425034062,-0.27906321810103724,-1.2729344042873691,0.0313012843898251,-0.057507528893112426,0.08495024059867326,-0.10416381160867767,0.008887309987323788,60.56495412625854,68.06212717652662,141.6016310636276,152.50163260194162,7.497173050268074,10.90000153831403,True,True,0.5488116360940265,0.40656965974059917,0.7408182206817179,0.756492077710742,0.2118244057277455,0.28000875616405374,-3.4640961474592413,-0.27906321810103724,-1.5519976223884064,-0.9729344042873691,0.32093678189896274,-0.09683282574965937,0.0304012843898251,0.9729344042873691,0.32093678189896274,0.09683282574965937,0.0304012843898251,False,False,ictal_scale,high,low,low,-0.07287724480807234,0.6805331844887859,0.46795457328809126,0.4836254107337452,0.5488116360940265,1200,500,10,49.8485472202301
-0.6,-0.3,0.21,0.0009,94,872611987,True,,60,-0.16,-0.2917469507017773,0.29675532622050343,-0.050908463874550336,-1.6175822402323972,0.04321373675798506,-0.30491760490424846,0.09320274272344098,-0.8960750047124697,0.09593045801315722,61.46147924869092,63.85178827882013,143.39468130849235,144.08095480652867,2.3903090301292096,0.6862734980363143,True,True,0.5488116360940265,0.40656965974059917,0.7408182206817179,0.9503656593412735,0.1885314006806744,0.1983777494773444,-3.141596853768246,-0.050908463874550336,-1.6684907041069474,-1.3175822402323971,0.5490915361254496,0.08675532622050344,0.04231373675798506,1.3175822402323971,0.5490915361254496,0.08675532622050344,0.04231373675798506,False,False,ictal_scale,high,low,low,-0.3135447393388863,0.7067089157513403,0.46188290851854913,0.46495555702654184,0.5488116360940265,1200,500,10,47.05647587776184
-0.6,-0.3,0.21,0.0009,95,1885848682,True,,60,-0.16,-0.30769363265349425,0.3872523933953276,-0.6477599807257837,-0.5489550449997083,0.038282926012619505,-0.2911486000270208,0.2565783295499542,-0.609123416786227,0.047295116760013856,61.376017768889746,62.80740555677096,143.22375834889,141.9921893624303,1.4313877878812136,-1.2315689864596777,True,False,0.5488116360940265,0.40656965974059917,0.7408182206817179,0.5232164800724565,0.3021852540327007,0.5775530120741862,-3.2627512782072783,-0.6477599807257837,-1.196715025725492,-0.24895504499970827,-0.04775998072578369,0.17725239339532758,0.037382926012619506,0.24895504499970827,0.04775998072578369,0.17725239339532758,0.037382926012619506,False,False,ictal_scale,high,low,low,-0.296675688034444,0.7160486105870292,0.4678733356161587,0.47875978854386747,0.5488116360940265,1200,500,10,41.31445932388306
-0.6,-0.3,0.21,0.0009,96,863239945,True,,60,-0.16,-0.23428124400617864,0.10449434526108461,-0.8803261730044263,-0.26322424405574973,0.026745194079337065,-0.24671954394039752,0.13642075572433549,-1.0941176752879942,0.05663039029797168,56.75524117800616,56.63242387197671,133.98220516712283,129.64222599284182,-0.12281730602944663,-4.339979174281012,False,False,0.5488116360940265,0.40656965974059917,0.7408182206817179,0.4146476427548289,0.3186855442547814,0.7685695308370835,-3.621400482366548,-0.8803261730044263,-1.143550417060176,0.036775755944250255,-0.2803261730044263,-0.10550565473891538,0.025845194079337063,0.036775755944250255,0.2803261730044263,0.10550565473891538,0.025845194079337063,False,False,ictal_scale,high,low,low,-0.2323190564293402,0.6294710170723199,0.4721536510686544,0.48063006872180797,0.5488116360940265,1200,500,10,38.160343408584595
-0.6,-0.3,0.21,0.0009,97,1895220724,True,,60,-0.16,-0.30854482312321335,0.26032026807244035,-0.6906446465275816,-0.5216636369813701,0.052774866721701945,-0.17449135950723982,0.2647537778020927,-0.7936490635756255,0.07132720923916887,60.4261165542746,61.02922256812136,141.3239559196597,138.43582338513113,0.6031060138467623,-2.88813253452858,True,False,0.5488116360940265,0.40656965974059917,0.7408182206817179,0.5012528339921919,0.29750974937977664,0.5935323038680534,-2.9417202106568734,-0.6906446465275816,-1.2123082835089516,-0.2216636369813701,-0.09064464652758164,0.05032026807244036,0.05187486672170195,0.2216636369813701,0.09064464652758164,0.05032026807244036,0.05187486672170195,False,False,ictal_scale,high,low,low,-0.26073658743143946,0.6821438968163542,0.46582369909182947,0.46123691121005556,0.5488116360940265,1200,500,10,44.54183602333069
-0.6,-0.3,0.21,0.0009,98,754529017,True,,60,-0.16,-0.20752803833960673,0.06919211289331435,-0.7606826686171979,-0.19702387907205077,0.04508752002693552,-0.015847763932032966,0.045543622534342514,-0.605214299410479,0.0010577426766499875,62.877181018760425,66.86940011296866,146.22608484863136,150.11617847482572,3.992219094208238,3.890093626194357,True,True,0.5488116360940265,0.40656965974059917,0.7408182206817179,0.46734727476687743,0.38377204031313894,0.8211710242764814,-3.0991497885732486,-0.7606826686171979,-0.9577065476892487,0.10297612092794922,-0.16068266861719793,-0.14080788710668563,0.044187520026935524,0.10297612092794922,0.16068266861719793,0.14080788710668563,0.044187520026935524,False,False,ictal_scale,high,low,low,-0.18658017325930534,0.6876826014132296,0.47003974828327433,0.4726295834645422,0.5488116360940265,1200,500,10,35.83048152923584
-0.6,-0.3,0.21,0.0009,99,2003931652,True,,60,-0.16,-0.03637157141947664,0.31692671021131924,-0.028470099651118193,-1.3995739407874908,0.06113399027590141,0.06955720684492035,0.4744220290020519,-0.0664959710172527,0.10469837749432429,66.72902720947292,73.94998749845777,153.92977723005635,164.27735324580394,7.220960288984855,10.347576015747592,True,True,0.5488116360940265,0.40656965974059917,0.7408182206817179,0.9719313547982703,0.23977745888833188,0.24670205123498568,-2.7946872618239835,-0.028470099651118193,-1.428044040438609,-1.0995739407874907,0.5715299003488817,0.10692671021131925,0.060233990275901414,1.0995739407874907,0.5715299003488817,0.10692671021131925,0.060233990275901414,False,False,ictal_scale,high,low,low,0.07257668645998847,0.7732493523535371,0.4566306461012645,0.4688690942027579,0.5488116360940265,1200,500,10,36.65394043922424
-0.6,1.45,0.21,0.0009,0,1215953564,True,,60,-0.16,-15.835051881399668,0.28119901147733883,-1.5987466322264534,4.5505147419519165,147.1977410878855,-16.308778577953092,0.4976236045631097,10.762730841224851,1797.2051760925106,377.3728839013294,383.5328321919804,775.2174906137692,783.4430426328491,6.159948290651016,8.225552019079942,True,True,0.5488116360940265,2.3396468519259908,4.263114515168817,0.20214972723290292,19.139765033072795,94.68113212451327,4.991776860306683,-1.5987466322264534,2.951768109725463,3.1005147419519163,-0.9987466322264534,0.07119901147733884,147.1968410878855,3.1005147419519163,0.9987466322264534,0.07119901147733884,147.1968410878855,True,True,strong,high,low,low,-15.224865947719092,145.58438615410503,19761.015432288514,22026.465794806718,22026.465794806718,1200,500,10,62.94681262969971
-0.6,1.45,0.21,0.0009,1,1443168219,True,,60,-0.16,14.557966753538533,0.08801347973490593,-0.9459404385816084,1.5057788926386233,148.41316553659075,11.010010995376875,0.5025657088499569,10.63151753139871,2726.442052780331,413.771045796588,382.6431212517466,848.0138144042864,781.6636207523816,-31.12792454484139,-66.35019365190487,False,False,0.5488116360940265,2.3396468519259908,4.263114515168817,0.3883142134624376,1.750389709098683,4.50766324902501,5.0000000433520455,-0.9459404385816084,0.5598384540570149,0.055778892638623345,-0.3459404385816084,-0.12198652026509406,148.41226553659075,0.055778892638623345,0.3459404385816084,0.12198652026509406,148.41226553659075,True,True,strong,high,low,low,10.736572468408674,131.12837433901655,16319.597422576246,22026.465794806718,22026.465794806718,1200,500,10,78.19285488128662
-0.6,1.45,0.21,0.0009,2,940902125,True,,60,-0.16,-16.958146152598907,0.3355100433908215,1.4218698490500379,0.6075468828981068,148.41316500106504,-19.74925430967007,0.5007981380879695,10.956789243188211,1034.3676982481163,343.4948391676298,376.6455575896878,707.46140114637,769.668493428264,33.15071842205805,62.207092281894006,True,True,0.5488116360940265,2.3396468519259908,4.263114515168817,4.1448634678668865,7.609646600373317,1.835922138175892,5.000000039743702,1.4218698490500379,2.0294167319481446,-0.8424531171018932,2.021869849050038,0.12551004339082153,148.41226500106504,0.8424531171018932,2.021869849050038,0.12551004339082153,148.41226500106504,True,True,strong,high,low,low,-19.248121630011088,126.03577570841553,12600.745397251203,22026.465794806718,22026.465794806718,1200,500,10,76.10976696014404
-0.6,1.45,0.21,0.0009,3,1708847616,True,,60,-0.16,-4.992781405151675,0.08617538413314602,2.1043517049095666,0.3389207412577362,137.9021101053157,-26.055653401403703,0.44775361094769,6.893005387034039,5004.8636548745735,303.7506845917145,345.37210529098667,627.9730919945395,707.1215888308617,41.621420699272164,79.14849683632224,True,True,0.5488116360940265,2.3396468519259908,4.263114515168817,8.201784109302768,11.51064714991204,1.4034321065408486,4.926544086388609,2.1043517049095666,2.4432724461673025,-1.1110792587422638,2.7043517049095667,-0.12382461586685398,137.9012101053157,1.1110792587422638,2.7043517049095667,0.12382461586685398,137.9012101053157,True,True,strong,high,low,low,-21.25398353653647,76.23817101169763,6024.574643307463,2.772343332632243,22026.465794806718,1200,500,10,98.54662203788757
-0.6,1.45,0.21,0.0009,4,1097870594,True,,60,-0.16,-9.7859715569646,0.29574069822264903,-1.6352400429027818,2.6210946015823064,110.50655583945878,-9.786485851135186,0.49636243963604454,8.897232766323459,6060.674878416641,339.79098531931714,371.32820471724773,700.0536934497447,759.0337876833838,31.537219397930585,58.98009423363908,True,True,0.5488116360940265,2.3396468519259908,4.263114515168817,0.19490557998225808,2.680101209851155,13.750766961598124,4.7050748480618,-1.6352400429027818,0.9858545586795247,1.1710946015823065,-1.0352400429027817,0.08574069822264904,110.50565583945878,1.1710946015823065,1.0352400429027817,0.08574069822264904,110.50565583945878,True,True,strong,high,low,low,-9.113545363488273,122.27799304226741,14141.40898690077,22026.465794806718,22026.465794806718,1200,500,10,72.04889726638794
-0.6,1.45,0.21,0.0009,5,1699475574,True,,60,-0.16,-4.008588504158919,0.12831895575020813,1.060364805235859,0.5355883447663583,36.589954458240186,-15.809580847591914,0.40778871107646825,6.285456793990086,8307.308828522619,316.54409843103537,357.89096551979407,653.5599196731812,732.1593092884765,41.3468670887587,78.59938961529531,True,True,0.5488116360940265,2.3396468519259908,4.263114515168817,2.8874241446040854,4.933028748377558,1.7084531060655654,3.599773734379895,1.060364805235859,1.5959531500022173,-0.9144116552336417,1.6603648052358588,-0.08168104424979186,36.589054458240184,0.9144116552336417,1.6603648052358588,0.08168104424979186,36.589054458240184,True,True,strong,high,low,low,-13.319275086411055,94.12662829544027,14685.718383047051,22026.465794806718,22026.465794806718,1200,500,10,80.45329928398132
-0.6,1.45,0.21,0.0009,6,1058985095,True,,60,-0.16,9.790255392477548,0.40185924117919036,-2.284915811217274,4.9805066736921475,129.73628145483798,9.412789042352998,0.5176403177538753,10.849649340174071,1156.769403230968,377.8850979588109,387.0153519941743,776.2419187287322,790.408082237237,9.130254035363407,14.166163508504724,True,True,0.5488116360940265,2.3396468519259908,4.263114515168817,0.10178263070137028,14.814269363689155,145.5481083717923,4.865503785857573,-2.284915811217274,2.6955908624748735,3.5305066736921473,-1.684915811217274,0.19185924117919037,129.73538145483798,3.5305066736921473,1.684915811217274,0.19185924117919037,129.73538145483798,True,True,strong,high,low,low,9.186949036320337,164.59460103651463,19833.491863959112,22026.465794806718,22026.465794806718,1200,500,10,71.41647458076477
-0.6,1.45,0.21,0.0009,7,1590764646,True,,60,-0.16,28.686955357864576,0.02429283873528674,-0.652681580163575,4.671242474862271,148.41316625776528,39.30596037333464,0.15262140990096612,30.135168294208825,3.37118825896543,380.92444268087263,408.5871464045054,782.3206081728557,833.5516710578992,27.662703723632774,51.23106288504346,True,True,0.5488116360940265,2.3396468519259908,4.263114515168817,0.5206477444671651,55.6210037216183,106.8303940863919,5.000000048211281,-0.652681580163575,4.0185608946986955,3.2212424748622706,-0.05268158016357505,-0.18570716126471326,148.41226625776528,3.2212424748622706,0.05268158016357505,0.18570716126471326,148.41226625776528,True,True,strong,high,low,low,30.49570743530651,137.6655878500187,17335.17181513478,22026.465794806718,22026.465794806718,1200,500,10,75.2463493347168
-0.6,1.45,0.21,0.0009,8,54452911,True,,60,-0.16,-46.28455753099707,0.08701216643533087,4.258111729883584,0.4409859592665324,123.23401001278692,-54.908671388668566,0.08062620929255403,16.3563806263709,347.7786602781588,378.63684790882724,376.3092785432897,777.7454186287649,768.9959353354677,-2.3275693655375562,-8.749483293297203,False,False,0.5488116360940265,2.3396468519259908,4.263114515168817,70.6764012379209,109.8480106696099,1.5542388795352495,4.814085068301761,4.258111729883584,4.699097689150117,-1.0090140407334676,4.858111729883584,-0.12298783356466912,123.23311001278692,1.0090140407334676,4.858111729883584,0.12298783356466912,123.23311001278692,True,True,strong,high,low,low,-42.74576105824508,121.81721928278505,12188.910818429453,22026.465794806718,22026.465794806718,1200,500,10,61.11444067955017
-0.6,1.45,0.21,0.0009,9,1581392604,True,,60,-0.16,-43.363721563425756,0.054794452450362664,4.805714682646067,0.36852150131933104,148.41158323220174,-48.85723758129687,0.463972155156517,10.886011658648972,1767.0564330751795,375.1172174269244,377.3487345956986,770.7061576649593,771.0748474402856,2.2315171687741895,0.3686897753262883,True,True,0.5488116360940265,2.3396468519259908,4.263114515168817,122.20679889715714,176.66162574734904,1.445595722509827,4.999989381812564,4.805714682646067,5.174236183965398,-1.081478498680669,5.4057146826460665,-0.15520554754963733,148.41068323220173,1.081478498680669,5.4057146826460665,0.15520554754963733,148.41068323220173,True,True,strong,high,low,low,-45.72953939394743,117.33174662263234,17608.213616607085,22026.465794806718,22026.465794806718,1200,500,10,47.1582977771759
-0.6,1.45,0.21,0.0009,10,2083658698,True,,60,-0.16,-2.219783978035561,0.030688546858242294,2.545490015450437,0.5870812161432815,83.75654696971921,-3.224527649015216,0.10955606831623535,15.724465469678135,494.97201774794615,362.84828230858136,376.988889182286,746.1682874282732,770.3551566134604,14.140606873704655,24.18686918518722,True,True,0.5488116360940265,2.3396468519259908,4.263114515168817,12.74947399488707,22.932869518753627,1.7987306400209455,4.4279143404226105,2.545490015450437,3.1325712315937184,-0.8629187838567185,3.145490015450437,-0.1793114531417577,83.75564696971921,0.8629187838567185,3.145490015450437,0.1793114531417577,83.75564696971921,True,True,strong,high,low,low,-2.4366359928385006,124.16760603894174,19335.090434683898,22026.465794806718,22026.465794806718,1200,500,10,68.02450323104858
-0.6,1.45,0.21,0.0009,11,1472681676,True,,60,-0.16,45.03747460600815,0.3483407297073347,3.230956350606678,0.5676344950647185,148.38152994355298,48.714898246244296,0.5128339604244236,9.2823120366415,1206.7681958233882,377.52082115067947,372.70938567910986,775.5133651124694,761.7961496071081,-4.8114354715696095,-13.71721550536131,False,False,0.5488116360940265,2.3396468519259908,4.263114515168817,25.303844750398923,44.63823798676561,1.7640891503676284,4.9997868616905174,3.230956350606678,3.7985908456713964,-0.8823655049352814,3.830956350606678,0.13834072970733471,148.38062994355298,0.8823655049352814,3.830956350606678,0.13834072970733471,148.38062994355298,True,True,strong,high,low,low,44.532549950033584,120.89759434357626,12549.434715953983,22026.465794806718,22026.465794806718,1200,500,10,77.47318387031555
-0.6,1.45,0.21,0.0009,12,172535881,True,,60,-0.16,15.119071982249205,0.3687143633382629,4.514568055349179,0.34707376585298905,148.41316553900376,22.090642191176382,0.5063702826919756,10.670911098067574,627.3114502151163,472.244261464945,380.9699186210034,964.9602457410004,778.3172154908951,-91.27434284394161,-186.6430302501053,False,False,0.5488116360940265,2.3396468519259908,4.263114515168817,91.3381044947513,129.23621077052624,1.4149210943823862,5.000000043368304,4.514568055349179,4.861641821202168,-1.102926234147011,5.114568055349179,0.15871436333826291,148.41226553900376,1.102926234147011,5.114568055349179,0.15871436333826291,148.41226553900376,True,True,strong,high,low,low,19.80722104399774,131.14295966674683,13954.127695086598,22026.465794806718,22026.465794806718,1200,500,10,105.92584133148193
-0.6,1.45,0.21,0.0009,13,1463309634,True,,60,-0.16,-47.744313789965176,0.124389669638611,4.639722476194116,0.6653816927918897,147.74502208362625,-64.91295309543173,0.2175950873309558,13.116205300299859,1204.2785062157222,379.9922535654048,377.6845437308795,780.45622994192,771.7464657106474,-2.3077098345252693,-8.70976423127263,False,False,0.5488116360940265,2.3396468519259908,4.263114515168817,103.51561554895812,201.36197699419043,1.9452328610165632,4.995487964237258,4.639722476194116,5.305104168986006,-0.7846183072081102,5.239722476194116,-0.08561033036138899,147.74412208362625,0.7846183072081102,5.239722476194116,0.08561033036138899,147.74412208362625,True,True,strong,high,low,low,-47.195857717098676,126.8321842285912,16979.351531619723,22026.465794806718,22026.465794806718,1200,500,10,72.7768497467041
-0.6,1.45,0.21,0.0009,14,1965575728,True,,60,-0.16,-0.2314764700369116,0.09468517779107707,-0.5833117471304977,1.984649069194551,39.20905287858898,-1.5741883417584859,0.35716704838497476,12.27484397508009,147.98591185809585,355.7411012185264,382.9756084198692,731.9539252481633,782.3285950886268,27.234507201342808,50.374669840463525,True,True,0.5488116360940265,2.3396468519259908,4.263114515168817,0.5580471917599062,4.060626703072754,7.276493391655296,3.6689076609140305,-0.5833117471304977,1.4013373220640535,0.5346490691945511,0.016688252869502262,-0.11531482220892292,39.208152878588976,0.5346490691945511,0.016688252869502262,0.11531482220892292,39.208152878588976,True,True,strong,high,low,low,-1.3323863112612486,133.47518712589812,16815.59849537481,22026.465794806718,22026.465794806718,1200,500,10,66.24571824073792
-0.6,1.45,0.21,0.0009,15,1827125476,True,,60,-0.16,-13.651596148979145,0.21205998597104728,-1.0170969950759832,1.3302880172472829,144.44913698999227,-14.767777992861513,0.40380465191135095,7.719346516067857,9626.964968419174,340.14204299691687,366.89974645341647,700.7558088049442,750.1768711557213,26.7577034564996,49.421062350777106,True,True,0.5488116360940265,2.3396468519259908,4.263114515168817,0.36164326997704005,1.3677827829114177,3.7821325501183956,4.972927452439515,-1.0170969950759832,0.3131910221712997,-0.1197119827527171,-0.4170969950759832,0.0020599859710472845,144.44823698999227,0.1197119827527171,0.4170969950759832,0.0020599859710472845,144.44823698999227,True,True,strong,high,low,low,-12.833286950626558,110.06251026002033,14101.175568936775,22026.465794806718,22026.465794806718,1200,500,10,70.67868781089783
-0.6,1.45,0.21,0.0009,16,1856864800,True,,60,-0.16,10.811553867668515,-0.04674929007297889,1.0858031520935236,0.5683762753431895,131.19937572048764,28.225043291337116,-0.1703983960070959,15.984997614635091,59.66956813642058,332.91216510091743,377.28396451327006,686.2960530129453,770.9453072754285,44.37179941235263,84.64925426248317,True,True,0.5488116360940265,2.3396468519259908,4.263114515168817,2.9618176537793452,5.228787561709909,1.7653982023632884,4.876718118270677,1.0858031520935236,1.6541794274367132,-0.8816237246568105,1.6858031520935235,-0.25674929007297886,131.19847572048764,0.8816237246568105,1.6858031520935235,0.25674929007297886,131.19847572048764,True,True,strong,high,low,low,14.413199351175662,120.14062058920304,12804.38826044298,22026.465794806718,22026.465794806718,1200,500,10,106.08507585525513
-0.6,1.45,0.21,0.0009,17,1836497518,True,,60,-0.16,-0.13981448023365883,0.544334362104854,-0.5917638167661232,1.0418335833166392,4.022196079844798,16.688213846351637,0.5290017910632843,8.305327344382343,1165.3227404956383,214.01915043915147,343.2551380537444,448.51002368941346,702.8876543563772,129.23598761459294,254.37763066696374,True,True,0.5488116360940265,2.3396468519259908,4.263114515168817,0.5533504147388687,1.5684216050383504,2.834409378329469,1.3918280419882842,-0.5917638167661232,0.450069766550516,-0.40816641668336073,0.00823618323387676,0.334334362104854,4.021296079844799,0.40816641668336073,0.00823618323387676,0.334334362104854,4.021296079844799,True,True,strong,high,low,low,16.58933371277569,82.21664845246649,6994.421433806549,4.186241299263141,22026.465794806718,1200,500,10,97.85421562194824
-0.6,1.45,0.21,0.0009,18,1847492758,True,,60,-0.16,1.7689379759964663,0.28109696807199225,0.46895949724476166,0.8653804701258696,70.02018597365831,2.611857610798009,0.5289825961575557,10.550617806416618,514.8048920267207,357.57395860106226,377.48777931381176,735.619640013235,771.3529368765119,19.913820712749498,35.733296863276905,True,True,0.5488116360940265,2.3396468519259908,4.263114515168817,1.598330260664276,3.7974886526420404,2.3759098767633793,4.24878357153068,0.46895949724476166,1.3343399673706313,-0.5846195298741304,1.0689594972447616,0.07109696807199226,70.01928597365831,0.5846195298741304,1.0689594972447616,0.07109696807199226,70.01928597365831,True,True,strong,high,low,low,2.439112649453604,124.03589223981615,11384.858627024601,17612.018262668505,22026.465794806718,1200,500,10,60.1700325012207
-0.6,1.45,0.21,0.0009,19,1945208446,True,,60,-0.16,0.7304786428164649,-0.04039973812516317,0.14345322021556556,0.8652377504410804,9.991863365480128,-0.8195916751269051,0.5808578315159472,-3.7082485980952384,8501.819420177557,273.3498678919701,356.5755174116265,567.1714585950507,729.5284130721413,83.22564951965637,162.35695447709065,True,True,0.5488116360940265,2.3396468519259908,4.263114515168817,1.1542528138463197,2.742009294070058,2.3755708118508743,2.3017710983382806,0.14345322021556556,1.008690970656646,-0.5847622495589195,0.7434532202155655,-0.25039973812516314,9.990963365480129,0.5847622495589195,0.7434532202155655,0.25039973812516314,9.990963365480129,True,True,strong,high,low,low,-0.520601524523398,92.20737852046445,10680.684311648742,887.3194674392927,22026.465794806718,1200,500,10,79.9068512916565
-0.6,1.45,0.21,0.0009,20,1738781830,True,,60,-0.16,0.8522978475152708,-0.022313348359851805,0.18575102485438905,0.9620647039018643,16.034338917516074,6.967623209417223,0.5495547996127271,3.510069034284675,10279.530148779924,314.070845311893,362.40897019923875,648.6134134348964,741.1953186473659,48.33812488734577,92.58190521246945,True,True,0.5488116360940265,2.3396468519259908,4.263114515168817,1.204122426497116,3.1513020881862546,2.617094423989455,2.7747326048250884,0.18575102485438905,1.1478157287562534,-0.4879352960981357,0.7857510248543891,-0.2323133483598518,16.033438917516072,0.4879352960981357,0.7857510248543891,0.2323133483598518,16.033438917516072,True,True,strong,high,low,low,6.113539827819198,101.6090071958787,10170.759257468377,689.0198098357002,22026.465794806718,1200,500,10,86.95459699630737
-0.6,1.45,0.21,0.0009,21,1954580488,True,,60,-0.16,-44.54528028357473,0.23383607832144032,4.999353915402914,2.0942676962569893,148.1469529722517,-45.11744166026506,0.5247947891540979,10.822681916512078,1505.7692576350887,375.77118021466146,376.4802080088463,772.0140832404334,769.337794266581,0.7090277941848626,-2.6762889738523654,True,False,0.5488116360940265,2.3396468519259908,4.263114515168817,148.31730261550982,1204.2612792384443,8.119492857554926,4.998204706627855,4.999353915402914,7.093621611659903,0.6442676962569893,5.599353915402913,0.02383607832144033,148.1460529722517,0.6442676962569893,5.599353915402913,0.02383607832144033,148.1460529722517,True,True,strong,high,low,low,-44.926134381878406,120.2106826095674,16802.333210786608,22026.465794806718,22026.465794806718,1200,500,10,66.28665781021118
-0.6,1.45,0.21,0.0009,22,1452314394,True,,60,-0.16,13.825750333980261,0.012282912106854612,0.1891035330644502,1.523639763220738,148.41276705795866,20.835810645963544,0.06960778587395937,17.33921912791585,36.40989701750873,342.44014993676535,371.85528132410343,705.3520226846412,760.0879408970952,29.41513138733808,54.73591821245407,True,True,0.5488116360940265,2.3396468519259908,4.263114515168817,1.2081660311394702,5.544149880726175,4.588897335159525,4.999997358420654,0.1891035330644502,1.712743296285188,0.07363976322073795,0.7891035330644502,-0.19771708789314538,148.41186705795866,0.07363976322073795,0.7891035330644502,0.19771708789314538,148.41186705795866,True,True,strong,high,low,low,16.338239241320863,103.93357334535241,12571.348518019618,22026.465794806718,22026.465794806718,1200,500,10,59.70883297920227
-0.6,1.45,0.21,0.0009,23,2063291416,True,,60,-0.16,8.18394618531696,0.1515822202489069,2.241248527329094,0.7786289964711421,131.49102031780626,13.799683966939654,0.19829515586197752,14.451112394238582,1929.079433480507,380.26033837142944,384.19595278309123,780.9923995539693,784.7692838150708,3.9356144116617884,3.776884261101486,True,True,0.5488116360940265,2.3396468519259908,4.263114515168817,9.405066442572915,20.488782142341922,2.1784835085903826,4.87893856272958,2.241248527329094,3.019877523800236,-0.6713710035288578,2.841248527329094,-0.05841777975109308,131.49012031780626,0.6713710035288578,2.841248527329094,0.05841777975109308,131.49012031780626,True,True,strong,high,low,low,12.29298486814067,145.58758151958784,19330.85411970186,22026.465794806718,22026.465794806718,1200,500,10,75.68640685081482
-0.6,1.45,0.21,0.0009,24,1561025322,True,,60,-0.16,-22.67214221753684,-0.010047018168011197,-1.3520844358738262,2.9362439505822002,148.41316525066708,-34.24909365970197,-0.022143987793834974,17.967799626595095,485.33327612486283,375.65019569474066,378.44787177451326,771.7721142005918,773.2731217979149,2.7976760797726,1.5010075973231096,True,True,0.5488116360940265,2.3396468519259908,4.263114515168817,0.2587004537385518,4.875192128796395,18.84493072332748,5.000000041425507,-1.3520844358738262,1.584159514708374,1.4862439505822003,-0.7520844358738262,-0.2200470181680112,148.41226525066708,1.4862439505822003,0.7520844358738262,0.2200470181680112,148.41226525066708,True,True,strong,high,low,low,-25.102890602591472,128.43275196460615,18338.781831991237,22026.465794806718,22026.465794806718,1200,500,10,100.24576306343079
-0.6,1.45,0.21,0.0009,25,24518697,True,,60,-0.16,4.17159299271234,0.10291514036134597,0.5056217395800441,1.6655839376214565,148.3783745076137,4.682895696542861,0.14490882517802545,14.755401066631626,1114.101000310438,417.6080837944113,389.7049878142646,855.687890399933,795.7873538774176,-27.903095980146702,-59.900536522515495,False,False,0.5488116360940265,2.3396468519259908,4.263114515168817,1.6580160542711135,8.768850072464854,5.288760654564204,4.999765595772231,0.5056217395800441,2.1712056772015007,0.21558393762145656,1.105621739580044,-0.10708485963865402,148.3774745076137,0.21558393762145656,1.105621739580044,0.10708485963865402,148.3774745076137,True,True,strong,high,low,low,3.5366463913531136,156.92630274012578,20996.113183004712,22026.465794806718,22026.465794806718,1200,500,10,89.57721734046936
-0.6,1.45,0.21,0.0009,26,1570397364,True,,60,-0.16,-21.056715428610467,0.3982282074774232,4.84609026125877,1.3569245218196602,91.91703278039932,-24.100400679931084,0.5010071329851887,8.995245893430612,3451.1349850266774,372.02638126589824,368.7045542532282,764.5244853429069,753.7864867553448,-3.3218270126700418,-10.737998587562174,False,False,0.5488116360940265,2.3396468519259908,4.263114515168817,127.24193334732269,494.23681409383664,3.8842290516347,4.520886352562549,4.84609026125877,6.20301478307843,-0.09307547818033979,5.44609026125877,0.18822820747742322,91.91613278039932,0.09307547818033979,5.44609026125877,0.18822820747742322,91.91613278039932,True,True,strong,high,low,low,-22.562888356814597,121.20660847394444,13584.292454569057,22026.465794806718,22026.465794806718,1200,500,10,70.68804097175598
-0.6,1.45,0.21,0.0009,27,33890739,True,,60,-0.16,-38.753490056962214,0.13945668147806467,4.6110326540910815,0.4640502652694472,148.38373545862234,-41.40454872017765,0.44396528187388357,11.278329501532863,1323.0144679606608,373.97678710700995,375.0521753023204,768.4252970251304,766.4817288535291,1.0753881953104383,-1.943568171601214,True,False,0.5488116360940265,2.3396468519259908,4.263114515168817,100.58796859991311,159.9854573212171,1.590502915488396,4.999801725391405,4.6110326540910815,5.075082919360529,-0.9859497347305528,5.211032654091081,-0.07054331852193532,148.38283545862234,0.9859497347305528,5.211032654091081,0.07054331852193532,148.38283545862234,True,True,strong,high,low,low,-39.22777133159091,113.47843671368287,16623.336370162484,22026.465794806718,22026.465794806718,1200,500,10,68.64211845397949
-0.6,1.45,0.21,0.0009,28,1679108292,True,,60,-0.16,49.93446429861111,0.30550540496766315,-7.000105109756223,2.4814634124115047,148.41317135679245,42.6606053085352,0.492063940647344,11.079744102028048,5613.53048537897,6564.451145073275,393.0415376252844,13149.374012957662,802.4604534994571,-6171.409607447991,-12346.913559458204,False,False,0.5488116360940265,2.3396468519259908,4.263114515168817,0.0009117861229004996,0.010903824307915156,11.958752205208828,5.000000082568254,-7.000105109756223,-4.5186416973447185,1.0314634124115047,-6.400105109756224,0.09550540496766316,148.41227135679244,1.0314634124115047,6.400105109756224,0.09550540496766316,148.41227135679244,True,True,strong,high,low,low,42.26303132731883,177.20408213406776,20195.696808273864,22026.465794806718,22026.465794806718,1200,500,10,58.24047231674194
-0.6,1.45,0.21,0.0009,29,970641449,True,,60,-0.16,-15.861830569858391,-0.00869319926214358,-1.1493513634037718,3.2755701220844538,148.41316265806591,-21.286588317990223,0.3399135173717656,5.606537309119824,9878.205757857675,356.2403641041952,362.11432225706557,732.9524510195008,740.6060227630195,5.873958152870387,7.6535717435186825,True,True,0.5488116360940265,2.3396468519259908,4.263114515168817,0.3168422181989924,8.383108250587172,26.45830564575259,5.000000023956698,-1.1493513634037718,2.126218758680682,1.8255701220844538,-0.5493513634037718,-0.21869319926214356,148.4122626580659,1.8255701220844538,0.5493513634037718,0.21869319926214356,148.4122626580659,True,True,strong,high,low,low,-15.252843936885547,100.8226509154276,16963.80042877206,22026.465794806718,22026.465794806718,1200,500,10,44.14250993728638
-0.6,1.45,0.21,0.0009,30,1688480334,True,,60,-0.16,-26.2352774390045,0.408676334556898,4.87341238410496,0.4100205431236501,148.41316633207325,-35.57192170056557,0.5011471518278358,10.678502910578715,1320.1710082608702,373.696416934504,378.17786141085236,767.8645566801184,772.7331010705931,4.481444476348372,4.8685443904746535,True,True,0.5488116360940265,2.3396468519259908,4.263114515168817,130.7663815377882,197.04515727744482,1.5068487401748871,5.000000048711964,4.87341238410496,5.283432927228611,-1.0399794568763499,5.47341238410496,0.198676334556898,148.41226633207324,1.0399794568763499,5.47341238410496,0.198676334556898,148.41226633207324,True,True,strong,high,low,low,-33.27894883871488,138.33152385399148,14689.017919301568,22026.465794806718,22026.465794806718,1200,500,10,99.00309610366821
-0.6,1.45,0.21,0.0009,31,961269407,True,,60,-0.16,21.685803463771656,0.35757166905845306,-0.5227706607260295,2.552839571427291,148.29142488995313,30.50385096403904,0.5150440789056999,14.68485695062834,2.9122301364927217,377.46147706160707,394.69054451337416,775.3946769343246,805.7584672756367,17.229067451767094,30.363790341312097,True,True,0.5488116360940265,2.3396468519259908,4.263114515168817,0.5928756130676682,7.614611068889287,12.843522150438304,4.999179424747564,-0.5227706607260295,2.0300689107012615,1.102839571427291,0.07722933927397047,0.14757166905845306,148.29052488995313,1.102839571427291,0.07722933927397047,0.14757166905845306,148.29052488995313,True,True,strong,high,low,low,23.346341065235702,144.86526172801055,18422.320627447527,22026.465794806718,22026.465794806718,1200,500,10,82.21587872505188
-0.6,1.45,0.21,0.0009,32,1797191262,True,,60,-0.16,13.956462257537064,0.2338419279168853,-1.0361645459766637,2.2869835189269314,111.39847193767778,14.321320492525546,0.5034586793956775,10.695859976710857,4182.968664550353,383.8748748336229,389.14387763511394,788.2214724783563,794.6651335191162,5.269002801491013,6.443661040759935,True,True,0.5488116360940265,2.3396468519259908,4.263114515168817,0.35481294425197174,3.493202624766409,9.845195000230031,4.7131136105021385,-1.0361645459766637,1.2508189729502677,0.8369835189269315,-0.43616454597666376,0.023841927916885303,111.39757193767778,0.8369835189269315,0.43616454597666376,0.023841927916885303,111.39757193767778,True,True,strong,high,low,low,14.191420160934692,157.6641386944617,18797.105496520388,22026.465794806718,22026.465794806718,1200,500,10,70.55701756477356
-0.6,1.45,0.21,0.0009,33,852558479,True,,60,-0.16,-3.6029784546382633,0.15842071163778795,0.22511766008201986,0.9652315073760201,58.83872072063057,-4.197456012373193,0.4999999268775311,10.457643384728708,4106.278696704694,364.6818152506253,385.6103957210961,749.835353312361,787.5981696910806,20.92858047047082,37.76281637871955,True,True,0.5488116360940265,2.3396468519259908,4.263114515168817,1.2524700732542189,3.2882291495730365,2.625395384521584,4.074800153835268,0.22511766008201986,1.19034916745804,-0.4847684926239798,0.8251176600820198,-0.05157928836221204,58.83782072063057,0.4847684926239798,0.8251176600820198,0.05157928836221204,58.83782072063057,True,True,strong,high,low,low,-4.195176830758138,143.28512987958007,19095.422198919983,22026.465794806718,22026.465794806718,1200,500,10,68.64687633514404
-0.6,1.45,0.21,0.0009,34,1454163459,True,,60,-0.16,-4.711869411065415,0.3219050418144943,-1.1851719370089262,1.7411292237246971,31.877170125283627,-3.6573510236352718,0.3336682258294802,15.767992741934428,46.48133191926547,307.61606940486905,378.5703399753746,635.7038616208486,773.5180581996376,70.95427057050557,137.81419657878905,True,True,0.5488116360940265,2.3396468519259908,4.263114515168817,0.30569361493414465,1.7436093201486973,5.703780631873263,3.4618900835229307,-1.1851719370089262,0.5559572867157709,0.2911292237246972,-0.5851719370089262,0.11190504181449432,31.876270125283625,0.2911292237246972,0.5851719370089262,0.11190504181449432,31.876270125283625,True,True,strong,high,low,low,-3.049215893566686,127.30769165027596,11784.36900790662,22026.465794806718,22026.465794806718,1200,500,10,59.72333550453186
-0.6,1.45,0.21,0.0009,35,843186437,True,,60,-0.16,28.683479098448764,0.08947654405179353,3.565124108802268,0.8038900689530601,147.14635459089385,47.59527894376724,0.11314882420209703,13.641671810525423,2.7534927862945815,383.38505141208964,544.7559457680372,787.2418256352897,1105.8892697849628,161.3708943559476,318.6474441496731,True,True,0.5488116360940265,2.3396468519259908,4.263114515168817,35.343839613692474,78.96574712561582,2.2342152971694635,4.991427700950215,3.565124108802268,4.369014177755329,-0.6461099310469398,4.165124108802268,-0.12052345594820646,147.14545459089385,0.6461099310469398,4.165124108802268,0.12052345594820646,147.14545459089385,True,True,strong,high,low,low,27.86375931083014,132.25886895620644,16268.466073288424,22026.465794806718,22026.465794806718,1200,500,10,49.232569217681885
-0.6,1.45,0.21,0.0009,36,1345452531,True,,60,-0.16,-7.8641493603576045,0.2260224360620735,-0.4951265690324753,1.7938847734557484,122.03851693129248,-7.244609900059703,0.499936645338015,8.933697398268581,4880.424804463775,362.26752783859945,371.5850495901449,745.0067784883094,759.5474774291781,9.317521751545428,14.540698940868765,True,True,0.5488116360940265,2.3396468519259908,4.263114515168817,0.6094937593787193,3.6647429792079294,6.012765385725269,4.804336707458114,-0.4951265690324753,1.298758204423273,0.3438847734557484,0.10487343096752466,0.016022436062073514,122.03761693129248,0.3438847734557484,0.10487343096752466,0.016022436062073514,122.03761693129248,True,True,strong,high,low,low,-6.914727975754174,119.15184453932814,18838.4959571451,22026.465794806718,22026.465794806718,1200,500,10,70.29856157302856
-0.6,1.45,0.21,0.0009,37,734475509,True,,60,-0.16,9.34092660978548,-0.11903628193398541,-2.568970607292121,4.90662041747412,138.61585571903782,11.877354621447036,-0.17838863033974986,18.423998721611987,399.37134034679565,367.0104802710412,379.2263200697622,754.4926833531929,774.8300183884128,12.215839798720992,20.337335035219894,True,True,0.5488116360940265,2.3396468519259908,4.263114515168817,0.07661437112060249,10.356867333637636,135.18178354990837,4.9317064793399785,-2.568970607292121,2.3376498101819996,3.45662041747412,-1.9689706072921207,-0.3290362819339854,138.61495571903782,3.45662041747412,1.9689706072921207,0.3290362819339854,138.61495571903782,True,True,strong,high,low,low,9.136336846865994,132.46821469827495,19104.8856525303,22026.465794806718,22026.465794806718,1200,500,10,72.48475408554077
-0.6,1.45,0.21,0.0009,38,1336080489,True,,60,-0.16,-0.5863623106645333,0.023155052669340724,3.223867705180326,0.5076970054094156,144.2981356528034,-1.2744240845291814,0.01863191286284784,11.613964609447226,1538.170757411789,391.9641971058348,382.4540358692298,804.40011702278,781.285449987348,-9.510161236604972,-23.114667035432035,False,False,0.5488116360940265,2.3396468519259908,4.263114515168817,25.12510901261378,41.74437495444743,1.6614604511164563,4.97188154575737,3.223867705180326,3.7315647105897414,-0.9423029945905843,3.823867705180326,-0.18684494733065926,144.2972356528034,0.9423029945905843,3.823867705180326,0.18684494733065926,144.2972356528034,True,True,strong,high,low,low,-0.8021644353341927,140.25039424672053,19701.64599960911,22026.465794806718,22026.465794806718,1200,500,10,53.322909355163574
-0.6,1.45,0.21,0.0009,39,1422380180,True,,60,-0.16,0.48632817866859546,-0.00722050132800869,0.4524085930844486,0.6531989034913975,54.563722944310996,-1.58603335947186,0.3028210245724855,1.1842773475404877,2140.371328543334,467.1762790326434,315.18962053728717,954.8242808763972,646.7566193234627,-151.9866584953562,-308.0676615529345,False,False,0.5488116360940265,2.3396468519259908,4.263114515168817,1.5720941641698711,3.021059194571464,1.9216782705676565,3.9993692469900775,0.4524085930844486,1.1056074965758462,-0.7968010965086024,1.0524085930844485,-0.21722050132800869,54.562822944310994,0.7968010965086024,1.0524085930844485,0.21722050132800869,54.562822944310994,True,True,strong,high,low,low,-0.7017464526006343,46.239900651283754,2206.2118785723255,1.7355071795699335,22026.465794806718,1200,500,10,75.58464097976685
-0.6,1.45,0.21,0.0009,40,1227369561,True,,60,-0.16,34.22238798875073,0.3674590781468917,4.56486377216355,1.2431351779180706,148.4131639243208,37.77961114429708,0.5114101270188899,8.757451604111566,3556.324351379091,372.9447266765327,365.5523295183788,766.3611761641758,747.482037285646,-7.392397158153869,-18.87913887852983,False,False,0.5488116360940265,2.3396468519259908,4.263114515168817,96.04950850850743,332.952204644044,3.466464428753984,5.000000032488656,4.56486377216355,5.80799895008162,-0.20686482208192936,5.1648637721635495,0.15745907814689172,148.4122639243208,0.20686482208192936,5.1648637721635495,0.15745907814689172,148.4122639243208,True,True,strong,high,low,low,36.3046005953713,115.13537154535011,13633.802586158772,22026.465794806718,22026.465794806718,1200,500,10,78.69814014434814
-0.6,1.45,0.21,0.0009,41,417847996,True,,60,-0.16,0.008458479079395294,0.24705443011283368,-0.6417234213637577,0.6883284469380753,0.10782617239266261,0.21616652462719338,0.2879197066899898,-0.054867170669305874,0.14186399028137942,87.24880572598971,89.8390958652547,194.96933426308993,196.0555699793978,2.5902901392649937,1.0862357163078684,True,True,0.5488116360940265,2.3396468519259908,4.263114515168817,0.5263844596418633,1.047708109436342,1.9903857156975575,-2.227234863401266,-0.6417234213637577,0.04660502557431756,-0.7616715530619247,-0.04172342136375773,0.037054430112833686,0.10692617239266261,0.7616715530619247,0.04172342136375773,0.037054430112833686,0.10692617239266261,True,True,strong,high,low,low,0.14756769191247035,1.131534471275131,6.551359870065453,1.3724214163363122,199.52797769624732,1200,500,10,43.8853600025177
-0.6,1.45,0.21,0.0009,42,1217997519,True,,60,-0.16,-50.832840074439964,0.11174580209997606,4.964436338362021,1.988614618837527,148.39522467699496,-54.402555269095075,0.3928473477310911,10.92866103186742,6679.2766272816125,388.9820961989343,387.5847155867803,798.435915208979,791.546809422449,-1.3973806121539951,-6.889105786530081,False,False,0.5488116360940265,2.3396468519259908,4.263114515168817,143.22779550248177,1046.3371932910152,7.305405976683379,4.999879151489084,4.964436338362021,6.953050957199548,0.5386146188375271,5.564436338362021,-0.09825419790002393,148.39432467699496,0.5386146188375271,5.564436338362021,0.09825419790002393,148.39432467699496,True,True,strong,high,low,low,-51.81111422024489,150.47315831847652,19969.6659940964,22026.465794806718,22026.465794806718,1200,500,10,80.50688457489014
-0.6,1.45,0.21,0.0009,43,427220038,True,,60,-0.16,9.373731361419395,0.24467601006252554,1.894267504292797,0.40482607931503994,118.95737524577795,30.606654408496503,0.5000652343104013,10.441472095617435,4229.679690705205,353.42302470335073,385.0578918759793,727.3177722178119,786.493162000847,31.63486717262856,59.17538978303503,True,True,0.5488116360940265,2.3396468519259908,4.263114515168817,6.647677225761127,9.965145788449215,1.4990417630134345,4.778765237733785,1.894267504292797,2.2990935836078368,-1.04517392068496,2.494267504292797,0.03467601006252555,118.95647524577795,1.04517392068496,2.494267504292797,0.03467601006252555,118.95647524577795,True,True,strong,high,low,low,30.61932918635962,145.41870369590288,13861.682122462336,22026.465794806718,22026.465794806718,1200,500,10,92.74742698669434
-0.6,1.45,0.21,0.0009,44,1109286591,True,,60,-0.16,2.8314305912794904,0.24396379062210838,1.7801846135366726,0.37456140571517493,32.99484864237989,7.287368028014996,0.49715910048448014,8.15022218542996,4333.847862048884,277.0865723021169,355.99104912751056,574.6448674153443,728.3594765039095,78.90447682539366,153.71460908856523,True,True,0.5488116360940265,2.3396468519259908,4.263114515168817,5.930951251413913,8.625699139218854,1.454353403623496,3.4963514475352704,1.7801846135366726,2.1547460192518475,-1.075438594284825,2.3801846135366724,0.033963790622108386,32.99394864237989,1.075438594284825,2.3801846135366724,0.033963790622108386,32.99394864237989,True,True,strong,high,low,low,7.0581411495245145,92.76532408715454,10291.129590381857,103.81704539101952,22026.465794806718,1200,500,10,93.01954936981201
-0.6,1.45,0.21,0.0009,45,535930966,True,,60,-0.16,46.739393501781755,0.21973380961497274,4.999864481640634,3.901701464456496,148.40263046162022,58.08315141492482,0.21681851979552333,14.96598844460514,86.29534349144501,383.5559518482732,383.34920155184193,787.5836265076568,783.0757813525722,-0.20675029643126663,-4.507845155084624,False,False,0.5488116360940265,2.3396468519259908,4.263114515168817,148.39304775750566,7343.464008883937,49.48657716690443,4.999929056058802,4.999864481640634,8.90156594609713,2.4517014644564963,5.599864481640633,0.00973380961497275,148.40173046162022,2.4517014644564963,5.599864481640633,0.00973380961497275,148.40173046162022,True,True,strong,high,low,low,47.278862019349276,143.1935024708692,19479.20240833732,22026.465794806718,22026.465794806718,1200,500,10,81.4970498085022
-0.6,1.45,0.21,0.0009,46,1099914549,True,,60,-0.16,-3.8626777034335533,0.05971714777447458,0.2561674799509407,0.889385875607087,32.3085023814462,-10.528969585892273,0.1570004201076795,15.22180217572093,120.9685836668229,320.91679083527976,378.0132165094594,662.30530448167,772.4038112678072,57.09642567417967,110.09850678613725,True,True,0.5488116360940265,2.3396468519259908,4.263114515168817,1.2919690887407493,3.144180725430005,2.4336346378802,3.475330427212967,0.2561674799509407,1.1455533555580277,-0.5606141243929129,0.8561674799509407,-0.1502828522255254,32.3076023814462,0.5606141243929129,0.8561674799509407,0.1502828522255254,32.3076023814462,True,True,strong,high,low,low,-8.615895462428163,121.51775633150766,13270.000816203163,22026.465794806718,22026.465794806718,1200,500,10,61.85845470428467
-0.6,1.45,0.21,0.0009,47,1602180643,True,,60,-0.16,-2.0648917979761086,0.21745026685399405,1.4657834873406688,0.7305655426042694,41.93923205518703,-6.338673817704514,0.5123189715241296,8.000092402569916,7975.7526005306445,349.9626485283442,366.5392592897176,720.3970198677988,749.4558968283236,16.576610761373445,29.0588769605248,True,True,0.5488116360940265,2.3396468519259908,4.263114515168817,4.330935144229129,8.992123522096474,2.0762544860728913,3.736221714747884,1.4657834873406688,2.196349029944938,-0.7194344573957305,2.065783487340669,0.007450266853994053,41.938332055187026,0.7194344573957305,2.065783487340669,0.007450266853994053,41.938332055187026,True,True,strong,high,low,low,-6.0118687226033005,109.52547637089452,18009.54080492667,22026.465794806718,22026.465794806718,1200,500,10,65.11755514144897
-0.6,1.45,0.21,0.0009,48,43036914,True,,60,-0.16,3.1053629553813957,0.2839677549177276,1.055525931252037,0.640479815526126,18.26434076549654,8.427423778289343,0.49561104485266444,8.379581127081053,1178.8575433531262,270.8863072134825,344.5666053532484,562.2443372380754,705.5105889553852,73.68029813976591,143.26625171730973,True,True,0.5488116360940265,2.3396468519259908,4.263114515168817,2.8734860126589505,5.45212666748144,1.8973910586174638,2.904950566822633,1.055525931252037,1.696005746778163,-0.809520184473874,1.6555259312520372,0.07396775491772759,18.26344076549654,0.809520184473874,1.6555259312520372,0.07396775491772759,18.26344076549654,True,True,strong,high,low,low,7.914624961636235,76.21501618787137,9277.643227935976,78.89430297913057,22026.465794806718,1200,500,10,69.84393882751465
-0.6,1.45,0.21,0.0009,49,654013936,True,,60,-0.16,39.48216565489159,0.1346515751320549,-6.289499831200871,4.955954998422051,148.41316409889086,38.31769818241104,0.5074966262083871,10.304496838000203,1768.0297546552608,2971.3955784714135,376.62340515287804,5963.262879753937,769.6241885546444,-2594.7721733185354,-5193.638691199293,False,False,0.5488116360940265,2.3396468519259908,4.263114515168817,0.0018556878719510402,0.2635413933623834,142.0181687587904,5.0000000336649,-6.289499831200871,-1.33354483277882,3.505954998422051,-5.689499831200871,-0.0753484248679451,148.41226409889086,3.505954998422051,5.689499831200871,0.0753484248679451,148.41226409889086,True,True,strong,high,low,low,37.74625818851855,116.9712287948734,15792.025703502131,22026.465794806718,22026.465794806718,1200,500,10,79.24335098266602
-0.6,1.45,0.21,0.0009,50,151747842,True,,60,-0.16,16.524917064403688,0.2066987273131777,-3.031809602073348,4.9996261959015715,148.4131661105658,20.46862458369784,0.22988009638156404,14.094578092380798,485.60720084933945,379.9610118310732,384.4365817057978,780.3937464732569,785.2505416604839,4.475569874724556,4.856795187227021,True,True,0.5488116360940265,2.3396468519259908,4.263114515168817,0.048228285108078556,7.155037068861759,148.35769202300003,5.000000047219459,-3.031809602073348,1.9678165938282235,3.5496261959015714,-2.431809602073348,-0.0033012726868222875,148.4122661105658,3.5496261959015714,2.431809602073348,0.0033012726868222875,148.4122661105658,True,True,strong,high,low,low,16.196603457808994,136.35555009334217,16993.186562393403,22026.465794806718,22026.465794806718,1200,500,10,70.86844635009766
-0.6,1.45,0.21,0.0009,51,1484097673,True,,60,-0.16,9.157941177204698,0.1086942891169271,2.401172195192708,0.5095672508256118,109.27328482095308,17.427004934391427,0.48958270067335996,10.817381676377737,2662.837469890231,365.5756408567709,383.5448341373871,751.6230045246523,783.4670465236626,17.969193280616196,31.8440419990103,True,True,0.5488116360940265,2.3396468519259908,4.263114515168817,11.03610527111459,18.370377448433583,1.6645706974647467,4.693851944638577,2.401172195192708,2.91073944601832,-0.9404327491743881,3.001172195192708,-0.10130571088307289,109.27238482095308,0.9404327491743881,3.001172195192708,0.10130571088307289,109.27238482095308,True,True,strong,high,low,low,16.781253783344912,135.16539264560183,18000.407120926116,22026.465794806718,22026.465794806718,1200,500,10,75.12375617027283
-0.6,1.45,0.21,0.0009,52,161119884,True,,60,-0.16,28.57825262920669,0.21169787186218575,4.99999922275374,0.9895538398352544,143.20056822751414,29.124866652929455,0.44994698665710225,12.399211531999487,1936.1092692423788,379.58066388679964,379.40852023472195,779.6330505847097,775.1944187183323,-0.17214365207769333,-4.438631866377477,False,False,0.5488116360940265,2.3396468519259908,4.263114515168817,148.41304374904854,399.2361364816319,2.6900340185509553,4.964246222587905,4.99999922275374,5.989553062588994,-0.4604461601647456,5.599999222753739,0.001697871862185757,143.19966822751414,0.4604461601647456,5.599999222753739,0.001697871862185757,143.19966822751414,True,True,strong,high,low,low,29.475905295708923,130.15596075195165,16192.305150826338,22026.465794806718,22026.465794806718,1200,500,10,56.15817594528198
-0.6,1.45,0.21,0.0009,53,341146210,True,,60,-0.16,4.145307424140261,0.34830590455416593,-2.2956733613816622,3.144833352953981,45.7618168551102,4.926634077213022,0.5124411036139829,10.704195437267504,1686.4805933791722,351.8440803817227,379.5747316521186,724.1598835745558,775.5268415531256,27.730651270395924,51.36695797856976,True,True,0.5488116360940265,2.3396468519259908,4.263114515168817,0.10069356727557922,2.3376823540654694,23.215806305358868,3.8234500502848934,-2.2956733613816622,0.8491599915723187,1.694833352953981,-1.6956733613816621,0.13830590455416594,45.760916855110196,1.694833352953981,1.6956733613816621,0.13830590455416594,45.760916855110196,True,True,strong,high,low,low,4.7430286828188475,136.60318388408567,16252.779943858844,22026.465794806718,22026.465794806718,1200,500,10,84.35347175598145
-0.6,1.45,0.21,0.0009,54,269830812,True,,60,-0.16,6.571546408597671,0.1084095839503537,0.43589058101693057,0.8958649196544108,58.68388537368615,13.491539107370947,0.06025856771173278,17.352954054230487,2.195518120343353,328.508550569642,385.9188392450985,677.4888239503945,788.2150567390854,57.41028867545651,110.72623278869094,True,True,0.5488116360940265,2.3396468519259908,4.263114515168817,1.5463395865872094,3.787686841361686,2.4494534539603667,4.072165163994973,0.43589058101693057,1.3317555006713415,-0.5541350803455891,1.0358905810169305,-0.10159041604964629,58.68298537368615,0.5541350803455891,1.0358905810169305,0.10159041604964629,58.68298537368615,True,True,strong,high,low,low,8.284116871256618,117.74985942544673,14136.071032703107,22026.465794806718,22026.465794806718,1200,500,10,54.336928606033325
-0.6,1.45,0.21,0.0009,55,1815709479,True,,60,-0.16,-36.48090322192526,0.8445391280299063,4.007127873702317,0.1988673030006965,2.72027870323977,-21.61347697984778,0.5194831682116521,8.429426143656375,1273.5458209884173,803.2977890148915,344.2251189561491,1627.0673008408935,704.8276161611866,-459.07267005874235,-922.2396846797069,False,False,0.5488116360940265,2.3396468519259908,4.263114515168817,54.98870902496489,67.08732820255442,1.2200200621567014,1.000734339485171,4.007127873702317,4.205995176703014,-1.2511326969993035,4.607127873702317,0.6345391280299063,2.71937870323977,1.2511326969993035,4.607127873702317,0.6345391280299063,2.71937870323977,True,True,strong,high,low,low,-20.396797728494,84.59305897955542,4046.5001018352787,3.6081953996965366,22026.465794806718,1200,500,10,94.40070009231567
-0.6,1.45,0.21,0.0009,56,279202854,True,,60,-0.16,-1.4426537295754511,0.17658369344610544,1.0703583529038738,0.5112025916418809,23.722433288754544,-5.220001766196901,0.49160551314418344,8.30129766098652,8520.274983329151,306.7087414587449,367.5598983711139,633.8892057286002,751.4971749911161,60.85115691236899,117.6079692625159,True,True,0.5488116360940265,2.3396468519259908,4.263114515168817,2.9164244219009285,4.862540045775686,1.6672950648953482,3.166421152711102,1.0703583529038738,1.5815609445457546,-0.9387974083581191,1.670358352903874,-0.03341630655389455,23.721533288754543,0.9387974083581191,1.670358352903874,0.03341630655389455,23.721533288754543,True,True,strong,high,low,low,-5.038334854067148,111.7083365225938,13228.349684576193,22026.465794806718,22026.465794806718,1200,500,10,82.37988591194153
-0.6,1.45,0.21,0.0009,57,223063240,True,,60,-0.16,13.273446803264031,0.24064080389324494,-0.9234461056721592,1.6845642766568567,148.41263652971213,11.259373823544793,0.513402996505454,9.256968602580855,2668.187975489341,349.4028494814835,370.8390429168272,719.2774217740774,758.0554640825428,21.43619343534374,38.77804230846539,True,True,0.5488116360940265,2.3396468519259908,4.263114515168817,0.3971480659758859,2.1406685161723935,5.390101827418621,4.999996478925537,-0.9234461056721592,0.7611181709846975,0.23456427665685675,-0.32344610567215926,0.030640803893244944,148.41173652971213,0.23456427665685675,0.32344610567215926,0.030640803893244944,148.41173652971213,True,True,strong,high,low,low,10.69252956267921,118.16777908285053,15478.94924989882,22026.465794806718,22026.465794806718,1200,500,10,53.91449332237244
-0.6,1.45,0.21,0.0009,58,387913782,True,,60,-0.16,-0.7154428174409888,0.15938126681518983,-2.0706984561223267,3.0933025159303145,82.14769138679148,-1.6242374907435555,0.3383607595499044,12.649309357664883,799.6228705972868,349.4311306223813,379.99055203447926,719.3339840558731,776.3584823178469,30.559421412097947,57.024498261973804,True,True,0.5488116360940265,2.3396468519259908,4.263114515168817,0.12609767724538765,2.7804257398495165,22.049777605647513,4.408518741675633,-2.0706984561223267,1.0226040598079877,1.6433025159303145,-1.4706984561223266,-0.050618733184810166,82.14679138679148,1.6433025159303145,1.4706984561223266,0.050618733184810166,82.14679138679148,True,True,strong,high,low,low,-1.4238342556868822,134.037736095655,17256.183241673443,22026.465794806718,22026.465794806718,1200,500,10,52.069149017333984
-0.6,1.45,0.21,0.0009,59,1933792449,True,,60,-0.16,37.52727899113276,-0.002857455968900816,2.7923516750521378,1.6248089097848102,148.4098570472058,38.3526206285343,0.5000417011236413,7.077997036686947,7924.9882976644185,369.6448962652122,359.80089745772773,759.7615153415348,735.9791731643438,-9.843998807484468,-23.782342177191026,False,False,0.5488116360940265,2.3396468519259908,4.263114515168817,16.319352525268204,82.86067516158283,5.077448693707966,4.999977750678409,2.7923516750521378,4.417160584836948,0.17480890978481023,3.392351675052138,-0.21285745596890082,148.4089570472058,0.17480890978481023,3.392351675052138,0.21285745596890082,148.4089570472058,True,True,strong,high,low,low,38.17319820956449,97.66435646884003,15804.289760046186,22026.465794806718,22026.465794806718,1200,500,10,61.02825379371643
-0.6,1.45,0.21,0.0009,60,715957292,True,,60,-0.16,-11.204054345869531,0.1805763547444201,1.2864281647795879,0.522554582380408,115.64695419655597,-12.598512621473331,0.5031020116178225,8.130174580745006,3642.35361759486,325.7864727059838,354.88895130076355,672.044668223078,726.1552808504155,29.102478594779768,54.110612627337446,True,True,0.5488116360940265,2.3396468519259908,4.263114515168817,3.619833986776508,6.104234722710424,1.6863300209373122,4.750542051941153,1.2864281647795879,1.808982747159996,-0.927445417619592,1.8864281647795877,-0.02942364525557989,115.64605419655597,0.927445417619592,1.8864281647795877,0.02942364525557989,115.64605419655597,True,True,strong,high,low,low,-12.637049536085561,90.56183423878662,13935.58551082275,22026.465794806718,22026.465794806718,1200,500,10,65.43179631233215
-0.6,1.45,0.21,0.0009,61,2042503377,True,,60,-0.16,-32.54884184120024,0.2733265199005622,3.669729940450596,1.2815567856234371,145.23771014867555,-36.8833586686461,0.32814688889892735,12.86932841334587,1487.4661855784996,382.4055132245211,381.0689314269147,785.2827492601526,778.5152411027177,-1.3365817976064136,-6.767508157434918,False,False,0.5488116360940265,2.3396468519259908,4.263114515168817,39.24130693952891,141.35673434784954,3.6022432832240057,4.97837178043917,3.669729940450596,4.9512867260740325,-0.16844321437656284,4.2697299404505955,0.06332651990056223,145.23681014867554,0.16844321437656284,4.2697299404505955,0.06332651990056223,145.23681014867554,True,True,strong,high,low,low,-31.68875534663666,141.10641737231947,18095.300534530154,22026.465794806718,22026.465794806718,1200,500,10,77.63796591758728
-0.6,1.45,0.21,0.0009,62,607246364,True,,60,-0.16,-0.8145780819449759,0.23194961517803367,0.2682050517018545,0.7609823241315254,6.028238620077348,-0.9007916068572976,0.42964568449485774,-2.346321080133036,1915.5367015423512,203.59743553774993,311.8726252702315,427.66659388661037,640.1226287893513,108.27518973248155,212.45603490274095,True,True,0.5488116360940265,2.3396468519259908,4.263114515168817,1.3076152412572792,2.798790545512207,2.1403777328422344,1.7964548652623495,0.2682050517018545,1.0291873758333798,-0.6890176758684745,0.8682050517018545,0.021949615178033677,6.027338620077348,0.6890176758684745,0.8682050517018545,0.021949615178033677,6.027338620077348,True,True,strong,high,low,low,-0.49391532237313635,43.766689735766775,4592.792035932884,13.065784839094789,22026.465794806718,1200,500,10,84.79819011688232
-0.6,1.45,0.21,0.0009,63,2051875419,True,,60,-0.16,-0.8029681183850117,-0.04672134404197548,-1.0225337302638011,1.2230137501659717,2.899884951398073,-0.9937646396189261,0.5264353039132917,7.419982336644158,2971.8586960174976,219.7483780439098,339.003396375983,459.96847889893013,694.3841710008544,119.2550183320732,234.41569210192426,True,True,0.5488116360940265,2.3396468519259908,4.263114515168817,0.3596824463549576,1.2219891965324372,3.397411269068439,1.0646710642737776,-1.0225337302638011,0.20048001990217057,-0.22698624983402826,-0.42253373026380114,-0.25672134404197544,2.8989849513980728,0.22698624983402826,0.42253373026380114,0.25672134404197544,2.8989849513980728,True,True,strong,high,low,low,-0.9864483211881487,71.13407777853887,8081.845934059613,4.116455110237129,22026.465794806718,1200,500,10,85.10563254356384
-0.6,1.45,0.21,0.0009,64,597874322,True,,60,-0.16,14.578733785883175,0.14355680009603,0.1436674897031487,1.160368301445652,148.41310878229464,16.316190759941975,0.5139822079770935,10.554160852381564,1399.9637225195283,357.3005598710332,379.0756746421679,735.0728425531769,774.5287275332241,21.775114771134668,39.455884980047244,True,True,0.5488116360940265,2.3396468519259908,4.263114515168817,1.1545001615038655,3.684135104909467,3.1911083495306474,4.99999966094455,0.1436674897031487,1.3040357911488007,-0.2896316985543479,0.7436674897031487,-0.06644319990396999,148.41220878229464,0.2896316985543479,0.7436674897031487,0.06644319990396999,148.41220878229464,True,True,strong,high,low,low,15.639722189634758,125.63715078483489,15700.77686482091,22026.465794806718,22026.465794806718,1200,500,10,88.8523895740509
-0.6,1.45,0.21,0.0009,65,13102700,True,,60,-0.16,-4.296450379722509,0.06379005903231107,1.3916702251989888,0.5307349452273391,61.04126712711425,-6.397603149831524,0.5160761006534532,7.069584880443455,6280.810453247521,306.69427054842527,354.36095302774385,633.860263907961,725.099284304376,47.66668247931858,91.23902039641507,True,True,0.5488116360940265,2.3396468519259908,4.263114515168817,4.0215613598596125,6.837383781800088,1.700181389757229,4.111550145723946,1.3916702251989888,1.9224051704263279,-0.9192650547726609,1.9916702251989888,-0.1462099409676889,61.04036712711425,0.9192650547726609,1.9916702251989888,0.1462099409676889,61.04036712711425,True,True,strong,high,low,low,-6.618754300441787,89.34810657583378,12224.703590117137,22026.465794806718,22026.465794806718,1200,500,10,73.43532514572144
-0.6,1.45,0.21,0.0009,66,489163394,True,,60,-0.16,-14.156066048733683,0.01594533081147723,2.0908107692786286,0.577698669055571,147.11878457556548,-34.46745602879743,-0.06879055743324494,18.869966151192756,75.1711195483254,379.91945187639527,387.1894266836217,780.310626563901,790.7562316161318,7.269974807226447,10.445605052230803,True,True,0.5488116360940265,2.3396468519259908,4.263114515168817,8.091472823155543,14.418461561476228,1.7819328911560581,4.991240318812547,2.0908107692786286,2.6685094383341994,-0.872301330944429,2.6908107692786287,-0.19405466918852277,147.11788457556548,0.872301330944429,2.6908107692786287,0.19405466918852277,147.11788457556548,True,True,strong,high,low,low,-19.439503110197183,142.76684759008415,19489.521805857363,22026.465794806718,22026.465794806718,1200,500,10,108.87032079696655
-0.6,1.45,0.21,0.0009,67,1090768374,True,,60,-0.16,0.1187920714598881,-0.004565576666296166,-0.6765275759134147,1.0340273786858731,0.9458325218982142,2.4128668987227413,0.5330356078640217,5.932310566870362,60.339043778622724,124.09039798570134,263.70383157217987,268.6525187825132,543.7850413932481,139.61343358647852,275.1325226107349,True,True,0.5488116360940265,2.3396468519259908,4.263114515168817,0.5083792392761384,1.4297502844619014,2.812369534400476,-0.05568976376592839,-0.6765275759134147,0.3574998027724584,-0.4159726213141268,-0.07652757591341475,-0.21456557666629616,0.9449325218982142,0.4159726213141268,0.07652757591341475,0.21456557666629616,0.9449325218982142,True,True,strong,high,low,low,2.5414677690683893,16.203611002413393,1111.0059872864285,2.3202780454514147,22026.465794806718,1200,500,10,61.02817940711975
-0.6,1.45,0.21,0.0009,68,479791352,True,,60,-0.16,-22.3312083013734,0.48249857183763545,1.9397225180160564,0.7548693128630029,148.41316420826962,-26.41986944537632,0.5360338599930017,9.641989021471606,1521.4035479713589,366.07726086091736,377.41920499972923,752.6262445329452,771.2157882483468,11.341944138811868,18.589543715401646,True,True,0.5488116360940265,2.3396468519259908,4.263114515168817,6.956820310486262,14.79947683086009,2.1273334900647516,5.0000000344018884,1.9397225180160564,2.6945918308790593,-0.6951306871369971,2.5397225180160565,0.2724985718376355,148.41226420826962,0.6951306871369971,2.5397225180160565,0.2724985718376355,148.41226420826962,True,True,strong,high,low,low,-25.11801698501073,144.3783161528524,12486.124470076387,22026.465794806718,22026.465794806718,1200,500,10,95.08044672012329
-0.6,1.45,0.21,0.0009,69,982057446,True,,60,-0.16,31.00229535699324,0.33502003965344873,4.999574314372488,1.1492484649386148,126.90884587095334,31.237602129404642,0.5209405432551685,8.704935266264876,2423.487356238117,367.66810645464477,361.2383872932758,755.8079357204,738.85415283544,-6.429719161368951,-16.953782884959992,False,False,0.5488116360940265,2.3396468519259908,4.263114515168817,148.3499951987498,468.1659276356956,3.1558203086456245,4.843469079705812,4.999574314372488,6.148822779311103,-0.3007515350613852,5.599574314372488,0.12502003965344874,126.90794587095334,0.3007515350613852,5.599574314372488,0.12502003965344874,126.90794587095334,True,True,strong,high,low,low,29.70770158295651,101.86157704634387,8100.663666607138,10.126367563260057,22026.465794806718,1200,500,10,71.84953331947327
-0.6,1.45,0.21,0.0009,70,371080424,True,,60,-0.16,4.045662748211019,0.0553643020475356,-0.26607504670350174,1.3567378015511862,42.113370659092155,6.632873957851162,0.05884027231309229,13.850928264136593,871.9378356871888,349.6647180047425,381.51113847124145,719.8011588205954,779.3996551913713,31.846420466498955,59.59849637077582,True,True,0.5488116360940265,2.3396468519259908,4.263114515168817,0.766381610929307,2.9762459404833326,3.8835038550499217,3.7403652831189462,-0.26607504670350174,1.0906627548476844,-0.09326219844881378,0.33392495329649824,-0.1546356979524644,42.11247065909215,0.09326219844881378,0.33392495329649824,0.1546356979524644,42.11247065909215,True,True,strong,high,low,low,4.832005810934595,136.82215507861522,16426.962708152023,22026.465794806718,22026.465794806718,1200,500,10,68.84929728507996
-0.6,1.45,0.21,0.0009,71,1274137133,True,,60,-0.16,-2.9177673818527787,0.15011971767810997,0.21985132812078256,0.9615439476771903,83.11229266547448,-6.179106951997854,0.4500816661064222,9.236153883311033,1648.3409246191068,341.83410261665705,369.9270282821412,704.1399280444246,756.2314348131707,28.09292566548413,52.09150676874617,True,True,0.5488116360940265,2.3396468519259908,4.263114515168817,1.245891487788734,3.2589181217253267,2.6157319105770647,4.420192617100399,0.21985132812078256,1.1813952757979729,-0.48845605232280964,0.8198513281207825,-0.05988028232189002,83.11139266547448,0.48845605232280964,0.8198513281207825,0.05988028232189002,83.11139266547448,True,True,strong,high,low,low,-5.201746480374952,112.26986726055557,16372.510649945445,22026.465794806718,22026.465794806718,1200,500,10,73.12273812294006
-0.6,1.45,0.21,0.0009,72,361708382,True,,60,-0.16,13.413855641842055,0.19973060223570574,3.5798574063330255,0.2715643248563901,148.41316532046088,20.732863068404292,0.49621451909310477,8.739250037149816,9057.884979923885,371.7780793616709,376.332990963191,764.0278815344523,769.0433601752703,4.554911601520075,5.01547864081806,True,True,0.5488116360940265,2.3396468519259908,4.263114515168817,35.86842587201621,47.059922251776996,1.3120152643356495,5.000000041895774,3.5798574063330255,3.8514217311894154,-1.1784356751436098,4.179857406333025,-0.010269397764294252,148.41226532046088,1.1784356751436098,4.179857406333025,0.010269397764294252,148.41226532046088,True,True,strong,high,low,low,20.01996718514992,129.089442858555,17264.248224575676,22026.465794806718,22026.465794806718,1200,500,10,98.99032783508301
-0.6,1.45,0.21,0.0009,73,863974476,True,,60,-0.16,19.664714648384496,0.19742013601344632,-0.5627411735211991,1.5135481606896075,148.4131645767664,26.48508130470431,0.5158904968286966,10.917698393411936,810.9986027843584,361.74755668216363,378.1132428481511,743.9668361754377,772.6038639451906,16.365686165987483,28.637027769752876,True,True,0.5488116360940265,2.3396468519259908,4.263114515168817,0.569645424770046,2.5877971360023087,4.5428208908145775,5.0000000368848,-0.5627411735211991,0.9508069871684084,0.06354816068960756,0.037258826478800855,-0.012579863986553669,148.4122645767664,0.06354816068960756,0.037258826478800855,0.012579863986553669,148.4122645767664,True,True,strong,high,low,low,24.874493359146154,121.8533170020103,15210.144085111346,22026.465794806718,22026.465794806718,1200,500,10,66.74868202209473
-0.6,1.45,0.21,0.0009,74,781243081,True,,60,-0.16,1.651786725436285,0.11976673061321312,4.860850226359124,0.769193756009362,111.69295247947389,4.675188594591418,0.16471573863491915,12.764732533546269,192.9197271538705,371.13411783031876,375.2621654727379,762.739958471748,766.9017091943641,4.128047642419119,4.161750722616148,True,True,0.5488116360940265,2.3396468519259908,4.263114515168817,129.13394853301557,278.6743741225135,2.158025656988758,4.715753610794393,4.860850226359124,5.630043982368486,-0.6808062439906379,5.460850226359123,-0.09023326938678687,111.69205247947389,0.6808062439906379,5.460850226359123,0.09023326938678687,111.69205247947389,True,True,strong,high,low,low,3.2036978138647223,120.55918132746635,20637.38609245051,22026.465794806718,22026.465794806718,1200,500,10,72.1410322189331
-0.6,1.45,0.21,0.0009,75,755263548,True,,60,-0.16,-13.342553707939782,0.18860481816753272,-1.9879583793653344,2.3089091719933403,148.4131635008082,-16.22432076229245,0.46092535327487866,8.682211955107459,5799.465806307805,315.8686258821982,367.03313420240204,652.2089745755069,750.4436466536924,51.16450832020382,98.23467207818555,True,True,0.5488116360940265,2.3396468519259908,4.263114515168817,0.13697479072870333,1.3784377499257445,10.063441182077966,5.000000029635051,-1.9879583793653344,0.32095079262800597,0.8589091719933404,-1.3879583793653345,-0.021395181832467275,148.4122635008082,0.8589091719933404,1.3879583793653345,0.021395181832467275,148.4122635008082,True,True,strong,high,low,low,-15.207310477718234,110.55343825088941,10062.152830196585,15.176338182824585,22026.465794806718,1200,500,10,60.37013339996338
-0.6,1.45,0.21,0.0009,76,790615123,True,,60,-0.16,-7.665372814847004,-0.0495686426529185,-0.5763346783176742,1.1930994601231575,76.94748182576403,-9.056695850665774,0.5007149493628874,-0.3693227967074485,7973.047141187041,287.2140256018177,354.66206500722217,594.8997740147458,725.7015082633327,67.44803940540447,130.80173424858685,True,True,0.5488116360940265,2.3396468519259908,4.263114515168817,0.5619543397881274,1.8529237219027126,3.2972851897563724,4.343123134938036,-0.5763346783176742,0.6167647818054833,-0.25690053987684247,0.023665321682325824,-0.2595686426529185,76.94658182576403,0.25690053987684247,0.023665321682325824,0.2595686426529185,76.94658182576403,True,True,strong,high,low,low,-8.153542901832164,89.30332386960207,8814.92502124034,4.8047055596258685,22026.465794806718,1200,500,10,68.44730186462402
-0.6,1.45,0.21,0.0009,77,745891506,True,,60,-0.16,-11.885672870554206,-0.08645462899747643,-0.32844330204393823,1.6281212312011042,148.28395571786942,-15.558045219182304,-0.09105383362522147,19.955101884548938,1718.8424267902585,366.0342912818539,379.22209605576643,752.5403053748182,774.8215703604212,13.187804773912546,22.281264985603002,True,True,0.5488116360940265,2.3396468519259908,4.263114515168817,0.7200437520775129,3.668115084435855,5.094294720081096,4.999129055279472,-0.32844330204393823,1.2996779291571658,0.17812123120110424,0.27155669795606174,-0.29645462899747643,148.28305571786942,0.17812123120110424,0.27155669795606174,0.29645462899747643,148.28305571786942,True,True,strong,high,low,low,-12.463016864268015,131.10895838532483,15111.774765870006,22026.465794806718,22026.465794806718,1200,500,10,76.03275227546692
-0.6,1.45,0.21,0.0009,78,899326051,True,,60,-0.16,-0.24939294610954893,0.25719717453854235,-0.19134141035184904,0.8541575590460001,13.013690159774018,-1.1468160189844663,0.4443891900860674,8.14808942876782,5686.271447155584,282.45665196374574,360.23078530787774,585.3850267386019,736.8389488646438,77.774133344132,151.4539221260419,True,True,0.5488116360940265,2.3396468519259908,4.263114515168817,0.8258505860755524,1.9402486766374945,2.3493943206574075,2.5660018925654606,-0.19134141035184904,0.6628161486941511,-0.5958424409539999,0.40865858964815094,0.04719717453854236,13.012790159774019,0.5958424409539999,0.40865858964815094,0.04719717453854236,13.012790159774019,True,True,strong,high,low,low,-0.9946682968836924,100.24366810277142,10031.566113796078,16.387696385668512,22026.465794806718,1200,500,10,92.04714584350586
-0.6,1.45,0.21,0.0009,79,1750423690,True,,60,-0.16,-7.276450459427476,0.3287856926781307,2.625843892297559,0.3394492726108064,85.12374880773537,-13.749384262604533,0.5412557110721621,8.251811635423756,6897.391964070062,329.0961944400834,367.0300681177118,678.6641116912773,750.4375144843119,37.933873677628355,71.77340279303462,True,True,0.5488116360940265,2.3396468519259908,4.263114515168817,13.816228676769619,19.400389921396684,1.4041740604667452,4.444106066067798,2.625843892297559,2.9652931649083656,-1.1105507273891937,3.225843892297559,0.11878569267813069,85.12284880773537,1.1105507273891937,3.225843892297559,0.11878569267813069,85.12284880773537,True,True,strong,high,low,low,-14.246659851859302,115.50658880130923,13263.573525097838,22026.465794806718,22026.465794806718,1200,500,10,70.28258299827576
-0.6,1.45,0.21,0.0009,80,908698093,True,,60,-0.16,-10.060031838218315,0.10895740279265287,0.3655492962237158,0.8436551950981452,108.91282052476834,-8.854434681800376,0.49207723257086333,10.554579805358962,1623.7816281144442,323.1470928695057,376.4381800111165,666.7659085501218,769.2537382711214,53.29108714161083,102.48782972099957,True,True,0.5488116360940265,2.3396468519259908,4.263114515168817,1.4413054944144106,3.350817987224249,2.32484924272467,4.690547750509745,0.3655492962237158,1.2092044913218611,-0.6063448049018547,0.9655492962237158,-0.10104259720734712,108.91192052476833,0.6063448049018547,0.9655492962237158,0.10104259720734712,108.91192052476833,True,True,strong,high,low,low,-8.629356408843543,118.84741991969257,11999.817943600068,22026.465794806718,22026.465794806718,1200,500,10,75.12341380119324
-0.6,1.45,0.21,0.0009,81,406431999,True,,60,-0.16,5.364336625449539,0.30397508593873834,2.304283566915239,0.30947684638696143,67.81455830947115,24.335136582927376,0.502439662750744,8.799302584161769,3271.5175872568225,311.12810492559396,365.4218887293121,642.7279326622984,747.2211557075126,54.293783803718156,104.49322304521422,True,True,0.5488116360940265,2.3396468519259908,4.263114515168817,10.016999171450008,13.650285174291186,1.3627120199027871,4.2167768962248635,2.304283566915239,2.6137604133022005,-1.1405231536130385,2.904283566915239,0.09397508593873835,67.81365830947115,1.1405231536130385,2.904283566915239,0.09397508593873835,67.81365830947115,True,True,strong,high,low,low,22.79948469101733,111.854271337735,12396.212891406894,22026.465794806718,22026.465794806718,1200,500,10,86.25245380401611
-0.6,1.45,0.21,0.0009,82,1017409021,True,,60,-0.16,9.612042630875248,0.3971888345883686,0.6148477531564082,0.8289346829790848,148.4131697627831,13.80834549223432,0.528102480426692,10.436306413701512,3433.9478966127886,507.6690284889693,390.85871928425405,1035.8097797890491,798.0948168173965,-116.81030920471522,-237.71496297165265,False,False,0.5488116360940265,2.3396468519259908,4.263114515168817,1.8493750166149165,4.236690559848864,2.29087692965793,5.000000071827904,0.6148477531564082,1.443782436135493,-0.6210653170209152,1.2148477531564081,0.18718883458836863,148.4122697627831,0.6210653170209152,1.2148477531564081,0.18718883458836863,148.4122697627831,True,True,strong,high,low,low,12.90747595553077,165.86388178738633,19091.75337944494,22026.465794806718,22026.465794806718,1200,500,10,70.49908924102783
-0.6,1.45,0.21,0.0009,83,515142927,True,,60,-0.16,-1.2229873572241476,0.18628735398061247,0.20662158040226472,0.7410000432828874,13.097957357011724,-5.729409976734867,0.5117842868631614,8.937939133779434,3210.7747864482562,276.2606749938962,368.1007734948015,572.9930727989029,752.5789252384914,91.8400985009053,179.5858524395885,True,True,0.5488116360940265,2.3396468519259908,4.263114515168817,1.2295172103272185,2.5795671761687733,2.0980325891349323,2.572456291103566,0.20662158040226472,0.9476216236851521,-0.7089999567171126,0.8066215804022647,-0.023712646019387523,13.097057357011725,0.7089999567171126,0.8066215804022647,0.023712646019387523,13.097057357011725,True,True,strong,high,low,low,-5.501733345986106,111.50631312371962,8989.751241137932,4.398005940595215,22026.465794806718,1200,500,10,78.92532587051392
-0.6,1.45,0.21,0.0009,84,1120702588,True,,60,-0.16,-22.305848550529088,-0.23371997901417113,4.346709790454688,0.3877470722159441,148.4131642969483,-45.6926940971286,-0.28562403352942234,17.942779297626156,114.31710410886558,364.0811415499438,374.87713420400235,748.6340059109981,766.131646656893,10.795992654058523,17.497640745894955,True,True,0.5488116360940265,2.3396468519259908,4.263114515168817,77.2239614581579,113.80163201504446,1.4736570083458531,5.000000034999401,4.346709790454688,4.7344568626706325,-1.0622529277840558,4.946709790454688,-0.44371997901417115,148.4122642969483,1.0622529277840558,4.946709790454688,0.44371997901417115,148.4122642969483,True,True,strong,high,low,low,-27.594710493268256,119.0167790462303,14704.81870783611,22026.465794806718,22026.465794806718,1200,500,10,60.80030679702759
-0.6,1.45,0.21,0.0009,85,524514969,True,,60,-0.16,-1.3702181061285947,0.2917480505788941,-0.6420208898377504,1.5693804436835317,36.68030584543719,-1.5136911857081055,0.5005744081434167,10.705409093172248,2558.305034582178,336.03458089416876,379.2424446668168,692.540884599448,774.862267582522,43.20786377264807,82.32138298307405,True,True,0.5488116360940265,2.3396468519259908,4.263114515168817,0.5262279001468316,2.527825770078883,4.8036711268512216,3.602239985560622,-0.6420208898377504,0.9273595538457813,0.11938044368353173,-0.04202088983775043,0.08174805057889409,36.67940584543719,0.11938044368353173,0.04202088983775043,0.08174805057889409,36.67940584543719,True,True,strong,high,low,low,-1.5437445297681553,135.23102340108977,15245.601438115937,22026.465794806718,22026.465794806718,1200,500,10,54.5352201461792
-0.6,1.45,0.21,0.0009,86,2125234772,True,,60,-0.16,23.62098635011733,0.16243752397285666,-0.22405128909271832,1.8103521860300407,148.41229469954257,22.914094492954582,0.4989709849862877,13.278060429587654,118.17176777114726,372.5863150198393,384.89978517746965,765.644352850789,786.1769486038277,12.313470157630377,20.532595753038663,True,True,0.5488116360940265,2.3396468519259908,4.263114515168817,0.7992741392726369,4.88564296420678,6.112599825452704,4.999994175681209,-0.22405128909271832,1.5863008969373222,0.3603521860300407,0.37594871090728166,-0.047562476027143336,148.41139469954257,0.3603521860300407,0.37594871090728166,0.047562476027143336,148.41139469954257,True,True,strong,high,low,low,24.84047962379099,128.7650214435389,17772.63476595385,22026.465794806718,22026.465794806718,1200,500,10,86.79827332496643
-0.6,1.45,0.21,0.0009,87,633225897,True,,60,-0.16,-3.4069229576455102,0.05356750292392731,0.47232739109765975,0.825849273493469,16.58960635381193,-2.2063844773643924,0.526550001967954,9.060227383266334,1811.782754132136,276.58503463259547,365.7920146038355,573.6417920763014,747.9614074565594,89.20697997124006,174.31961538025803,True,True,0.5488116360940265,2.3396468519259908,4.263114515168817,1.603722342206475,3.662612404757948,2.283819529332463,2.8087763760011266,0.47232739109765975,1.2981766645911288,-0.6241507265065309,1.0723273910976596,-0.15643249707607268,16.58870635381193,0.6241507265065309,1.0723273910976596,0.15643249707607268,16.58870635381193,True,True,strong,high,low,low,-2.2267108843067285,94.07586774119811,9287.11791070009,43.67071148866849,22026.465794806718,1200,500,10,73.79105830192566
-0.6,1.45,0.21,0.0009,88,2115862730,True,,60,-0.16,0.7654492612286694,0.08493396063308778,-0.774209307216968,1.12770524823313,16.506512085115382,0.8736018721034019,0.5346056020950478,8.262644256189049,2637.1444387575534,271.32393428359325,353.4327757823816,563.119591378297,723.2429298136516,82.10884149878837,160.12333843535464,True,True,0.5488116360940265,2.3396468519259908,4.263114515168817,0.46106820020654987,1.4240372067956304,3.088560881357006,2.8037549748692707,-0.774209307216968,0.353495941016162,-0.32229475176686995,-0.17420930721696803,-0.1250660393669122,16.50561208511538,0.32229475176686995,0.17420930721696803,0.1250660393669122,16.50561208511538,True,True,strong,high,low,low,0.9106653384344708,76.70326144589814,5512.481172572695,1.8695149537450315,22026.465794806718,1200,500,10,66.73607516288757
-0.6,1.45,0.21,0.0009,89,642597939,True,,60,-0.16,-11.503880996888054,-0.008047453065260567,0.8769072815035919,0.9323802986440198,145.37838926271144,-18.415936610656605,0.5002154120984751,10.486169301019824,3620.1613727703343,367.14506044033743,384.83431600562074,754.7618436917853,786.0460102601298,17.689255565283304,31.284166568344517,True,True,0.5488116360940265,2.3396468519259908,4.263114515168817,2.4034549904415883,6.106095778459236,2.5405492521153303,4.97933992449801,0.8769072815035919,1.8092875801476116,-0.5176197013559801,1.4769072815035917,-0.21804745306526055,145.37748926271144,0.5176197013559801,1.4769072815035917,0.21804745306526055,145.37748926271144,True,True,strong,high,low,low,-17.955565466364714,133.84324533652705,17339.239544685082,22026.465794806718,22026.465794806718,1200,500,10,63.83243465423584
-0.6,1.45,0.21,0.0009,90,2007151802,True,,60,-0.16,2.588587781274886,0.19860535066888538,-0.203780797628363,1.2843884901508495,86.6913690191061,-0.6666776730011106,0.37571005564010296,11.004538988879537,320.9321774881311,358.6357245747628,377.9737401204862,737.743171960636,772.3248584898607,19.338015545723408,34.581686529224726,True,True,0.5488116360940265,2.3396468519259908,4.263114515168817,0.8156411420658221,2.946469554640634,3.612458227864692,4.462354328878431,-0.203780797628363,1.0806076925224866,-0.1656115098491504,0.396219202371637,-0.011394649331114615,86.6904690191061,0.1656115098491504,0.396219202371637,0.011394649331114615,86.6904690191061,True,True,strong,high,low,low,-0.47270387810269743,127.0342256816608,18754.126942322986,22026.465794806718,22026.465794806718,1200,500,10,68.4213354587555
-0.6,1.45,0.21,0.0009,91,751308867,True,,60,-0.16,-0.16662798645056495,0.1589772303230674,1.2328847214303948,0.658058113956323,18.540306267975744,3.5357121691285025,0.4854333360211392,7.973584477198353,5801.064102211654,286.1458786422771,358.9657206051447,592.7634800956647,734.3088194591778,72.8198419628676,141.5453393635131,True,True,0.5488116360940265,2.3396468519259908,4.263114515168817,3.4311130792314533,6.625612599104208,1.9310388337851874,2.9199470793095594,1.2328847214303948,1.890942835386718,-0.791941886043677,1.832884721430395,-0.05102276967693259,18.539406267975743,0.791941886043677,1.832884721430395,0.05102276967693259,18.539406267975743,True,True,strong,high,low,low,3.439601919311482,98.0249092303596,10058.618230530416,1173.1762779944338,22026.465794806718,1200,500,10,98.59896230697632
-0.6,1.45,0.21,0.0009,92,149703887,True,,60,-0.16,15.960776936385603,0.16085884624335228,-1.6621775169410893,4.689906834317083,145.12192599250412,22.132356798008022,0.2991008754514347,15.309156071560299,17.387145312509414,367.37060894148806,377.7183501287358,755.2129406940866,771.8140785063599,10.34774118724772,16.60113781227335,True,True,0.5488116360940265,2.3396468519259908,4.263114515168817,0.18972539970376803,20.650289060081974,108.84303889898116,4.977574258002187,-1.6621775169410893,3.0277293173759934,3.2399068343170825,-1.0621775169410892,-0.04914115375664771,145.12102599250412,3.2399068343170825,1.0621775169410892,0.04914115375664771,145.12102599250412,True,True,strong,high,low,low,17.01943341451347,123.30723271567837,18376.84548524341,22026.465794806718,22026.465794806718,1200,500,10,75.96051692962646
-0.6,1.45,0.21,0.0009,93,352562207,True,,60,-0.16,11.804714817978487,0.3364522985632994,0.29290830988585054,2.806052014550151,145.45152927006092,11.666628447076171,0.47523019349159623,11.28705164905786,1453.4890765674581,379.4342963639132,383.9235898896752,779.3403155389368,784.2245580282388,4.4892935257620366,4.8842424893019825,True,True,0.5488116360940265,2.3396468519259908,4.263114515168817,1.3403198907136467,22.174884606930185,16.544471779138696,4.979842898946171,0.29290830988585054,3.0989603244360016,1.3560520145501511,0.8929083098858506,0.1264522985632994,145.45062927006092,1.3560520145501511,0.8929083098858506,0.1264522985632994,145.45062927006092,True,True,strong,high,low,low,10.575007808445266,150.3144243681472,18946.882621252,22026.465794806718,22026.465794806718,1200,500,10,69.56460928916931
-0.6,1.45,0.21,0.0009,94,1889068832,True,,60,-0.16,44.73876173773959,0.42580990168366206,4.998986566804935,1.333911090742853,129.81846232839976,46.16145434509372,0.5168333337580041,10.538101877064719,1296.2945296780133,377.78566917731166,377.26997157515683,776.0430611657338,770.917321399202,-0.5156976021548303,-5.125739766531751,False,False,0.5488116360940265,2.3396468519259908,4.263114515168817,148.26282846845137,562.7849916228116,3.7958603477105917,4.86613703089182,4.998986566804935,6.332897657547788,-0.11608890925714688,5.598986566804935,0.21580990168366207,129.81756232839976,0.11608890925714688,5.598986566804935,0.21580990168366207,129.81756232839976,True,True,strong,high,low,low,44.414897178425164,137.41687627469364,15675.463024092962,22026.465794806718,22026.465794806718,1200,500,10,69.30177664756775
-0.6,1.45,0.21,0.0009,95,243851279,True,,60,-0.16,1.2045522064629695,0.35108748596346046,1.6849089526989063,1.4999243312599697,131.714078996456,2.2346182152753906,0.52514352732796,9.723625451289658,4925.374591578042,379.6380095082062,385.6377543677445,779.7477418275229,787.6528869843773,5.999744859538282,7.9051451568544735,True,True,0.5488116360940265,2.3396468519259908,4.263114515168817,5.391959986595819,24.163259667034403,4.481349959403116,4.880633505058825,1.6849089526989063,3.184833283958876,0.049924331259969756,2.284908952698906,0.14108748596346046,131.713178996456,0.049924331259969756,2.284908952698906,0.14108748596346046,131.713178996456,True,True,strong,high,low,low,2.106382288053301,159.55438547110845,20526.451058670104,22026.465794806718,22026.465794806718,1200,500,10,82.9296441078186
-0.6,1.45,0.21,0.0009,96,1780357904,True,,60,-0.16,-2.2009598912954096,0.3515537508224319,-0.19884376505615162,1.2637618910195454,33.09503454411636,-3.2262509629463674,0.4985928977391798,9.384918012921533,3512.1863488520057,333.2419983456399,373.8407970227783,686.9557195023903,764.058972294445,40.598798677138404,77.10325279205472,True,True,0.5488116360940265,2.3396468519259908,4.263114515168817,0.8196779456673556,2.9006014903848802,3.5387087156813797,3.499383257356906,-0.19884376505615162,1.0649181259633937,-0.18623810898045456,0.40115623494384833,0.1415537508224319,33.09413454411636,0.18623810898045456,0.40115623494384833,0.1415537508224319,33.09413454411636,True,True,strong,high,low,low,-3.006843756172049,131.73704240588194,14962.43149034686,22026.465794806718,22026.465794806718,1200,500,10,60.70105051994324
-0.6,1.45,0.21,0.0009,97,234479237,True,,60,-0.16,14.537650904315147,-0.07613460110847431,-0.9539949955528143,2.755331189777503,148.41268193924816,18.846269744148785,-0.0589836524871929,15.621215466247506,880.3768921420365,365.1599786263889,375.0839318699442,750.7916800638883,766.5452419887768,9.923953243555275,15.753561924888459,True,True,0.5488116360940265,2.3396468519259908,4.263114515168817,0.38519907687136784,6.057736371388186,15.726248413131808,4.999996784893614,-0.9539949955528143,1.8013361942246888,1.305331189777503,-0.35399499555281433,-0.28613460110847433,148.41178193924816,1.305331189777503,0.35399499555281433,0.28613460110847433,148.41178193924816,True,True,strong,high,low,low,14.339918248579671,118.87849878104512,18796.98549219626,22026.465794806718,22026.465794806718,1200,500,10,52.756715059280396
-0.6,1.45,0.21,0.0009,98,1410738320,True,,60,-0.16,16.814533075823586,0.07323500479432364,-0.3989770714216293,2.0475089807638547,148.33322007717663,31.396579506197448,0.16344489480491536,9.411718319066125,7342.668035260504,369.8282769130352,381.97810335755196,760.1282766371809,780.3335849639923,12.149826444516748,20.205308326811405,True,True,0.5488116360940265,2.3396468519259908,4.263114515168817,0.6710060863927058,5.199341117271641,7.748575195827258,4.999461229973187,-0.3989770714216293,1.6485319093422253,0.5975089807638547,0.20102292857837067,-0.13676499520567637,148.33232007717663,0.5975089807638547,0.20102292857837067,0.13676499520567637,148.33232007717663,True,True,strong,high,low,low,19.51485555467093,140.37983153748036,17474.44270512264,22026.465794806718,22026.465794806718,1200,500,10,68.31312417984009
-0.6,1.45,0.21,0.0009,99,125768309,True,,60,-0.16,0.9758518623750181,0.14004317192901936,-0.8827037563365467,1.6668787908513916,103.13440501564581,4.146236139992628,0.49467011734050037,10.761790950642183,4752.016626883247,376.328559480629,387.1037767118207,773.1288417723684,790.5849316725297,10.775217231191675,17.45608990016126,True,True,0.5488116360940265,2.3396468519259908,4.263114515168817,0.41366295448378443,2.190599026513646,5.295613258981152,4.636033040648081,-0.8827037563365467,0.7841750345148448,0.2168787908513916,-0.28270375633654676,-0.06995682807098064,103.13350501564581,0.2168787908513916,0.28270375633654676,0.06995682807098064,103.13350501564581,True,True,strong,high,low,low,4.200293634991611,149.6569774653956,19825.89155633527,22026.465794806718,22026.465794806718,1200,500,10,70.13764119148254
